x_m,y_m,w_tr_right_m,w_tr_left_m,ideal_speed,ideal_x,ideal_y
-0.320123,1.087714,5.739,5.932,314.71042601664635,1.9115190652734384,0.7026260692094723
0.168262,6.062191,5.735,5.929,314.8532177447882,2.233285869219202,4.922744361517175
0.656139,11.036647,5.731,5.926,315.08960530745054,2.705236796892109,11.075632929335185
1.143549,16.011082,5.727,5.923,315.27972118004345,3.0186158936478478,15.128163662562656
1.630535,20.985493,5.723,5.92,315.56450192879487,3.496588993666961,21.16196066227741
2.117138,25.959881,5.719,5.917,315.7542327316071,3.817711858908467,25.170407063504967
2.603399,30.934243,5.715,5.914,316.0774842310671,4.300452093087159,31.176369532416032
3.089362,35.908579,5.711,5.911,321.7456093934693,4.717993807587703,35.55023871439636
3.575067,40.882887,5.707,5.908,321.9478369347663,5.1471722707878484,40.58441827388431
4.060557,45.857166,5.703,5.905,322.15006447606333,5.576350733988022,45.61859783337225
4.545874,50.831416,5.7,5.902,322.3522920173604,6.005529197188167,50.652777392860195
5.031058,55.805635,5.696,5.899,322.5545195586574,6.434707660388312,55.68695695234814
5.516153,60.779822,5.692,5.896,322.7567470999544,6.863886123588429,60.721136511836086
6.0012,65.753975,5.688,5.893,322.9589327140599,7.286459407298537,65.67424381513057
6.486241,70.728094,5.684,5.89,324.4782227641657,7.713446652881657,70.44368009489972
6.971318,75.702177,5.68,5.887,326.0370793101103,8.130551222015498,75.08613901273904
7.456472,80.676224,5.676,5.884,326.52771066616924,8.629531490543172,80.65963714718544
7.941746,85.650233,5.672,5.881,326.7722774536157,8.981175898182926,84.6376145086104
8.427182,90.624202,5.668,5.878,327.1391276347854,9.508642509642584,90.60458055074784
8.912821,95.598132,5.664,5.875,327.3836944222318,9.860286917282366,94.5825579121728
9.398704,100.57202,5.66,5.872,327.7499936857047,10.389243914937907,100.51595002838485
9.884875,105.545865,5.656,5.869,328.14085795884364,10.922807230968345,106.42004504936567
10.371375,110.519667,5.652,5.866,328.43809632451604,11.281914300141864,110.3870563858749
10.858245,115.493424,5.648,5.863,328.8839538730246,11.820574903902099,116.33757339063872
11.345529,120.467135,5.644,5.86,329.1806743961789,12.218921550715635,120.87347444498356
11.833266,125.440799,5.64,5.858,329.4769814977784,12.648595264406623,125.86355078123432
12.3215,130.414414,5.636,5.855,329.773288599378,13.078268978097555,130.8536271174851
12.810272,135.387981,5.632,5.852,330.0695957009775,13.507942691788543,135.84370345373586
13.299624,140.361496,5.628,5.849,330.365902802577,13.937616405479531,140.83377978998664
13.789598,145.33496,5.624,5.846,330.66220990417656,14.367290119170491,145.8238561262374
14.280236,150.308371,5.62,5.843,330.95851700577606,14.79696383286148,150.81393246248817
14.77158,155.281728,5.616,5.84,331.0,15.183296844987467,155.3580074775896
15.263671,160.255029,5.612,5.837,331.0,15.526574156182932,159.41772989160344
15.756551,165.228275,5.608,5.834,331.0,16.021918390827878,165.28346453682138
16.250263,170.201463,5.604,5.831,331.325731981982,16.43651922498924,170.13570107186482
16.744848,175.174592,5.6,5.828,331.7311373873874,16.831370376923473,174.74003789629512
17.240348,180.147661,5.597,5.825,332.27167792792795,17.3578385795024,180.87915366220219
17.7368,185.12067,5.593,5.822,332.6770833333333,17.752689731436575,185.4834904866325
18.234175,190.093621,5.589,5.819,333.0728594802772,18.163996239333002,190.2210661437544
18.732387,195.066521,5.585,5.816,333.43059576490714,18.68620296857594,195.97216992427337
19.231352,200.039376,5.581,5.813,333.6690056564514,19.045267230890147,199.92187680972972
19.730983,205.012193,5.577,5.81,333.9072560759708,19.445308285656225,204.4350535787992
20.231195,209.984979,5.573,5.807,334.1451682698931,19.932257373998922,210.14329849826154
20.731903,214.95774,5.569,5.804,334.38308046381536,20.419206462341663,215.8515434177238
21.23302,219.930483,5.565,5.801,334.50203656077656,20.66268100651304,218.70566587745498
21.734462,224.903214,5.561,5.798,334.73994875469884,21.149630094855738,224.41391079691732
22.236141,229.875939,5.557,5.795,334.9778609486211,21.636579183198478,230.1221557163796
22.737974,234.848665,5.553,5.792,335.1389521356283,22.021604007650666,234.7093889826803
23.239874,239.821399,5.549,5.789,335.36861299029243,22.44139925483755,239.71694835308182
23.741756,244.794148,5.545,5.786,335.7511429860762,22.919682963069675,245.41246219334053
24.243534,249.766917,5.541,5.783,336.0803150262076,23.318024714899224,250.1031688014601
24.745122,254.739713,5.537,5.78,336.40242972567233,23.802118228194544,255.46169076572326
25.246434,259.712543,5.533,5.777,336.61710956376623,24.149821983018313,259.2952887159659
25.747386,264.685414,5.529,5.774,336.9391293209071,24.671377615253974,265.04568564132995
26.247892,269.658331,5.525,5.771,337.1272568607609,25.03288264126205,269.1566470994803
26.747865,274.631302,5.521,5.768,337.39368588009165,25.58333305469189,275.48774110449995
27.24722,279.604332,5.517,5.765,337.57127502714155,25.94352766150749,279.66871185660864
27.745872,284.577429,5.513,5.762,337.83738816811774,26.423140560441738,285.58393761013116
28.243735,289.550599,5.509,5.759,338.0110412247708,26.81422713264905,290.29706049294964
28.740723,294.523848,5.505,5.756,338.0774546068506,27.07946839020994,293.3686011875146
29.236751,299.497184,5.501,5.753,338.21028137101035,27.6099509053316,299.51168257664443
29.731734,304.470612,5.497,5.75,338.3431081351701,28.14043342045329,305.6547639657742
30.225584,309.444139,5.495,5.746,338.4095215172499,28.405674678014137,308.7263046603391
30.718218,314.417772,5.514,5.726,338.54234828140966,28.936157193135827,314.86938604946897
31.209548,319.391516,5.534,5.706,338.67517504556935,29.46663970825753,321.01246743859883
31.699491,324.36538,5.553,5.686,338.7415884276492,29.731880965818377,324.0840081331637
32.187959,329.339368,5.572,5.666,338.8741535944984,30.146335902971273,328.858559519663
32.674867,334.313489,5.592,5.646,339.3166527021366,30.663377208893095,334.77999442678896
33.160131,339.287747,5.611,5.626,340.07073732718897,31.081587481406316,339.5489352011292
33.643663,344.26215,5.631,5.606,340.82482195224134,31.49979775391958,344.31787597546946
34.125379,349.236705,5.65,5.586,341.2135473841044,31.940957624586233,349.35662100196976
34.605192,354.211417,5.669,5.566,341.4390950965155,32.4236258768496,354.92872160672266
35.083018,359.186294,5.689,5.545,341.5894384053893,32.76251801154527,358.8471619141413
35.558774,364.161342,5.708,5.525,341.81495336869995,33.27085621358877,364.7248223752692
36.032446,369.136561,5.728,5.505,341.96529694712746,33.60975484671076,368.64416732024654
36.504069,374.111949,5.747,5.485,342.0,34.107920124239186,374.65994719658516
36.973682,379.087504,5.745,5.468,342.0,34.43862163636423,378.662759891759
37.441326,384.063223,5.728,5.454,342.0,34.95968158324804,384.84172286484437
37.907038,389.039102,5.712,5.44,342.0,35.32700774249409,389.1004543465011
38.370856,394.01514,5.695,5.425,342.0,35.694333901740166,393.3591858281579
38.832821,398.991333,5.679,5.411,342.0,36.24532314060929,399.74728305064286
39.292971,403.967679,5.662,5.396,342.09679747686414,36.63816146483188,404.2440281870107
39.751344,408.944174,5.646,5.382,342.246758065013,37.04501158057734,408.8714951853796
40.207979,413.920817,5.63,5.367,342.39671865316194,37.45186169632281,413.49896218374846
40.662916,418.897603,5.613,5.353,342.5466792413108,37.858711812068265,418.12642918211736
41.116192,423.874532,5.597,5.338,342.69660373377906,38.28091226654837,422.95069975359047
41.567847,428.851599,5.58,5.324,342.8465061607333,38.71249647854441,427.89527757301414
42.01792,433.828802,5.564,5.309,342.99640858768754,39.144080690540406,432.8398553924378
42.466449,438.806138,5.547,5.295,343.0,39.58693253715438,437.9559494497604
42.913473,443.783605,5.531,5.28,343.0,40.030060963913726,443.0762536175116
43.359032,448.761199,5.514,5.266,343.0,40.47318939067307,448.19655778526294
43.803162,453.738918,5.498,5.251,343.0,40.916317817432414,453.31686195301415
44.245905,458.716759,5.482,5.237,343.04101581257135,41.349708303486906,458.33968127671574
44.687298,463.69472,5.465,5.222,343.2148320871528,41.7515694123681,463.0468654461398
45.127379,468.672797,5.449,5.208,343.475442720776,42.32922991022926,469.850855044142
45.566189,473.650988,5.432,5.193,343.6490653204364,42.688312398951325,474.1209333880574
46.003766,478.62929,5.416,5.179,343.8226879200968,43.047394887673406,478.39101173197275
46.440148,483.6077,5.399,5.164,344.0,43.559111210511546,484.5041828473885
46.875374,488.586216,5.383,5.15,344.0,43.861990231359,488.16445147755496
47.309484,493.564834,5.359,5.137,344.0,44.31630876263017,493.65485442280465
47.742515,498.543553,5.317,5.13,344.0856984743468,44.731338957306804,498.62329243381873
48.174507,503.522368,5.275,5.122,344.346764273076,45.21741177645852,504.35375246694787
48.605499,508.501278,5.233,5.114,344.60757241171666,45.59991643305408,508.6750505450166
49.035529,513.480279,5.19,5.106,344.933493908007,46.04240294778218,513.5916920565905
49.464636,518.45937,5.148,5.098,345.0,46.47325113843844,518.4659336446833
49.892859,523.438546,5.106,5.09,345.0,46.98931802182972,524.3318680614359
50.320236,528.417806,5.064,5.082,345.0,47.33336261075722,528.2424910059376
50.746808,533.397146,5.021,5.075,345.0,47.78985278804038,533.5003269538531
51.172611,538.376564,4.979,5.067,345.0,48.08891591941352,536.9777174151664
51.597686,543.356057,4.937,5.059,345.0627976237289,48.68768129891342,543.9462752659349
52.02207,548.335622,4.91,5.058,345.19370176120685,48.988076694509544,547.4523842804105
52.445803,553.315256,4.896,5.063,345.45551003616265,49.58886748570181,554.4646023093617
52.868924,558.294958,4.883,5.067,345.58640105535125,49.86928032630031,557.7369624337897
53.291471,563.274723,4.876,5.055,345.84808052823973,50.273872182207356,562.4541144235448
53.713483,568.254549,4.868,5.043,346.0,50.75422600881217,568.0575869975355
54.134999,573.234433,4.861,5.03,346.0,51.1865532088766,573.1034057880337
54.556058,578.214373,4.853,5.018,346.0,51.61888040894101,578.1492245785319
54.976698,583.194366,4.845,5.006,346.0428534848174,52.0493409421576,583.2166010245921
55.396959,588.174409,4.838,4.993,346.25034850209045,52.40716813212735,587.405438172194
55.816878,593.154499,4.83,4.981,346.5615910280001,52.943908917082,593.6886938935966
56.236496,598.134634,4.823,4.969,346.7690860452732,53.30173610705175,597.8775310411983
56.65585,603.114811,4.815,4.956,347.0,53.83776089368155,604.0218961488546
57.07498,608.095026,4.808,4.944,347.0,54.189852249036775,607.9885559958434
57.493924,613.075277,4.8,4.932,347.0,54.717989282069624,613.9385457663265
57.912721,618.055562,4.792,4.919,347.0,55.07008063742485,617.9052056133153
58.33141,623.035878,4.785,4.907,347.0,55.59241590932152,623.8388609391031
58.75003,628.016221,4.777,4.895,347.089224137931,55.93836034650546,627.8144564307344
59.168619,632.996589,4.77,4.882,347.3108990147784,56.455565230656006,633.7988646693972
59.587216,637.97698,4.762,4.87,347.4586822660099,56.80036848675637,637.788470161839
60.005861,642.95739,4.755,4.858,347.68035714285713,57.31757337090691,643.7728784005018
60.424591,647.937817,4.747,4.846,347.8281403940887,57.662376627007276,647.7624838929436
60.843446,652.918258,4.739,4.833,347.94176221734085,58.179401787735486,653.7587035733129
61.262465,657.898711,4.732,4.821,347.76883686434945,58.51939658455733,657.7630867358814
61.681686,662.879171,4.724,4.809,347.50944883486227,59.02938877979011,663.7696614797342
62.101148,667.859638,4.717,4.796,347.33652348187087,59.36938357661198,667.7740446423027
62.52089,672.840107,4.709,4.784,347.07713545238374,59.879375771844764,673.7806193861554
62.94095,677.820576,4.702,4.772,347.0572118528159,60.20512290460185,677.7405710715637
63.361368,682.801043,4.694,4.759,347.2121875263577,60.69568130412557,683.7653924856828
63.782182,687.781504,4.686,4.747,347.3155046420524,61.022720237141385,687.7819400950955
64.203432,692.761957,4.679,4.735,347.418646413398,61.521415014761644,693.652021380811
64.625155,697.742399,4.671,4.722,347.470211710257,61.776233652348964,696.646140372462
65.047391,702.722828,4.664,4.71,347.573342303975,62.28587092752359,702.6343783557638
65.470178,707.70324,4.656,4.698,347.676472897693,62.79550820269823,708.6226163390658
65.893556,712.683632,4.649,4.685,347.728038194552,63.050326840285535,711.6167353307166
66.317563,717.664003,4.641,4.673,347.83116878827,63.55996411546016,717.6049733140185
66.742237,722.644348,4.633,4.661,347.934299381988,64.06960139063479,723.5932112973204
67.167592,727.624665,4.626,4.648,348.0,64.45969267889375,728.1708147215803
67.593578,732.604947,4.618,4.636,348.0,64.83563908366237,732.6328582166911
68.020133,737.585185,4.611,4.624,348.0,65.21158548843098,737.0949017118023
68.447198,742.565374,4.603,4.611,348.0,65.71284736145581,743.0442930386168
68.87471,747.545505,4.596,4.599,348.0,66.08879376622444,747.5063365337278
69.302611,752.525571,4.588,4.587,348.0,66.59005563924926,753.4557278605423
69.730839,757.505565,4.58,4.574,348.0,67.00640949815069,758.6470441071215
70.159335,762.48548,4.573,4.562,348.0,67.3328644968609,762.6573974977008
70.588036,767.465309,4.565,4.55,348.0,67.84192425083945,768.624709058227
71.016883,772.445043,4.558,4.538,348.0,68.18129742015847,772.6029167652445
71.445816,777.424677,4.55,4.525,348.0,68.69035717413702,778.5702283257706
71.874773,782.404202,4.543,4.513,348.0,69.02833546321428,782.5420232762846
72.303695,787.383612,4.535,4.501,347.92877566321255,69.52440124678972,788.4666645694606
72.73252,792.362899,4.527,4.488,347.78254947990206,69.84982200995127,792.4157685504978
73.161188,797.342055,4.52,4.476,347.56321020493635,70.33795315469358,798.3394245220537
73.589639,802.321074,4.512,4.464,347.4151408311057,70.66890961711331,802.3414665389208
74.017812,807.299949,4.505,4.451,347.18754515730984,71.181837406792,808.5022534702484
74.445646,812.278671,4.497,4.439,347.0358147081126,71.52378926657778,812.6094447578001
74.873081,817.257234,4.49,4.427,339.4928213693682,71.87509769176205,816.7712721626658
75.300056,822.235631,4.482,4.414,324.40735481735817,72.4087511966338,823.0081890036547
75.726512,827.213854,4.474,4.402,314.091175513129,72.76628691089215,827.1427630848419
76.152386,832.191896,4.467,4.39,302.20574621388084,73.29631460777566,833.2297000231472
76.577619,837.169749,4.459,4.377,294.6559761523142,73.64901264777365,837.2756863284097
77.002151,842.147407,4.452,4.365,283.33132105996435,74.17805970777064,843.3446657863036
77.42592,847.124861,4.444,4.353,275.83511250583234,74.52540509753591,847.3854056723768
77.848866,852.102106,4.437,4.34,268.5056181833109,74.8386579940778,851.381005050598
78.270929,857.079133,4.429,4.328,257.05090364456044,75.28263027022442,857.3006353992195
78.692047,862.055936,4.421,4.316,245.4294407818918,75.7317995470093,863.18913565952
79.112161,867.032506,4.414,4.303,236.13526347333064,76.08930998694214,867.0834109990919
79.53121,872.008837,4.406,4.291,222.1939975104889,76.6255756468414,872.92482400845
79.949134,876.984921,4.399,4.279,212.95645942293024,77.08581815335316,877.7269333439888
80.365871,881.960752,4.391,4.266,203.5951650164481,77.65589525366214,883.5097692720964
80.781362,886.936322,4.384,4.254,198.9145178132071,77.94093380381663,886.40118723615
81.195545,891.911623,4.376,4.242,182.36722434606943,78.59776817572939,892.4369659534601
81.60836,896.886648,4.368,4.23,158.51598097402487,79.29494936760082,897.2838717495029
82.019747,901.861391,4.361,4.217,150.58108011757446,80.48829523161984,901.8734252171695
82.429611,906.841165,4.353,4.205,142.5725533919254,81.75574485223288,906.7104099917958
82.837563,911.877505,4.346,4.193,134.64779654081093,83.02136020453423,911.472865540231
83.248443,917.040323,4.338,4.18,122.92120895556832,84.5219411426795,916.3407842081025
83.954388,922.112628,4.161,4.319,112.81370137634968,86.68742137991201,920.0669759278629
85.673515,926.451744,4.026,4.819,107.4098727677164,89.96616672786212,923.8444546708592
88.974744,929.425537,4.101,4.609,105.22204244620993,92.0587133379187,926.127254985654
93.551119,930.674272,4.131,4.098,100.6971846439421,94.97213345035843,929.2575810246827
98.643056,930.454717,4.615,4.208,93.12990606294164,98.23912047139642,930.8999928973204
103.764977,929.484079,4.58,4.102,88.84040977814122,103.20465179907373,932.1598129116637
108.763165,928.627825,4.545,3.995,85.98921293268282,108.5922136413067,933.4598763395518
113.599154,928.591245,4.495,3.935,80.28094198690405,112.10218897184737,934.0344966054034
118.321793,929.940244,4.465,4.343,80.59351851851838,115.84627187647,935.168675927744
122.73869,932.890866,4.458,4.457,84.42231531796891,120.31427759337998,938.116375417908
126.073556,936.830946,4.392,4.425,85.77815610639055,122.49794058074967,939.7922560518405
127.802866,941.198722,4.755,4.338,82.97004820210735,125.64429124717141,943.3921845593387
128.208494,945.841672,4.822,3.908,79.54698558577896,126.29109795026916,946.5054902094666
127.68945,950.666788,4.735,3.994,76.00934869417152,127.286455509109,951.584327460284
126.64474,955.581065,4.444,4.146,74.21578569542272,127.73749927473038,955.1845802703766
125.44179,960.499164,4.283,4.296,73.47365289818114,127.60679343410774,962.1334861868186
124.202155,965.395426,4.296,4.435,74.23289129209167,127.45768595137648,965.3675422899191
122.93212,970.272167,4.288,4.437,83.43935692213314,126.73728704332461,971.5602065117228
121.63731,975.131868,4.279,4.44,89.4571796076231,125.8591094093773,975.6987748468517
120.32335,979.977006,4.271,4.443,95.53329215842044,124.61773922825085,981.0992630360363
118.995865,984.810062,4.263,4.445,101.35582663772544,123.13918171841772,987.0927055261343
117.66048,989.633514,4.255,4.448,106.3886959876542,122.04361088051047,990.9805855856367
116.32282,994.44984,4.247,4.451,116.10454658319831,120.98291725694754,994.8448801209988
114.988509,999.261521,4.239,4.453,128.17588540573206,119.60802724261262,1000.2269286585207
113.663172,1004.071035,4.231,4.456,137.98132281120598,118.0863592811382,1005.9095354026731
112.352435,1008.88086,4.223,4.459,141.8198494023748,117.03758408184865,1009.8205547159371
111.061923,1013.693476,4.215,4.461,149.60409724451645,115.5277921077512,1015.5576384767769
109.797259,1018.511361,4.206,4.464,154.80713580873058,114.56685745936656,1019.2670567499453
108.564069,1023.336995,4.198,4.467,160.32627804536347,113.5470950423932,1023.302166670149
107.367978,1028.172857,4.19,4.469,164.937002697366,112.26722725805726,1028.6889215647914
106.21461,1033.021425,4.189,4.476,168.7726516030417,110.90882000893052,1034.5258145961534
105.109591,1037.885179,4.193,4.485,172.60830050871743,109.55041275980376,1040.3627076275152
104.058546,1042.766597,4.196,4.494,174.5261249615553,108.87120913524038,1043.2811541431965
103.067064,1047.667779,4.2,4.503,181.69910778877235,107.7181305266873,1048.386332772337
102.140467,1052.587831,4.213,4.497,190.49392552233945,106.64036619895785,1053.5251891359617
101.283945,1057.524431,4.256,4.446,193.92839715089548,105.80161757323322,1057.922928868703
100.50269,1062.475251,4.3,4.394,196.4310656655335,104.85777026259731,1063.169126931843
99.801893,1067.437965,4.343,4.342,198.51114496135304,103.8662588365575,1068.8001158780444
99.186744,1072.410243,4.345,4.364,200.5902831350148,102.87990448368718,1074.4179171772935
98.662434,1077.389757,4.327,4.419,201.607823127786,102.50744027632044,1076.9181311036075
98.234154,1082.374178,4.309,4.474,204.7750914993713,101.92337158267256,1082.6616702065685
97.907094,1087.36118,4.291,4.529,207.95926023171785,101.41792036054952,1088.146194174026
97.685976,1092.348512,4.27,4.582,210.08203938661543,101.08095287913414,1091.8025434856645
97.567796,1097.335226,4.248,4.634,213.26620811896197,100.57550165701112,1097.2870674531223
97.543237,1102.321437,4.226,4.686,216.4390314041675,100.14395626324155,1102.443539987707
97.602796,1107.30729,4.204,4.738,219.61594206749112,99.97536475583124,1106.6979959033188
97.736969,1112.29293,4.182,4.79,223.8518229519226,99.75057607928416,1112.370603790801
97.936252,1117.278504,4.179,4.779,225.94642344708103,99.6382338606044,1116.3587100575146
98.191144,1122.264156,4.178,4.767,228.01227405574164,99.52606354537879,1121.6312501564335
98.49214,1127.250034,4.177,4.754,229.69557312889236,99.42941050263406,1127.4924164830827
98.829737,1132.236281,4.175,4.742,231.37887220204303,99.33275745988934,1133.3535828097317
99.194475,1137.223041,4.174,4.729,233.0422010096671,99.28656059024351,1137.901861176889
99.578841,1142.21029,4.173,4.716,234.69027818541616,99.27889795925883,1141.4474646509807
99.978026,1147.197772,4.171,4.704,237.1623939490397,99.26740401278181,1146.765869862118
100.387417,1152.185218,4.17,4.691,239.67547974413637,99.2938855827429,1151.764936499713
100.802406,1157.172355,4.168,4.679,243.18446542796207,99.47583573084157,1157.1972417671573
101.21838,1162.158912,4.167,4.666,245.60517398914817,99.63663430925226,1161.6096126315551
101.630728,1167.144618,4.166,4.653,247.53124563900124,99.88215508083368,1167.3447370950298
102.034841,1172.129202,4.164,4.641,248.8095405186028,100.05281118003451,1171.2982700598493
102.426108,1177.112392,4.163,4.628,250.72576813457744,100.3058904825159,1177.2275553307438
102.799925,1182.093918,4.161,4.616,252.62239922299696,100.57640161515477,1183.0745548407149
103.154372,1187.073728,4.16,4.603,253.8858506712386,100.78409793789635,1186.9413198136363
103.49399,1192.052295,4.159,4.59,255.31966099142969,101.2653334334291,1192.974218354359
103.824277,1197.030171,4.157,4.578,256.2558213085186,101.59340763510333,1197.0060956762286
104.150729,1202.007908,4.156,4.565,257.1892968980102,101.95305340608571,1201.221942864775
104.478846,1206.986058,4.154,4.553,258.7158586818757,102.59790975838544,1207.997377981334
104.814123,1211.965172,4.153,4.54,259.8565430925221,103.056349403858,1212.5300683899266
105.162058,1216.945802,4.152,4.527,260.99722750316846,103.51478904933055,1217.062758798519
105.528148,1221.9285,4.15,4.515,262.1379119138149,103.97322869480311,1221.5954492071114
105.917889,1226.913794,4.149,4.502,263.8924190261837,104.64120989718454,1227.5071931746315
106.336695,1231.901117,4.147,4.49,265.68486558123016,105.29546989421291,1232.341447597119
106.789863,1236.888364,4.146,4.477,267.47731213627657,105.94972989124128,1237.1757020196062
107.282683,1241.873312,4.145,4.464,268.6651622361281,106.52692885169535,1240.9386899031388
107.820445,1246.85374,4.152,4.518,270.43261397700974,107.67665912226485,1247.6706778343432
108.408438,1251.827426,4.168,4.641,271.6109151375975,108.44314596931119,1252.1586697884793
109.051951,1256.792148,4.169,4.692,272.48538665439264,109.29807290649948,1256.7879759542595
109.756275,1261.745684,4.149,4.652,273.21006968427906,110.1966009456707,1261.4869502461531
110.526698,1266.685812,4.13,4.611,273.9347527141655,111.09512898484189,1266.185924538047
111.36851,1271.610311,4.111,4.571,275.01712318430543,112.36542009969375,1272.1906481316253
112.287,1276.516959,4.091,4.53,275.7368062629696,113.18068756290809,1275.768317189252
113.287459,1281.403534,4.072,4.489,276.81633088096584,114.40358875772962,1281.134820775693
114.375175,1286.267813,4.131,4.446,278.20033482142844,115.67350588671705,1285.8020767938044
115.555438,1291.107577,4.2,4.402,279.64676339285705,116.95306226580544,1290.3259724317986
116.833538,1295.920602,4.269,4.358,280.7237973322587,118.46951478126594,1295.312231408489
118.214763,1300.704666,4.281,4.4,281.6767777527927,120.24607653739902,1300.761569331526
119.704404,1305.457549,4.271,4.476,282.3099605009057,121.51405452838273,1304.537326015789
121.30775,1310.177027,4.261,4.553,283.25973462307513,123.41602151485826,1310.2009610421826
123.029936,1314.860917,4.25,4.629,283.88857398933607,124.76977458583936,1313.9338386545214
124.868634,1319.508813,4.245,4.644,285.3753038535136,126.96546812739733,1319.5258775395057
126.810907,1324.122838,4.243,4.601,286.41517654926565,128.44179725244132,1323.2543670806062
128.843008,1328.705312,4.242,4.558,287.4521657950683,130.10128725978439,1327.2117794964747
130.95119,1333.25855,4.24,4.515,289.0010488466754,132.689772637409,1333.2713436872282
133.121705,1337.784872,4.238,4.471,289.1787358128645,134.7143255141245,1337.5830264176689
135.340807,1342.286594,4.237,4.428,289.3564227790536,136.73887839084006,1341.8947091481093
137.594747,1346.766035,4.245,4.465,289.53410155102,138.76712034568024,1346.207811685195
139.869779,1351.225511,4.254,4.505,289.7110483442499,141.12490261828202,1350.6477436135424
142.15219,1355.667331,4.263,4.545,289.8879951374798,143.48268489088377,1355.0876755418897
144.440598,1360.090188,4.272,4.584,290.2568643857209,145.85681269474918,1359.3822306119766
146.764125,1364.483834,4.281,4.624,290.9567408576949,148.2591315142188,1363.426055301166
149.156528,1368.836666,4.261,4.668,291.65661732966896,150.6614503336884,1367.4698799903551
151.651567,1373.137076,4.228,4.713,292.356493801643,153.063769153158,1371.5137046795442
154.279244,1377.374393,4.195,4.758,293.056370273617,155.46608797262763,1375.5575293687334
157.038207,1381.545738,4.163,4.803,294.06074635241293,158.86226355847333,1381.1719026638737
159.911501,1385.652113,4.13,4.848,294.6668069584736,161.30169753470602,1384.6436219989155
162.882058,1389.694545,4.193,4.81,295.4748877665544,164.55427616968296,1389.2725811123046
165.932929,1393.674059,4.336,4.7,296.08094837261496,166.99371014591568,1392.7443004473464
169.053152,1397.591528,4.48,4.591,296.8890291806958,170.2462887808926,1397.3732595607355
172.240374,1401.447601,4.624,4.482,297.0,173.29828629643174,1401.2353001279837
175.492908,1405.242911,4.625,4.472,297.0,175.5998346958667,1404.0375648610761
178.80907,1408.978092,4.559,4.51,297.0,179.45653777840104,1408.631267971754
182.187173,1412.653777,4.493,4.547,297.0,182.0276731667573,1411.6937367122057
185.625531,1416.270599,4.427,4.585,298.88976808632225,185.98078346908065,1416.045754776544
189.12246,1419.82919,4.387,4.601,301.1101140999864,189.95665884641957,1420.3233834059495
192.676272,1423.330185,4.351,4.615,302.1184109881911,192.7981817560675,1423.2697534026545
196.285283,1426.774215,4.314,4.628,302.41497652895816,196.14731450859838,1426.4714111240946
199.947807,1430.161915,4.284,4.64,302.7110094848811,199.8425526988979,1429.850479201855
203.662157,1433.493917,4.306,4.644,303.00704244080407,203.5377908891974,1433.2295472796154
207.426649,1436.770854,4.328,4.648,303.303075396727,207.23302907949687,1436.6086153573763
211.239596,1439.993359,4.351,4.652,303.59910835265,210.92826726979638,1439.9876834351367
215.099314,1443.162066,4.351,4.653,303.8947872997952,214.3874064339696,1443.1285345975357
219.004115,1446.277607,4.331,4.65,304.40445505540185,218.42926255553908,1446.3807657222376
222.952314,1449.340616,4.311,4.648,304.9351134528192,222.34659717866265,1449.4131539080015
226.942226,1452.351726,4.291,4.645,305.4657718502365,226.2639318017862,1452.4455420937654
230.972165,1455.31157,4.305,4.573,305.9964302476538,230.18126642490975,1455.4779302795291
235.040621,1458.220463,4.366,4.404,306.5270886450711,234.0986010480333,1458.510318465293
239.146885,1461.077281,4.427,4.235,306.8796428811253,238.443253543323,1461.4900438400357
243.290473,1463.880486,4.488,4.066,307.3810254609152,243.83400038324712,1465.0366290506754
247.470905,1466.628543,4.413,4.186,307.67050349389933,246.61475796897446,1466.8541472116783
251.687698,1469.319917,4.283,4.421,308.24945955986755,252.1762731404292,1470.4891835336841
255.940369,1471.95307,4.154,4.657,308.53893759285165,254.95703072615655,1472.306701694687
260.228437,1474.526466,4.057,4.837,309.033732718894,259.5704351977505,1475.3008215987124
264.55142,1477.038571,4.134,4.718,309.365529953917,263.9516406743903,1477.984461515922
268.908836,1479.487847,4.211,4.599,309.69732718894005,268.33284615103,1480.6681014331316
273.300201,1481.872759,4.289,4.479,310.0290768554045,273.0172916183355,1483.4434715527618
277.725036,1484.19177,4.366,4.36,310.1947045127723,276.93521075918363,1485.3078053226245
282.182856,1486.443345,4.426,4.26,310.36033217014005,280.8531299000318,1487.1721390924872
286.67318,1488.625947,4.317,4.348,310.52561276614216,286.7441311250393,1489.9132581602928
291.195527,1490.73804,4.208,4.436,310.608210659443,289.9307071280074,1491.390945197786
295.749413,1492.778089,4.099,4.524,310.77340644604465,296.3038591339435,1494.3463192727727
300.334357,1494.744557,3.99,4.612,310.85600433934553,299.4904351369116,1495.8240063102658
304.949877,1496.635908,3.881,4.7,311.0739438608059,305.7182712506811,1498.7065127077294
309.59549,1498.450607,3.771,4.788,311.3620368249852,308.338681440012,1499.9002997029258
314.270446,1500.188148,3.764,4.793,312.2243052869671,313.22420536673167,1502.0463725015752
318.972749,1501.852793,3.874,4.701,313.09322498839765,318.58700627744776,1504.2847715982546
323.700046,1503.450175,3.984,4.61,313.52312672823336,323.2372212664768,1505.794524432265
328.449985,1504.985929,4.095,4.519,313.80976379253235,328.3200415246055,1507.5040699618405
333.220211,1506.465688,4.205,4.427,313.9530978961078,331.72132119009444,1508.6637465660917
338.008373,1507.895088,4.308,4.341,314.0,337.710980282038,1510.6291929419447
342.812116,1509.279762,4.313,4.326,314.0,341.86921459872474,1511.9815159910356
347.629088,1510.625345,4.318,4.312,314.0,345.9839908198378,1513.2590468749345
352.456935,1511.937472,4.322,4.297,314.0,352.0311127436098,1514.9601429646912
357.293475,1513.221152,4.327,4.283,314.24930457660844,355.9694594964734,1516.008383974321
362.138,1514.475984,4.322,4.283,315.1002810075097,361.6989035061391,1517.4165315993978
366.990565,1515.698777,4.286,4.324,315.6675986281106,365.5185328459163,1518.3552966827822
371.851228,1516.886321,4.251,4.366,316.51574903686253,371.34391397294996,1519.6589281749266
376.72005,1518.035404,4.216,4.407,317.08062295809617,375.2465014286292,1520.5073167522478
381.597091,1519.142813,4.18,4.449,317.92802994058485,381.23058651699796,1521.7952002117433
386.482409,1520.205337,4.29,4.537,318.0,387.2588793468588,1522.8834397552819
391.376066,1521.219765,4.403,4.626,318.0,390.3460332851173,1523.435413920693
396.27812,1522.182885,4.516,4.715,318.0,396.52034116163435,1524.539362251515
401.188557,1523.092332,4.63,4.804,318.0,399.6074950998929,1525.0913364169267
406.10702,1523.949704,4.743,4.893,318.0,405.78180297640984,1526.1952847477485
411.033051,1524.757758,4.681,4.881,318.12850264932024,411.38256507206756,1527.1483464308292
415.966193,1525.519248,4.584,4.85,318.409719381203,415.6507752194102,1527.771029667343
420.905985,1526.23693,4.488,4.818,318.69093611308574,419.9189853667529,1528.3937129038575
425.851972,1526.913559,4.392,4.787,319.11276121090987,426.32130058776687,1529.3277377586282
430.803694,1527.551889,4.295,4.756,319.3939779427926,430.58951073510957,1529.9504209951424
435.760694,1528.154677,4.199,4.724,319.67519467467537,434.8577208824522,1530.5731042316568
440.722514,1528.724678,4.103,4.693,320.0778069315021,441.1153714271397,1531.4489758556517
445.688695,1529.264647,4.03,4.666,320.3033342691894,444.96426367208653,1531.9030990029598
450.65878,1529.777339,4.045,4.656,320.6415322272207,450.83428732040824,1532.5843150036487
455.63231,1530.265509,4.059,4.647,320.8668360519347,454.9154284966355,1533.0385132883828
460.608828,1530.731914,4.074,4.637,321.1266610134546,460.9238014633258,1533.670464225251
465.587875,1531.179307,4.088,4.628,321.266008449756,464.8802517780534,1534.070373453574
470.568993,1531.610445,4.103,4.618,321.4750296042078,470.8149272501448,1534.6702372960588
475.551725,1532.028083,4.117,4.609,321.61437704050905,474.7713775648724,1535.070146524382
480.535612,1532.434975,4.132,4.599,321.82339819496093,480.70605303696385,1535.670010366867
485.520196,1532.833878,4.146,4.59,322.06437693498447,485.63417089688363,1536.1354230213105
490.505076,1533.227252,4.161,4.58,322.6216524767801,490.40954428126014,1536.5206394937418
495.490112,1533.616167,4.175,4.57,323.0,495.2969145694947,1536.90641894799
500.475246,1534.001277,4.19,4.561,323.0,500.4211049573441,1537.2933888405928
505.460418,1534.383238,4.205,4.551,323.0,505.95932220123854,1537.7211307012421
510.445568,1534.762707,4.219,4.542,323.0,509.5417360700935,1538.0150931885637
515.430638,1535.140339,4.234,4.532,323.27300305260155,515.4723294109994,1538.5109282242422
520.415566,1535.51679,4.248,4.523,323.589859984774,519.7011851708654,1538.8685994878692
525.400295,1535.892716,4.263,4.513,324.0651432193372,526.0455384289742,1539.4052114010663
530.384764,1536.268772,4.277,4.504,324.38120307991386,530.6684248535871,1539.8015695643535
535.368914,1536.645615,4.292,4.494,324.6972629404906,535.2913112782003,1540.1979277276405
540.352685,1537.023899,4.306,4.484,325.00776092373223,539.9090959813902,1540.5936433467964
545.336018,1537.404282,4.321,4.475,325.1918750946459,544.4109531004112,1540.9747582885193
550.318852,1537.787418,4.335,4.465,325.3759892655596,548.9128102194323,1541.355873230242
555.30113,1538.173964,4.35,4.456,325.65216052193017,555.665595897964,1541.9275456428263
560.282791,1538.564575,4.364,4.446,325.8361936520658,559.995708408504,1542.2902882740195
565.263775,1538.959908,4.379,4.437,326.1117099898063,565.4912252860485,1542.7216653989965
570.244023,1539.360617,4.393,4.427,326.3869393476045,570.5698202200977,1543.0999533023569
575.223475,1539.767359,4.408,4.418,326.6621687054026,575.6484151541468,1543.4782412057177
580.202079,1540.180741,4.423,4.408,326.9373980632008,580.727010088196,1543.8565291090786
585.179894,1540.600433,4.437,4.398,327.0,584.308316534617,1544.1101992817648
590.157085,1541.02526,4.452,4.389,327.0,590.3273028479964,1544.5070555222073
595.133822,1541.454014,4.466,4.379,327.0,594.3399603902492,1544.7716263491689
600.110271,1541.885488,4.481,4.37,327.0,600.3589467036285,1545.1684825896116
605.086602,1542.318475,4.476,4.375,327.0458629867937,604.3708430940924,1545.427362585277
610.062983,1542.751768,4.447,4.398,327.37530778717405,610.3448147449786,1545.7974663610162
615.039582,1543.18416,4.419,4.421,327.5949376540943,614.3274625122359,1546.0442022115092
620.016568,1543.614443,4.391,4.444,327.924006147961,620.299543485572,1546.407622379805
624.994108,1544.041412,4.363,4.467,328.1787044072948,624.2917282623264,1546.6411071905904
629.972372,1544.463858,4.335,4.49,328.58903875379934,630.2894414551251,1546.9872995596277
634.951527,1544.880575,4.307,4.513,328.8625949848024,634.287916916991,1547.2180944723193
639.931742,1545.290356,4.278,4.535,328.78102816939696,640.2918957863363,1547.5341973189554
644.913186,1545.691993,4.25,4.558,328.5615533757251,644.296651316572,1547.734833595705
649.896026,1546.08428,4.222,4.581,328.2323260348673,650.3022752660609,1548.0330337035448
654.880431,1546.46601,4.194,4.604,328.0127044959657,654.2924113778824,1548.2069919527
659.86657,1546.835975,4.166,4.627,328.0,660.2989758028115,1548.4716407036149
664.85461,1547.192968,4.138,4.65,328.0,664.3039232838069,1548.6481724506957
669.844707,1547.535831,4.11,4.673,328.0,670.3445574281723,1548.9366905409588
674.836749,1547.864348,4.081,4.696,328.0,674.3670167426218,1549.1109238469965
679.830381,1548.179168,4.053,4.718,328.0,680.3640263278359,1549.333451067279
684.825237,1548.480975,4.052,4.752,328.0,684.3620327179786,1549.4818025474676
689.820954,1548.77045,4.196,4.843,328.0,690.3452344666991,1549.6996003588356
694.817167,1549.048275,4.341,4.934,328.0,694.3270366078519,1549.8465919215498
699.813511,1549.315131,4.485,5.024,328.0,700.3172529568664,1550.1036440138237
704.809622,1549.5717,4.629,5.115,327.34697331707827,704.317039246467,1550.2798612402069
709.805135,1549.818665,4.774,5.206,325.7081472044824,710.3230878749705,1550.5490827249678
714.799686,1550.056707,4.918,5.297,324.59188473031986,714.4146519844727,1550.7131475663907
719.79291,1550.286508,5.062,5.387,322.8951212760115,720.6345758950845,1550.944701172547
724.784443,1550.50875,5.207,5.478,320.2564202777042,724.8062926470008,1551.09612808727
729.77392,1550.724115,5.351,5.569,311.9011630394093,729.0731920102771,1551.2363983070939
734.760977,1550.933284,5.495,5.66,299.05719123241875,735.3477753416613,1551.4346031538796
739.745248,1551.13694,5.639,5.751,290.3597774700977,739.4763477909589,1551.5614543335835
744.726371,1551.335764,5.784,5.841,284.3813867694011,745.4553402225647,1551.7599759653526
749.703979,1551.530439,5.928,5.932,281.3319405949887,749.347971332634,1551.9097140121426
754.677708,1551.721646,6.072,6.023,276.75777133337004,755.1869179977376,1552.134321082327
759.64732,1551.91015,6.217,6.114,273.7083251589576,759.0795491078068,1552.284059129117
764.615103,1552.098399,6.289,6.132,259.2074843092331,764.8540913338159,1552.4963830267595
769.585692,1552.290404,6.095,5.886,243.88104734740776,768.9013689762539,1552.6722193317007
774.563812,1552.490231,5.901,5.639,220.3321004508619,775.0450945186029,1552.9487520375103
779.554184,1552.701949,5.707,5.393,206.12667307546184,780.0414201844687,1553.2998610506013
784.561534,1552.929627,5.513,5.147,200.37530913560448,783.5967780894954,1553.6754270264842
789.590584,1553.177332,5.319,4.9,188.8725812558898,790.7074938995485,1554.4265589782506
794.646058,1553.449134,5.125,4.654,182.94420024000897,793.9551770955425,1554.8044556787283
799.73268,1553.749099,4.931,4.407,167.87054140127526,799.9331065950147,1555.8196294254858
804.853942,1554.082872,4.737,4.161,155.36736456605956,803.9046653468594,1556.7752789585504
809.935595,1554.555637,4.543,3.914,140.91315679945936,808.9127651296292,1558.7827813081344
814.78059,1555.429803,4.626,3.69,136.65279514610066,812.7413037311787,1560.1110498025496
819.181039,1556.981658,4.624,3.732,134.43480065740823,815.8035202239768,1561.6426122917037
822.929059,1559.487488,4.366,3.744,129.99457523386073,821.9960574677997,1564.7577805443007
825.868623,1563.136303,4.335,4.159,128.0900056632469,823.6544414079125,1565.7811213338175
828.100688,1567.684655,4.012,4.326,122.34544951612504,827.8799118743439,1568.5287023569965
829.805661,1572.755391,4.006,4.263,115.74510740925118,830.5075922721905,1572.2578278585888
831.163971,1577.971321,4.145,4.169,111.81438696823808,833.1371955178212,1576.989199732376
832.362668,1582.966499,4.284,4.075,111.2719339817297,834.9213261072128,1580.9589985241316
833.7211,1587.599766,4.424,3.981,111.95244358183736,836.7510706624164,1584.8458151331486
835.680556,1591.937072,3.944,4.546,113.84548355103766,838.7254953795375,1588.5577336013364
838.596091,1595.844634,4.107,4.543,118.81261410788248,841.566660302804,1592.0772957283548
842.513107,1598.711247,3.866,4.674,124.07070539418946,844.4529886021733,1595.5849315424405
847.138511,1600.308181,4.214,4.308,128.0582513510778,848.6532104957512,1599.4651705850188
852.140074,1601.026243,4.541,3.994,130.0717486322251,851.4067644311807,1601.6563358294386
857.215666,1601.511461,4.506,4.114,130.75884335563393,855.9270045492838,1604.5154545042458
862.198736,1602.148801,4.472,4.234,131.26019186004916,859.5398507198877,1606.479692212279
867.125972,1602.927158,4.412,4.342,131.80440934266352,864.490717268052,1608.591039902707
872.030971,1603.815946,4.33,4.439,134.21690892452204,869.3985725911726,1610.4579334631112
876.917365,1604.804529,4.248,4.536,137.6812050192734,874.1850036842214,1612.176869243499
881.786309,1605.883915,4.291,4.514,143.92093448857835,879.5397881422492,1613.7206891366684
886.638958,1607.045116,4.425,4.406,148.2764294772313,885.4377590093699,1615.0366536099325
891.476467,1608.279142,4.558,4.297,149.68153894727487,888.3962919999065,1615.6634279749178
896.299992,1609.577004,4.691,4.189,153.76243060019522,894.2172200081945,1616.8713377975714
901.110687,1610.929711,4.739,4.148,158.8916565352344,899.1791520253475,1617.854188560214
905.909708,1612.328274,4.69,4.181,168.77916709850592,905.2606809800261,1618.9029137319585
910.698209,1613.763707,4.642,4.214,174.57790788446428,909.6297463000437,1619.679492591619
915.477237,1615.228698,4.594,4.247,180.05800156127916,913.9609574056884,1620.4541076068942
920.247548,1616.720342,4.548,4.278,185.37376453933183,920.5519325839451,1621.82575512652
925.009854,1618.236451,4.541,4.288,187.07490069019607,923.693890963095,1622.5352295992316
929.764866,1619.774836,4.534,4.298,190.47717299192453,929.9778077213946,1623.9541785446538
934.513295,1621.333307,4.527,4.308,192.17830914278875,933.1197661005444,1624.6636530173653
939.255852,1622.909677,4.52,4.317,196.398653498675,938.8426433618126,1626.1112492441848
943.993248,1624.501755,4.514,4.327,200.1411351204171,942.8702732952388,1627.2451441809199
948.726195,1626.107355,4.507,4.337,202.5473393863149,947.0537234266876,1628.530463187068
953.455402,1627.724287,4.5,4.347,205.2433629645458,952.4297991386622,1630.1940541492563
958.181581,1629.350361,4.493,4.357,209.86823639905668,958.3873412381658,1632.0199897731152
962.905443,1630.98339,4.486,4.366,212.945633818168,962.3245627054627,1633.2259083929819
967.6277,1632.621185,4.479,4.376,216.6067487941289,967.9410184113026,1634.949410168952
972.349061,1634.261556,4.473,4.386,218.5663644996818,971.8017800932748,1636.1424020984791
977.070239,1635.902315,4.466,4.396,220.5144524171984,976.797106139384,1637.7387011745298
981.791944,1637.541274,4.459,4.405,221.90460379464264,982.5592068225512,1639.6226913368496
986.514887,1639.176243,4.452,4.415,222.5072823660712,985.5331391717144,1640.600217496416
991.23978,1640.805034,4.445,4.425,223.7126395089283,991.4810038700408,1642.5552698155482
995.967332,1642.425459,4.438,4.435,225.60202629073,996.1664085859669,1644.115784509841
1000.698015,1644.03609,4.432,4.444,229.7232411878465,1000.4221383744574,1645.6301859710375
1005.431656,1645.637523,4.425,4.454,233.206514896332,1004.7664610001083,1647.2445963619136
1010.167979,1647.230686,4.418,4.464,235.21036668019048,1009.4829711234123,1649.0842848932696
1014.906706,1648.816511,4.411,4.474,237.20300579021784,1015.0199547631913,1651.2450589965977
1019.64756,1650.395926,4.404,4.484,238.529737487886,1018.7208487372944,1652.6912392653614
1024.390264,1651.969862,4.398,4.493,239.8404401545385,1022.5122908906424,1654.1910036574213
1029.134541,1653.539248,4.391,4.503,242.3602761701121,1028.0603273566462,1656.379565599259
1033.880113,1655.105015,4.393,4.527,244.07277563348788,1031.7508260222194,1657.8350099980687
1038.626703,1656.668092,4.403,4.56,246.62479307024432,1037.383297782132,1660.0073089466177
1043.374034,1658.229409,4.412,4.593,248.3064682025369,1043.0055041604303,1662.0717634381122
1048.121829,1659.789895,4.421,4.626,249.32814421625116,1046.7469621079563,1663.4362443634257
1052.869811,1661.350481,4.43,4.66,250.86065823682247,1052.3591490292456,1665.4829657513963
1057.617702,1662.912097,4.439,4.693,251.87749658900256,1055.9531315204383,1666.7714130841132
1062.365225,1664.475672,4.449,4.726,253.93132295719823,1061.5394710766013,1668.666044000693
1067.112103,1666.042136,4.458,4.759,255.33210116731496,1065.292579721711,1669.9358865710385
1071.858059,1667.612418,4.467,4.792,257.28521854724426,1071.517229476046,1672.039356957534
1076.602815,1669.18745,4.476,4.826,257.7441962593123,1074.5848023966441,1673.073370301556
1081.346095,1670.768157,4.485,4.859,258.66215168344826,1080.719948237841,1675.1413969896
1086.087992,1672.354054,4.495,4.892,259.1211293955163,1083.7875211584392,1676.1754103336218
1090.829599,1673.940825,4.504,4.925,260.0367182930517,1089.2323574799984,1678.0118560477204
1095.572177,1675.523512,4.513,4.958,261.3978139607691,1093.8153287770606,1679.5640903957717
1100.316988,1677.097159,4.522,4.992,262.7589096284865,1098.3983000741223,1681.1163247438228
1105.065291,1678.65681,4.531,5.025,264.0117236320032,1104.1741350522307,1682.919165618444
1109.818349,1680.197506,4.541,5.058,264.6959182744223,1108.593267906055,1684.2205714276038
1114.577422,1681.714292,4.55,5.091,263.2334966675241,1114.2974457203368,1685.7553176681497
1119.343771,1683.202211,4.559,5.124,261.1205597136527,1118.459101308099,1686.8204589788097
1124.118658,1684.656305,4.568,5.158,259.0076227597812,1122.6207568958616,1687.8856002894693
1128.905222,1686.062366,4.574,5.181,255.83821732897405,1128.8632402775045,1689.483312255459
1133.715897,1687.36045,4.444,4.784,252.2948860439514,1134.0938610942285,1690.3574781689751
1138.565984,1688.476506,4.313,4.387,246.9054800104548,1139.1705042291117,1690.8403756552957
1143.470782,1689.336479,4.309,4.391,243.29741864210223,1142.8766276753395,1691.099835819495
1148.444145,1689.868228,4.325,4.462,240.02393131165536,1148.8198931050692,1691.0680463504
1153.4708,1690.038154,4.267,4.496,238.89652382692236,1152.7445877115824,1690.9008601830958
1158.508484,1689.848375,4.164,4.508,235.89358383621556,1158.6462013196406,1690.3745505397198
1163.513912,1689.302359,4.061,4.52,232.90487630261552,1162.591571111429,1689.8164255951126
1168.443812,1688.403577,4.198,4.655,228.2311239127768,1168.526875001062,1688.4694265913258
1173.26327,1687.158008,4.336,4.791,225.11094807526035,1172.472872122823,1687.5557468160725
1177.960137,1685.578469,4.375,4.734,220.71504670021244,1177.9561881933369,1685.7664035799028
1182.526103,1683.67893,4.346,4.542,219.2547877973856,1181.8680141063257,1684.0502562947831
1186.95286,1681.473362,4.32,4.415,217.78069478524404,1186.8162959610418,1680.9804912583215
1191.232099,1678.975732,4.309,4.587,216.3041012157428,1191.951920381448,1677.66605569387
1195.355513,1676.200013,4.304,4.732,215.56580443099216,1194.519732591651,1676.0088379116444
1199.314792,1673.160173,4.326,4.76,214.08921086149093,1199.6553570120575,1672.6944023471929
1203.101629,1669.870183,4.348,4.789,212.61413006146367,1203.5924096562762,1669.8770182604287
1206.707713,1666.344011,4.314,4.682,210.3849820111928,1207.132526376528,1667.0884112418596
1210.117343,1662.595286,4.277,4.566,208.33658680863635,1211.3630084770466,1663.4059074929964
1213.278297,1658.635938,4.54,4.287,210.04806673563888,1213.647447565868,1659.7860498312425
1216.127095,1654.477376,4.671,4.118,211.57328393225768,1216.8493410093126,1654.2126126200335
1218.600257,1650.13101,4.561,4.149,212.58434256294112,1219.5633789310757,1649.3804926279868
1220.634366,1645.608257,4.377,4.272,213.0894989294112,1220.898743804071,1646.9824590524863
1222.206133,1640.926728,4.179,4.411,214.09572560508573,1223.3113573873297,1642.4340631807088
1223.40128,1636.120847,4.037,4.575,215.5903595778381,1225.5940076111171,1637.4818939557779
1224.323867,1631.227871,3.895,4.74,219.30287790103668,1227.602591295245,1631.7760128332477
1225.07795,1626.285053,3.85,4.804,222.3851773115172,1228.9825196241195,1626.9903026503673
1225.76098,1621.327233,3.957,4.709,225.300534678482,1230.4147538938198,1621.4972160463412
1226.409092,1616.366841,4.063,4.615,226.70563187658064,1231.3078257364677,1617.4840462235932
1227.025167,1611.404152,4.095,4.589,228.11072907467928,1232.2008975791157,1613.4708764008449
1227.611755,1606.439321,4.105,4.584,230.21813152075345,1233.537368062393,1607.45204760656
1228.171405,1601.472501,4.116,4.578,232.28869376494157,1234.3988948671301,1601.5733941154128
1228.706669,1596.503848,4.126,4.572,233.66906859440024,1234.973246070288,1597.6542917879815
1229.220096,1591.533515,4.136,4.566,235.04171361401777,1235.5916505448279,1592.7860530652345
1229.714236,1586.561659,4.146,4.56,236.2931220345559,1236.2723249406781,1586.3316633490535
1230.191639,1581.588432,4.157,4.554,236.91882624482497,1236.6126621386031,1583.104468490963
1230.654857,1576.61399,4.167,4.549,238.1702346653631,1237.2933365344536,1576.6500787747823
1231.106438,1571.638487,4.177,4.543,238.79593887563215,1237.6336737323786,1573.422883916692
1231.548933,1566.662077,4.187,4.537,240.62950819672116,1238.2450190739835,1567.5081142924516
1231.984892,1561.684916,4.198,4.531,244.14086302301573,1238.7438640543098,1562.2890075926389
1232.416866,1556.707157,4.208,4.525,245.59915246606056,1239.0735002273748,1557.8748402053798
1232.847404,1551.728955,4.218,4.519,247.0473902576259,1239.5085241693287,1551.8932610035158
1233.279056,1546.750465,4.229,4.513,248.01556957957493,1239.7953983888196,1547.9009913034752
1233.714374,1541.771841,4.239,4.508,250.1174628222008,1240.1685600598055,1541.9599579839785
1234.155906,1536.793238,4.249,4.502,251.5187249839513,1240.4173345071288,1537.9992691043144
1234.605974,1531.814802,4.259,4.496,253.62061822657716,1240.790496178114,1532.058235784818
1235.064725,1526.836601,4.27,4.49,255.02188038832767,1241.0392706254372,1528.0975469051536
1235.531117,1521.85866,4.28,4.484,257.0743349620652,1241.448827973609,1521.7084833427766
1236.004092,1516.881004,4.29,4.478,257.93757968282165,1241.8506184169355,1515.9400668535638
1236.482594,1511.903659,4.301,4.473,258.3692020431999,1242.0515136385989,1513.0558586089576
1236.965567,1506.926648,4.311,4.467,259.2324467639564,1242.4533040819254,1507.2874421197453
1237.451954,1501.949997,4.321,4.461,260.0907309086469,1242.7720161079333,1502.8000656774268
1237.940698,1496.973731,4.331,4.455,261.37148284570367,1243.13830506927,1497.7925951738691
1238.430743,1491.997874,4.334,4.451,263.69983775617817,1243.5796033830438,1492.3501256814423
1238.921033,1487.022451,4.337,4.446,266.3896909088117,1243.9934774187466,1487.6264514178006
1239.41051,1482.047487,4.34,4.442,268.15859438795263,1244.471761574248,1482.4734980100484
1239.89812,1477.073007,4.342,4.438,268.69218298293345,1244.862548861794,1478.3637080768694
1240.382803,1472.099036,4.345,4.434,269.4925610672811,1245.4487453882707,1472.199223238228
1240.863506,1467.125598,4.348,4.429,270.02078117711085,1245.842440973791,1468.135875591849
1241.33917,1462.152718,4.35,4.425,270.6808891559259,1246.4228760515186,1462.1876015007883
1241.80874,1457.180422,4.353,4.421,271.12096114180264,1246.8098327700036,1458.2220854400814
1242.271158,1452.208734,4.356,4.417,271.7804958555,1247.389334822067,1452.2741810053603
1242.725369,1447.237678,4.358,4.412,272.32722765459306,1247.7600548588757,1448.2998892506132
1243.170632,1442.267217,4.361,4.408,273.3188266079053,1248.3047631556494,1442.3196833612237
1243.609239,1437.296716,4.364,4.404,273.9798925767801,1248.6679020201655,1438.332879434964
1244.04517,1432.325206,4.366,4.399,266.3582329247272,1248.6826848003718,1431.8912647406185
1244.482425,1427.351713,4.369,4.395,260.6647636664821,1248.5043282693277,1427.4647799246998
1244.925003,1422.375264,4.372,4.391,254.971294408237,1248.3259717382832,1423.0382951087815
1245.376903,1417.394889,4.374,4.387,246.43109052086933,1248.0584369417168,1416.3985678849037
1245.842125,1412.409612,4.377,4.382,240.73762126262423,1247.8800804106722,1411.9720830689855
1246.324667,1407.418462,4.38,4.378,235.0441520043792,1247.7017238796282,1407.545598253067
1246.828529,1402.420467,4.382,4.374,229.35068274613403,1247.5233673485836,1403.1191134371486
1247.353763,1397.415134,4.385,4.37,220.8104788587664,1247.2558325520172,1396.479386213271
1247.817118,1392.412134,4.388,4.365,215.11700960052133,1247.0774760209729,1392.0529013973528
1248.056003,1387.430815,4.313,4.4,209.42354034227623,1246.8991194899286,1387.626416581434
1247.904671,1382.490911,4.218,4.447,203.73007108403112,1246.720762958884,1383.1999317655154
1247.197438,1377.612177,4.137,4.571,198.68893520129555,1245.841905551956,1379.1617289961223
1245.820199,1372.83378,4.218,4.488,196.22143624719507,1243.3860481893248,1373.8108194034135
1243.803901,1368.249466,4.437,4.219,194.57643694446145,1241.7488099475709,1370.2435463416075
1241.204801,1363.962506,4.141,4.553,192.10619580552444,1239.128961579229,1364.9596165902883
1238.079153,1360.07617,4.001,4.671,191.1132105216612,1236.7885117767205,1361.7310247949551
1234.486442,1356.679407,4.204,4.249,190.36578983682253,1233.124520623722,1357.038874541183
1230.516691,1353.72572,4.168,4.068,191.4925007780511,1230.3907399418508,1354.142571465728
1226.276742,1351.094013,4.157,3.984,192.61675277763223,1227.2858178611968,1351.1194194494692
1221.873612,1348.662414,4.17,3.987,193.60334615391028,1222.716585375624,1347.703123482211
1217.414319,1346.30905,4.182,3.99,194.5209828898955,1217.799868589656,1344.2239731248076
1212.989777,1343.929856,4.195,3.993,194.97980125788808,1215.3415101966718,1342.4843979461057
1208.610224,1341.509995,4.207,3.996,195.89743799387327,1210.424793410704,1339.0052475887023
1204.26068,1339.062517,4.22,3.999,196.80338929301493,1206.1146323328687,1336.0506144925798
1199.926159,1336.600482,4.233,4.002,200.95634722717028,1201.1956436569008,1333.3561480817439
1195.592052,1334.136626,4.245,4.005,205.40237501484395,1196.562680664341,1330.9107645487752
1191.251542,1331.677025,4.258,4.008,208.73689585559916,1193.0879584199213,1329.0767268990485
1186.905132,1329.221504,4.271,4.011,211.56152627525012,1188.1753701877196,1326.5715249410268
1182.553612,1326.769641,4.283,4.014,213.23531512104813,1184.2156879479392,1324.575215027344
1178.197769,1324.321017,4.296,4.017,214.9091039668461,1180.256005708159,1322.5789051136612
1173.838389,1321.875212,4.308,4.02,218.56014275242472,1174.9376345790042,1319.9260511323494
1169.476262,1319.431807,4.321,4.023,221.6731364079128,1169.926175938441,1317.4380187573836
1165.112174,1316.99038,4.334,4.027,223.67062870231007,1165.10855797272,1315.050737927067
1160.746914,1314.550512,4.346,4.03,224.98174791579356,1161.700434091821,1313.342009193569
1156.381264,1312.111786,4.359,4.033,227.6832631508869,1156.3974143277796,1310.6548227348883
1152.015735,1309.673883,4.372,4.036,230.01102550302093,1152.729667425699,1308.7770406797613
1147.650399,1307.236649,4.384,4.039,232.0,1148.8513218124149,1306.7604251827358
1143.285288,1304.799941,4.397,4.042,232.0,1144.633801108212,1304.5189509727438
1138.920435,1302.36362,4.41,4.045,232.20115653362416,1138.3471135065265,1301.1752650299327
1134.555872,1299.927544,4.422,4.048,234.60501884414927,1134.6027427994259,1299.1551728608963
1130.191634,1297.491571,4.435,4.051,237.0088811546744,1130.8583720923252,1297.1350806918601
1125.827751,1295.055562,4.447,4.054,240.4522849462368,1126.2024060464753,1294.601625318336
1121.464257,1292.619375,4.46,4.057,243.3555107526884,1121.8843520562048,1292.2424712664415
1117.101184,1290.182869,4.473,4.06,246.25873655914003,1117.5662980659345,1289.8833172145478
1112.738566,1287.745903,4.485,4.063,248.5754673631552,1112.3692208623463,1287.0692736276494
1108.376434,1285.308335,4.498,4.066,249.0528216813866,1109.8864526472319,1285.7437990146652
1104.014822,1282.870026,4.511,4.069,250.0036308622544,1104.2900977494905,1282.7681725156924
1099.653762,1280.430834,4.523,4.073,250.9544400431222,1098.6937428517494,1279.7925460167196
1095.293287,1277.990618,4.536,4.076,251.4298446335561,1095.8955654028787,1278.304732767233
1090.93343,1275.549236,4.548,4.079,252.70778033347835,1090.780222474248,1275.5894896334974
1086.574223,1273.106548,4.561,4.082,254.47388822616625,1086.6621068890113,1273.4119291862792
1082.215698,1270.662414,4.574,4.085,257.3885944507063,1081.995218032989,1270.9505989189383
1077.857889,1268.216693,4.586,4.088,259.9113090135512,1077.3076280415748,1268.3864378196631
1073.500754,1265.769415,4.599,4.091,261.276874415466,1074.217312910009,1266.6364924906356
1069.144141,1263.320879,4.612,4.094,262.6182974735139,1068.727017803806,1263.499386816617
1064.787883,1260.871407,4.624,4.097,263.28900900253785,1065.9818702507046,1261.930833979608
1060.431817,1258.421323,4.637,4.1,264.63043206058575,1060.491575144502,1258.7937283055894
1056.075777,1255.970951,4.65,4.103,265.97185511863364,1055.0012800382992,1255.656622631571
1051.719598,1253.520614,4.662,4.106,266.6425666476576,1052.2561324851981,1254.0880697945618
1047.363115,1251.070635,4.675,4.109,267.4849359627168,1048.004726487527,1251.6569372412232
1043.006164,1248.621338,4.687,4.112,268.4740692228274,1042.975258103113,1248.7804947063016
1038.648579,1246.173046,4.7,4.115,269.4632024829379,1037.9457897186985,1245.9040521713798
1034.290197,1243.726083,4.713,4.119,270.1226246563449,1034.5928107957557,1243.986423814765
1029.93085,1241.280772,4.725,4.122,271.1117579164555,1029.5633424113414,1241.1099812798432
1025.570376,1238.837437,4.738,4.125,271.77118008986247,1026.2103634883983,1239.1923529232286
1021.208609,1236.3964,4.751,4.128,272.760313349973,1021.1808951039843,1236.3159103883067
1016.845384,1233.957986,4.763,4.131,276.30354838709684,1016.7706210721444,1233.8598352920596
1012.480536,1231.522518,4.776,4.134,279.67633302456284,1011.8868853718747,1231.1387034078568
1008.113901,1229.090319,4.788,4.137,280.5600356624973,1008.41078079286,1229.1794444633213
1003.745313,1226.661712,4.801,4.14,281.88558961939896,1003.1966239243379,1226.240556046518
999.374607,1224.237022,4.814,4.143,282.7692922573334,999.7205193453232,1224.2812971019823
995.001782,1221.816286,4.826,4.146,284.0904142090287,994.4783997462627,1221.3400658381915
990.62768,1219.398053,4.839,4.149,284.9640055738344,990.9385003852612,1219.3754618715536
986.253421,1216.980388,4.852,4.152,286.3244899378431,985.660122624916,1216.4436961739866
981.880125,1214.561355,4.864,4.155,287.357577513554,982.2204192507952,1214.5272946469722
977.508911,1212.139017,4.877,4.158,288.90720887712024,977.0608641896142,1211.6526923564509
973.1409,1209.71144,4.89,4.161,289.93570210005737,973.5968824349653,1209.6867787661474
968.777211,1207.276686,4.902,4.164,291.22805476377005,968.4122520276919,1206.7263096138877
964.418962,1204.832821,4.915,4.168,291.71925756527617,964.9833358619261,1204.7595704145929
960.067275,1202.377908,4.927,4.171,292.4515543144165,959.7896364091928,1201.7655554359585
955.723269,1199.910012,4.94,4.174,292.9397521471768,956.3271701073706,1199.7695454502023
951.388062,1197.427196,4.953,4.177,293.6720488963172,951.1334706546376,1196.7755304715677
947.062776,1194.927525,4.965,4.18,294.1598629790145,947.5599170681443,1194.7072356599292
942.748529,1192.409063,4.978,4.183,294.64539386564576,943.3254279512911,1192.208868136793
938.446441,1189.869874,4.991,4.186,295.24431627516776,939.0710261232547,1189.6905083585852
934.157632,1187.308022,5.003,4.189,296.1503565436242,934.7626912580013,1187.1180001007012
929.883221,1184.721571,4.916,4.15,297.0563968120806,930.4543563927477,1184.5454918428177
925.624328,1182.108586,4.801,4.099,297.962437080537,926.1460215274943,1181.9729835849337
921.382073,1179.46713,4.686,4.047,299.1617304880138,921.8748015226706,1179.3637888742633
917.157642,1176.795347,4.571,3.996,300.7496661086833,917.044409389596,1176.3568514493365
912.952578,1174.091797,4.456,3.945,301.9406178241854,913.42161528979,1174.1016483806418
908.768539,1171.35518,4.341,3.894,302.67237292868134,907.9352182760816,1170.290970784478
904.607185,1168.584194,4.226,3.842,302.907924416163,905.5322924660825,1168.5754118472462
900.470176,1165.77754,4.111,3.791,303.3790273911264,900.7264408460842,1165.1442939727824
896.359171,1162.933915,3.995,3.74,303.8501303660898,895.9205892260858,1161.7131760983186
892.275828,1160.052019,4.001,3.727,304.0540055675843,893.4722729340476,1159.948792618835
888.221809,1157.130552,4.089,3.739,304.3509433962264,888.4168516533535,1156.249223652952
884.198771,1154.168211,4.176,3.751,304.4994123105475,885.8891410130066,1154.3994391700105
880.208169,1151.163925,4.264,3.763,304.7963501391896,880.8337197323125,1150.6998702041274
876.249355,1148.118937,4.352,3.775,305.2214094827977,876.3028007658988,1147.369876895329
872.32046,1145.035839,4.439,3.787,306.6240653642776,872.4471749656767,1144.3765721865611
868.419598,1141.917242,4.527,3.799,308.01688864506247,869.1217966835993,1141.7543210635897
864.544886,1138.765756,4.614,3.812,309.1765132569272,865.2952771368798,1138.5310300567678
860.694437,1135.583991,4.61,3.821,309.86738408988714,860.748277529585,1134.8219112447987
856.866367,1132.374559,4.509,3.827,310.3279646451938,857.7169444580552,1132.3491653701528
853.05879,1129.140068,4.408,3.833,311.01883547815373,853.1699448507603,1128.6400465581842
849.269822,1125.883129,4.307,3.838,311.4794160334604,850.1386117792304,1126.1673006835385
845.497563,1122.60636,4.205,3.844,312.21262105183064,845.4927230868802,1122.3742472826677
841.739819,1119.312527,4.104,3.85,312.78770428743564,842.1939214156519,1119.6744807318032
837.994094,1116.004552,4.003,3.856,313.648496456595,837.4620466783974,1115.7687829958254
834.257881,1112.685359,3.902,3.862,314.2215552895219,834.4022029818025,1113.228027467967
830.528675,1109.357874,3.801,3.868,315.060252001742,829.8195022533988,1109.413837768976
826.803967,1106.025024,3.7,3.874,315.48424835368127,826.8064588338423,1106.779917524615
823.081252,1102.689733,3.637,3.879,316.11998946342266,822.2863781165393,1102.8171070327326
819.358022,1099.354928,3.644,3.881,316.54381686991684,819.2729909716705,1100.175233371478
815.631771,1096.023534,3.652,3.883,317.17944028702004,814.752088999329,1096.2127562018898
811.900007,1092.69846,3.659,3.886,317.6008554539986,811.7218693330074,1093.5777143461003
808.161424,1089.381235,3.667,3.888,318.37414033054165,807.1852898022615,1089.6328204861343
804.416733,1086.071047,3.675,3.891,319.0508920903458,804.1708972367826,1087.0116503175118
800.666835,1082.766861,3.682,3.893,320.0660197300521,799.6493083885641,1083.079895064579
796.912635,1079.467637,3.69,3.895,320.7414072802326,796.668418040551,1080.4506968025817
793.155037,1076.172337,3.697,3.898,321.35627693313825,792.1926152792649,1076.508290901995
789.394945,1072.879925,3.705,3.9,321.6745965781369,789.1708360725415,1073.8898288975129
785.633262,1069.589361,3.713,3.902,322.15207604563483,784.6381672624564,1069.962135890789
781.870892,1066.299609,3.72,3.905,322.4703956906335,781.616388055733,1067.343673886307
778.10872,1063.009652,3.728,3.907,322.94787515813147,777.0837192456479,1063.415980879583
774.347188,1059.718983,3.735,3.91,323.2523997089285,774.0576670980978,1060.7957515029075
770.586288,1056.427609,3.743,3.912,323.70425965927967,769.5246051305115,1056.8543787738422
766.825994,1053.135556,3.751,3.914,324.0048941275207,766.5075958215014,1054.2195239773066
763.066281,1049.842855,3.758,3.917,324.4558458298821,761.9820818579863,1050.2672417825033
759.307123,1046.549533,3.766,3.919,324.7564802981232,758.9650725489761,1047.632386985968
755.548493,1043.255618,3.773,3.921,325.2066838431673,754.4198122702866,1043.6690940920355
751.790365,1039.96114,3.781,3.924,325.50633111675853,751.3767476701742,1041.0197106622572
748.032713,1036.666126,3.789,3.926,325.9558020271453,746.8121507700056,1037.0456355175907
744.275511,1033.370605,3.796,3.929,326.26779451049936,743.8246918475037,1034.4579501642681
740.518733,1030.074606,3.804,3.931,326.7384144386799,739.28005756923,1030.5363705854354
736.762353,1026.778156,3.811,3.933,327.05216105746695,736.2503013837145,1027.9219841995468
733.006345,1023.481285,3.819,3.936,327.522702616354,731.628868001398,1023.9320131889671
729.250683,1020.18402,3.827,3.938,327.8356275081999,727.7938488104313,1020.6005209128209
725.495341,1016.88639,3.834,3.94,328.17276025901526,723.7264081375087,1017.0595125308989
721.740292,1013.588424,3.842,3.943,328.3547195721969,721.5641011941489,1015.1730940754493
717.98551,1010.29015,3.849,3.945,328.7186381985602,717.2394873074294,1011.40025716455
714.23097,1006.991596,3.857,3.948,329.0825568249236,712.91487342071,1007.6274202536506
710.476645,1003.69279,3.865,3.95,329.44647545128686,708.5902595339905,1003.8545833427515
706.72251,1000.393762,3.872,3.952,329.6282402860215,706.4899530270151,1002.0223904361904
702.968538,997.09454,3.88,3.955,329.9908344259084,702.5875902471677,998.618854120164
699.214703,993.795151,3.887,3.957,330.5317354377044,697.9749612450677,994.6010888028096
695.460979,990.495625,3.895,3.959,330.89230194283454,694.9140553504369,991.9350060494252
691.70734,987.19599,3.903,3.962,331.4331517005297,690.322696508491,987.9358819193487
687.953759,983.896274,3.91,3.964,331.79371820565984,687.2617906138603,985.2697991659643
684.200212,980.596506,3.918,3.967,332.3345679633551,682.6704317719143,981.270675035888
680.446671,977.296714,3.925,3.969,332.69465131346783,679.9122290224622,978.8692909941059
676.693111,973.996926,3.933,3.971,333.2753241895672,675.6637905689987,975.1811697174289
672.939506,970.697172,3.941,3.974,333.7542645531535,671.4570188454181,971.5338274701758
669.185829,967.397478,3.948,3.976,334.11346982584325,668.3019400527327,968.7983207847357
665.432054,964.097875,3.956,3.978,334.5924101894296,664.0951683291521,965.1509785374826
661.678156,960.79839,3.963,3.981,334.9516165452762,660.8912451736952,962.3731875531521
657.924108,957.499051,3.971,3.983,335.0,656.6879726688711,958.7304877937704
654.169884,954.199888,3.979,3.986,335.0,652.357267446569,954.9771744887599
650.415458,950.900928,3.986,3.988,335.0,650.1919148354181,953.1005178362548
646.660805,947.602199,3.994,3.99,335.0,645.8612096131161,949.3472045312443
642.905898,944.303731,4.001,3.993,335.0,641.530504390814,945.5938912262338
639.150735,941.005527,4.009,3.995,335.0,637.1997991685121,941.8405779212234
635.395338,937.707572,4.017,3.997,335.3191940859852,633.697513222392,938.7935824193253
631.639728,934.409846,4.024,4.0,335.7210705290536,630.6567428168571,936.1445702162865
627.883928,931.112333,4.032,4.002,336.256905786478,626.602382276144,932.6125539455678
624.127959,927.815013,4.039,4.005,336.7927410439025,622.5480217354306,929.080537674849
620.371844,924.517869,4.047,4.007,337.192087177037,618.7649994171578,925.7788404458703
616.615604,921.220884,4.055,4.009,337.45670550185605,615.8275203067493,923.2131968926254
612.859262,917.924038,4.062,4.012,337.85363298908453,611.4213016411364,919.364731562758
609.102839,914.627314,4.07,4.014,338.0527730235364,608.3872100106788,916.7171294242787
605.346358,911.330694,4.077,4.016,338.2299132423996,603.6566975714745,912.593558353765
601.589841,908.03416,4.085,4.019,338.3480067216417,600.503022612005,909.8445109734224
597.83331,904.737694,4.093,4.021,338.5248988313323,595.981568136554,905.9159528346698
594.076787,901.441277,4.1,4.024,338.642816664417,592.9758934610841,903.3049627125444
590.320294,898.144892,4.108,4.026,338.81972593960194,588.0862680651248,899.0604374319755
586.563852,894.848521,4.115,4.028,338.93769669487267,584.4604855525566,895.9156947719619
582.807485,891.552145,4.123,4.031,339.0,580.6038041080354,892.5710554631086
579.051213,888.255747,4.131,4.033,339.0,578.546251731801,890.7868731144636
575.29506,884.959309,4.138,4.035,339.0,574.4311469793324,887.2185084171736
571.539042,881.662812,4.146,4.038,339.0,570.3160422268638,883.6501437198837
567.783159,878.366239,4.153,4.04,339.0435340329409,566.2120721728918,880.0909538124015
564.02741,875.069572,4.161,4.043,339.2552835842563,562.2599950573108,876.6585529151586
560.271792,871.772793,4.169,4.045,339.4670303783467,558.3086752730615,873.2267874084778
556.516303,868.475885,4.176,4.047,339.67877717243715,554.3573554888121,869.7950219017969
552.760941,865.178829,4.184,4.05,339.89052396652755,550.4060357045628,866.363256395116
549.005702,861.881608,4.191,4.052,340.1019794721408,546.8884735799704,863.30658479656
545.250585,858.584205,4.199,4.054,340.3131231671554,543.8352286050756,860.6514335640699
541.495588,855.2866,4.207,4.057,340.6298387096774,539.2553611427334,856.6687067153348
537.740708,851.988777,4.214,4.059,340.84098240469206,536.2021161678384,854.0135554828446
533.985942,848.690718,4.222,4.062,341.0,532.4718860455475,850.7690367049768
530.231289,845.392404,4.229,4.064,341.0,528.427103171632,847.2465747213844
526.476746,842.093819,4.237,4.066,341.0,525.1152671292696,844.3641026424635
522.722311,838.794944,4.245,4.069,341.0,521.3773765935196,841.1124161277138
518.967982,835.495762,4.252,4.071,341.0,518.1772241161157,838.3294532837541
515.213755,832.196254,4.26,4.073,341.0,514.0549109132273,834.7461817610422
511.459629,828.896404,4.267,4.076,341.0,509.9325977103392,831.1629102383303
507.705601,825.596192,4.275,4.078,341.0,505.81028450745106,827.5796387156184
503.951659,822.295634,4.283,4.081,341.0,501.6879713045628,823.9963671929065
500.197755,818.99484,4.29,4.083,341.0,497.56565810167456,820.4130956701946
496.443835,815.693943,4.298,4.085,341.0,495.50450150023056,818.6214599088386
492.689846,812.393075,4.306,4.088,341.0,490.2762580934505,814.0796156077764
488.935733,809.092368,4.313,4.09,341.0,487.05565522928646,811.2883649209282
485.181443,805.791953,4.321,4.092,341.0,482.76151807706765,807.5666973384638
481.426922,802.491964,4.328,4.095,340.9028523333511,479.6757128135687,804.8905374089882
477.672116,799.192532,4.336,4.097,340.6691916686201,475.705792372487,801.445687415661
473.916971,795.893788,4.344,4.1,340.4916577011152,471.46071151370217,797.7504124560901
470.161433,792.595865,4.351,4.102,340.37303908207457,468.4851743144483,795.1593165256847
466.405448,789.298895,4.359,4.104,340.1951111535136,464.0218685155675,791.272672630077
462.648963,786.00301,4.366,4.107,340.076492534473,461.0463313163136,788.6815766996717
458.891923,782.708341,4.374,4.109,335.062981491288,456.3882384871847,784.622300622579
455.134275,779.415021,4.382,4.111,329.2896286794101,453.18491720188456,781.8293285013842
451.375964,776.123182,4.389,4.114,323.265444223947,450.0687661274524,779.1088623195014
447.616938,772.832956,4.397,4.116,314.16846262225386,445.4156359790358,775.0457105421755
443.857141,769.544474,4.404,4.119,305.5251958156664,442.311265637187,772.2661354047182
440.096521,766.257869,4.412,4.121,292.2462929713285,437.64067086537983,768.0631941424275
436.335355,762.972627,4.42,4.123,283.3936910751033,434.5269410175084,765.2612333009002
432.57499,759.686159,4.427,4.126,274.541089178878,431.413211169637,762.4592724593731
428.816989,756.395455,4.435,4.128,262.85316586368754,426.1733813312755,757.5411047334983
425.062912,753.097509,4.442,4.13,259.44611837455625,424.2192047927759,755.6374672434082
421.314321,749.789311,4.45,4.133,252.63202339629365,420.31085171577655,751.8301922632278
417.57278,746.467854,4.458,4.135,245.75063182858776,416.5514343872166,748.1320330278435
413.839848,743.13013,4.465,4.138,234.86303477955963,412.16385190852884,743.5017204609154
410.117089,739.773131,4.473,4.14,225.7429938482573,409.193244245007,739.6533612309794
406.406064,736.393848,4.477,4.15,217.25358851674667,406.72819041001185,736.083990377558
402.74962,732.96151,4.465,4.211,208.91163940813195,404.2655147611232,732.4888574575538
399.435419,729.280711,4.382,4.249,205.72272054133333,401.8821134456657,727.5873178202423
396.83451,725.104522,4.384,4.205,203.56814920283176,400.4298966904071,723.1714143728665
395.14486,720.423501,4.654,3.988,202.6138857955872,399.7931160607897,720.7751931329742
394.371344,715.482135,4.451,4.11,200.98002022299133,398.7182317478571,715.5677246443456
394.362773,710.45851,4.298,4.22,199.34615465039545,397.6433474349244,710.360256155717
394.812194,705.446588,4.237,4.309,196.8778011913551,396.90093093127484,704.4194171636561
395.448905,700.504242,4.193,4.386,195.22869848015708,396.5810943599609,700.8353510662647
396.141172,695.5877,4.17,4.451,196.2464638199781,396.658143475889,696.1998653408863
396.801885,690.647767,4.147,4.516,197.61467284401064,396.79189957427565,691.440127325913
397.398335,685.681995,4.124,4.58,198.95783949134744,396.9255798852395,685.7250510527076
397.908602,680.697205,4.101,4.645,201.03624486671288,396.953349574395,681.3821308288736
398.310767,675.70022,4.078,4.709,203.15128596708712,396.91759461018296,676.8140023118706
398.58291,670.69786,4.065,4.755,205.22848976829917,396.77691154108743,671.9009096221995
398.70311,665.696947,4.112,4.68,208.3442954701172,396.565886937444,664.5312705876925
398.649449,660.704304,4.16,4.606,210.54082574229076,396.4045463793238,659.7849913291761
398.400005,655.726752,4.207,4.531,213.1925846128597,396.1372099011065,656.1083611559463
397.93286,650.771112,4.171,4.435,217.14418566173043,395.68828139570167,651.3925459165155
397.229179,645.844414,4.126,4.336,219.89744461628808,394.9300295253181,646.843986178036
396.288092,640.954895,4.115,4.266,222.21176841357945,393.87708103341856,641.9456714379954
395.115209,636.111227,4.313,4.368,223.85716328167916,392.3089778505862,636.1936170379124
393.716149,631.322083,4.485,4.47,224.9540931937456,391.26357572869796,632.3589141045237
392.09653,626.596137,4.368,4.566,226.57062789812943,389.2908282380655,626.781715368044
390.261973,621.942062,4.252,4.661,227.64372529118523,387.9112737096579,623.0914070045538
388.218094,617.368531,4.181,4.709,228.71400450935093,386.1014829452111,618.9178070687052
385.970514,612.884217,4.24,4.621,229.77794552633048,383.32407167178707,613.6572628030744
383.524851,608.497794,4.298,4.532,230.84188654331,380.5466603983631,608.3967185374437
380.886855,604.21857,4.352,4.483,231.53941974230628,379.0530562241447,605.8161879768522
378.06375,600.063017,4.399,4.482,233.0745273093439,375.97711946848926,600.6972007547047
375.063691,596.052111,4.414,4.52,234.60826108471,373.00436261179823,595.8571107907236
371.894842,592.2069,4.335,4.671,236.067644449084,370.40322595335795,592.021028810766
368.565373,588.548432,4.265,4.814,236.81924943890604,368.2559060371785,589.4066821189044
365.081525,585.09114,4.355,4.832,237.94665692363907,365.0349261629093,585.4851620811123
361.438351,581.811014,4.446,4.849,240.85781893004125,361.1453738120867,581.831866947886
357.626871,578.670193,4.536,4.867,243.05289122882905,358.22577083908016,579.1191353109319
353.638102,575.630795,4.632,4.848,244.9996451368858,353.5710985452537,574.5748631621036
349.46746,572.653474,4.735,4.791,246.45435071372464,349.9477139906969,570.9996839435944
345.224132,569.660996,4.837,4.735,247.74956427047883,347.51423807858737,568.468302625522
341.138478,566.535779,4.915,4.68,250.3199087604818,343.8313540546833,564.3789155221261
337.446745,563.158276,4.796,4.642,252.8699030681903,340.2408456444181,559.9457340429356
334.385149,559.408962,4.941,4.462,253.64931640625008,338.0108827962142,556.4315201259867
332.102527,555.215937,4.801,4.625,254.35244140625005,335.7944864833305,552.8710020222106
330.468481,550.659519,4.645,4.909,255.05556640625005,333.5780901704468,549.3104839184343
329.29695,545.850365,5.054,5.018,255.75869140625,331.36169385756307,545.7499658146583
328.401876,540.899131,5.425,5.131,256.4049800809128,329.5250272920108,541.4665203713189
327.606646,535.910779,5.777,5.247,257.02022914600343,327.99323800034034,536.679407358531
326.841116,530.926107,6.129,5.363,257.63547821109404,326.46144870866993,531.892294345743
326.102267,525.945453,6.117,5.348,258.2507272761847,324.9296594169995,527.1051813329552
325.388133,520.968521,6.087,5.327,258.8659763412753,323.39787012532906,522.3180683201674
324.696749,515.995018,6.057,5.305,259.481225406366,321.86608083365866,517.5309553073794
324.026146,511.024648,6.027,5.284,260.4520943891427,319.9814078512958,511.2082021095973
323.374359,506.057116,5.997,5.263,261.48220655268426,318.9866467207746,507.15419627662834
322.739421,501.092127,5.967,5.241,262.8469969325088,318.04888534613633,501.706877561628
322.119365,496.129388,5.937,5.22,264.2068760526031,317.2930077023676,496.0607777939366
321.512225,491.168602,5.907,5.198,264.8846619288228,316.84297024223247,492.22506212382365
320.916035,486.209475,5.877,5.177,265.6938829359281,316.2347662894565,486.0337923253348
320.328827,481.251712,5.847,5.156,266.112374905997,315.9253482250293,482.84967067071034
319.748636,476.295019,5.817,5.134,266.9493588461348,315.30651209617497,476.4814273614615
319.173494,471.3391,5.787,5.113,267.3678508162037,314.9970940317478,473.29730570683716
318.601435,466.383662,5.757,5.091,268.61623081367486,314.3005601445634,465.93472169068315
318.030493,461.428408,5.727,5.07,269.44435300979666,313.971108357438,462.3011904520303
317.458701,456.473044,5.697,5.049,271.2439500712841,313.5104309337546,457.0517618322589
316.884092,451.517275,5.667,5.027,273.58391258388855,313.05967958384394,451.763252936757
316.30483,446.560823,5.637,5.006,274.98306177560323,312.6390076392976,447.2360464725983
315.720562,441.603592,5.607,4.984,275.9628303305184,312.02677029306585,441.03547933661554
315.131883,436.645605,5.577,4.963,276.6125986667946,311.6177355228666,436.8943040202551
314.539404,431.686884,5.547,4.941,277.5805639938331,311.03287761940845,431.09243849927356
313.943736,426.727455,5.517,4.92,278.3863582962681,310.62883868108594,427.0649604719887
313.345491,421.767341,5.487,4.899,279.4950787957222,310.1860420965728,422.56297587789953
312.745278,416.806565,5.457,4.877,280.6037992951763,309.7432455120596,418.06099128381044
312.143709,411.845153,5.427,4.856,282.2668800443575,309.07905063528983,411.3080143926768
311.541395,406.883127,5.397,4.834,282.81901168355915,308.80314026499354,408.38042688428146
310.938946,401.920513,5.367,4.813,283.9178232347714,308.1179696300604,400.8701342643914
310.336974,396.957333,5.337,4.792,284.46722901037754,307.7753843125938,397.11498795444635
309.736089,391.993611,5.307,4.77,285.0081304902714,307.43449605813674,393.3774608119473
309.136902,387.029372,5.277,4.749,285.5451903981075,306.8614249981424,387.0310031059106
308.540024,382.06464,5.247,4.727,286.3487487767648,306.45112643121354,382.4883126537719
307.946066,377.099438,5.217,4.706,287.68693805317,306.00498683217404,377.55007482893745
307.355639,372.13379,5.187,4.685,288.9524451585859,305.4760704301641,371.63980643105316
306.769353,367.167721,5.157,4.663,289.44829650683266,305.1417059156644,367.8923707652894
306.18782,362.201254,5.127,4.642,290.27240701492315,304.615702283896,362.0254775307188
305.611612,357.234412,5.097,4.62,290.97564491648143,304.2182006621405,357.643647422983
305.040849,352.267212,5.066,4.599,292.02492994876314,303.64231860101495,351.4658398676603
304.475361,347.299663,5.036,4.577,292.7230058590722,303.2636890315538,347.44989818547026
303.91497,342.331776,5.006,4.556,293.42108176938126,302.8850594620926,343.4339565032802
303.359501,337.363562,4.976,4.535,294.34959497660304,302.3247039084604,337.4890341334333
302.808777,332.395032,4.961,4.526,295.131459906674,301.77373181478697,331.6417821314013
302.262623,327.426195,4.957,4.528,295.65002411428503,301.4117691786771,327.6997084003058
301.720861,322.457063,4.953,4.531,296.4275687554093,300.8694278821419,321.7816539204031
301.183316,317.487646,4.949,4.533,296.9459318494922,300.5078670177851,317.8362842671347
300.649812,312.517955,4.945,4.535,297.9565898499742,299.96861439919235,311.8724235235097
300.120172,307.548,4.94,4.537,298.64043615458706,299.60913845228805,307.8882317786537
299.594219,302.577791,4.936,4.539,299.6662056115064,299.0699245319316,301.91194416136966
299.071779,297.60734,4.932,4.542,300.34781003747094,298.7041140835306,297.93834812183303
298.552674,292.636657,4.928,4.544,301.21542427863534,298.15249272731404,291.9829685081866
298.036728,287.665752,4.924,4.546,301.6122149683705,297.78217482000775,288.0171959504833
297.523766,282.694636,4.92,4.548,302.2068897550532,297.22721690726075,282.0704662539663
297.01361,277.723319,4.916,4.55,302.60204536806384,296.8585587038088,278.11086348561776
296.506084,272.751813,4.912,4.553,303.2583731363877,296.3053129141093,272.16331505085003
296.001013,267.780127,4.908,4.555,303.782545179778,295.93613031264226,268.1871896473472
295.49822,262.808272,4.904,4.557,304.5688032448634,295.3823564104418,262.2230015420929
294.997529,257.836259,4.9,4.559,305.0929752882536,295.0131738089748,258.2468761385901
294.498763,252.864098,4.896,4.561,305.8754119742717,294.45898971036036,252.26097489845185
294.001746,247.8918,4.892,4.563,306.3958705174337,294.0894084924647,248.26374932929494
293.506303,242.919376,4.888,4.566,307.1481280819759,293.54681028094615,242.36553508555767
293.012257,237.946835,4.884,4.568,307.5839238240084,293.2025897501077,238.492369243594
292.519431,232.974189,4.88,4.57,308.2369953351967,292.679468027364,232.56365638583242
292.027649,228.001449,4.876,4.572,308.6723763426556,292.3307202122016,228.61118114732471
291.536736,223.028623,4.872,4.574,309.10772136565765,291.7542138329778,222.228743442402
291.046514,218.055724,4.868,4.577,309.32538716837706,291.42349835278117,218.584493228488
290.556808,213.082762,4.863,4.579,309.760718773816,290.76206739238785,211.29599280065995
290.067442,208.109747,4.859,4.581,309.9783845765354,290.4313519121912,207.6517425867459
289.578239,203.136689,4.855,4.583,310.0,290.12513858205864,204.29731926846358
289.089022,198.1636,4.851,4.585,310.0,289.6233956386433,198.81769648560157
288.599616,193.19049,4.847,4.588,310.0,289.15934013029573,193.792215462825
288.109845,188.21737,4.843,4.59,310.0,288.69528462194825,188.76673444004848
287.619532,183.24425,4.839,4.592,311.36332271762194,288.130316424803,182.78642422844877
287.128501,178.27114,4.835,4.594,313.2741507430997,287.649064040809,177.7681344470844
286.636643,173.298048,4.831,4.596,314.1253082292058,287.1835377007359,172.84413703398423
286.143973,168.324974,4.827,4.598,314.2390345397001,286.8662788984013,169.4434113428857
285.650522,163.351918,4.823,4.601,314.4664240941371,286.19958327509346,162.29088108079105
285.156318,158.378879,4.819,4.603,314.58011887135564,285.8662354634396,158.71461594974375
284.661392,153.405857,4.815,4.605,314.8075084257926,285.1995398401318,151.56208568764913
284.165773,148.432851,4.811,4.607,314.9212032030111,284.86619202847794,147.98582055660182
283.669492,143.459862,4.807,4.609,315.2466019592485,284.4231156081548,143.1925664471843
283.172578,138.486889,4.803,4.612,315.9994925130308,283.97080640986917,138.19335951876465
282.675061,133.513932,4.799,4.614,316.75238306681297,283.51849721158356,133.19415259034503
282.176972,128.54099,4.795,4.616,317.5052736205952,283.06618801329796,128.19494566192537
281.678338,123.568063,4.791,4.618,318.2580889498768,282.6093062438522,123.14869896271024
281.179192,118.59515,4.786,4.62,318.82018220426687,282.1135718720348,117.7892935704919
280.679562,113.622252,4.782,4.623,319.1168502479381,281.74963788933985,113.86564901166074
280.179478,108.649367,4.778,4.625,319.453828266024,281.15745504328464,107.49485712774546
279.67897,103.676496,4.774,4.627,319.67843484069,280.767101656456,103.2905895048327
279.178068,98.703639,4.77,4.629,319.9027819599964,280.40207389821666,99.33144228085166
278.676802,93.730794,4.766,4.631,320.239302638956,279.8545322608576,93.39272144488012
278.175202,88.757961,4.762,4.633,320.4636060492492,279.4902466185928,89.4337752419911
277.673297,83.785141,4.758,4.636,320.7993379917649,278.9560965879268,83.49868186519525
277.171117,78.812333,4.754,4.638,321.0231163112272,278.59949178708746,79.54040411755577
276.668692,73.839536,4.75,4.64,321.35822525250785,278.05802413458184,73.58285790642921
276.166053,68.86675,4.746,4.642,321.58131484736833,277.69033320368885,69.613720979409
275.663228,63.893974,4.742,4.644,321.9156478472271,277.13240201301767,63.66245494558324
275.160247,58.92121,4.738,4.647,322.13853651379964,276.76044788590355,59.69494425636608
274.657141,53.948455,4.734,4.649,322.4727063139013,276.2080138769858,53.729509366095044
274.15394,48.97571,4.73,4.651,322.6953105085604,275.84564183405735,49.737301080661545
273.650672,44.002975,4.726,4.653,323.0145983307054,275.30273081389623,43.74865869264021
273.147369,39.030248,4.722,4.655,323.1258237075081,274.9452886317787,39.753936427236596
272.644059,34.05753,4.718,4.658,323.2926617727123,274.40912535860247,33.76185302913116
272.140773,29.084821,4.714,4.66,323.4038123735993,274.04863368781304,29.779581508800376
271.63754,24.112119,4.709,4.662,323.5704971524095,273.50621913549094,23.813021433257234
271.134391,19.139425,4.705,4.664,323.68162033828287,273.1446094339429,19.835314716228467
270.631354,14.166739,4.701,4.666,323.84812178763923,272.58643758725657,13.85200571796868
270.128461,9.194059,4.697,4.668,323.95908303867907,272.2109094738681,9.859504684170446
269.62574,4.221386,4.693,4.671,324.31330022028266,271.6473032608418,3.8639557763962387
269.123222,-0.751281,4.689,4.673,324.5902506912508,271.27149754043137,-0.13455397084011622
268.620926,-5.723942,4.685,4.675,325.00370722349345,270.7110000416875,-6.129810519979728
268.11885,-10.696597,4.681,4.677,325.1877900452376,270.35189645972235,-10.110878999414325
267.616991,-15.669249,4.677,4.679,325.4639142778538,269.81324108677467,-16.08248171856617
267.115344,-20.641896,4.673,4.682,325.64798397182994,269.4518456838446,-20.063006430966496
266.613906,-25.614539,4.67,4.685,325.9239747597963,268.88989379572854,-26.029081721424888
266.112673,-30.58718,4.667,4.689,326.0,268.5138482475713,-30.00991937081085
265.611641,-35.559819,4.664,4.692,326.0,267.9482896551565,-35.98482413394788
265.110806,-40.532456,4.661,4.696,326.0,267.5791260080744,-39.970339528341924
264.610165,-45.505092,4.658,4.7,326.2123853211009,267.0425984007504,-45.95081440827647
264.109713,-50.477728,4.654,4.704,326.4325688073394,266.6886040608491,-49.937848061219
263.609447,-55.450364,4.651,4.708,326.76284403669723,266.1576125509972,-55.918398540632865
263.109363,-60.423,4.648,4.712,326.9830275229358,265.8036182110959,-59.90543219357542
262.609457,-65.395639,4.645,4.716,327.22314726510285,265.24881557680885,-65.88323549560525
262.109725,-70.368279,4.642,4.719,327.3799332410316,264.87657554624934,-69.8679551490954
261.610164,-75.340922,4.639,4.723,327.6151122049248,264.3182155004101,-75.84503462933063
261.110769,-80.313568,4.636,4.727,327.7718981808536,263.94597546985057,-79.8297542828208
260.611537,-85.286218,4.633,4.731,328.00823863654114,263.3880527506045,-85.8060834652087
260.112463,-90.258872,4.63,4.735,328.1907561229908,263.0255011861103,-89.77418113562035
259.613545,-95.231532,4.627,4.739,328.4642643717274,262.4910269200793,-95.73005902150925
259.114777,-100.204197,4.624,4.743,328.6465940017884,262.13503192628104,-99.700772413874
258.616157,-105.176868,4.621,4.746,328.92009444288306,261.59694243770326,-105.67123229590388
258.117681,-110.149547,4.618,4.75,329.0,261.2225127440135,-109.68322287511327
257.619343,-115.122233,4.615,4.754,329.0,260.6570442590954,-115.68717977214072
257.121142,-120.094927,4.612,4.758,329.0,260.28258270704623,-119.68188663270615
256.623073,-125.067629,4.609,4.762,329.0,259.7237163855698,-125.66504372145386
256.125131,-130.040341,4.606,4.766,329.0,259.3511388379188,-129.6538151139524
255.627314,-135.013063,4.603,4.77,329.0,258.79197728967756,-135.64066001851947
255.129617,-139.985796,4.6,4.773,329.0,258.33115527210606,-140.7317344229509
254.632037,-144.958539,4.597,4.777,329.1521591419301,257.8466965368959,-146.15608006252984
254.134569,-149.931295,4.594,4.781,329.2430758076477,257.6021623441269,-148.9007502849167
253.637211,-154.904062,4.591,4.785,329.42490913908284,257.11309395858893,-154.39009072969046
253.139957,-159.876843,4.588,4.789,329.60674247051804,256.624025573051,-159.87943117446423
252.642804,-164.849637,4.585,4.793,329.7885758019532,256.13495718751295,-165.36877161923803
252.145749,-169.822446,4.582,4.797,329.9703796586009,255.65787462515613,-170.72045236777683
251.648787,-174.795269,4.579,4.8,330.361224221726,255.2878344858969,-174.76143928136213
251.151915,-179.768107,4.576,4.804,330.90165318721733,254.82086448317523,-179.84318122174778
250.655128,-184.740962,4.573,4.808,331.13663992490365,254.32040920324434,-185.16605495632422
250.158424,-189.713833,4.57,4.812,331.2618904349487,253.90065979677175,-189.618824921341
249.661797,-194.686721,4.567,4.816,331.34526385604147,253.44103134400876,-194.5342958745009
249.165245,-199.659627,4.564,4.82,331.4286372771342,252.98140289124575,-199.44976682766088
248.668763,-204.632552,4.561,4.824,331.51201069822696,252.52177443848274,-204.36523778082085
248.172347,-209.605495,4.558,4.827,331.5953841193197,252.06214598571972,-209.28070873398082
247.675995,-214.578459,4.555,4.831,331.67875754041245,251.6025175329567,-214.19617968714078
247.179701,-219.551442,4.552,4.835,331.76213096150525,251.1428890801937,-219.11165064030064
246.683462,-224.524446,4.549,4.839,331.845504382598,250.68326062743068,-224.02712159346055
246.187274,-229.497472,4.546,4.843,331.9705767986645,250.06453012591703,-230.69067242586408
245.691134,-234.47052,4.543,4.847,332.0,249.6186313604482,-235.58218647039547
245.195037,-239.44359,4.54,4.851,332.0,249.2090962269328,-240.09721862598053
244.69898,-244.416684,4.537,4.854,332.0,248.7995610934173,-244.6122507815657
244.202958,-249.389801,4.534,4.858,332.0,248.3709472181551,-249.24995151310594
243.706969,-254.362943,4.531,4.862,332.0,247.78887206304185,-255.50164181935554
243.211007,-259.33611,4.528,4.866,332.0,247.45330425687817,-259.0513511240518
242.71507,-264.309303,4.525,4.87,332.0,246.88288086811662,-265.0255982835753
242.219153,-269.282522,4.522,4.874,332.0,246.5025986089422,-269.0084297232575
241.723253,-274.255768,4.519,4.878,332.0,245.93217522018062,-274.98267688278105
241.227365,-279.229042,4.516,4.881,332.0,245.55245951822445,-278.9668037223658
240.731487,-284.202343,4.513,4.885,332.0,244.99504809699113,-284.9708019836771
240.235613,-289.175673,4.51,4.889,332.0,244.62344048283563,-288.9734674912179
239.739741,-294.149033,4.507,4.893,331.8337639421153,244.03434226545022,-294.97959148276453
239.243865,-299.122423,4.504,4.897,331.67838208436564,243.62855665978614,-298.9769575665916
238.747984,-304.095843,4.501,4.901,331.4453092977411,243.01987825129007,-304.9730066923322
238.252092,-309.069294,4.498,4.905,331.2899274399914,242.614092645626,-308.97037277615937
237.756185,-314.042777,4.495,4.908,331.0568546533669,242.0054142371299,-314.9664219019
237.260261,-319.016292,4.492,4.912,331.0,241.6213106287078,-318.6860996868737
236.764315,-323.989841,4.489,4.916,331.0,241.06295303595584,-323.99487892087495
236.268343,-328.963422,4.486,4.92,331.0,240.50459544320387,-329.3036581548762
235.772341,-333.937038,4.483,4.924,331.0,239.89543718692101,-334.50601680889275
235.276306,-338.910689,4.48,4.928,331.0,239.50199390807538,-337.72459970434215
234.780234,-343.884375,4.477,4.932,331.0,238.6066592761473,-344.9144081122497
234.284121,-348.858098,4.474,4.935,331.0,238.15899196018324,-348.5093123162034
233.787963,-353.831857,4.471,4.939,331.0,237.26365732825514,-355.6991207241109
233.291756,-358.805653,4.468,4.943,331.0,236.81599001229105,-359.29402492806474
232.795229,-363.779447,4.465,4.947,331.0,236.03377776591822,-365.53788912090744
232.296302,-368.752937,4.462,4.951,324.616701231083,235.36892362060433,-369.4783442114426
231.792136,-373.725708,4.459,4.955,315.7488702270422,234.5047591874433,-374.48015655603035
231.279893,-378.697345,4.456,4.959,306.88103922300127,233.6405947542823,-379.4819689006181
230.756735,-383.667434,4.453,4.963,300.1798492634503,232.86281634245364,-383.6732993966629
230.219821,-388.635559,4.45,4.966,295.4278962332652,231.61122135920556,-388.955138077221
229.666313,-393.601308,4.447,4.97,290.56205468449747,230.34001322291473,-394.30362481715287
229.093371,-398.564264,4.444,4.974,287.3510503345853,229.57041257252504,-397.4332060998865
228.498157,-403.524014,4.441,4.978,280.9290416347609,228.03121127174563,-403.6923686653537
227.874499,-408.479233,4.475,4.991,277.7180372848487,227.26161062135594,-406.8219499480873
227.170778,-413.416195,4.515,5.007,271.2960285850244,225.72240932057656,-413.08111251355444
226.302512,-418.312204,4.586,5.004,266.0511583011576,224.53700734669462,-417.4574363305427
225.184492,-423.144367,4.817,4.907,261.88127413127336,223.10517263668277,-422.19634943524534
223.731505,-427.889788,4.95,4.947,257.0632328308202,221.33528016890426,-426.99953223399234
221.871206,-432.525528,4.939,5.187,252.0381072026796,219.31010968757226,-430.9659551006903
219.619586,-437.028325,5.139,5.107,245.58507571468812,217.14070225958045,-434.97339930898477
217.02973,-441.374783,5.29,5.06,238.85994484041225,214.28574371223903,-440.0632201200632
214.154855,-445.541505,5.285,5.128,234.37652425756167,212.38243801401137,-443.4564339941155
211.047603,-449.505391,5.281,5.196,230.65650040723904,209.15641303111562,-448.31097344989496
207.741155,-453.253423,5.197,5.342,229.268873717086,206.789915297873,-451.31460518824133
204.244875,-456.784924,5.108,5.493,227.1729500432196,202.94153339012752,-455.6557949098227
200.566673,-460.099969,4.928,5.578,225.7671417665388,200.20015308582433,-458.4532306057978
196.714461,-463.19863,4.742,5.657,223.11412902778636,195.8304720702425,-462.337951856911
192.696149,-466.080984,4.84,5.595,221.12869191527844,192.71918057402473,-464.6950136401332
188.519648,-468.747104,4.988,5.507,218.79765316651037,187.79681849076533,-468.1891047150806
184.192869,-471.197066,5.137,5.42,218.32356010336255,183.38936772229863,-470.2797266138051
179.723724,-473.430943,5.209,5.373,217.84943722745967,178.96381181427932,-472.3659607919967
175.120156,-475.448725,5.271,5.332,217.37531435155677,174.53825590626005,-474.4521949701883
170.395519,-477.236854,5.324,5.281,217.1143068894249,170.2291311799913,-476.4036102500472
165.574466,-478.753461,5.357,5.207,217.9330064351201,165.49392851168528,-477.69532172268134
160.683066,-479.953127,5.369,5.157,218.750916187459,160.96716306640386,-478.817312285905
155.74739,-480.790433,5.136,5.396,219.8502567739413,156.21177038276812,-479.5548261994426
150.79223,-481.227957,4.903,5.636,221.05870822025864,150.17449675534917,-479.80007160117384
145.833603,-481.283146,4.786,5.759,221.8642472677135,146.14167868888734,-479.96138432383225
140.883849,-480.996477,4.863,5.688,223.13658008658012,140.06876604574475,-480.066335810669
135.95529,-480.408507,4.94,5.618,224.69502164502168,136.09380207023787,-479.41237070856425
131.060158,-479.55942,5.127,5.574,226.2534632034632,132.11883809473096,-478.7584056064595
126.207525,-478.476869,5.338,5.534,228.5911255411255,126.15639213147064,-477.77745795330236
121.402618,-477.173268,5.401,5.479,230.149567099567,122.18142815596374,-477.1234928511976
116.650433,-475.660108,5.401,5.416,232.18608910928015,116.47557864510723,-475.67586314255175
111.955967,-473.94888,5.401,5.353,233.42701993125556,112.70939531547549,-474.46096529428337
107.324215,-472.051077,5.368,5.331,235.28816678744263,107.01920998735284,-472.610225448076
102.760174,-469.978188,5.291,5.364,235.8970957437434,103.24355952717889,-470.6892804771104
98.26884,-467.741706,5.219,5.395,236.50602470004412,99.46790906700491,-468.7683355061446
93.855208,-465.353122,5.21,5.417,237.72388261264567,91.916608146657,-464.9264455642133
89.524269,-462.823913,5.201,5.438,238.33281156894645,88.14095768648303,-463.0055005932476
85.280258,-460.163151,5.155,5.482,238.9417405252472,84.36530722630907,-461.08455562228187
81.125822,-457.374886,5.101,5.53,239.54376493206604,80.95904865642372,-459.2248413557671
77.063411,-454.462539,5.047,5.578,241.0110415175376,75.90487856615981,-455.342780853073
73.095476,-451.429532,5.024,5.591,242.3639405869721,72.58747368520213,-452.03296802896136
69.224466,-448.279285,5.096,5.498,243.71683965640665,69.27006880424445,-448.72315520484983
65.452833,-445.015219,5.168,5.405,245.06973872584112,65.95266392328676,-445.4133423807382
61.783026,-441.640756,5.24,5.313,246.87360415175385,61.52945741534319,-441.00025861525603
58.217496,-438.159317,5.252,5.305,248.22650322118832,58.212052534385506,-437.6904457911444
54.758656,-434.574333,5.255,5.309,249.5794022906228,54.894647653427825,-434.38063296703274
51.407704,-430.889554,5.259,5.313,250.93230136005732,51.57724277247014,-431.0708201429211
48.164342,-427.109128,5.157,5.419,252.28520042949185,48.25983789151246,-427.76100731880945
45.028178,-423.237223,5.049,5.53,254.091734168941,43.850334404488095,-423.27409323035204
41.998824,-419.278011,4.941,5.64,255.01883661664723,41.55416785071864,-420.03530620649246
39.075889,-415.235662,4.906,5.632,256.4093044595924,38.08749926391434,-415.14855651184064
36.258983,-411.114344,4.886,5.6,257.33628302155586,35.776386872711484,-411.8907233820728
33.547717,-406.91823,4.866,5.567,258.7141914457382,32.58994544089104,-406.8448050023733
30.9417,-402.651488,4.846,5.535,259.6318068279055,30.487745363660082,-403.4683099309849
28.440543,-398.318288,4.826,5.503,261.04880983665,27.520637362972565,-398.3291907244413
26.043855,-393.922802,4.817,5.468,261.9944953690352,25.72567242515497,-394.78883197394987
23.751248,-389.469198,4.879,5.419,263.4103729312894,23.074432754126164,-389.4495298586836
21.562329,-384.961648,4.941,5.369,264.35429130612545,21.306939640106975,-385.88999511517267
19.476711,-380.404321,5.003,5.319,265.7650061373638,18.756645087221386,-380.49500553813647
17.494002,-375.801387,5.064,5.27,266.70208652633846,17.12285277778028,-376.8617133056009
15.613813,-371.157016,5.111,5.231,267.6989038004296,14.818907207532277,-371.3313305962963
13.835755,-366.475379,5.152,5.197,268.2881608736462,13.439295234823078,-367.57975417928
12.159436,-361.760645,5.193,5.163,269.1720464834711,11.36987727575925,-361.95238955375555
10.584433,-357.016952,5.234,5.128,269.7613035566877,9.990265303050023,-358.2008131367393
9.109108,-352.247256,5.222,5.134,270.641520212935,8.112914186058248,-352.6822655700564
7.730328,-347.453062,5.175,5.166,271.7048761389848,6.3612084661154995,-346.950971230615
6.444866,-342.635781,5.128,5.197,272.498419755698,5.221992431299583,-343.01594463000714
5.249496,-337.796826,5.082,5.229,273.29158804487184,4.082503355888093,-339.0293444446282
4.140991,-332.93761,5.035,5.261,274.0821850326581,2.9509027345997936,-334.3865958277594
3.116125,-328.059546,4.965,5.364,274.89001060963955,1.9180011395311283,-329.4374529147104
2.17167,-323.164046,4.892,5.475,275.69783618662103,0.885099544462463,-324.48831000166143
1.304401,-318.252524,4.82,5.587,276.50566176360246,-0.14780205060620233,-319.5391670886125
0.51109,-313.326391,4.864,5.554,277.31348734058395,-1.1807036456748676,-314.59002417556354
-0.211488,-308.38706,4.92,5.508,278.1213129175654,-2.2136052407435045,-309.6408812625146
-0.866561,-303.435944,4.975,5.462,279.3374518712597,-3.179611681452826,-304.04076702607193
-1.457355,-298.474456,5.031,5.415,281.01741970052115,-3.9346479118747766,-298.023192174879
-1.987097,-293.504008,5.052,5.383,282.27739557246724,-4.500925084691232,-293.5100110364843
-2.459013,-288.526014,5.064,5.355,283.53737144441334,-5.067202257507688,-288.99682989808963
-2.87633,-283.541884,5.077,5.326,284.79734731635943,-5.633479430324172,-284.4836487596949
-3.242275,-278.553034,5.097,5.304,285.90047400204685,-6.105122099241896,-278.54326588550015
-3.560073,-273.560874,5.118,5.283,286.6168732080952,-6.417334607050776,-274.5158692692436
-3.832953,-268.566818,5.138,5.263,287.68809991816386,-6.821474615356067,-268.4897282470896
-4.064175,-263.572039,5.169,5.233,288.4001485095641,-7.050884979943845,-264.48162485621503
-4.257137,-258.576793,5.231,5.175,289.48731423636053,-7.352677191452386,-258.49479479528776
-4.415269,-253.581115,5.294,5.116,290.228398300527,-7.517724262199863,-254.52520448557675
-4.542002,-248.585043,5.356,5.058,291.3367307557409,-7.697613967975343,-248.5474908811397
-4.640765,-243.588612,5.397,5.053,292.0313439519755,-7.808408497713856,-244.55962200859136
-4.714989,-238.591859,5.421,5.091,292.4922216665239,-7.927200794632313,-238.56704143933007
-4.768104,-233.59482,5.445,5.129,292.79826333882386,-7.9778334901994015,-234.57994820035736
-4.803539,-228.597531,5.469,5.167,293.2567875104761,-8.041076483282865,-228.6028496059024
-4.824724,-223.600028,5.493,5.205,293.56247029157754,-8.08323847867183,-224.61811720959912
-4.835091,-218.602349,5.517,5.243,294.05203230106144,-8.143680146961117,-218.63912399894178
-4.838068,-213.604529,5.541,5.282,295.1878048718768,-8.14177918833434,-212.6179234504246
-4.837086,-208.606603,5.565,5.32,295.94039837088496,-8.111447550264245,-208.58381558710016
-4.835575,-203.60861,5.589,5.358,296.6929918698932,-8.081115912194122,-204.54970772377578
-4.836965,-198.610585,5.613,5.396,297.8205536216954,-8.026800919464733,-198.5167227687013
-4.844686,-193.612563,5.637,5.434,298.56904543993096,-7.969245490730913,-194.53873517591342
-4.862167,-188.614583,5.661,5.472,299.4917557013964,-7.877951811536576,-188.56395768620985
-4.892841,-183.616679,5.685,5.51,300.2871956842776,-7.781663187319822,-182.59203849153516
-4.940135,-178.618888,5.709,5.548,300.81654584347035,-7.716795609757753,-178.6134937343943
-5.006192,-173.621238,5.733,5.586,301.61057108225947,-7.619494243414607,-172.64567659868288
-5.088145,-168.623723,5.757,5.624,302.13992124145227,-7.554626665852567,-168.66713184154196
-5.181915,-163.626331,5.781,5.662,302.93156098048735,-7.420363177479743,-163.16093383486714
-5.283417,-158.629048,5.805,5.7,303.6438307889993,-7.250257548700091,-157.8706837861066
-5.388572,-153.631861,5.829,5.738,304.11368500355394,-7.134853573225058,-154.35420904993595
-5.493297,-148.634757,5.842,5.769,304.8184663253859,-6.961747610012452,-149.07949694568
-5.59351,-143.637722,5.783,5.746,305.43511856771033,-6.762118880884714,-143.20197223248945
-5.685131,-138.640744,5.723,5.723,305.8260655556076,-6.624400906036783,-139.19809916929424
-5.764076,-133.643809,5.663,5.7,306.4124860374536,-6.4178239437648585,-133.19228957450142
-5.826657,-128.646903,5.603,5.677,306.8034330253509,-6.280105968916899,-129.18841651130623
-5.872012,-123.650002,5.543,5.654,307.3486918630087,-6.014840184995933,-123.17284028938445
-5.900523,-118.653081,5.484,5.631,307.698489617238,-5.819306657951472,-119.03504494077487
-5.912576,-113.656113,5.424,5.608,308.0464235354534,-5.557271362035777,-113.7791821602541
-5.90856,-108.659072,5.364,5.585,308.3943574536688,-5.295236066120111,-108.52331937973338
-5.88886,-103.66193,5.304,5.562,308.74229137188416,-5.033200770204417,-103.26745659921261
-5.853864,-98.664662,5.311,5.577,309.0902252900996,-4.771165474288779,-98.01159381869192
-5.80396,-93.667241,5.322,5.593,309.43815920831497,-4.509130178373113,-92.75573103817118
-5.739533,-88.66964,5.332,5.61,309.7860931265304,-4.247094882457418,-87.4998682576504
-5.660441,-83.671891,5.343,5.626,309.960060085638,-4.116077234499556,-84.87193686739005
-5.564457,-78.674251,5.354,5.643,310.4352882268459,-3.79486674495368,-79.29700317288632
-5.448835,-73.677031,5.364,5.66,311.06262496476967,-3.411006682235751,-73.33437686533466
-5.310834,-68.680547,5.375,5.676,311.5331275182125,-3.1231116351973185,-68.86240713467089
-5.147709,-63.68511,5.386,5.693,312.0036300716554,-2.835216588158886,-64.39043740400717
-4.956716,-58.691033,5.405,5.695,312.6309668095792,-2.451356525440957,-58.427811096455486
-4.735114,-53.69863,5.443,5.668,312.9440632090501,-2.1945833785732702,-54.78585904563752
-4.480158,-48.708213,5.481,5.64,313.1684375358201,-1.749115679930128,-48.55571278399117
-4.189105,-43.720095,5.519,5.613,313.2959143065044,-1.4473392960522347,-44.339625561943365
-3.859838,-38.734536,5.556,5.586,313.4871182081524,-0.9940694049074921,-38.016419462312
-3.494838,-33.751409,5.594,5.558,313.61451385281873,-0.6879296683885627,-33.80699808517667
-3.098632,-28.770413,5.627,5.554,313.741806510278,-0.3712090814561009,-29.523990683308767
-2.675757,-23.791245,5.646,5.617,313.93271396168643,0.10711166538305861,-23.076947469882754
-2.230749,-18.813605,5.664,5.68,314.0673538683696,0.4307860833655752,-18.765606226902108
-1.768145,-13.83719,5.683,5.743,314.2102587902089,0.7598378571229034,-14.43933238332174
-1.292482,-8.8617,5.702,5.806,314.3531637120482,1.0888896308801748,-10.113058539741402
-0.808296,-3.886832,5.72,5.869,314.5675210948071,1.5824672915161102,-3.623647774370866
