Distance,X,Y,Speed
0.0,,,
2.0,-1371.5277680310946,-651.4357337114401,321.7456093934693
4.0,-1369.384601610388,-626.2968101334635,321.8467231641178
6.0,-1367.2414351896814,-601.1578865554868,321.9478369347663
8.0,-1365.0982687689748,-576.0189629775102,322.0489507054148
10.0,-1362.9551023482682,-550.8800393995336,322.15006447606333
12.0,-1360.8119359275615,-525.7411158215571,322.25117824671185
14.0,-1358.668769506855,-500.6021922435804,322.35229201736036
16.0,-1356.5256030861483,-475.4632686656038,322.45340578800887
18.0,-1354.382436665442,-450.3243450876272,322.5545195586574
20.0,-1352.2392702447353,-425.1854215096506,322.6556333293059
22.0,-1350.0961038240287,-400.04649793167397,322.7567470999544
24.0,-1347.952937403322,-374.9075743536974,322.8578608706029
26.0,-1345.8757388728977,-350.57834348876696,322.9589327140599
28.0,-1344.695849743986,-337.2697593576058,323.243607819228
30.0,-1343.667663286971,-325.82802828348605,323.6551461342072
32.0,-1342.639476829956,-314.3862972093664,324.0666844491864
34.0,-1341.611290372941,-302.94456613524665,324.4782227641657
36.0,-1340.5831039159261,-291.502835061127,324.88976107914493
38.0,-1339.5549174589112,-280.06110398700724,325.30129939412416
40.0,-1338.5267310018962,-268.61937291288757,325.7128377091034
42.0,-1337.445543099299,-256.5789494263625,326.0370793101103
44.0,-1336.241984212049,-243.1562508111957,326.15976820385754
46.0,-1335.0384253247987,-229.7335521960289,326.2824570976048
48.0,-1333.8348664375485,-216.3108535808621,326.405145991352
50.0,-1332.4620788866275,-200.9147674049749,326.52771066616924
52.0,-1330.7060902918986,-181.05014642710202,326.6499940598925
54.0,-1328.9501016971694,-161.18552544922915,326.7722774536157
56.0,-1327.1941131024403,-141.32090447135624,326.89456084733894
58.0,-1325.4381245077113,-121.45628349348337,327.01684424106213
60.0,-1323.6821359129822,-101.59166251561048,327.1391276347854
62.0,-1321.926147318253,-81.7270415377376,327.26141102850863
64.0,-1320.1701587235239,-61.86242055986472,327.3836944222318
66.0,-1318.414170128795,-41.99779958199184,327.5059778159551
68.0,-1316.6557561709492,-22.18781475268716,327.6281714426804
70.0,-1314.8873080095336,-2.603870400880929,327.7499936857047
72.0,-1313.118859848118,16.980073950925295,327.8718159287289
74.0,-1311.3504116867027,36.564018302731526,327.99363817175316
76.0,-1309.5584526251755,56.362080962461384,328.14085795884364
78.0,-1307.765198121321,76.17194146565245,328.2894771416798
80.0,-1305.9719436174666,95.98180196884351,328.43809632451604
82.0,-1304.178689113612,115.79166247203459,328.5867155073522
84.0,-1302.3854346097576,135.60152297522566,328.73533469018844
86.0,-1300.5921801059033,155.41138347841672,328.8839538730246
88.0,-1298.7594133039631,175.79408756099343,329.03252084537917
90.0,-1296.6137737763495,200.71277514114746,329.1806743961789
92.0,-1294.4681342487356,225.6314627213015,329.32882794697866
94.0,-1292.3224947211218,250.55015030145552,329.4769814977784
96.0,-1290.1768551935081,275.46883788160955,329.6251350485782
98.0,-1288.0312156658943,300.3875254617636,329.77328859937796
100.0,-1285.8855761382804,325.3062130419176,329.9214421501777
102.0,-1283.7399366106667,350.22490062207163,330.0695957009775
104.0,-1281.5942970830529,375.14358820222566,330.21774925177726
106.0,-1279.448657555439,400.0622757823797,330.365902802577
108.0,-1277.3030180278251,424.9809633625337,330.51405635337676
110.0,-1275.1573785002115,449.89965094268774,330.66220990417656
112.0,-1273.0117389725976,474.81833852284177,330.8103634549763
114.0,-1270.8660994449838,499.7370261029958,330.95851700577606
116.0,-1268.9016556469567,522.7911030085619,331.0
118.0,-1267.0076768548797,545.1200535406772,331.0
120.0,-1265.22831436449,566.1380959963575,331.0
122.0,-1263.579264343875,585.66570762699,331.0
124.0,-1261.9302143232599,605.1933192576225,331.0
126.0,-1260.2811643026448,624.720930888255,331.0
128.0,-1258.6321142820295,644.2485425188875,331.0
130.0,-1257.1203697425472,662.0526839363368,331.0554617117117
132.0,-1255.8058711480421,677.3809772810409,331.19059684684686
134.0,-1254.491372553537,692.709270625745,331.32573198198196
136.0,-1253.1768739590318,708.0375639704491,331.4608671171171
138.0,-1251.8623753645268,723.3658573151532,331.5960022522523
140.0,-1250.5478767700217,738.6941506598573,331.7311373873874
142.0,-1249.2333781755167,754.0224440045615,331.86627252252254
144.0,-1247.9188795810114,769.3507373492656,332.00140765765764
146.0,-1246.6043809865064,784.6790306939697,332.1365427927928
148.0,-1245.2898823920013,800.0073240386738,332.27167792792795
150.0,-1243.9753837974963,815.3356173833779,332.40681306306305
152.0,-1242.660885202991,830.663910728082,332.5419481981982
154.0,-1241.346386608486,845.9922040727861,332.6770833333333
156.0,-1240.031888013981,861.3204974174903,332.8122184684685
158.0,-1238.717389419476,876.6487907621944,332.94735360360363
160.0,-1237.2385462953032,893.3077799206148,333.0728594802772
162.0,-1235.609194000662,911.2988659927172,333.1921858733629
164.0,-1233.8161532592194,931.0223141485861,333.31139081913506
166.0,-1232.0231125177768,950.7457623044551,333.43059576490714
168.0,-1230.2300717763342,970.4692104603239,333.5498007106793
170.0,-1228.4370310348916,990.1926586161928,333.6690056564514
172.0,-1226.643990293449,1009.9161067720618,333.78821060222356
174.0,-1224.441702149626,1035.2670960894072,333.9072560759708
176.0,-1222.0100495290633,1063.772065190933,334.02621217293193
178.0,-1219.5783969085003,1092.2770342924587,334.1451682698931
180.0,-1217.1467442879375,1120.7820033939845,334.2641243668542
182.0,-1214.7150916673745,1149.28697249551,334.38308046381536
184.0,-1212.2834390468117,1177.791941597036,334.50203656077656
186.0,-1209.8517864262487,1206.2969106985615,334.6209926577377
188.0,-1207.420133805686,1234.8018798000874,334.73994875469884
190.0,-1204.988481185123,1263.306848901613,334.85890485166
192.0,-1202.55682856456,1291.8118180031388,334.9778609486211
194.0,-1200.5819274564674,1315.2932161851002,335.06234758918697
196.0,-1198.711471233479,1337.6258797199262,335.1389521356283
198.0,-1196.8410150104903,1359.9585432547522,335.21555668206963
200.0,-1195.4742036616046,1376.2613053109362,335.29210699113565
202.0,-1194.5188513585922,1387.6378631373427,335.36861299029243
204.0,-1193.5634990555795,1399.0144209637494,335.44511898944916
206.0,-1192.608146752567,1410.3909787901562,335.52162498860594
208.0,-1191.6527944495547,1421.767536616563,335.5981309877627
210.0,-1190.697442146542,1433.1440944429694,335.67463698691944
212.0,-1189.7420898435296,1444.5206522693761,335.7511429860762
214.0,-1188.7867375405172,1455.8972100957828,335.82764898523294
216.0,-1187.8313852375045,1467.2737679221896,335.9041549843897
218.0,-1186.876032934492,1478.650325748596,335.9806609835465
220.0,-1185.7637324016353,1491.3681329977837,336.08031502620753
222.0,-1184.4015673558645,1506.5980022536114,336.18774988757843
224.0,-1182.6652569964501,1525.7416431907338,336.2950898066254
226.0,-1180.9289466370358,1544.8852841278563,336.40242972567233
228.0,-1179.1926362776217,1564.0289250649787,336.5097696447193
230.0,-1177.4563259182073,1583.1725660021011,336.61710956376623
232.0,-1175.720015558793,1602.3162069392235,336.7244494828132
234.0,-1173.9837051993788,1621.459847876346,336.8317894018602
236.0,-1172.2473948399645,1640.6034888134686,336.9391293209071
238.0,-1170.4694406728179,1660.5840434262277,337.03844718765066
240.0,-1168.6369367248012,1681.6608824591422,337.1272568607609
242.0,-1166.8044327767848,1702.7377214920566,337.2160665338711
244.0,-1164.9719288287681,1723.814560524971,337.3048762069814
246.0,-1163.1394248807517,1744.8913995578855,337.39368588009165
248.0,-1161.306920932735,1765.9682385908,337.4824955532019
250.0,-1159.5420543114517,1786.6479968254282,337.57127502714155
252.0,-1157.9453754655947,1806.3403692576644,337.65997940746695
254.0,-1156.348696619738,1826.0327416899006,337.74868378779234
256.0,-1154.7520177738809,1845.7251141221368,337.83738816811774
258.0,-1152.9466536095665,1867.692486332401,337.9260732066319
260.0,-1150.8461199667345,1892.7964728469094,338.0110412247708
262.0,-1148.1970767116197,1923.4728624650686,338.0774546068506
264.0,-1145.5480334565052,1954.1492520832278,338.1438679889305
266.0,-1142.8989902013907,1984.825641701387,338.21028137101035
268.0,-1140.2499469462762,2015.5020313195462,338.2766947530902
270.0,-1137.6009036911616,2046.1784209377051,338.3431081351701
272.0,-1134.9518604360471,2076.8548105558643,338.4095215172499
274.0,-1132.3028171809326,2107.5312001740235,338.4759348993298
276.0,-1129.6537739258179,2138.2075897921827,338.54234828140966
278.0,-1127.0047306707033,2168.883979410342,338.60876166348953
280.0,-1124.3556874155888,2199.560369028501,338.67517504556935
282.0,-1121.7066441604743,2230.2367586466603,338.7415884276492
284.0,-1119.3616720148684,2257.3266695708694,338.8079331662581
286.0,-1117.5673595487585,2277.921622091037,338.8741535944984
288.0,-1115.7730470826486,2298.5165746112043,338.94037402273864
290.0,-1114.0742304935736,2318.0092206123936,339.01501885211565
292.0,-1113.2388724412037,2327.534986331106,339.1658357771261
294.0,-1112.4035143888339,2337.0607520498193,339.3166527021366
296.0,-1111.568156336464,2346.586517768532,339.46746962714707
298.0,-1110.732798284094,2356.1122834872444,339.61828655215754
300.0,-1109.8974402317242,2365.6380492059575,339.769103477168
302.0,-1109.0620821793545,2375.16381492467,339.9199204021785
304.0,-1108.2267241269847,2384.689580643383,340.07073732718897
306.0,-1107.3913660746148,2394.2153463620957,340.22155425219944
308.0,-1106.556008022245,2403.7411120808083,340.3723711772099
310.0,-1105.720649969875,2413.2668777995214,340.5231881022204
312.0,-1104.8852919175051,2422.792643518234,340.67400502723086
314.0,-1104.0499338651352,2432.3184092369465,340.82482195224134
316.0,-1103.2145758127654,2441.8441749556596,340.9756388772518
318.0,-1102.0647506730481,2454.9797875127556,341.0630809589391
320.0,-1100.8543449100766,2468.8108202906633,341.13831417152176
322.0,-1099.6439391471054,2482.6418530685705,341.2135473841044
324.0,-1098.2080043382007,2499.1574498395557,341.28875178764173
326.0,-1096.5156961130729,2518.724763692596,341.3639234420786
328.0,-1094.823387887945,2538.2920775456364,341.4390950965155
330.0,-1093.1310796628172,2557.8593913986765,341.5142667509524
332.0,-1091.4387714376894,2577.4267052517166,341.5894384053893
334.0,-1089.7464632125616,2596.9940191047567,341.66461005982615
336.0,-1088.0541549874338,2616.561332957797,341.7397817142631
338.0,-1086.361846762306,2636.128646810837,341.81495336869995
340.0,-1084.6695385371781,2655.695960663877,341.8901250231368
342.0,-1082.9771654103358,2675.272309401027,341.96529694712746
344.0,-1081.304655023764,2695.376410788076,342.0
346.0,-1079.6532478893553,2715.365050694906,342.0
348.0,-1078.0018407549464,2735.353690601736,342.0
350.0,-1076.3504336205376,2755.3423305085657,342.0
352.0,-1074.699026486129,2775.3309704153958,342.0
354.0,-1073.0476193517202,2795.3196103222253,342.0
356.0,-1071.3293437160612,2815.7755013028286,342.0
358.0,-1069.495045964787,2837.0421096928126,342.0
360.0,-1067.660748213513,2858.3087180827965,342.0
362.0,-1065.826450462239,2879.57532647278,342.0
364.0,-1063.992152710965,2900.841934862764,342.0
366.0,-1062.157854959691,2922.108543252748,342.0
368.0,-1060.3235572084168,2943.3751516427315,342.0
370.0,-1058.4892594571427,2964.6417600327154,342.0
372.0,-1056.6549617058686,2985.908368422699,342.0
374.0,-1054.7632351310986,3007.71075432034,342.02181718278973
376.0,-1052.7315686308164,3030.8186982974985,342.09679747686414
378.0,-1050.6999021305344,3053.9266422746573,342.1717777709386
380.0,-1048.6682356302524,3077.0345862518157,342.246758065013
382.0,-1046.6365691299702,3100.1425302289745,342.3217383590875
384.0,-1044.6049026296882,3123.250474206133,342.39671865316194
386.0,-1042.5732361294063,3146.3584181832916,342.47169894723635
388.0,-1040.5415696291243,3169.46636216045,342.5466792413108
390.0,-1038.4801081190483,3192.9563019026205,342.62165252030195
392.0,-1036.324928234298,3217.6477858791063,342.69660373377906
394.0,-1034.1697483495477,3242.339269855592,342.77155494725616
396.0,-1032.0145684647975,3267.0307538320785,342.8465061607333
398.0,-1029.8593885800474,3291.7222378085644,342.92145737421043
400.0,-1027.7042086952972,3316.4137217850503,342.99640858768754
402.0,-1025.4941433470544,3341.940673766382,343.0
404.0,-1023.2813157107146,3367.5096733715905,343.0
406.0,-1021.0684880743746,3393.0786729767983,343.0
408.0,-1018.8556604380348,3418.6476725820066,343.0
410.0,-1016.6428328016949,3444.216672187215,343.0
412.0,-1014.430005165355,3469.785671792423,343.0
414.0,-1012.2171775290152,3495.354671397631,343.0
416.0,-1010.0043498926754,3520.923671002839,343.0
418.0,-1007.7915222563354,3546.4926706080473,343.0
420.0,-1005.6759503274226,3571.0880601083245,343.04101581257135
422.0,-1003.6691971741534,3594.5940836230375,343.127923949862
424.0,-1001.6624440208843,3618.1001071377505,343.21483208715273
426.0,-999.6556908676152,3641.6061306524634,343.3017402244434
428.0,-997.6863087359211,3664.7303024109738,343.38863142094584
430.0,-995.8931769782029,3686.053573043494,343.475442720776
432.0,-994.1000452204846,3707.376843676014,343.56225402060625
434.0,-992.3069134627664,3728.7001143085336,343.6490653204364
436.0,-990.5137817050481,3750.0233849410533,343.7358766202666
438.0,-988.7206499473298,3771.3466555735736,343.8226879200968
440.0,-986.9275181896115,3792.6699262060934,343.909499219927
442.0,-985.1343864318933,3813.993196838613,343.99631051975723
444.0,-983.6099869757692,3832.4007120185374,344.0
446.0,-982.0975155852511,3850.6788072436466,344.0
448.0,-980.585044194733,3868.9569024687557,344.0
450.0,-979.0725728042149,3887.2349976938654,344.0
452.0,-977.5601014136969,3905.5130929189745,344.0
454.0,-976.0476300231787,3923.7911881440837,344.0
456.0,-974.5351586326607,3942.069283369193,344.0
458.0,-973.1162385637203,3959.1045031343688,344.02043202466444
460.0,-971.9026001436368,3973.4124549204726,344.08569847434677
462.0,-970.6889617235533,3987.7204067065763,344.15096492402904
464.0,-969.47532330347,4002.02835849268,344.21623137371137
466.0,-968.2616848833865,4016.3363102787835,344.2814978233937
468.0,-967.048046463303,4030.6442620648872,344.34676427307596
470.0,-965.8794053813572,4044.3399741875887,344.4120195139425
472.0,-964.995556520061,4054.1607661366415,344.47720381320056
474.0,-964.1117076587648,4063.9815580856944,344.54238811245864
476.0,-963.2278587974686,4073.802350034747,344.60757241171666
478.0,-962.3440099361724,4083.6231419838,344.67275671097474
480.0,-961.4601610748762,4093.443933932853,344.7379410102328
482.0,-960.57631221358,4103.264725881906,344.80312530949084
484.0,-959.6924633522838,4113.085517830958,344.8683096087489
486.0,-958.8086144909875,4122.906309780012,344.933493908007
488.0,-957.9247656296913,4132.727101729064,344.9986782072651
490.0,-956.2236433561693,4152.058532200567,345.0
492.0,-954.5056055853145,4171.586808890426,345.0
494.0,-952.7875678144597,4191.115085580284,345.0
496.0,-951.069530043605,4210.643362270143,345.0
498.0,-949.3514922727502,4230.1716389600015,345.0
500.0,-947.6334545018955,4249.6999156498605,345.0
502.0,-945.9154167310408,4269.228192339719,345.0
504.0,-944.197378960186,4288.756469029578,345.0
506.0,-941.356313685465,4321.7397623059005,345.0
508.0,-938.3694813264921,4356.469494141938,345.0
510.0,-935.382648967519,4391.199225977975,345.0
512.0,-932.3894335596152,4426.066552089152,345.06279762372895
514.0,-929.3892954819678,4461.083104649275,345.19370176120685
516.0,-926.3891574043203,4496.099657209399,345.32460589868475
518.0,-923.3890193266728,4531.116209769523,345.45551003616265
520.0,-920.5884529635587,4563.798242706776,345.58640105535125
522.0,-918.5680634192984,4587.354042013271,345.71724079179546
524.0,-916.5476738750381,4610.909841319765,345.84808052823973
526.0,-914.5272843307778,4634.465640626259,345.978920264684
528.0,-913.4773495575029,4646.71575032987,346.0
530.0,-912.6137935150796,4656.7945686527955,346.0
532.0,-911.7502374726562,4666.87338697572,346.0
534.0,-910.8866814302328,4676.952205298645,346.0
536.0,-910.0231253878094,4687.03102362157,346.0
538.0,-909.159569345386,4697.109841944495,346.0
540.0,-908.2960133029626,4707.188660267419,346.0
542.0,-907.4324572605393,4717.267478590345,346.0
544.0,-906.5689012181159,4727.34629691327,346.0
546.0,-905.7053451756925,4737.425115236195,346.0
548.0,-904.8417891332691,4747.503933559119,346.0
550.0,-903.9782330908457,4757.582751882044,346.0
552.0,-903.1146770484223,4767.661570204969,346.0
554.0,-901.7821765939318,4783.35741205993,346.0
556.0,-900.3778659251333,4799.913397789577,346.0
558.0,-898.8155397927909,4818.270964531502,346.0428534848174
560.0,-897.0286765558969,4839.188545179909,346.14660099345394
562.0,-895.241813319003,4860.106125828315,346.25034850209045
564.0,-893.4549500821091,4881.023706476722,346.354096010727
566.0,-891.6680868452152,4901.941287125129,346.45784351936356
568.0,-889.8812236083212,4922.858867773535,346.5615910280001
570.0,-888.0943603714272,4943.7764484219415,346.6653385366366
572.0,-886.3074971345334,4964.694029070349,346.7690860452732
574.0,-884.5179363943224,4985.516765258234,346.87283163120304
576.0,-882.7210180669981,5006.080808017973,346.9765719728457
578.0,-880.9540583118792,5026.059629185045,347.0
580.0,-879.1958378173282,5045.867734473093,347.0
582.0,-877.4376173227772,5065.675839761142,347.0
584.0,-875.6793968282262,5085.483945049191,347.0
586.0,-873.9211763336752,5105.292050337239,347.0
588.0,-872.1629558391243,5125.100155625288,347.0
590.0,-870.4047353445733,5144.908260913337,347.0
592.0,-868.6465148500223,5164.7163662013845,347.0
594.0,-866.9022127940243,5184.485285118355,347.0
596.0,-865.1660050364205,5204.231415115485,347.0
598.0,-863.4297972788169,5223.977545112614,347.0
600.0,-861.6965736761351,5243.760310849221,347.0153325123153
602.0,-859.9747473880346,5263.682998626963,347.089224137931
604.0,-858.2529210999342,5283.605686404706,347.1631157635468
606.0,-856.5310948118337,5303.528374182448,347.23700738916256
608.0,-854.8092685237332,5323.451061960191,347.31089901477833
610.0,-853.0874422356327,5343.373749737933,347.3847906403941
612.0,-851.3656159475322,5363.296437515675,347.4586822660099
614.0,-849.6437896594317,5383.219125293418,347.5325738916256
616.0,-847.9219633713312,5403.14181307116,347.60646551724136
618.0,-846.2001370832307,5423.064500848903,347.68035714285713
620.0,-844.4783107951303,5442.987188626646,347.7542487684729
622.0,-842.7564845070298,5462.909876404387,347.8281403940887
624.0,-841.0346582189293,5482.83256418213,347.90203201970445
626.0,-839.3128319308288,5502.755251959872,347.9759236453202
628.0,-837.5928005939516,5522.795904115682,347.94176221734085
630.0,-835.8949860616698,5542.792386384777,347.8552995408451
632.0,-834.1971715293881,5562.788868653874,347.76883686434945
634.0,-832.4993569971064,5582.78535092297,347.6823741878537
636.0,-830.8015424648246,5602.781833192065,347.595911511358
638.0,-829.1037279325429,5622.778315461162,347.50944883486227
640.0,-827.4059134002612,5642.774797730257,347.4229861583666
642.0,-825.7080988679794,5662.771279999353,347.33652348187087
644.0,-824.0102843356977,5682.76776226845,347.25006080537514
646.0,-822.312469803416,5702.764244537545,347.1635981288794
648.0,-820.6146552711342,5722.760726806641,347.07713545238374
650.0,-818.9944393627105,5742.252713737987,347.0055532949686
652.0,-817.3613218612475,5762.309940979719,347.0572118528159
654.0,-815.7282043597843,5782.367168221451,347.1088704106632
656.0,-814.0950868583212,5802.424395463182,347.16052896851045
658.0,-812.4619693568582,5822.481622704914,347.21218752635775
660.0,-810.8288518553951,5842.538849946646,347.26384608420506
662.0,-809.1957343539319,5862.596077188377,347.31550464205236
664.0,-806.7600708761661,5891.319167205049,347.367081116539
666.0,-804.2151214237857,5921.222323270518,347.418646413398
668.0,-801.6701719714054,5951.125479335988,347.470211710257
670.0,-799.125222519025,5981.028635401456,347.521777007116
672.0,-796.5802730666446,6010.9317914669255,347.573342303975
674.0,-794.0353236142643,6040.834947532395,347.624907600834
676.0,-791.4903741618839,6070.738103597864,347.676472897693
678.0,-788.9454247095035,6100.641259663333,347.72803819455197
680.0,-786.4004752571232,6130.544415728802,347.77960349141097
682.0,-783.8555258047429,6160.447571794271,347.83116878826996
684.0,-781.3105763523625,6190.350727859741,347.88273408512896
686.0,-778.7656268999822,6220.253883925209,347.934299381988
688.0,-776.3553030724113,6248.486779692857,347.9858635368728
690.0,-774.8696692893745,6265.971769548049,348.0
692.0,-773.618106470685,6280.826354305399,348.0
694.0,-772.3665436519954,6295.6809390627495,348.0
696.0,-771.1149808333057,6310.5355238201,348.0
698.0,-769.8634180146162,6325.3901085774505,348.0
700.0,-768.6118551959265,6340.244693334801,348.0
702.0,-767.360292377237,6355.0992780921515,348.0
704.0,-766.1087295585473,6369.953862849502,348.0
706.0,-764.8571667398578,6384.8084476068525,348.0
708.0,-763.6056039211682,6399.663032364203,348.0
710.0,-762.3540411024786,6414.5176171215535,348.0
712.0,-761.102478283789,6429.372201878904,348.0
714.0,-759.8509154650993,6444.2267866362545,348.0
716.0,-758.5993526464098,6459.081371393605,348.0
718.0,-757.3477898277201,6473.9359561509555,348.0
720.0,-756.0962270090306,6488.790540908305,348.0
722.0,-754.844664190341,6503.6451256656555,348.0
724.0,-753.5931013716514,6518.499710423006,348.0
726.0,-752.3415385529618,6533.3542951803565,348.0
728.0,-750.9897501447913,6550.133248117713,348.0
730.0,-749.4348516641725,6570.346928365759,348.0
732.0,-747.8691589296598,6590.533748102322,348.0
734.0,-746.174448586671,6610.399519345135,348.0
736.0,-744.4797382436823,6630.265290587947,348.0
738.0,-742.7850279006935,6650.131061830759,348.0
740.0,-741.0903175577048,6669.996833073572,348.0
742.0,-739.395607214716,6689.862604316384,348.0
744.0,-737.7008968717273,6709.728375559196,348.0
746.0,-736.0061865287386,6729.594146802008,348.0
748.0,-734.3114761857498,6749.459918044821,348.0
750.0,-732.6167658427611,6769.325689287633,348.0
752.0,-730.9220554997725,6789.1914605304455,348.0
754.0,-729.2412762402437,6808.993185668521,348.0
756.0,-727.5771217805654,6828.718480737425,348.0
758.0,-725.9129673208873,6848.443775806329,348.0
760.0,-724.2869198548228,6868.164338757556,347.92877566321255
762.0,-722.6618829249448,6887.884776220632,347.8556625715573
764.0,-721.0368459950668,6907.605213683708,347.78254947990206
766.0,-719.4118090651888,6927.325651146784,347.70943638824684
768.0,-717.7867721353108,6947.046088609861,347.6363232965916
770.0,-716.1617352054328,6966.766526072937,347.56321020493635
772.0,-714.5366982755548,6986.486963536014,347.49009711328114
774.0,-712.8563746722645,7006.736108893343,347.4151408311057
776.0,-711.1487872553039,7027.245978809146,347.3392756065071
778.0,-709.4411998383433,7047.75584872495,347.26341038190844
780.0,-707.7336124213826,7068.265718640753,347.18754515730984
782.0,-706.0260250044221,7088.775588556557,347.11167993271124
784.0,-704.3184375874615,7109.28545847236,347.0358147081126
786.0,-702.5785629890914,7129.983864048001,344.40616435096575
788.0,-700.8098159546229,7150.850865442582,339.4928213693682
790.0,-699.0410689201543,7171.7178668371635,334.57947838777056
792.0,-697.2654675371308,7192.494197255425,329.5654444694727
794.0,-695.4800598275074,7213.140807219615,324.40735481735817
796.0,-693.6946521178841,7233.787417183806,319.24926516524357
798.0,-691.9092444082607,7254.434027147996,314.091175513129
800.0,-690.1382004318289,7274.81760758417,309.7555162754474
802.0,-688.3769503673767,7295.02184132745,305.9806312446641
804.0,-686.6157003029246,7315.22607507073,302.20574621388084
806.0,-684.8544502384724,7335.43030881401,298.43086118309753
808.0,-683.0932001740204,7355.634542557289,294.6559761523142
810.0,-681.3319501095682,7375.8387763005685,290.88109112153097
812.0,-679.570700045116,7396.043010043849,287.10620609074766
814.0,-677.809449980664,7416.247243787128,283.33132105996435
816.0,-676.0481999162118,7436.451477530408,279.5564360291811
818.0,-674.3404083601622,7456.603313726282,275.83511250583234
820.0,-672.7447784594357,7476.645214276224,272.2261667407673
822.0,-671.2118585999913,7496.508552000116,268.5056181833109
824.0,-669.7338309175719,7516.215587765708,264.6873800037274
826.0,-668.2558032351525,7535.9226235313,260.8691418241439
828.0,-666.777775552733,7555.629659296893,257.05090364456044
830.0,-665.2997478703137,7575.336695062485,253.23266546497692
832.0,-663.8217201878942,7595.043730828077,249.41442728539346
834.0,-662.2917885158229,7614.439861151373,245.4294407818918
836.0,-660.5065070172991,7633.886503647187,240.78235212761123
838.0,-658.7212255187753,7653.333146143002,236.13526347333064
840.0,-656.9359440202516,7672.779788638816,231.48817481905007
842.0,-655.1506625217278,7692.226431134631,226.84108616476948
844.0,-653.365381023204,7711.673073630445,222.1939975104889
846.0,-651.5197905808268,7731.640341686009,217.57268475754475
848.0,-648.768802350626,7759.633166500664,212.95645942293024
850.0,-645.9220376516569,7788.510616886137,208.2758122196892
852.0,-643.0752729526878,7817.388067271609,203.59516501644814
854.0,-640.2285082537186,7846.265517657081,198.9145178132071
856.0,-637.3817435547495,7875.142968042554,194.23387060996606
858.0,-635.2581698995922,7894.582957963916,188.5856201794039
860.0,-633.6685082045418,7906.546633225183,182.36722434606943
862.0,-632.0788465094915,7918.5103084864495,176.148828512735
864.0,-630.4891848144412,7930.473983747716,169.93043267940055
866.0,-628.8995231193909,7942.437659008983,163.7120368460661
868.0,-626.7055524754692,7954.9541216576245,158.51598097402487
870.0,-621.116450721881,7976.637153793122,154.58534348039902
872.0,-614.787252731421,8000.791355914895,150.58108011757446
874.0,-608.4580547409608,8024.9455580366675,146.57681675474993
876.0,-602.1288567505007,8049.09976015844,142.5725533919254
878.0,-595.7996587600406,8073.253962280213,138.56829002910084
880.0,-589.488780152258,8096.66381887382,134.64779654081093
882.0,-583.2106664202321,8118.742386680025,130.87712849039912
884.0,-578.6510641944969,8132.951790839529,126.92128848594645
886.0,-574.5020324286869,8145.281169101141,122.92120895556833
888.0,-570.3530006628768,8157.610547362754,118.92112942519023
890.0,-562.211136961912,8170.038417320302,115.7442735071207
892.0,-552.8747378317719,8182.495753036036,112.81370137634968
894.0,-539.9311673751317,8198.32256667903,109.83062930628233
896.0,-520.1289337698493,8220.222555711813,107.4098727677164
898.0,-499.23004897960664,8243.021560784744,105.22204244620993
900.0,-479.2703453509862,8264.760558494874,103.02317930634253
902.0,-470.13285660031386,8274.285057105999,100.6971846439421
904.0,-460.9953678496416,8283.809555717125,98.37118998154166
906.0,-449.4760637997769,8287.7765775495,95.77609701810142
908.0,-437.5044864432234,8290.688312517095,93.12990606294163
910.0,-422.0619001201816,8294.524554986097,90.468265954449
912.0,-387.9122495770335,8303.270509353079,88.84040977814122
914.0,-352.65371879564145,8312.296655171089,87.43979753231262
916.0,-334.10506855654023,8316.254629118375,85.98921293268282
918.0,-319.4432764548933,8319.033703849245,84.52700434510596
920.0,-308.2650604359703,8320.799202339867,82.54923658193094
922.0,-299.04990194900665,8321.99353246058,80.28094198690405
924.0,-281.74406475969545,8326.637291121922,79.48240740740728
926.0,-261.6566334345675,8333.320918371677,80.59351851851838
928.0,-239.89471552313253,8345.918144919591,82.33189763106748
930.0,-217.0333326817484,8362.760469082345,84.42231531796891
932.0,-195.2244415562493,8379.49798695766,85.77815610639055
934.0,-182.685969821789,8392.578942163944,84.85345410908248
936.0,-173.1885959966862,8403.978958460699,83.91854661395897
938.0,-163.80090251953794,8415.451542672858,82.97004820210735
940.0,-160.57097714902707,8430.998296992724,81.25851689394315
942.0,-157.34105177851623,8446.545051312589,79.54698558577896
944.0,-152.82658252200665,8469.335545129314,77.79317554690435
946.0,-147.40012007008065,8497.268908101783,76.00934869417152
948.0,-143.71805888623686,8519.652028377091,74.76269749102197
950.0,-142.89541195616025,8533.225702723355,74.21578569542272
952.0,-142.07276502608363,8546.79937706962,73.6688738998235
954.0,-142.81812496631312,8570.744382643647,73.12326410777243
956.0,-144.2008100254106,8602.62649096292,73.47365289818114
958.0,-145.68999076240726,8634.92597025722,74.23289129209167
960.0,-146.96301703519936,8657.3485954104,75.89805246692879
962.0,-147.93258235569252,8666.493383147888,77.50416775162543
964.0,-148.92955866452698,8675.199037812068,79.14934139790493
966.0,-150.64220292346414,8684.51149980858,81.32925229032968
968.0,-152.88482872206697,8696.77394797688,83.43935692213314
970.0,-156.9418813582105,8716.153000195924,86.31057168138875
972.0,-161.65544970084488,8738.107059706263,89.4571796076231
974.0,-166.36901804347926,8760.061119216602,92.60378753385746
976.0,-174.0533825701646,8792.043339994796,95.53329215842045
978.0,-182.19689691300883,8825.575457877096,98.42924249824824
980.0,-188.82017577096946,8851.901631081615,101.35582663772544
982.0,-193.63538942466337,8870.048750614267,103.61091820987644
984.0,-196.6986783501347,8880.389897562556,104.99980709876533
986.0,-199.76196727560608,8890.731044510847,106.3886959876542
988.0,-202.82525620107745,8901.072191459136,107.77758487654309
990.0,-206.41240021491552,8914.316499703735,111.76059728212653
992.0,-210.35542967689855,8929.324902302102,116.10454658319831
994.0,-214.90097771621603,8947.182412456563,120.13383910108593
996.0,-219.44652575553351,8965.039922611024,124.16313161897354
998.0,-224.08686479559532,8983.077020310178,128.17588540573206
1000.0,-229.0667323883722,9001.75737632137,132.12939969296104
1002.0,-234.05189447771986,9020.452374548348,136.0406991898368
1004.0,-239.28421488711712,9039.830902438083,137.98132281120598
1006.0,-244.51653529651438,9059.209430327819,139.92194643257517
1008.0,-249.75864444365794,9078.891414470409,141.8198494023748
1010.0,-254.82081253793186,9098.111405357511,144.3742311118465
1012.0,-259.86395649355524,9117.279573119478,146.99809358387975
1014.0,-264.83738552032275,9136.189374751695,149.60409724451645
1016.0,-269.49294018261674,9153.921122118592,152.12867131157685
1018.0,-274.43452539335027,9173.236437291282,154.80713580873058
1020.0,-279.5268605325827,9193.386358189822,157.56670692704702
1022.0,-284.61919567181513,9213.536279088363,160.32627804536347
1024.0,-290.61820712149324,9238.188008321438,163.01917824452815
1026.0,-297.4016155438659,9267.335400883487,164.937002697366
1028.0,-304.1850239662386,9296.482793445535,166.85482715020387
1030.0,-310.96843238861123,9325.630186007584,168.7726516030417
1032.0,-317.75184081098394,9354.777578569632,170.69047605587957
1034.0,-324.5352492333566,9383.92497113168,172.60830050871743
1036.0,-331.3186576557293,9413.07236369373,174.5261249615553
1038.0,-335.3318526694608,9430.259643829266,176.3579624975897
1040.0,-338.86570896298923,9445.463379816927,178.17428300328245
1042.0,-340.8502526585511,9454.761339736224,179.9366953960274
1044.0,-342.8347963541129,9464.05929965552,181.69910778877235
1046.0,-344.81934004967474,9473.357259574817,183.4615201815173
1048.0,-346.80388374523653,9482.655219494112,185.22393257426225
1050.0,-348.7884274407984,9491.953179413409,186.9863449670072
1052.0,-350.7729711363602,9501.251139332706,188.74875735975215
1054.0,-353.5987489504385,9515.38258515887,190.49392552233942
1056.0,-357.78716482914615,9537.34335190364,192.21116133661747
1058.0,-361.9755807078538,9559.304118648412,193.92839715089548
1060.0,-366.45080464267426,9583.580277680347,195.39102601762374
1062.0,-371.40206426132016,9611.699457601171,196.4310656655335
1064.0,-376.353323879966,9639.818637521996,197.47110531344327
1066.0,-381.3045834986119,9667.937817442822,198.51114496135304
1068.0,-386.25584311725777,9696.056997363647,199.5511846092628
1070.0,-391.1555975137471,9724.044468335684,200.59028313501477
1072.0,-394.87550822963607,9749.014847750832,201.60782312778602
1074.0,-397.34338146178237,9769.86023240061,202.65231234447367
1076.0,-399.0260786448017,9788.118755926342,203.7137019219225
1078.0,-400.70877582782106,9806.377279452072,204.77509149937134
1080.0,-402.3914730108404,9824.635802977804,205.83648107682015
1082.0,-404.07417019385974,9842.894326503534,206.89787065426898
1084.0,-405.7568673768791,9861.152850029266,207.95926023171782
1086.0,-407.43956455989843,9879.411373554998,209.02064980916663
1088.0,-409.1222617429178,9897.669897080728,210.08203938661546
1090.0,-410.8049589259371,9915.92842060646,211.1434289640643
1092.0,-412.48765610895646,9934.186944132192,212.20481854151313
1094.0,-414.1703532919758,9952.445467657923,213.26620811896194
1096.0,-415.85305047499514,9970.703991183655,214.32759769641078
1098.0,-417.5357476580145,9988.962514709385,215.3889872738596
1100.0,-418.4803253723139,10003.944691095256,216.4390314041675
1102.0,-419.04158319934766,10018.108196239056,217.49800162527538
1104.0,-419.6028410263814,10032.271701382857,218.55697184638325
1106.0,-420.1640988534151,10046.435206526658,219.61594206749112
1108.0,-420.7253566804488,10060.598711670458,220.674912288599
1110.0,-421.2866145074825,10074.762216814257,221.73388250970686
1112.0,-421.84787233451624,10088.925721958058,222.79285273081473
1114.0,-422.40913016154997,10103.089227101858,223.8518229519226
1116.0,-422.97038798858364,10117.252732245659,224.91079317303044
1118.0,-423.53112528174705,10142.919629444503,225.94642344708103
1120.0,-424.0918335818206,10169.227251289067,226.98075371507795
1122.0,-424.65140355106695,10195.578054136062,228.01227405574164
1124.0,-425.13405488013194,10224.846659004505,228.853923592317
1126.0,-425.6167062091969,10254.115263872947,229.69557312889233
1128.0,-426.09935753826187,10283.38386874139,230.53722266546768
1130.0,-426.58200886732686,10312.652473609833,231.37887220204303
1132.0,-427.0051262454888,10340.371983441511,232.2181624217926
1134.0,-427.04339073177766,10358.077481173512,233.0422010096671
1136.0,-427.0816552180666,10375.782978905512,233.86623959754164
1138.0,-427.1199197043555,10393.488476637513,234.69027818541616
1140.0,-427.1581841906444,10411.193974369513,235.5143167732907
1142.0,-427.1964486769333,10428.899472101513,236.33835536116518
1144.0,-427.23471316322224,10446.604969833514,237.1623939490397
1146.0,-427.2729776495111,10464.310467565514,237.98643253691424
1148.0,-427.31124213580006,10482.015965297514,238.81047112478876
1150.0,-426.97023385508083,10496.532133804796,239.67547974413634
1152.0,-426.51593630629424,10510.095645530668,240.55272616509276
1154.0,-426.06163875750764,10523.65915725654,241.42997258604922
1156.0,-425.60734120872104,10537.222668982411,242.30721900700564
1158.0,-425.15304365993444,10550.786180708283,243.18446542796207
1160.0,-424.69874611114784,10564.349692434156,244.06171184891852
1162.0,-424.24444856236124,10577.913204160028,244.93895826987495
1164.0,-423.54710047640395,10594.853839657293,245.60517398914817
1166.0,-422.79940474746707,10612.647123350345,246.25295075939968
1168.0,-421.94720816106604,10632.38967760197,246.89209819920046
1170.0,-421.095011574665,10652.132231853593,247.53124563900124
1172.0,-420.242814988264,10671.874786105218,248.17039307880202
1174.0,-419.390618401863,10691.617340356841,248.8095405186028
1176.0,-418.5384218154619,10711.359894608466,249.44868795840358
1178.0,-417.6862252290609,10731.102448860089,250.08783539820433
1180.0,-416.86304020602506,10750.834874231297,250.72576813457744
1182.0,-416.1598064024934,10770.525420730184,251.35867855775592
1184.0,-415.1985275884368,10789.921330367757,251.99067349887613
1186.0,-414.1613651425746,10809.230595760378,252.62239922299696
1188.0,-413.1242026967125,10828.539861153002,253.2541249471178
1190.0,-412.08704025085035,10847.849126545623,253.88585067123861
1192.0,-410.55737289754467,10867.833920057346,254.38350067434072
1194.0,-408.9190856282219,10887.967698495828,254.8515808328852
1196.0,-407.2807983588992,10908.10147693431,255.31966099142966
1198.0,-405.64251108957643,10928.23525537279,255.78774114997412
1200.0,-404.0042238202537,10948.369033811272,256.2558213085186
1202.0,-402.36593655093094,10968.502812249752,256.72390146706306
1204.0,-400.4123346375054,10990.473952412973,257.1892968980102
1206.0,-398.36804612984685,11012.973530060171,257.65392018339793
1208.0,-396.2612491112778,11035.507573232859,258.14551647655253
1210.0,-393.97196262944607,11058.14223622764,258.7158586818757
1212.0,-391.68267614761436,11080.776899222425,259.2862008871989
1214.0,-389.39338966578265,11103.411562217207,259.8565430925221
1216.0,-387.10410318395094,11126.046225211989,260.4268852978453
1218.0,-384.81481670211923,11148.680888206773,260.99722750316846
1220.0,-382.5255302202875,11171.315551201555,261.56756970849165
1222.0,-380.2362437384558,11193.950214196338,262.1379119138149
1224.0,-377.94695725662416,11216.58487719112,262.7082541191381
1226.0,-375.7430133152111,11236.898846059828,263.2949368411682
1228.0,-373.56491698113217,11252.992557861635,263.8924190261837
1230.0,-371.3868206470533,11269.08626966344,264.48990121119914
1232.0,-369.20872431297437,11285.179981465244,265.08738339621465
1234.0,-367.03062797889544,11301.27369326705,265.68486558123016
1236.0,-364.85253164481657,11317.367405068855,266.2823477662456
1238.0,-362.67443531073764,11333.461116870661,266.8798299512611
1240.0,-360.49633897665876,11349.554828672466,267.47731213627657
1242.0,-358.31824264257983,11365.64854047427,268.0747943212921
1244.0,-354.73168144520656,11387.136906828853,268.6651622361281
1246.0,-350.90411549454313,11409.548361450285,269.25431281642193
1248.0,-347.07654954387965,11431.959816071716,269.84346339671583
1250.0,-343.24898359321617,11454.371270693147,270.43261397700974
1252.0,-339.4214176425527,11476.782725314579,271.0217645573036
1254.0,-335.59385169188926,11499.19417993601,271.6109151375975
1256.0,-331.54237559195036,11521.963409930275,272.1230451394494
1258.0,-327.05544233053695,11545.428436201768,272.48538665439264
1260.0,-322.5685090691235,11568.89346247326,272.8477281693358
1262.0,-318.08157580771007,11592.358488744752,273.21006968427906
1264.0,-313.59464254629665,11615.823515016244,273.57241119922224
1266.0,-309.1077092848832,11639.288541287737,273.9347527141655
1268.0,-304.6207760234698,11662.753567559228,274.29709422910867
1270.0,-300.4920936616809,11681.393878119674,274.6572816449734
1272.0,-296.4209344566562,11699.259500107168,275.01712318430543
1274.0,-292.3497752516315,11717.125122094661,275.3769647236375
1276.0,-288.2786160466068,11734.990744082153,275.7368062629696
1278.0,-284.20745684158214,11752.856366069647,276.0966478023017
1280.0,-280.13629763655746,11770.721988057141,276.45648934163376
1282.0,-276.0651384315328,11788.587610044635,276.81633088096584
1284.0,-271.9016385614696,11805.079889427509,277.2360491071427
1286.0,-267.6418686363662,11820.140386094925,277.7181919642856
1288.0,-263.3820987112628,11835.200882762343,278.20033482142844
1290.0,-259.12232878615947,11850.26137942976,278.68247767857133
1292.0,-254.86255886105607,11865.321876097178,279.1646205357142
1294.0,-250.60278893595267,11880.382372764596,279.64676339285705
1296.0,-246.06403231521747,11895.987383251528,280.0853482306032
1298.0,-240.76077968437377,11913.08450303609,280.40457278143094
1300.0,-235.45752705353004,11930.181622820654,280.7237973322587
1302.0,-230.1542744226863,11947.278742605218,281.04302188308645
1304.0,-224.04631338003156,11965.750977935017,281.3601863787363
1306.0,-217.7144768936235,11984.605779916765,281.6767777527927
1308.0,-211.38264040721543,12003.460581898515,281.9933691268492
1310.0,-205.05080392080734,12022.315383880263,282.3099605009057
1312.0,-198.71896743439927,12041.17018586201,282.62655187496216
1314.0,-192.3871309479912,12060.024987843759,282.94314324901865
1316.0,-186.05529446158314,12078.879789825509,283.25973462307513
1318.0,-179.37811323945863,12097.561953533275,283.5745750551756
1320.0,-172.53496027695726,12116.16114775628,283.88857398933607
1322.0,-165.35045409168313,12134.772968803225,284.3354311577616
1324.0,-157.97818526180515,12153.391735282928,284.8553675056376
1326.0,-150.60591643192717,12172.010501762634,285.3753038535136
1328.0,-143.23364760204916,12190.629268242337,285.89524020138964
1330.0,-135.86137877217118,12209.248034722043,286.41517654926565
1332.0,-127.89898637565233,12228.604364712297,286.93418270069196
1334.0,-119.28755895504237,12248.771888455689,287.4521657950683
1336.0,-110.67613153443243,12268.93941219908,287.97014888944466
1338.0,-102.06470411382247,12289.106935942475,288.488131983821
1340.0,-93.4355863259875,12309.290556614871,289.0010488466754
1342.0,-83.32568074039867,12330.821584932832,289.08989232976995
1344.0,-73.21577515480985,12352.35261325079,289.1787358128645
1346.0,-63.105869569221014,12373.883641568751,289.267579295959
1348.0,-52.99596398363219,12395.41466988671,289.3564227790536
1350.0,-42.88605839804336,12416.94569820467,289.44526626214815
1352.0,-32.739308893022006,12438.490906553483,289.53410155102
1354.0,-20.96537280988541,12460.662366295674,289.622574947635
1356.0,-9.191436726748812,12482.833826037864,289.7110483442499
1358.0,2.5824993563877854,12505.005285780055,289.79952174086486
1360.0,14.356435439524375,12527.176745522245,289.8879951374798
1362.0,26.130371522660973,12549.348205264434,289.97646853409475
1364.0,38.067555283566115,12570.067743124766,290.2568643857209
1366.0,50.063891230455596,12590.261182517022,290.6068026217079
1368.0,62.060227177345084,12610.45462190928,290.9567408576949
1370.0,74.05656312423457,12630.648061301537,291.30667909368196
1372.0,86.05289907112406,12650.841500693796,291.65661732966896
1374.0,98.04923501801355,12671.034940086052,292.00655556565596
1376.0,110.04557096490304,12691.22837947831,292.356493801643
1378.0,122.04190691179251,12711.421818870567,292.70643203763
1380.0,134.038242858682,12731.615258262826,293.056370273617
1382.0,146.03457880557147,12751.808697655082,293.406308509604
1384.0,158.03091475246097,12772.00213704734,293.75624674559106
1386.0,167.95685760060397,12787.687672660028,294.06074635241293
1388.0,176.0779749316236,12799.245370197628,294.26276655443314
1390.0,184.19909226264323,12810.803067735229,294.46478675645335
1392.0,192.32020959366287,12822.36076527283,294.66680695847356
1394.0,200.4413269246825,12833.91846281043,294.86882716049377
1396.0,208.56244425570213,12845.476160348031,295.070847362514
1398.0,216.6835615867218,12857.033857885632,295.2728675645342
1400.0,224.80467891774143,12868.591555423232,295.4748877665544
1402.0,232.92579624876106,12880.149252960833,295.6769079685746
1404.0,241.0469135797807,12891.706950498434,295.8789281705948
1406.0,249.16803091080033,12903.264648036034,296.08094837261496
1408.0,257.28914824182,12914.822345573635,296.28296857463516
1410.0,265.41026557283965,12926.380043111236,296.48498877665537
1412.0,273.53138290385925,12937.937740648837,296.6870089786756
1414.0,281.65250023487886,12949.495438186435,296.8890291806958
1416.0,290.89872023059985,12961.770043326704,297.0
1418.0,301.5162132737474,12974.91841412754,297.0
1420.0,312.1337063168949,12988.066784928376,297.0
1422.0,322.75119936004245,13001.215155729215,297.0
1424.0,335.1199540820798,13016.053835504552,297.0
1426.0,347.95930064744016,13031.346728162911,297.0
1428.0,360.79864721280046,13046.639620821272,297.0
1430.0,373.6379937781608,13061.932513479633,297.0
1432.0,386.4773403435212,13077.225406137994,297.0
1434.0,399.31668690888154,13092.518298796353,297.0
1436.0,412.325408278802,13107.501897590944,297.40953741054614
1438.0,425.56149121749485,13121.742546994205,298.1496527484342
1440.0,438.79757415618775,13135.983196397465,298.88976808632225
1442.0,452.0336570948806,13150.223845800725,299.6298834242103
1444.0,465.2697400335735,13164.464495203983,300.3699987620983
1446.0,478.50582297226634,13178.705144607244,301.1101140999864
1448.0,491.74190591095925,13192.945794010504,301.8502294378744
1450.0,506.88495662318223,13208.13141727168,302.1184109881911
1452.0,522.5118053583963,13223.556780548695,302.2668628626428
1454.0,540.3337406101152,13240.107324301229,302.41497652895816
1456.0,558.7864615293128,13256.981202788837,302.5629930069196
1458.0,577.2391824485103,13273.855081276446,302.7110094848811
1460.0,595.6919033677078,13290.728959764054,302.85902596284257
1462.0,614.1446242869054,13307.602838251662,303.00704244080407
1464.0,632.5973452061028,13324.476716739271,303.1550589187655
1466.0,651.0500661253003,13341.350595226879,303.303075396727
1468.0,669.5027870444978,13358.224473714487,303.4510918746885
1470.0,687.9555079636954,13375.098352202096,303.59910835265
1472.0,706.4082288828929,13391.972230689704,303.7471248306114
1474.0,722.5029586718626,13406.466966057968,303.8947872997952
1476.0,736.7877868476218,13418.757723441215,304.05068279045696
1478.0,749.828981817113,13428.852844067442,304.22756892292944
1480.0,762.8701767866042,13438.947964693669,304.40445505540185
1482.0,775.9113717560955,13449.043085319896,304.5813411878743
1484.0,788.9525667255867,13459.138205946123,304.75822732034675
1486.0,801.993761695078,13469.23332657235,304.93511345281917
1488.0,815.0349566645692,13479.328447198577,305.1119995852916
1490.0,828.0761516340605,13489.423567824804,305.28888571776406
1492.0,841.1173466035517,13499.518688451031,305.4657718502365
1494.0,854.158541573043,13509.613809077258,305.6426579827089
1496.0,867.1997365425342,13519.708929703485,305.8195441151814
1498.0,880.2409315120254,13529.804050329712,305.9964302476538
1500.0,893.2821264815167,13539.89917095594,306.1733163801262
1502.0,906.3233214510079,13549.994291582167,306.3502025125987
1504.0,919.3645164204992,13560.089412208394,306.5270886450711
1506.0,937.4779528924914,13572.988695452364,306.70361784437983
1508.0,962.755851894859,13589.84881494477,306.8796428811253
1510.0,988.8225901290695,13607.117521357948,307.0915474279312
1512.0,1016.5948424337088,13625.269615303396,307.3810254609152
1514.0,1044.367094738348,13643.421709248843,307.67050349389933
1516.0,1072.1393470429875,13661.573803194291,307.95998152688344
1518.0,1099.9115993476269,13679.725897139737,308.24945955986755
1520.0,1127.6838516522662,13697.877991085184,308.53893759285165
1522.0,1155.4561039569055,13716.030085030632,308.82841562583576
1524.0,1173.7592929730336,13727.781156262809,309.033732718894
1526.0,1184.6983932132187,13734.48173358552,309.11668202764974
1528.0,1195.6374934534037,13741.182310908234,309.1996313364055
1530.0,1206.576593693589,13747.882888230946,309.28258064516126
1532.0,1217.5156939337742,13754.58346555366,309.365529953917
1534.0,1228.4547941739593,13761.284042876372,309.4484792626728
1536.0,1239.3938944141446,13767.984620199084,309.53142857142853
1538.0,1250.3329946543297,13774.685197521798,309.6143778801843
1540.0,1261.2720948945148,13781.38577484451,309.69732718894005
1542.0,1272.2111951347,13788.086352167224,309.7802764976958
1544.0,1283.1502953748852,13794.786929489936,309.86322580645157
1546.0,1294.0893956150703,13801.48750681265,309.9461751152073
1548.0,1308.0570437491276,13809.104220924364,310.0290768554045
1550.0,1327.6217550794663,13818.414048595507,310.1118906840884
1552.0,1347.186466409805,13827.723876266647,310.1947045127723
1554.0,1366.7511777401437,13837.03370393779,310.2775183414562
1556.0,1386.3158890704824,13846.343531608933,310.36033217014005
1558.0,1413.325787376977,13858.961802721702,310.44301487284133
1560.0,1445.1510688026465,13873.71990225659,310.52561276614216
1562.0,1476.976350228316,13888.478001791476,310.608210659443
1564.0,1508.8016316539856,13903.236101326363,310.6908085527438
1566.0,1540.6269130796552,13917.994200861252,310.77340644604465
1568.0,1572.4521945053248,13932.75230039614,310.85600433934553
1570.0,1604.2774759309943,13947.510399931027,310.93860223264636
1572.0,1634.651444361299,13961.540748318024,311.0739438608059
1574.0,1660.8222595712523,13973.463453770222,311.3620368249852
1576.0,1677.3883850507382,13980.753478864028,311.64948005705395
1578.0,1693.5019119003966,13987.825199687579,311.9368926720105
1580.0,1709.615438750055,13994.89692051113,312.2243052869671
1582.0,1725.7289655997138,14001.96864133468,312.5117179019237
1584.0,1741.8424924493722,14009.04036215823,312.79913051688027
1586.0,1755.4348118404077,14014.739419062855,313.02157469842507
1588.0,1763.1753249898334,14017.252477425018,313.09322498839765
1590.0,1770.9158381392592,14019.765535787183,313.1648752783703
1592.0,1778.656351288685,14022.278594149348,313.2365255683429
1594.0,1786.396864438111,14024.791652511512,313.3081758583155
1596.0,1794.1373775875368,14027.304710873676,313.37982614828815
1598.0,1801.8778907369626,14029.81776923584,313.4514764382607
1600.0,1809.6184038863883,14032.330827598005,313.52312672823336
1602.0,1817.358917035814,14034.843885960168,313.594777018206
1604.0,1826.412449451157,14037.822531947559,313.66642968895684
1606.0,1843.3972448021498,14043.613549368558,313.7380967407446
1608.0,1860.3820401531427,14049.404566789557,313.80976379253235
1610.0,1877.3668355041357,14055.195584210556,313.88143084432005
1612.0,1894.3516308551284,14060.986601631555,313.9530978961078
1614.0,1912.6426142894495,14067.110046484167,314.0
1616.0,1933.4073751549001,14073.86307254971,314.0
1618.0,1954.1721360203505,14080.616098615252,314.0
1620.0,1974.9368968858012,14087.369124680794,314.0
1622.0,1995.7016577512516,14094.122150746334,314.0
1624.0,2016.4664186167022,14100.875176811876,314.0
1626.0,2036.797150568182,14106.881231299316,314.0
1628.0,2056.9286184153975,14112.544348674432,314.0
1630.0,2077.060086262613,14118.20746604955,314.0
1632.0,2097.1915541098288,14123.870583424665,314.0
1634.0,2117.323021957044,14129.533700799782,314.0
1636.0,2136.5249934017243,14134.33967787034,314.24930457660844
1638.0,2155.5988800071163,14139.027540790206,314.5329633869089
1640.0,2174.672766612508,14143.715403710074,314.8166221972093
1642.0,2193.7466532179,14148.40326662994,315.10028100750975
1644.0,2212.820539823292,14153.091129549806,315.3839398178102
1646.0,2231.8944264286843,14157.778992469674,315.6675986281106
1648.0,2251.097938178397,14162.325638734434,315.95087511562895
1650.0,2270.5860884609565,14166.562193143685,316.23331207624574
1652.0,2290.074238743516,14170.798747552939,316.51574903686253
1654.0,2309.562389026076,14175.03530196219,316.7981859974794
1656.0,2329.050539308635,14179.271856371442,317.08062295809617
1658.0,2348.5386895911947,14183.508410780694,317.36305991871296
1660.0,2368.0268398737544,14187.744965189946,317.64549687932976
1662.0,2388.815375243853,14192.134331173153,317.92802994058485
1664.0,2418.1894033072167,14197.490172854585,318.0
1666.0,2449.021727029585,14203.00290286245,318.0
1668.0,2479.854050751953,14208.515632870316,318.0
1670.0,2510.686374474321,14214.028362878182,318.0
1672.0,2541.518698196689,14219.541092886047,318.0
1674.0,2572.351021919057,14225.053822893915,318.0
1676.0,2603.1833456414247,14230.56655290178,318.0
1678.0,2634.0156693637928,14236.079282909646,318.0
1680.0,2664.847993086161,14241.592012917512,318.0
1682.0,2689.952144667224,14245.597793138748,318.12850264932024
1684.0,2711.2660861825925,14248.707254394756,318.2691110152616
1686.0,2732.580027697961,14251.816715650762,318.409719381203
1688.0,2753.8939692133304,14254.92617690677,318.55032774714437
1690.0,2775.207910728699,14258.035638162779,318.69093611308574
1692.0,2796.5218522440678,14261.145099418787,318.8315444790271
1694.0,2817.835793759437,14264.254560674795,318.9721528449685
1696.0,2839.1497352748056,14267.364021930802,319.11276121090987
1698.0,2860.4636767901748,14270.47348318681,319.25336957685124
1700.0,2881.7776183055435,14273.582944442818,319.3939779427926
1702.0,2903.091559820912,14276.692405698826,319.534586308734
1704.0,2924.4055013362813,14279.801866954835,319.67519467467537
1706.0,2945.71944285165,14282.911328210841,319.81580304061674
1708.0,2967.0333843670187,14286.02078946685,319.9564114065581
1710.0,2986.9025167731256,14288.549457126994,320.0778069315021
1712.0,3006.1225320431863,14290.817188533922,320.1905706003458
1714.0,3025.3425473132465,14293.084919940851,320.3033342691894
1716.0,3044.562562583307,14295.352651347781,320.4160979380331
1718.0,3063.782577853368,14297.620382754709,320.5288616068768
1720.0,3083.968217753609,14299.888426561565,320.6415322272207
1722.0,3104.3480025681474,14302.156533178393,320.75418413957766
1724.0,3124.7277873826856,14304.424639795221,320.8668360519347
1726.0,3145.107572197224,14306.69274641205,320.97948796429165
1728.0,3164.978071103957,14308.739115436842,321.056987295304
1730.0,3184.7351935757897,14310.736121584547,321.1266610134546
1732.0,3204.492316047622,14312.73312773225,321.1963347316053
1734.0,3224.2494385194545,14314.730133879955,321.26600844975593
1736.0,3244.006560991287,14316.72714002766,321.33568216790655
1738.0,3263.7636834631194,14318.724146175364,321.4053558860572
1740.0,3283.520805934952,14320.721152323069,321.4750296042078
1742.0,3303.2779284067847,14322.718158470774,321.54470332235843
1744.0,3323.035050878617,14324.715164618478,321.61437704050905
1746.0,3342.7921733504495,14326.712170766183,321.6840507586597
1748.0,3362.5492958222817,14328.709176913888,321.7537244768103
1750.0,3382.3064182941143,14330.706183061591,321.82339819496093
1752.0,3402.063540765947,14332.703189209296,321.89307191311156
1754.0,3417.878510404803,14334.170443911562,321.96260818654235
1756.0,3431.5249957404803,14335.354397537865,322.06437693498447
1758.0,3443.448263985838,14336.316215381963,322.2036958204334
1760.0,3455.371532231196,14337.278033226063,322.3430147058823
1762.0,3467.2948004765535,14338.23985107016,322.4823335913312
1764.0,3479.2180687219115,14339.201668914258,322.6216524767801
1766.0,3491.141336967269,14340.163486758358,322.76097136222904
1768.0,3503.064605212627,14341.125304602456,322.90029024767796
1770.0,3515.2354850504767,14342.088367131179,323.0
1772.0,3528.029688061806,14343.054562957348,323.0
1774.0,3540.8238910731357,14344.020758783516,323.0
1776.0,3553.618094084465,14344.986954609685,323.0
1778.0,3566.4122970957947,14345.953150435853,323.0
1780.0,3579.206500107124,14346.919346262022,323.0
1782.0,3592.000703118453,14347.88554208819,323.0
1784.0,3604.7949061297827,14348.85173791436,323.0
1786.0,3617.589109141112,14349.817933740527,323.0
1788.0,3634.518321390931,14351.191331326878,323.0
1790.0,3652.4076372982463,14352.65927668247,323.0
1792.0,3670.2969532055617,14354.127222038063,323.0
1794.0,3688.186269112877,14355.595167393656,323.0
1796.0,3708.4101316294414,14357.293189280135,323.11457458651535
1798.0,3729.5275511639115,14359.07927387567,323.27300305260155
1800.0,3750.6449706983817,14360.865358471206,323.4314315186878
1802.0,3771.762390232852,14362.651443066741,323.589859984774
1804.0,3792.879809767322,14364.437527662278,323.74828845086023
1806.0,3813.9972293017922,14366.223612257814,323.90671691694644
1808.0,3835.1253314321534,14368.010745696885,324.0651432193372
1810.0,3858.210401633709,14369.990019073735,324.22317314962555
1812.0,3881.295471835264,14371.969292450587,324.38120307991386
1814.0,3904.3805420368194,14373.948565827437,324.5392330102022
1816.0,3927.465612238375,14375.927839204289,324.6972629404906
1818.0,3950.5506824399304,14377.907112581139,324.85529287077895
1820.0,3973.5848002336666,14379.87996867882,325.00776092373223
1822.0,3996.0654926159527,14381.783122764047,325.0998180091891
1824.0,4018.546184998239,14383.686276849272,325.1918750946459
1826.0,4041.026877380525,14385.589430934497,325.2839321801028
1828.0,4063.507569762811,14387.492585019721,325.3759892655596
1830.0,4085.988262145097,14389.395739104946,325.4680463510165
1832.0,4108.468954527383,14391.298893190171,325.56010343647336
1834.0,4130.949646909669,14393.202047275396,325.65216052193017
1836.0,4153.4303392919555,14395.105201360622,325.74421760738704
1838.0,4174.19576723581,14396.824865721297,325.8361936520658
1840.0,4193.439096705359,14398.38170420887,325.92809778244265
1842.0,4212.173981706018,14399.873799351773,326.01996687054026
1844.0,4229.08112727256,14401.133157251199,326.1117099898063
1846.0,4245.988272839102,14402.392515150625,326.20345310907237
1848.0,4262.895418405645,14403.651873050052,326.2951962283384
1850.0,4279.802563972186,14404.911230949478,326.3869393476045
1852.0,4296.709709538729,14406.170588848903,326.4786824668705
1854.0,4313.616855105271,14407.42994674833,326.5704255861366
1856.0,4330.524000671813,14408.689304647756,326.6621687054026
1858.0,4347.431146238356,14409.948662547182,326.7539118246687
1860.0,4364.338291804897,14411.20802044661,326.84565494393473
1862.0,4381.24543737144,14412.467378346035,326.9373980632008
1864.0,4398.623195784658,14413.730287331626,327.0
1866.0,4417.013009029154,14415.000857738187,327.0
1868.0,4437.0508106425605,14416.322031470938,327.0
1870.0,4457.088612255968,14417.64320520369,327.0
1872.0,4477.126413869374,14418.964378936442,327.0
1874.0,4497.1642154827805,14420.285552669195,327.0
1876.0,4517.202017096187,14421.606726401946,327.0
1878.0,4537.239818709593,14422.927900134699,327.0
1880.0,4557.2776203230005,14424.249073867451,327.0
1882.0,4577.315421936407,14425.570247600202,327.0
1884.0,4597.353223549813,14426.891421332955,327.0
1886.0,4617.38342331413,14428.155759042531,327.0458629867937
1888.0,4637.271366657427,14429.387871170473,327.15567792025377
1890.0,4657.159310000725,14430.619983298417,327.2654928537139
1892.0,4677.0472533440225,14431.85209542636,327.37530778717405
1894.0,4696.93519668732,14433.084207554304,327.48512272063414
1896.0,4716.823140030618,14434.316319682248,327.5949376540943
1898.0,4736.711083373915,14435.54843181019,327.7047525875544
1900.0,4756.591703646504,14436.754656641857,327.8144215826334
1902.0,4776.468087302008,14437.945904892518,327.924006147961
1904.0,4796.372241648444,14439.125278390702,328.0419262917933
1906.0,4816.339222936351,14440.277787077328,328.1787044072948
1908.0,4836.306204224258,14441.430295763952,328.3154825227963
1910.0,4856.273185512165,14442.582804450578,328.45226063829784
1912.0,4876.240166800072,14443.735313137202,328.58903875379934
1914.0,4896.207148087979,14444.887821823828,328.72581686930084
1916.0,4916.174129375886,14446.040330510452,328.8625949848024
1918.0,4936.1411106637925,14447.192839197078,328.9993731003039
1920.0,4956.139308670743,14448.195436511807,328.8907655662329
1922.0,4976.137650413109,14449.19734356907,328.78102816939696
1924.0,4996.135992155476,14450.199250626334,328.67129077256106
1926.0,5016.134333897842,14451.201157683596,328.5615533757251
1928.0,5036.132675640209,14452.20306474086,328.45181597888916
1930.0,5056.131017382575,14453.204971798123,328.3420785820532
1932.0,5076.11428483929,14454.179370770096,328.2323260348673
1934.0,5096.039622343742,14455.048057132908,328.1225152654165
1936.0,5115.964959848194,14455.91674349572,328.0127044959657
1938.0,5135.955703043317,14456.796794196784,328.0
1940.0,5155.95500332032,14457.67833170384,328.0
1942.0,5175.954303597324,14458.559869210898,328.0
1944.0,5195.953603874327,14459.441406717957,328.0
1946.0,5215.952904151331,14460.322944225014,328.0
1948.0,5235.952204428334,14461.204481732071,328.0
1950.0,5255.980994667804,14462.107080792854,328.0
1952.0,5276.282512312214,14463.204460124985,328.0
1954.0,5296.491369841964,14464.203764767943,328.0
1956.0,5316.456008750531,14464.944579925423,328.0
1958.0,5336.420647659096,14465.685395082903,328.0
1960.0,5356.385286567663,14466.42621024038,328.0
1962.0,5376.349925476228,14467.167025397861,328.0
1964.0,5396.314564384795,14467.907840555341,328.0
1966.0,5416.27920329336,14468.648655712821,328.0
1968.0,5436.243842201927,14469.389470870301,328.0
1970.0,5456.163485541806,14470.11487431257,328.0
1972.0,5476.035217053029,14470.823867173089,328.0
1974.0,5495.90694856425,14471.532860033607,328.0
1976.0,5515.802658220441,14472.291915588137,328.0
1978.0,5535.744681772833,14473.147667464136,328.0
1980.0,5555.686705325225,14474.003419340135,328.0
1982.0,5575.6287288776175,14474.859171216136,328.0
1984.0,5595.581052300539,14475.722840029626,327.8932486879436
1986.0,5615.575783079527,14476.619105018584,327.34697331707827
1988.0,5635.5705138585145,14477.515370007543,326.80069794621295
1990.0,5655.5652446375025,14478.4116349965,326.2544225753477
1992.0,5675.55997541649,14479.30789998546,325.7081472044824
1994.0,5695.716899200019,14480.17559941815,325.1574725484226
1996.0,5716.423641977334,14480.94646430826,324.59188473031986
1998.0,5737.130384754649,14481.717329198367,324.02629691221705
2000.0,5757.837127531964,14482.488194088477,323.46070909411424
2002.0,5778.543870309279,14483.259058978585,322.8951212760115
2004.0,5799.250613086594,14484.029923868695,322.32953345790867
2006.0,5820.208045127093,14484.771404572095,320.2564202777042
2008.0,5841.515441047478,14485.47186475528,316.0787916585568
2010.0,5862.822836967864,14486.172324938465,311.9011630394093
2012.0,5884.130232888248,14486.87278512165,307.7235344202619
2014.0,5904.8723252533255,14487.51840542682,303.40589811357927
2016.0,5925.488965176989,14488.151855639446,299.05719123241875
2018.0,5946.105605100653,14488.785305852072,294.7084843512583
2020.0,5966.722245024316,14489.418756064697,290.35977747009775
2022.0,5986.9808544776,14490.057203558226,287.33317749066794
2024.0,6006.814676488495,14490.70158010626,285.87519933482395
2026.0,6026.436219083171,14491.401450591438,284.3813867694011
2028.0,6045.8746508746735,14492.149189775248,282.8566636821949
2030.0,6065.313082666176,14492.896928959059,281.3319405949887
2032.0,6084.751514457678,14493.644668142868,279.80721750778247
2034.0,6104.189946249181,14494.392407326679,278.28249442057626
2036.0,6123.628378040684,14495.140146510488,276.75777133337004
2038.0,6143.066809832187,14495.8878856943,275.23304824616383
2040.0,6162.505241623689,14496.63562487811,273.7083251589576
2042.0,6181.943673415191,14497.38336406192,272.1836020717514
2044.0,6201.081096415336,14498.073695045721,266.0135223624018
2046.0,6220.177310727321,14498.756166735444,259.2074843092331
2048.0,6240.145604319995,14499.591691394262,251.73069631292304
2050.0,6260.59867518197,14500.512296162262,243.88104734740776
2052.0,6281.051746043946,14501.432900930264,236.03139838189247
2054.0,6301.504816905922,14502.353505698264,228.1817494163772
2056.0,6321.957887767897,14503.274110466265,220.3321004508619
2058.0,6342.410958629873,14504.194715234265,212.48245148534664
2060.0,6371.857676840045,14506.780740511273,206.12667307546184
2062.0,6407.366092704302,14510.531629511017,200.37530913560448
2064.0,6442.874508568559,14514.282518510763,194.62394519574715
2066.0,6478.382924432814,14518.03340751051,188.8725812558898
2068.0,6510.818501553101,14521.807574149352,182.94420024000897
2070.0,6539.8672976307835,14525.607396630687,176.82071686853925
2072.0,6556.180158315244,14528.82217999911,172.22722929936444
2074.0,6570.521859792889,14531.946416014855,167.87054140127526
2076.0,6584.863561270534,14535.070652030598,163.51385350318606
2078.0,6599.205262748179,14538.19488804634,159.15716560509685
2080.0,6610.186997187481,14541.490771870722,155.36736456605956
2082.0,6617.873468217786,14544.954998043879,152.1335337202884
2084.0,6625.559939248089,14548.419224217036,148.89970287451723
2086.0,6633.246410278393,14551.883450390193,145.66587202874607
2088.0,6643.728160144601,14555.876380948743,143.00599310395577
2090.0,6660.204377863802,14561.540294360912,140.91315679945936
2092.0,6679.322754191538,14568.1732004338,138.78297597278
2094.0,6698.441130519274,14574.806106506687,136.65279514610066
2096.0,6729.024396563722,14590.102276186284,134.43480065740823
2098.0,6759.952896833161,14605.659316678517,132.21416189717914
2100.0,6790.871106116559,14621.21438719034,129.99457523386073
2102.0,6807.433879311593,14631.434795738705,128.0900056632469
2104.0,6821.500889024084,14640.581765110748,126.17515361420628
2106.0,6835.567898736576,14649.72873448279,124.26030156516566
2108.0,6849.634908449068,14658.87570385483,122.34544951612504
2110.0,6860.994252167062,14668.081832949798,120.52610568060386
2112.0,6865.955612575306,14677.427751413416,118.93243959015297
2114.0,6870.91697298355,14686.773669877031,117.33877349970207
2116.0,6875.8783333917945,14696.119588340649,115.74510740925118
2118.0,6882.596630993,14708.273259613707,114.14031508872561
2120.0,6892.2961704551435,14725.191239049973,112.51664333244908
2122.0,6902.1409623867075,14743.37320516087,111.81438696823807
2124.0,6911.095724442967,14763.149340383063,111.5431146837315
2126.0,6919.959604733432,14783.020765311083,111.2719339817297
2128.0,6928.823485023897,14802.892190239103,111.00075327972789
2130.0,6938.233807310806,14821.839557744315,111.95244358183736
2132.0,6948.093390483724,14840.375574109401,112.8989635664375
2134.0,6957.952973656642,14858.911590474487,113.84548355103766
2136.0,6971.915222795249,14876.546602686385,116.18356846472898
2138.0,6986.328531991192,14894.062503267141,118.81261410788247
2140.0,7000.741841187135,14911.5784038479,121.44165975103597
2142.0,7015.155150383078,14929.094304428656,124.07070539418946
2144.0,7029.653414449971,14944.662819932588,125.75289375944722
2146.0,7043.485238437399,14956.633614579057,126.90711176505586
2148.0,7057.104014520907,14967.847404751357,128.05825135107779
2150.0,7070.722790604416,14979.061194923657,129.2093909370997
2152.0,7084.6045758865175,14989.731223147293,130.0717486322251
2154.0,7099.063115264869,14999.208833261779,130.30083517414158
2156.0,7113.521654643221,15008.686443376264,130.52992171605806
2158.0,7129.749557125389,15018.286090933398,130.75884335563393
2160.0,7146.038000013784,15027.88991411527,130.9877593529226
2162.0,7165.832125380478,15037.903516592423,131.26019186004916
2164.0,7189.692165405757,15048.35444920694,131.53280804414445
2166.0,7215.277900736064,15058.990173359038,131.80440934266352
2168.0,7240.392355404591,15069.051632881743,132.48476087714636
2170.0,7264.294110206449,15077.635394090095,134.21690892452204
2172.0,7288.195865008306,15086.219155298448,135.9490569718977
2174.0,7312.097619810164,15094.8029165068,137.6812050192734
2176.0,7329.732647735647,15100.93957217014,139.38201900549035
2178.0,7342.229966465769,15104.47736821946,140.94222403563504
2180.0,7353.903704910322,15107.349436371009,142.43157926210668
2182.0,7365.577443354873,15110.221504522558,143.92093448857835
2184.0,7377.2511817994255,15113.093572674108,145.41028971505
2186.0,7394.934482875797,15117.104650925257,146.8713200071877
2188.0,7424.482230973835,15123.364432752987,148.2764294772313
2190.0,7454.029979071873,15129.624214580717,149.68153894727487
2192.0,7483.521956581919,15135.857520827334,151.16045515260006
2194.0,7512.165316766559,15141.687968907296,153.76243060019522
2196.0,7540.8086769512,15147.518416987257,156.36440604779034
2198.0,7561.721606249015,15151.503991525742,158.8916565352344
2200.0,7576.906115444836,15154.122474004887,161.36353417605227
2202.0,7592.090624640658,15156.740956484033,163.83541181687016
2204.0,7607.275133836478,15159.359438963178,166.30728945768806
2206.0,7622.459643032299,15161.977921442325,168.77916709850592
2208.0,7637.256735093503,15164.576305050652,170.924512099921
2210.0,7651.675765867469,15167.15507516155,172.75120999219263
2212.0,7666.094796641433,15169.733845272449,174.57790788446428
2214.0,7680.513827415399,15172.312615383347,176.4046057767359
2216.0,7694.932858189364,15174.891385494246,178.23130366900753
2218.0,7709.351888963329,15177.470155605144,180.05800156127916
2220.0,7723.770919737294,15180.048925716043,181.8846994535508
2222.0,7743.79824460374,15184.083474587942,183.67262838846761
2224.0,7775.177916562308,15191.169206965682,185.37376453933186
2226.0,7806.557588520877,15198.254939343424,187.07490069019607
2228.0,7837.937260479445,15205.340671721166,188.77603684106032
2230.0,7869.316932438013,15212.426404098906,190.47717299192453
2232.0,7900.696604396582,15219.512136476647,192.17830914278875
2234.0,7930.267528606193,15226.274927593187,193.87139219742073
2236.0,7944.444301163058,15230.19486158807,195.15115962476096
2238.0,7957.852680145217,15233.96971014392,196.398653498675
2240.0,7971.261059127375,15237.744558699771,197.646147372589
2242.0,7984.669438109533,15241.51940725562,198.89364124650305
2244.0,7998.077817091691,15245.29425581147,200.1411351204171
2246.0,8011.494114147277,15249.21372848374,201.20900100085666
2248.0,8024.927910039233,15253.45281851896,201.87989141823107
2250.0,8039.8591766574455,15258.13111865558,202.54733938631492
2252.0,8057.044897095224,15263.470653014236,203.2096047202306
2254.0,8074.230617533001,15268.810187372892,203.87187005414629
2256.0,8093.55164228197,15274.745895927337,205.2433629645458
2258.0,8113.38489002138,15280.824616476742,206.7849874427161
2260.0,8133.21813776079,15286.90333702615,208.3266119208864
2262.0,8153.0513855002,15292.982057575555,209.86823639905668
2264.0,8172.884633239611,15299.06077812496,211.40986087722698
2266.0,8192.373586230764,15305.025925168222,212.945633818168
2268.0,8210.370174035093,15310.498781383432,214.45604293786417
2270.0,8229.18751121507,15316.281667092031,215.62694094135242
2272.0,8248.466798282407,15322.239049539585,216.6067487941289
2274.0,8267.746085349741,15328.196431987139,217.58655664690536
2276.0,8287.025372417078,15334.15381443469,218.5663644996818
2278.0,8310.93142179454,15341.755886565723,219.54146533226387
2280.0,8336.915177989682,15350.096527643955,220.51445241719836
2282.0,8364.761443639447,15359.149652993237,221.30192522321408
2284.0,8394.462989707976,15368.912497218565,221.90460379464264
2286.0,8424.164535776503,15378.675341443895,222.5072823660712
2288.0,8453.866081845032,15388.438185669223,223.10996093749975
2290.0,8483.567627913559,15398.201029894552,223.7126395089283
2292.0,8508.938321720665,15406.61041801943,224.55027200120148
2294.0,8530.362157069185,15413.786353849951,225.60202629072998
2296.0,8541.230888513592,15417.643919308426,226.63281258591658
2298.0,8551.775724024912,15421.399656620275,227.66295545322654
2300.0,8562.320559536234,15425.155393932124,228.6930983205365
2302.0,8572.865395047555,15428.911131243973,229.7232411878465
2304.0,8583.410230558875,15432.666868555823,230.75338405515646
2306.0,8593.955066070195,15436.422605867672,231.78352692246645
2308.0,8605.033297311706,15440.664055893387,232.532431924842
2310.0,8616.253436015812,15445.034727536138,233.206514896332
2312.0,8627.473574719917,15449.40539917889,233.880597867822
2314.0,8644.925457146843,15456.21481254511,234.54615364351469
2316.0,8663.358624117824,15463.408243558175,235.21036668019048
2318.0,8681.791791088805,15470.60167457124,235.87457971686624
2320.0,8700.224958059785,15477.795105584306,236.53879275354203
2322.0,8718.658125030766,15484.988536597373,237.20300579021782
2324.0,8737.091292001747,15492.181967610439,237.8672188268936
2326.0,8755.620052862612,15499.431968670793,238.52973748788597
2328.0,8774.55318256469,15506.921264988383,239.18508882121222
2330.0,8793.486312266767,15514.410561305973,239.8404401545385
2332.0,8812.038094242922,15521.73242405245,240.6477767067363
2334.0,8830.467147641231,15529.000401898953,241.5040264384242
2336.0,8848.896201039539,15536.268379745456,242.3602761701121
2338.0,8867.325254437848,15543.536357591958,243.21652590179997
2340.0,8885.754307836156,15550.80433543846,244.07277563348788
2342.0,8904.188143134388,15558.071776002167,244.9289425402765
2344.0,8923.097810056672,15565.285753266813,245.77686780526042
2346.0,8942.007476978955,15572.49973053146,246.62479307024432
2348.0,8960.791070417323,15579.490574532507,247.28479218882268
2350.0,8979.47459656128,15586.304312759308,247.7956301956798
2352.0,8998.15812270524,15593.11805098611,248.3064682025369
2354.0,9016.841648849198,15599.931789212911,248.81730620939402
2356.0,9035.525174993156,15606.745527439713,249.32814421625113
2358.0,9054.208701137115,15613.559265666514,249.83898222310825
2360.0,9072.892227281074,15620.373003893315,250.34982022996536
2362.0,9091.575753425032,15627.186742120117,250.86065823682247
2364.0,9110.25927956899,15634.000480346918,251.3714962436796
2366.0,9127.469924508538,15640.054848491243,251.87749658900256
2368.0,9145.778946357746,15646.294795359572,252.5305447470815
2370.0,9164.520651991079,15652.63594290005,253.23093385213986
2372.0,9183.26235762441,15658.977090440525,253.93132295719823
2374.0,9202.004063257742,15665.318237981002,254.63171206225658
2376.0,9220.745768891073,15671.65938552148,255.33210116731496
2378.0,9239.487474524405,15678.000533061955,256.0324902723733
2380.0,9258.229180157736,15684.341680602432,256.7328793774317
2382.0,9282.913195628551,15692.667369312994,257.28521854724426
2384.0,9313.549957909092,15702.994367834524,257.7441962593123
2386.0,9344.186720189631,15713.321366356056,258.20317397138024
2388.0,9374.823482470172,15723.648364877587,258.66215168344826
2390.0,9405.460244750711,15733.975363399117,259.1211293955163
2392.0,9436.09700703125,15744.302361920647,259.5801071075843
2394.0,9459.839443015222,15752.31649244161,260.0367182930517
2396.0,9475.096608403077,15757.484034333944,260.4904168489575
2398.0,9490.353773790932,15762.651576226277,260.94411540486334
2400.0,9505.610939178787,15767.81911811861,261.3978139607691
2402.0,9520.868104566642,15772.986660010944,261.8515125166749
2404.0,9536.125269954498,15778.154201903275,262.30521107258073
2406.0,9551.382435342353,15783.321743795608,262.75890962848655
2408.0,9564.688980450224,15787.667943941991,263.1060967095909
2410.0,9575.783589224002,15791.082770786652,263.33250344019393
2412.0,9586.878197997781,15794.497597631313,263.558910170797
2414.0,9597.972806771559,15797.912424475973,263.7853169014001
2416.0,9609.067415545336,15801.327251320636,264.01172363200317
2418.0,9620.162024319116,15804.742078165296,264.2381303626062
2420.0,9636.469373725407,15809.479403382826,264.466926701976
2422.0,9653.202608492056,15814.32477784658,264.6959182744223
2424.0,9669.935843258703,15819.170152310333,264.92490984686856
2426.0,9689.39008181626,15824.3338032104,264.28996514445987
2428.0,9710.171927307138,15829.652744597373,263.23349666752415
2430.0,9730.953772798017,15834.971685984348,262.17702819058843
2432.0,9751.735618288894,15840.290627371322,261.1205597136527
2434.0,9772.517463779772,15845.609568758297,260.06409123671693
2436.0,9793.299309270651,15850.92851014527,259.0076227597812
2438.0,9814.081154761529,15856.247451532245,257.9511542828455
2440.0,9834.863000252406,15861.566392919218,256.8946858059098
2442.0,9855.644845743285,15866.885334306193,255.83821732897405
2444.0,9873.597661647118,15870.302442920743,254.75423261153472
2446.0,9890.8004263037,15873.215324909475,253.66295260435936
2448.0,9907.884610107338,15875.615889040952,252.2948860439514
2450.0,9924.785257941132,15877.223502603554,250.4984173661192
2452.0,9941.685905774928,15878.831116166155,248.70194868828702
2454.0,9958.586553608722,15880.438729728758,246.90548001045482
2456.0,9975.57722466644,15882.028861233322,245.1085875630879
2458.0,9995.600709732604,15883.03003548663,243.29741864210223
2460.0,10015.62653525168,15884.016452202468,241.48624959876506
2462.0,10035.359321982727,15883.54741357854,240.5876350540219
2464.0,10054.957867607522,15882.712544612607,240.02393131165536
2466.0,10074.556413232316,15881.877675646674,239.46022756928886
2468.0,10094.154958857109,15881.042806680742,238.89652382692233
2470.0,10113.753504481903,15880.207937714807,238.33282008455583
2472.0,10133.394337377991,15878.573475714289,237.38793760301553
2474.0,10153.096127612247,15875.786395880596,235.89358383621553
2476.0,10172.797917846505,15872.999316046902,234.39923006941552
2478.0,10192.499708080763,15870.212236213209,232.90487630261552
2480.0,10212.255931449467,15865.81634904283,231.3502698008761
2482.0,10232.016641569226,15861.287852973719,229.79069685682646
2484.0,10251.777351688983,15856.759356904608,228.2311239127768
2486.0,10271.538061808742,15852.230860835496,226.67155096872713
2488.0,10291.187197488347,15847.634165491225,225.11094807526035
2490.0,10309.250311501917,15842.068022952197,223.53570453391538
2492.0,10327.31342551549,15836.50188041317,221.9604609925704
2494.0,10345.95070443984,15829.763462892202,220.71504670021244
2496.0,10365.48498833157,15821.193626449269,219.984917248799
2498.0,10385.019272223297,15812.623790006335,219.2547877973856
2500.0,10408.793729914349,15798.516260842982,218.51899156999465
2502.0,10434.43923347738,15781.965134413287,217.78069478524404
2504.0,10460.08473704041,15765.41400798359,217.0423980004934
2506.0,10485.730240603441,15748.862881553896,216.30410121574278
2508.0,10511.375744166471,15732.311755124201,215.56580443099216
2510.0,10537.021247729503,15715.760628694507,214.82750764624154
2512.0,10562.666751292534,15699.20950226481,214.08921086149093
2514.0,10584.625736041848,15683.79885598231,213.35304191614378
2516.0,10601.987265936852,15671.071450210831,212.61413006146367
2518.0,10613.772665144526,15661.787901236541,211.8710807113734
2520.0,10625.5580643522,15652.50435226225,211.1280313612831
2522.0,10637.343463559875,15643.22080328796,210.38498201119282
2524.0,10649.12886276755,15633.93725431367,209.64193266110254
2526.0,10660.914261975222,15624.653705339379,208.89888331101227
2528.0,10672.699661182896,15615.370156365088,208.15583396092197
2530.0,10679.594545376178,15606.442544100199,208.33658680863633
2532.0,10685.19159518075,15597.60938955608,208.7624963028688
2534.0,10690.788644985321,15588.776235011963,209.18840579710127
2536.0,10696.385694789895,15579.943080467847,209.61431529133372
2538.0,10702.409917372273,15570.289949999547,210.04806673563886
2540.0,10712.529973059532,15552.774697434646,210.55700864240586
2542.0,10722.65002874679,15535.259444869747,211.06595054917284
2544.0,10734.388178627525,15514.626376436636,211.57328393225768
2546.0,10747.94113022504,15490.496467329454,212.07881324759938
2548.0,10761.494081822551,15466.366558222271,212.58434256294112
2550.0,10774.830767609881,15442.416684333364,213.0894989294112
2552.0,10787.167224025105,15419.299473328976,213.59293040735014
2554.0,10798.926256368688,15396.990503216126,214.09572560508573
2556.0,10806.5254250585,15380.504241357612,214.5939369293365
2558.0,10814.124593748315,15364.017979499096,215.0921482535873
2560.0,10821.723762438129,15347.531717640582,215.5903595778381
2562.0,10828.744673636495,15331.546642756799,216.1847763860717
2564.0,10833.091143936905,15317.879557631164,217.22414355772668
2566.0,10837.437614237313,15304.212472505527,218.2635107293817
2568.0,10841.784084537723,15290.54538737989,219.30287790103668
2570.0,10846.130554838133,15276.878302254254,220.3422450726917
2572.0,10850.746506254975,15260.744516531147,221.3686155751741
2574.0,10855.56583880085,15242.749077720244,222.38517731151717
2576.0,10860.385171346728,15224.753638909342,223.40173904786027
2578.0,10865.204503892606,15206.758200098438,224.41830078420335
2580.0,10869.8699880376,15187.887989547271,225.300534678482
2582.0,10874.329674971028,15167.847629785101,226.00308327753132
2584.0,10878.789361904453,15147.80727002293,226.70563187658064
2586.0,10883.249048837879,15127.766910260758,227.40818047562996
2588.0,10887.708735771304,15107.726550498586,228.11072907467926
2590.0,10892.16842270473,15087.686190736416,228.81327767372858
2592.0,10896.628109638155,15067.645830974245,229.5158262727779
2594.0,10901.05646361705,15047.614718848368,230.21813152075345
2596.0,10903.924571683616,15028.044099100036,230.9083189354828
2598.0,10906.792679750182,15008.473479351702,231.59850635021218
2600.0,10909.660787816747,14988.90285960337,232.28869376494154
2602.0,10912.528895883313,14969.332239855035,232.97888117967088
2604.0,10915.39700394988,14949.761620106703,233.66906859440024
2606.0,10918.30156945108,14929.412853594595,234.35894683962994
2608.0,10921.573193194634,14901.141073396235,235.04171361401777
2610.0,10924.97224192076,14868.910119394655,235.66741782428682
2612.0,10928.371290646885,14836.679165393076,236.2931220345559
2614.0,10931.77033937301,14804.448211391496,236.91882624482497
2616.0,10935.169388099137,14772.217257389917,237.54453045509402
2618.0,10938.568436825262,14739.986303388338,238.1702346653631
2620.0,10941.967485551388,14707.755349386758,238.79593887563217
2622.0,10945.227167844192,14676.799314513519,239.42105960202724
2624.0,10947.248350312864,14657.185018059608,240.03934426229492
2626.0,10948.073173137913,14648.682787588727,240.62950819672113
2628.0,10948.897995962961,14640.180557117847,241.21967213114735
2630.0,10949.72281878801,14631.678326646965,241.8098360655736
2632.0,10950.547641613059,14623.176096176085,242.3999999999998
2634.0,10951.372464438107,14614.673865705203,242.99016393442605
2636.0,10952.197287263156,14606.171635234323,243.58032786885227
2638.0,10953.055286187118,14596.558018131662,244.14086302301575
2640.0,10953.994949354557,14584.208680089232,244.6284657949939
2642.0,10954.934612521996,14571.859342046804,245.11606856697207
2644.0,10956.347460598181,14552.472416775003,245.59915246606056
2646.0,10957.795698389747,14532.559147140979,246.08189839658235
2648.0,10959.243936181312,14512.645877506955,246.5646443271041
2650.0,10960.692173972877,14492.732607872933,247.0473902576259
2652.0,10962.140411764443,14472.819338238909,247.53013618814765
2654.0,10963.557272046977,14452.860624084491,248.01556957957493
2656.0,10964.799564211076,14433.082335708907,248.7162006604502
2658.0,10966.041856375175,14413.304047333324,249.4168317413255
2660.0,10967.284148539275,14393.52575895774,250.11746282220076
2662.0,10968.526440703372,14373.747470582157,250.81809390307603
2664.0,10969.768732867471,14353.969182206572,251.5187249839513
2666.0,10971.01102503157,14334.19089383099,252.21935606482657
2668.0,10972.253317195667,14314.412605455405,252.91998714570184
2670.0,10973.495609359767,14294.63431707982,253.62061822657714
2672.0,10974.737901523866,14274.856028704238,254.3212493074524
2674.0,10975.980193687965,14255.077740328654,255.02188038832767
2676.0,10977.222485852062,14235.299451953071,255.72251146920294
2678.0,10978.464778016161,14215.521163577487,256.42314255007824
2680.0,10980.070564623218,14191.268264035054,257.07433496206517
2682.0,10982.07696489754,14162.462819260056,257.5059573224434
2684.0,10984.083365171864,14133.657374485058,257.93757968282165
2686.0,10986.089765446188,14104.85192971006,258.3692020431999
2688.0,10988.096165720512,14076.046484935061,258.80082440357813
2690.0,10990.102565994834,14047.241040160063,259.2324467639564
2692.0,10992.066225470206,14019.094643509234,259.66381359629463
2694.0,10993.28563770315,14002.424278216622,260.0907309086469
2696.0,10994.505049936091,13985.753912924009,260.51764822099915
2698.0,10995.724462169035,13969.083547631397,260.9445655333514
2700.0,10996.943874401977,13952.413182338783,261.37148284570367
2702.0,10998.163286634921,13935.74281704617,261.7984001580559
2704.0,10999.284510304296,13921.645991550304,262.3549111798614
2706.0,11000.317881048377,13909.851806925211,263.0273744680198
2708.0,11001.351251792456,13898.057622300117,263.69983775617817
2710.0,11002.384622536534,13886.263437675023,264.37230104433655
2712.0,11003.417993280615,13874.469253049929,265.04476433249494
2714.0,11004.451364024693,13862.675068424836,265.7172276206533
2716.0,11005.484734768774,13850.880883799742,266.3896909088117
2718.0,11006.815445343818,13836.222734880483,267.06022468748057
2720.0,11008.441865717266,13818.716322069693,267.72883953433234
2722.0,11010.261500750848,13799.416806927788,268.15859438795263
2724.0,11012.212955132,13778.893960288955,268.425388685443
2726.0,11014.16440951315,13758.37111365012,268.69218298293345
2728.0,11016.115863894302,13737.848267011288,268.9589772804238
2730.0,11018.067318275453,13717.325420372454,269.2257715779142
2732.0,11020.018928410078,13696.80457180354,269.4925610672811
2734.0,11021.986573669534,13676.489428441766,269.75885555092367
2736.0,11023.950883208443,13656.222711444369,270.02078117711085
2738.0,11025.883209073865,13636.420317823055,270.2408171700492
2740.0,11027.815534939287,13616.617924201739,270.4608531629876
2742.0,11029.747860804711,13596.815530580425,270.6808891559259
2744.0,11031.680186670133,13577.01313695911,270.90092514886425
2746.0,11033.612512535556,13557.210743337795,271.12096114180264
2748.0,11035.544838400978,13537.408349716481,271.340997134741
2750.0,11037.4771642664,13517.605956095167,271.5610331276793
2752.0,11039.40017172727,13497.807254341562,271.7804958555
2754.0,11041.288525362974,13478.022282120452,271.99782669163864
2756.0,11043.102662893518,13458.114821634876,272.32722765459306
2758.0,11044.916050766435,13438.206123894104,272.65776063903047
2760.0,11046.729438639351,13418.29742615333,272.9882936234679
2762.0,11048.542826512266,13398.38872841256,273.3188266079053
2764.0,11050.356214385183,13378.480030671788,273.6493595923427
2766.0,11052.1696022581,13358.571332931017,273.9798925767801
2768.0,11053.818718240573,13338.251180696945,271.97526606477794
2770.0,11053.207892113587,13316.34132245538,269.2049675538497
2772.0,11052.317242276693,13294.237012866995,266.3582329247272
2774.0,11051.426592439797,13272.132703278608,263.5114982956046
2776.0,11050.535942602903,13250.028393690221,260.6647636664821
2778.0,11049.645292766008,13227.924084101836,257.8180290373595
2780.0,11048.754642929114,13205.81977451345,254.971294408237
2782.0,11047.863993092218,13183.715464925064,252.12455977911443
2784.0,11046.973343255324,13161.611155336677,249.27782514999188
2786.0,11046.08269341843,13139.50684574829,246.43109052086933
2788.0,11045.192043581535,13117.402536159905,243.58435589174678
2790.0,11044.30139374464,13095.298226571518,240.73762126262426
2792.0,11043.410743907745,13073.193916983133,237.8908866335017
2794.0,11042.520094070851,13051.089607394746,235.04415200437916
2796.0,11041.629444233957,13028.985297806359,232.1974173752566
2798.0,11040.73879439706,13006.880988217974,229.35068274613405
2800.0,11039.848144560166,12984.776678629587,226.5039481170115
2802.0,11038.957494723272,12962.6723690412,223.65721348788895
2804.0,11038.066844886378,12940.568059452815,220.8104788587664
2806.0,11037.176195049482,12918.463749864428,217.96374422964385
2808.0,11036.285545212588,12896.359440276043,215.11700960052133
2810.0,11035.394895375694,12874.255130687656,212.27027497139875
2812.0,11034.5042455388,12852.150821099269,209.42354034227623
2814.0,11033.613595701903,12830.046511510884,206.57680571315368
2816.0,11032.722945865009,12807.942201922497,203.73007108403112
2818.0,11030.846568143676,12786.362076993477,200.85702013488748
2820.0,11023.945535791478,12767.611470921525,198.68893520129555
2822.0,11015.769743380413,12749.797762883738,197.86643554992872
2824.0,11007.593950969349,12731.98405484595,197.0439358985619
2826.0,10999.418158558285,12714.170346808163,196.22143624719507
2828.0,10991.242366147222,12696.356638770378,195.39893659582827
2830.0,10983.066573736158,12678.54293073259,194.57643694446145
2832.0,10974.890781325093,12660.729222694803,193.75393729309462
2834.0,10966.714988914031,12642.915514657016,192.9314376417278
2836.0,10956.901369599369,12625.770754198098,192.10619580552444
2838.0,10945.286714033376,12609.600954980635,191.58704237650642
2840.0,10933.526601962221,12593.52584856918,191.11321052166122
2842.0,10921.766489891066,12577.450742157724,190.639378666816
2844.0,10910.006377819911,12561.375635746268,190.16554681197078
2846.0,10896.933233570337,12546.663949722664,190.36578983682253
2848.0,10883.281693566965,12532.200830000345,190.9291453074368
2850.0,10869.630153563592,12517.737710278026,191.4925007780511
2852.0,10855.97861356022,12503.274590555708,192.05585624866538
2854.0,10838.620374123355,12487.544592768701,192.61675277763226
2856.0,10817.538447319092,12470.798684019504,193.1445277859177
2858.0,10792.98609155259,12453.425029798884,193.60334615391028
2860.0,10768.433735786086,12436.051375578265,194.06216452190287
2862.0,10743.881380019584,12418.677721357644,194.5209828898955
2864.0,10719.329024253082,12401.304067137025,194.97980125788808
2866.0,10694.77666848658,12383.930412916405,195.43861962588068
2868.0,10670.224312720078,12366.556758695784,195.89743799387327
2870.0,10645.671956953576,12349.183104475165,196.35625636186586
2872.0,10627.177453280883,12337.047960002106,196.80338929301493
2874.0,10612.753135268427,12328.454602290403,197.62182638641505
2876.0,10601.185440748071,12322.348909294382,198.73333333333346
2878.0,10589.617746227716,12316.243216298362,199.84484028025187
2880.0,10578.05005170736,12310.137523302341,200.95634722717028
2882.0,10566.482357187004,12304.031830306321,202.0678541740887
2884.0,10554.914662666648,12297.9261373103,203.1793611210071
2886.0,10543.346968146292,12291.82044431428,204.29086806792552
2888.0,10531.779273625938,12285.71475131826,205.40237501484393
2890.0,10520.211579105582,12279.60905832224,206.51388196176234
2892.0,10508.643884585226,12273.50336532622,207.62538890868075
2894.0,10497.07619006487,12267.397672330198,208.73689585559913
2896.0,10485.508495544515,12261.291979334179,209.84840280251754
2898.0,10467.785973194881,12252.346346113722,210.72463185235117
2900.0,10448.012711625119,12242.377475960204,211.56152627525015
2902.0,10428.239450055356,12232.408605806684,212.39842069814915
2904.0,10408.466188485592,12222.439735653166,213.23531512104813
2906.0,10388.69292691583,12212.470865499648,214.07220954394714
2908.0,10368.919665346068,12202.50199534613,214.90910396684612
2910.0,10349.826791129271,12192.913929417178,216.10682633841157
2912.0,10332.815151833114,12184.46054188112,217.33348454541814
2914.0,10315.803512536957,12176.007154345063,218.56014275242472
2916.0,10298.7918732408,12167.553766809006,219.78680095943128
2918.0,10281.790913339175,12159.105930045487,221.00730564311368
2920.0,10265.752585949773,12151.158435702953,221.67313640791278
2922.0,10249.714258560372,12143.21094136042,222.33896717271188
2924.0,10233.675931170972,12135.263447017884,223.00479793751097
2926.0,10217.637603781572,12127.31595267535,223.67062870231007
2928.0,10200.638518934633,12118.795032053486,224.3263966146148
2930.0,10183.599657866544,12110.25037106893,224.98174791579353
2932.0,10166.560796798454,12101.705710084376,225.63709921697225
2934.0,10148.952262789431,12092.789625096233,226.51938197481985
2936.0,10130.636823702442,12083.41264141456,227.6832631508869
2938.0,10112.321384615452,12074.035657732888,228.8471443269539
2940.0,10094.005945528465,12064.658674051214,230.01102550302093
2942.0,10075.311822478647,12055.032581888068,231.1747749441665
2944.0,10055.271755446753,12044.518135849576,232.0
2946.0,10034.21093919683,12033.325001357423,232.0
2948.0,10013.150122946909,12022.13186686527,232.0
2950.0,9992.089306696987,12010.938732373115,232.0
2952.0,9971.028490447065,11999.745597880963,232.0
2954.0,9950.363105793527,11988.737481785516,232.20115653362416
2956.0,9931.665034351874,11978.649851406468,233.40308768888673
2958.0,9912.966962910219,11968.56222102742,234.60501884414927
2960.0,9894.268891468566,11958.474590648371,235.80694999941184
2962.0,9875.570820026913,11948.386960269323,237.00888115467438
2964.0,9859.599969993298,11939.70970265239,238.191748713147
2966.0,9844.063862076198,11931.257270360553,239.37157737335033
2968.0,9829.070303616974,11923.084588643263,240.4522849462368
2970.0,9814.695074183292,11915.230731132035,241.42002688172067
2972.0,9800.31984474961,11907.376873620806,242.38776881720455
2974.0,9785.944615315928,11899.523016109577,243.35551075268842
2976.0,9771.569385882247,11891.669158598348,244.3232526881723
2978.0,9757.194156448564,11883.81530108712,245.29099462365616
2980.0,9742.818927014883,11875.96144357589,246.25873655914003
2982.0,9728.4436975812,11868.10758606466,247.2264784946239
2984.0,9712.601059192619,11859.494352729173,248.09618858759515
2986.0,9690.914172682627,11847.856754086695,248.57546736315516
2988.0,9666.118028769182,11834.618845264966,249.0528216813866
2990.0,9638.171799115058,11819.75961224192,249.5282262718205
2992.0,9610.225569460932,11804.900379218876,250.0036308622544
2994.0,9582.279339806808,11790.04114619583,250.4790354526883
2996.0,9554.333110152682,11775.181913172786,250.9544400431222
2998.0,9526.386880498558,11760.32268014974,251.4298446335561
3000.0,9498.440650844432,11745.463447126696,251.90524922398998
3002.0,9475.298430657458,11733.204740144616,252.70778033347833
3004.0,9453.352004674362,11721.593345368743,253.59173842559326
3006.0,9434.169586618742,11711.456796900968,254.47388822616625
3008.0,9420.210615233049,11704.107426053095,255.35262070136213
3010.0,9406.251643847358,11696.75805520522,256.23135317655795
3012.0,9393.319839132033,11689.944790610458,257.04326242835566
3014.0,9387.559980857919,11686.874760142176,257.3885944507063
3016.0,9381.800122583805,11683.804729673897,257.73392647305695
3018.0,9376.040264309691,11680.734699205615,258.0792584954076
3020.0,9370.280406035577,11677.664668737336,258.42459051775825
3022.0,9364.520547761464,11674.594638269054,258.7699225401089
3024.0,9355.693516475862,11669.725709433109,259.22804077471244
3026.0,9340.743626706648,11661.265721308904,259.9113090135512
3028.0,9325.793736937434,11652.805733184698,260.59457725238997
3030.0,9309.879731207375,11643.788497315512,261.276874415466
3032.0,9282.463126880013,11628.122894040287,261.94758594448996
3034.0,9255.046522552653,11612.457290765062,262.6182974735139
3036.0,9227.629918225291,11596.791687489836,263.28900900253785
3038.0,9200.213313897932,11581.126084214611,263.9597205315618
3040.0,9172.79670957057,11565.460480939386,264.63043206058575
3042.0,9145.38010524321,11549.79487766416,265.3011435896097
3044.0,9117.963500915848,11534.129274388935,265.97185511863364
3046.0,9090.546896588488,11518.46367111371,266.6425666476576
3048.0,9064.830440010697,11503.759190006118,267.15522487601334
3050.0,9048.086841593838,11494.183227897845,267.4849359627168
3052.0,9031.34324317698,11484.607265789575,267.81464704942033
3054.0,9014.599644760121,11475.031303681302,268.14435813612386
3056.0,8997.856046343262,11465.45534157303,268.4740692228274
3058.0,8981.112447926402,11455.879379464757,268.80378030953085
3060.0,8964.368849509543,11446.303417356485,269.1334913962344
3062.0,8947.625251092684,11436.727455248214,269.4632024829379
3064.0,8930.881652675826,11427.151493139942,269.7929135696414
3066.0,8914.138054258967,11417.575531031669,270.1226246563449
3068.0,8897.394455842106,11407.999568923397,270.4523357430484
3070.0,8880.650857425248,11398.423606815124,270.78204682975195
3072.0,8863.907259008389,11388.847644706851,271.1117579164555
3074.0,8847.16366059153,11379.27168259858,271.44146900315894
3076.0,8830.42006217467,11369.695720490308,271.77118008986247
3078.0,8813.67646375781,11360.119758382036,272.100891176566
3080.0,8796.932865340952,11350.543796273763,272.4306022632695
3082.0,8780.189266924093,11340.96783416549,272.760313349973
3084.0,8768.877596674005,11334.579700819386,273.2067741935484
3086.0,8760.693834921733,11330.044346205033,273.98096774193556
3088.0,8752.510073169458,11325.508991590681,274.75516129032263
3090.0,8744.326311417184,11320.973636976329,275.5293548387097
3092.0,8736.142549664912,11316.438282361976,276.30354838709684
3094.0,8727.958787912637,11311.902927747624,277.0777419354839
3096.0,8719.775026160363,11307.367573133271,277.85193548387105
3098.0,8711.591264408089,11302.832218518917,278.6261290322581
3100.0,8701.425321736882,11297.160398149932,279.2312110202531
3102.0,8687.367230035032,11289.261529656109,279.67633302456284
3104.0,8670.008785361319,11279.477679021835,280.11818434353006
3106.0,8652.650340687607,11269.69382838756,280.5600356624973
3108.0,8635.291896013894,11259.909977753287,281.0018869814645
3110.0,8617.93345134018,11250.126127119012,281.44373830043173
3112.0,8600.57500666647,11240.342276484736,281.88558961939896
3114.0,8583.216561992756,11230.558425850462,282.3274409383662
3116.0,8565.858117319045,11220.774575216188,282.7692922573334
3118.0,8548.499672645332,11210.990724581914,283.2111435763006
3120.0,8531.14122797162,11201.20687394764,283.65299489526785
3122.0,8513.503511198956,11191.399624604333,284.0904142090287
3124.0,8495.826497803153,11181.58908280806,284.52720989143154
3126.0,8478.149484407351,11171.778541011785,284.96400557383436
3128.0,8460.472471011548,11161.96799921551,285.4008012562372
3130.0,8442.795457615744,11152.157457419236,285.83759693864
3132.0,8425.43275725648,11142.498125822474,286.3244899378431
3134.0,8408.256087407675,11132.928290070087,286.84103372569854
3136.0,8391.079417558869,11123.358454317698,287.35757751355396
3138.0,8373.902747710064,11113.78861856531,287.8741213014094
3140.0,8356.72607786126,11104.218782812923,288.3906650892648
3142.0,8339.549408012454,11094.648947060534,288.90720887712024
3144.0,8322.28005884044,11084.890105929022,289.4219966043419
3146.0,8304.95359291424,11075.014783867287,289.93570210005737
3148.0,8287.627126988038,11065.139461805553,290.44940759577275
3150.0,8270.300661061836,11055.264139743818,290.9631130914882
3152.0,8253.173148435317,11045.447698746795,291.22805476377005
3154.0,8236.061026928945,11035.635812816427,291.4737519505341
3156.0,8218.927543792941,11025.805289951224,291.71925756527617
3158.0,8201.637203882681,11015.83791753237,291.96335648165626
3160.0,8184.3468639724215,11005.870545113514,292.2074553980364
3162.0,8167.056524062163,10995.903172694658,292.4515543144165
3164.0,8149.766184151904,10985.935800275804,292.69565323079667
3166.0,8132.475844241644,10975.968427856948,292.93975214717676
3168.0,8115.185504331385,10966.001055438093,293.1838510635569
3170.0,8097.8951644211265,10956.033683019237,293.427949979937
3172.0,8080.604824510867,10946.066310600381,293.67204889631716
3174.0,8063.314484600608,10936.098938181527,293.91614781269726
3176.0,8044.914682968996,10925.409635727308,294.1598629790145
3178.0,8023.769132429442,10912.933666308329,294.4026284223301
3180.0,8002.623581889887,10900.457696889349,294.64539386564576
3182.0,7981.478031350332,10887.981727470367,294.8881593089614
3184.0,7960.133606647172,10875.306089459338,295.24431627516776
3186.0,7938.61929639143,10862.459887266019,295.697336409396
3188.0,7917.104986135688,10849.6136850727,296.1503565436242
3190.0,7895.590675879946,10836.767482879382,296.6033766778524
3192.0,7874.076365624203,10823.921280686063,297.0563968120806
3194.0,7852.562055368461,10811.075078492744,297.50941694630876
3196.0,7831.047745112719,10798.228876299425,297.962437080537
3198.0,7813.882620129163,10787.93087367785,298.36687227369396
3200.0,7800.450442134291,10779.677867799397,298.76474658284644
3202.0,7788.389801740946,10772.170073407508,299.1617304880138
3204.0,7776.329161347601,10764.662279015616,299.5587143931812
3206.0,7764.268520954257,10757.154484623727,299.9556982983486
3208.0,7752.207880560912,10749.646690231837,300.35268220351594
3210.0,7740.147240167567,10742.138895839946,300.7496661086833
3212.0,7728.086599774223,10734.631101448056,301.14665001385066
3214.0,7716.025959380879,10727.123307056167,301.543633919018
3216.0,7703.9653189875335,10719.615512664275,301.9406178241854
3218.0,7688.098513358793,10708.821619007058,302.20070923809493
3220.0,7671.562225456899,10697.44971964859,302.43672206094044
3222.0,7649.171041740861,10681.55714317695,302.67237292868134
3224.0,7625.172307652298,10664.423346296262,302.907924416163
3226.0,7601.173573563734,10647.289549415576,303.1434759036447
3228.0,7577.17483947517,10630.155752534889,303.3790273911264
3230.0,7553.176105386607,10613.021955654202,303.6145788786081
3232.0,7529.177371298043,10595.888158773514,303.8501303660898
3234.0,7504.725308977674,10578.266736681253,304.0540055675843
3236.0,7479.4803117088895,10559.79238939074,304.20247448190537
3238.0,7454.235314440105,10541.318042100225,304.3509433962264
3240.0,7428.99031717132,10522.843694809711,304.4994123105475
3242.0,7403.745319902536,10504.369347519196,304.64788122486857
3244.0,7378.500322633751,10485.895000228682,304.7963501391896
3246.0,7353.255325364967,10467.420652938168,304.9448190535107
3248.0,7333.248688563605,10452.63736755355,305.22140948279775
3250.0,7319.720578982881,10442.416990026191,305.57299066730485
3252.0,7311.394188657284,10435.858774675193,305.9233488996291
3254.0,7303.067798331686,10429.300559324196,306.27370713195336
3256.0,7294.741408006089,10422.742343973197,306.6240653642776
3258.0,7286.4150176804915,10416.1841286222,306.97442359660187
3260.0,7278.088627354894,10409.625913271202,307.3247818289261
3262.0,7269.762237029297,10403.067697920205,307.67514006125043
3264.0,7261.529866974164,10396.553142811943,308.01688864506247
3266.0,7254.495358227473,10390.5948391932,308.2489463634783
3268.0,7247.460849480783,10384.636535574455,308.4810040818942
3270.0,7240.426340734091,10378.67823195571,308.71306180031
3272.0,7233.3918319874,10372.719928336966,308.94511951872585
3274.0,7223.313279219237,10364.361177733004,309.1765132569272
3276.0,7208.175867149586,10352.01315382247,309.40680353458055
3278.0,7193.038455079935,10339.665129911935,309.63709381223384
3280.0,7177.901043010284,10327.317106001401,309.86738408988714
3282.0,7162.763630940633,10314.969082090867,310.0976743675405
3284.0,7147.6262188709825,10302.621058180333,310.3279646451938
3286.0,7132.4888068013315,10290.2730342698,310.5582549228471
3288.0,7117.351394731681,10277.925010359266,310.78854520050044
3290.0,7102.21398266203,10265.57698644873,311.01883547815373
3292.0,7087.076570592379,10253.228962538196,311.24912575580703
3294.0,7071.939158522728,10240.880938627663,311.4794160334604
3296.0,7056.801746453077,10228.532914717129,311.7097063111137
3298.0,7041.664334383426,10216.184890806595,311.939996588767
3300.0,7025.539287636654,10202.99858721572,312.21262105183064
3302.0,7009.0662313755565,10189.516901829142,312.50016266963314
3304.0,6992.593175114459,10176.035216442564,312.78770428743564
3306.0,6976.1201188533605,10162.553531055986,313.0752459052382
3308.0,6960.614320159212,10149.715492802201,313.3619670401315
3310.0,6945.334536047363,10137.02785258389,313.648496456595
3312.0,6930.054751935515,10124.340212365578,313.93502587305846
3314.0,6914.774967823667,10111.652572147268,314.2215552895219
3316.0,6899.495183711819,10098.964931928957,314.5080847059854
3318.0,6884.21539959997,10086.277291710645,314.7946141224489
3320.0,6869.006173909691,10073.559126245393,315.06025200174196
3322.0,6853.9618103779485,10060.44597074231,315.2723346504342
3324.0,6838.9140139593765,10047.253382101371,315.48424835368127
3326.0,6823.866217540804,10034.06079346043,315.6961620569284
3328.0,6808.818421122232,10020.868204819491,315.9080757601755
3330.0,6793.77062470366,10007.67561617855,316.11998946342266
3332.0,6778.722828285088,9994.483027537612,316.33190316666975
3334.0,6763.675031866516,9981.29043889667,316.54381686991684
3336.0,6748.627235447944,9968.097850255732,316.755730573164
3338.0,6733.579439029372,9954.905261614791,316.9676442764111
3340.0,6718.523440492696,9941.716001962646,317.17944028702004
3342.0,6703.391588377375,9928.557528957324,317.39014787050934
3344.0,6688.2597362620545,9915.399055952004,317.6008554539986
3346.0,6673.127884146734,9902.240582946684,317.8115630374878
3348.0,6658.004385589668,9889.089431430499,318.0357644506396
3350.0,6642.9515684539,9876.000228756018,318.37414033054165
3352.0,6627.898751318132,9862.911026081538,318.71251621044377
3354.0,6612.845934182363,9849.821823407057,319.0508920903458
3356.0,6597.7931170465945,9836.732620732577,319.38926797024794
3358.0,6582.740299910826,9823.643418058096,319.72764385015006
3360.0,6567.687482775057,9810.554215383616,320.0660197300521
3362.0,6552.734105557869,9797.441184049067,320.40399017578807
3364.0,6537.916445104462,9784.295631080588,320.7414072802326
3366.0,6523.095801611238,9771.150664369332,321.0373122278108
3368.0,6508.265371902968,9758.007620944256,321.1970316334219
3370.0,6493.215272952583,9744.921651874216,321.35627693313825
3372.0,6478.125569526298,9731.84597281973,321.51543675563755
3374.0,6463.035866100014,9718.770293765243,321.6745965781369
3376.0,6447.946162673728,9705.694614710757,321.8337564006362
3378.0,6432.856459247443,9692.618935656272,321.9929162231355
3380.0,6417.766755821159,9679.543256601786,322.15207604563483
3382.0,6402.6770523948735,9666.4675775473,322.3112358681342
3384.0,6387.587348968588,9653.391898492815,322.4703956906335
3386.0,6372.497645542304,9640.316219438328,322.6295555131328
3388.0,6357.407942116019,9627.240540383842,322.78871533563216
3390.0,6342.318238689734,9614.164861329356,322.94787515813147
3392.0,6327.211375906352,9601.08208482798,323.1014880742926
3394.0,6312.096156707434,9587.995851949121,323.2523997089285
3396.0,6296.980937508515,9574.909619070262,323.40331134356444
3398.0,6281.889004081159,9561.78973023088,323.5539424251592
3400.0,6266.823119847789,9548.632191333736,323.70425965927967
3402.0,6251.757235614417,9535.474652436591,323.8545768934002
3404.0,6236.691351381046,9522.317113539446,324.0048941275207
3406.0,6221.6254671476745,9509.159574642303,324.1552113616412
3408.0,6206.559582914303,9496.002035745158,324.30552859576164
3410.0,6191.4936986809325,9482.844496848014,324.45584582988215
3412.0,6176.427814447561,9469.68695795087,324.60616306400266
3414.0,6161.36193021419,9456.529419053726,324.75648029812317
3416.0,6146.296045980818,9443.371880156581,324.9067975322437
3418.0,6131.163060397484,9430.1769250241,325.0568602063717
3420.0,6115.967065196856,9416.946835238283,325.2066838431673
3422.0,6100.77106999623,9403.716745452466,325.35650747996294
3424.0,6085.575074795603,9390.486655666651,325.50633111675853
3426.0,6070.379079594976,9377.256565880834,325.6561547535541
3428.0,6055.18308439435,9364.026476095018,325.8059783903497
3430.0,6039.987089193723,9350.796386309203,325.9558020271453
3432.0,6025.074328378356,9337.859676409347,326.11076975442353
3434.0,6010.15044921787,9324.95240376058,326.26779451049936
3436.0,5995.020911562815,9311.897076913074,326.4246678198929
3438.0,5979.89137390776,9298.841750065567,326.5815411292864
3440.0,5964.761836252705,9285.78642321806,326.7384144386799
3442.0,5949.63229859765,9272.731096370553,326.89528774807343
3444.0,5934.502760942595,9259.675769523046,327.05216105746695
3446.0,5919.37322328754,9246.620442675538,327.20903436686046
3448.0,5904.243685632485,9233.56511582803,327.365907676254
3450.0,5888.347132504669,9219.826743429305,327.52270261635397
3452.0,5869.196394390832,9203.19044177558,327.6791650622769
3454.0,5850.045656276995,9186.554140121854,327.8356275081999
3456.0,5830.894918163158,9169.917838468129,327.9920899541228
3458.0,5809.422917645496,9151.189037208773,328.17276025901526
3460.0,5787.827315677426,9132.348815549116,328.3547195721969
3462.0,5766.231713709356,9113.508593889459,328.5366788853786
3464.0,5744.636111741285,9094.668372229802,328.7186381985602
3466.0,5723.0405097732155,9075.828150570145,328.90059751174186
3468.0,5701.444907805146,9056.987928910488,329.08255682492353
3470.0,5679.849305837075,9038.147707250831,329.2645161381052
3472.0,5658.253703869005,9019.307485591175,329.44647545128686
3474.0,5637.277318682397,9001.008830601271,329.6282402860215
3476.0,5617.790290351984,8984.012766330541,329.80953735596495
3478.0,5598.303262021573,8967.01670205981,329.9908344259084
3480.0,5582.805742256179,8953.517046643949,330.1711689325743
3482.0,5567.520653900624,8940.20356630462,330.35145218513935
3484.0,5552.23556554507,8926.890085965293,330.5317354377044
3486.0,5536.950477189515,8913.576605625964,330.7120186902695
3488.0,5521.6653888339615,8900.263125286636,330.89230194283454
3490.0,5506.380300478408,8886.949644947308,331.0725851953996
3492.0,5491.095212122853,8873.63616460798,331.25286844796466
3494.0,5475.810123767299,8860.322684268653,331.4331517005297
3496.0,5460.525035411745,8847.009203929325,331.6134349530948
3498.0,5445.23994705619,8833.695723589995,331.79371820565984
3500.0,5429.954858700637,8820.382243250668,331.9740014582249
3502.0,5414.669770345083,8807.06876291134,332.15428471079
3504.0,5399.384681989528,8793.755282572012,332.3345679633551
3506.0,5384.099593633974,8780.441802232684,332.51485121592015
3508.0,5371.837691536889,8769.771946580766,332.69465131346783
3510.0,5361.0894146312585,8760.425680209002,332.87420950874974
3512.0,5350.414413906205,8751.151128885003,333.03585400777405
3514.0,5339.910844097121,8742.044356179249,333.15558909867065
3516.0,5329.407274288038,8732.937583473495,333.2753241895672
3518.0,5318.903704478954,8723.83081076774,333.3950592804638
3520.0,5308.400134669871,8714.724038061986,333.5147943713604
3522.0,5297.896564860787,8705.617265356232,333.6345294622569
3524.0,5287.392995051704,8696.510492650477,333.7542645531535
3526.0,5276.88942524262,8687.403719944721,333.8739996440501
3528.0,5266.385855433537,8678.296947238967,333.9937347349467
3530.0,5255.882285624453,8669.190174533212,334.11346982584325
3532.0,5245.37871581537,8660.083401827458,334.23320491673985
3534.0,5234.875146006287,8650.976629121704,334.35294000763645
3536.0,5224.371576197203,8641.86985641595,334.472675098533
3538.0,5213.868006388119,8632.763083710195,334.5924101894296
3540.0,5203.364436579036,8623.65631100444,334.7121452803262
3542.0,5192.860866769953,8614.549538298686,334.8318803712227
3544.0,5181.869473795876,8605.020459735226,334.9516165452762
3546.0,5161.516162254363,8587.38246245104,335.0
3548.0,5139.890142297048,8568.639734818085,335.0
3550.0,5118.264122339733,8549.897007185133,335.0
3552.0,5096.638102382418,8531.15427955218,335.0
3554.0,5075.012082425103,8512.411551919227,335.0
3556.0,5053.386062467787,8493.668824286275,335.0
3558.0,5031.760042510473,8474.926096653322,335.0
3560.0,5010.134022553158,8456.18336902037,335.0
3562.0,4988.508002595842,8437.440641387417,335.0
3564.0,4966.881982638527,8418.697913754464,335.0
3566.0,4945.255962681212,8399.955186121511,335.0
3568.0,4930.523643972966,8387.16158464932,335.051276457273
3570.0,4920.400618106868,8378.342760642694,335.1852352716291
3572.0,4910.277592240771,8369.523936636066,335.3191940859852
3574.0,4900.154566374673,8360.70511262944,335.4531529003413
3576.0,4890.031540508575,8351.886288622813,335.58711171469747
3578.0,4879.908514642478,8343.067464616186,335.7210705290536
3580.0,4869.78548877638,8334.248640609558,335.8550293434097
3582.0,4859.662462910282,8325.429816602931,335.9889881577658
3584.0,4849.5394370441845,8316.610992596305,336.1229469721219
3586.0,4839.4164111780865,8307.792168589678,336.256905786478
3588.0,4829.2933853119885,8298.97334458305,336.39086460083416
3590.0,4819.170359445891,8290.154520576423,336.52482341519027
3592.0,4809.047333579793,8281.335696569797,336.6587822295464
3594.0,4798.924307713695,8272.516872563168,336.7927410439025
3596.0,4788.801281847597,8263.698048556542,336.9266998582586
3598.0,4775.810878074914,8252.353763516103,337.05977801462757
3600.0,4761.142139704371,8239.541841245313,337.192087177037
3602.0,4746.473401333828,8226.729918974524,337.32439633944654
3604.0,4731.804662963286,8213.917996703736,337.45670550185605
3606.0,4717.135924592743,8201.106074432946,337.5890146642655
3608.0,4702.4671862222,8188.294152162158,337.721323826675
3610.0,4687.798447851657,8175.48222989137,337.85363298908453
3612.0,4673.129709481115,8162.67030762058,337.98594215149404
3614.0,4657.496073164644,8149.0398406052445,338.05277302353636
3616.0,4641.747728700756,8135.312064074823,338.1118197631574
3618.0,4625.999384236867,8121.584287544401,338.1708665027785
3620.0,4610.251039772978,8107.85651101398,338.22991324239956
3622.0,4594.50269530909,8094.128734483557,338.28895998202063
3624.0,4578.754350845201,8080.400957953136,338.3480067216417
3626.0,4563.615807572168,8067.242014658651,338.40698099824755
3628.0,4548.60652451541,8054.203647558841,338.46593991478994
3630.0,4533.597241458652,8041.165280459031,338.5248988313323
3632.0,4518.587958401894,8028.126913359221,338.5838577478747
3634.0,4503.578675345137,8015.0885462594115,338.642816664417
3636.0,4488.569392288378,8002.050179159602,338.70177558095935
3638.0,4472.850417247441,7988.400950730499,338.7607405619666
3640.0,4454.744533574296,7972.69721103105,338.81972593960194
3642.0,4436.6386499011505,7956.993471331601,338.87871131723733
3644.0,4418.532766228005,7941.289731632151,338.93769669487267
3646.0,4400.42688255486,7925.585991932703,338.996682072508
3648.0,4380.014942637191,7907.885825002443,339.0
3650.0,4359.46555565859,7890.066665720678,339.0
3652.0,4338.916168679991,7872.247506438913,339.0
3654.0,4318.36678170139,7854.428347157148,339.0
3656.0,4297.81739472279,7836.609187875383,339.0
3658.0,4277.26800774419,7818.790028593618,339.0
3660.0,4256.71862076559,7800.970869311854,339.0
3662.0,4236.280439329525,7783.243341382166,339.0435340329409
3664.0,4216.541373230851,7766.099964619434,339.14941018721106
3666.0,4196.809870825225,7748.962933691049,339.2552835842563
3668.0,4177.0783684195985,7731.8259027626655,339.36115698130146
3670.0,4157.3468660139715,7714.688871834281,339.4670303783467
3672.0,4137.615363608345,7697.551840905896,339.5729037753919
3674.0,4117.883861202718,7680.414809977511,339.67877717243715
3676.0,4098.152358797092,7663.277779049126,339.7846505694823
3678.0,4078.420856391466,7646.140748120742,339.89052396652755
3680.0,4058.6893539858397,7629.003717192357,339.9963973635728
3682.0,4043.289918217339,7615.6128605827425,340.1019794721408
3684.0,4028.0430858026984,7602.353968417138,340.2075513196481
3686.0,4012.7962533880577,7589.095076251534,340.3131231671554
3688.0,3997.549420973417,7575.836184085931,340.4186950146628
3690.0,3982.3025885587763,7562.577291920326,340.52426686217007
3692.0,3967.0557561441356,7549.318399754723,340.6298387096774
3694.0,3951.808923729495,7536.059507589119,340.73541055718476
3696.0,3936.562091314854,7522.8006154235145,340.84098240469206
3698.0,3921.3152589002134,7509.541723257911,340.9465542521994
3700.0,3908.709515855149,7498.577541816043,341.0
3702.0,3899.307174653885,7490.396642287353,341.0
3704.0,3893.5362534452993,7485.370945927076,341.0
3706.0,3887.7653322367137,7480.345249566798,341.0
3708.0,3881.994411028128,7475.319553206521,341.0
3710.0,3876.2234898195425,7470.293856846243,341.0
3712.0,3870.452568610957,7465.268160485966,341.0
3714.0,3864.6816474023713,7460.2424641256885,341.0
3716.0,3858.9107261937856,7455.216767765411,341.0
3718.0,3853.068609678239,7450.129190248695,341.0
3720.0,3843.9905516301396,7442.229014363466,341.0
3722.0,3834.91249358204,7434.328838478239,341.0
3724.0,3825.834435533941,7426.428662593011,341.0
3726.0,3816.7563774858413,7418.528486707783,341.0
3728.0,3803.1703918422318,7406.710688640919,341.0
3730.0,3788.5030120474808,7393.953103138732,341.0
3732.0,3773.8356322527297,7381.195517636545,341.0
3734.0,3756.542138337401,7366.158826264839,341.0
3736.0,3735.956754890643,7348.265227535564,341.0
3738.0,3715.371371443885,7330.37162880629,341.0
3740.0,3694.7859879971274,7312.478030077014,341.0
3742.0,3674.2006045503695,7294.58443134774,341.0
3744.0,3653.6152211036115,7276.690832618465,341.0
3746.0,3633.0298376568535,7258.7972338891905,341.0
3748.0,3612.4444542100955,7240.903635159915,341.0
3750.0,3591.8590707633375,7223.010036430641,341.0
3752.0,3571.2736873165795,7205.116437701366,341.0
3754.0,3550.6883038698215,7187.222838972091,341.0
3756.0,3530.102920423064,7169.329240242816,341.0
3758.0,3509.517536976306,7151.435641513542,341.0
3760.0,3489.8224494730107,7134.318793359364,341.0
3762.0,3477.8868999585607,7123.968491609097,341.0
3764.0,3467.1651940254137,7114.676141601251,341.0
3766.0,3456.4434880922668,7105.383791593406,341.0
3768.0,3445.72178215912,7096.091441585561,341.0
3770.0,3435.000076225973,7086.799091577716,341.0
3772.0,3424.278370292826,7077.506741569871,341.0
3774.0,3413.556664359679,7068.214391562025,341.0
3776.0,3402.834958426532,7058.92204155418,341.0
3778.0,3392.113252493385,7049.629691546335,341.0
3780.0,3381.9282980942885,7040.795622251721,340.96126749953385
3782.0,3372.016104319743,7032.1944371234895,340.9028523333511
3784.0,3362.103910545198,7023.593251995257,340.84443716716834
3786.0,3352.1917167706524,7014.992066867024,340.7860220009856
3788.0,3342.279522996107,7006.390881738791,340.7276068348029
3790.0,3332.3673292215617,6997.789696610558,340.6691916686201
3792.0,3319.688019451729,6986.761932541917,340.6102763201558
3794.0,3304.8292323600986,6973.82291004422,340.5509670106355
3796.0,3289.970445268468,6960.883887546523,340.4916577011152
3798.0,3275.1116581768374,6947.944865048825,340.43234839159487
3800.0,3260.252871085207,6935.005842551127,340.37303908207457
3802.0,3245.3940839935767,6922.06682005343,340.31372977255427
3804.0,3230.535296901946,6909.127797555732,340.2544204630339
3806.0,3215.6765098103156,6896.1887750580345,340.1951111535136
3808.0,3200.817722718685,6883.249752560338,340.1358018439933
3810.0,3185.958935627055,6870.31073006264,340.076492534473
3812.0,3171.100148535424,6857.371707564942,340.0171832249527
3814.0,3155.4334391686107,6843.716654925724,337.949657897227
3816.0,3139.437178400539,6829.769533675786,335.062981491288
3818.0,3123.440917632467,6815.822412425849,332.17630508534904
3820.0,3107.4446568643953,6801.875291175911,329.2896286794101
3822.0,3091.8134612798235,6788.2318217558395,326.2977714245113
3824.0,3076.322730126626,6774.705187036926,323.265444223947
3826.0,3060.8319989734287,6761.178552318013,320.2331170233826
3828.0,3045.3412678202317,6747.6519175991,317.20078982281825
3830.0,3029.8505366670342,6734.125282880187,314.16846262225386
3832.0,3014.3951402205157,6720.356847798189,309.95149676377906
3834.0,2998.846267606193,6706.364840037782,305.5251958156664
3836.0,2983.2973949918705,6692.372832277376,301.0988948675538
3838.0,2967.7485223775484,6678.380824516969,296.67259391944117
3840.0,2952.199649763226,6664.388816756564,292.2462929713285
3842.0,2936.650777148903,6650.396808996157,287.8199920232159
3844.0,2921.1019045345806,6636.404801235751,283.3936910751033
3846.0,2905.553031920258,6622.412793475344,278.9673901269906
3848.0,2890.0041593059354,6608.420785714938,274.541089178878
3850.0,2874.4552866916133,6594.428777954531,270.1147882307654
3852.0,2857.189363475588,6578.31377648915,266.2602133528188
3854.0,2837.6724217063456,6559.30158321394,262.85316586368754
3856.0,2818.1554799371033,6540.28938993873,259.44611837455625
3858.0,2798.6385381678615,6521.27719666352,256.03907088542496
3860.0,2779.121596398619,6502.26500338831,252.63202339629365
3862.0,2759.604654629377,6483.2528101131,249.22497590716233
3864.0,2741.575178435728,6465.33038820467,245.75063182858776
3866.0,2726.968481777359,6449.915619040313,242.12143281224505
3868.0,2712.36178511899,6434.500849875955,238.49223379590237
3870.0,2697.7550884606217,6419.086080711599,234.86303477955965
3872.0,2684.4995637724533,6404.416951779968,231.40259740259773
3874.0,2676.293155393985,6392.534162665371,228.57279562542752
3876.0,2668.086747015517,6380.651373550774,225.7429938482573
3878.0,2659.880338637049,6368.768584436178,222.91319207108708
3880.0,2651.673930258581,6356.88579532158,220.08339029391686
3882.0,2643.467521880113,6345.003006206984,217.25358851674667
3884.0,2635.261113501645,6333.120217092387,214.42378673957646
3886.0,2627.054705123177,6321.2374279777905,211.59398496240624
3888.0,2618.872048396028,6309.097345449087,208.91163940813195
3890.0,2610.9461273677375,6293.664046665223,207.85040314782444
3892.0,2603.0072193019246,6276.904129637396,206.7865618445789
3894.0,2595.068311236112,6260.14421260957,205.72272054133333
3896.0,2587.8134824441245,6238.115606910212,204.64549296379806
3898.0,2580.56459097834,6216.041272704663,203.56814920283176
3900.0,2574.2048736123925,6192.109499150005,202.6138857955872
3902.0,2568.8372790960125,6166.105231558154,201.79695300928927
3904.0,2563.469684579633,6140.100963966302,200.98002022299133
3906.0,2558.102090063253,6114.0966963744495,200.1630874366934
3908.0,2552.734495546873,6088.092428782598,199.34615465039545
3910.0,2548.5140641939424,6064.55463757367,198.52690390255316
3912.0,2546.9169127557207,6046.65707101768,197.70235254695413
3914.0,2545.319761317499,6028.759504461689,196.8778011913551
3916.0,2543.722609879277,6010.861937905699,196.0532498357561
3918.0,2542.125458441055,5992.964371349709,195.22869848015708
3920.0,2542.0042907756406,5977.030033226156,195.3308346301763
3922.0,2542.4496308162225,5961.849215606078,195.7886492250772
3924.0,2542.894970856804,5946.668397986001,196.2464638199781
3926.0,2543.3403108973857,5931.487580365923,196.70427841487898
3928.0,2543.785650937967,5916.306762745845,197.16209300977985
3930.0,2544.2308327567207,5899.131480084814,197.61467284401064
3932.0,2544.6758677528555,5880.105425097213,198.06239505978957
3934.0,2545.120902748991,5861.079370109611,198.51011727556852
3936.0,2545.5659377451257,5842.05331512201,198.95783949134744
3938.0,2545.71974711627,5820.4977751120805,199.96781730219362
3940.0,2545.8432818824244,5798.679280357419,201.03624486671288
3942.0,2545.966816648579,5776.860785602758,202.10467243123216
3944.0,2545.4861864303293,5753.0560234488,203.15128596708712
3946.0,2544.783664622969,5728.521765145602,204.18988786769313
3948.0,2544.0811428156085,5703.9875068424035,205.22848976829914
3950.0,2543.378621008248,5679.453248539205,206.26709166890515
3952.0,2542.676099200887,5654.918990236006,207.30569356951116
3954.0,2541.9735773935267,5630.384731932807,208.34429547011717
3956.0,2541.2710555861663,5605.850473629609,209.38289737072319
3958.0,2540.3622212975893,5582.982230631596,210.54082574229074
3960.0,2539.1513319800442,5562.55314351161,211.87345590809977
3962.0,2537.6922524511883,5546.262632589007,213.19258461285972
3964.0,2536.1977249906577,5530.563216558911,214.5097849624833
3966.0,2534.7031975301265,5514.863800528815,215.82698531210687
3968.0,2533.2086700695954,5499.164384498719,217.14418566173043
3970.0,2531.2537227061025,5483.7139239961925,218.28278899197946
3972.0,2528.444753016654,5468.725245396115,219.09011680413374
3974.0,2525.6357833272054,5453.736566796036,219.89744461628806
3976.0,2522.826813637757,5438.747888195957,220.70477242844234
3978.0,2519.5975799841176,5422.9069903244235,221.50930249552871
3980.0,2515.119673857284,5404.815641963834,222.21176841357942
3982.0,2509.899303042168,5385.666483129201,222.76023336961265
3984.0,2504.6789322270524,5366.5173242945675,223.30869832564588
3986.0,2499.4585614119364,5347.368165459934,223.85716328167914
3988.0,2494.238190596821,5328.2190066253,224.40562823771236
3990.0,2489.017819781705,5309.069847790666,224.9540931937456
3992.0,2483.0934254019858,5290.224912950312,225.49753050507363
3994.0,2476.2044148985906,5271.796809853729,226.03407920160151
3996.0,2469.3154043951954,5253.368706757147,226.57062789812943
3998.0,2462.4263938917998,5234.940603660565,227.10717659465735
4000.0,2455.5373833884046,5216.512500563983,227.64372529118523
4002.0,2448.6483728850094,5198.084397467401,228.18027398771315
4004.0,2437.4624652485422,5174.829517828653,228.71400450935093
4006.0,2423.593049403884,5148.560208458665,229.2459750178407
4008.0,2409.7236335592256,5122.290899088678,229.77794552633046
4010.0,2395.8542177145673,5096.021589718691,230.30991603482022
4012.0,2381.984801869909,5069.752280348704,230.84188654330998
4014.0,2367.067733160806,5043.979754841115,231.53941974230628
4016.0,2351.7075859675306,5018.417331599442,232.3069735258251
4018.0,2336.3474387742554,4992.85490835777,233.0745273093439
4020.0,2320.98729158098,4967.292485116097,233.8420810928627
4022.0,2306.6576326983427,4944.515491665439,234.60826108470997
4024.0,2293.4443405317616,4924.756058993007,235.37295279640782
4026.0,2280.6793079684817,4906.203401048307,236.067644449084
4028.0,2269.956346931352,4893.148272418821,236.443446943995
4030.0,2259.2333858942225,4880.093143789336,236.81924943890604
4032.0,2248.510424857093,4867.03801515985,237.19505193381704
4034.0,2237.7874638199632,4853.982886530364,237.57085442872804
4036.0,2227.064502782834,4840.927757900879,237.94665692363907
4038.0,2217.241337053662,4831.371962177425,238.63559670781902
4040.0,2207.567020596865,4822.395046063871,239.37633744855975
4042.0,2197.892704140068,4813.418129950317,240.11707818930049
4044.0,2188.218387683271,4804.4412138367625,240.85781893004125
4046.0,2178.544071226474,4795.464297723208,241.59855967078198
4048.0,2168.869754769677,4786.487381609654,242.33930041152271
4050.0,2159.059445238274,4777.348356896282,243.05289122882903
4052.0,2148.1265810473324,4766.871206954085,243.54237303804325
4054.0,2136.6970620656166,4755.767612100071,244.02984141899321
4056.0,2124.6344559899226,4743.865486362782,244.5147432779395
4058.0,2112.571849914228,4731.963360625493,244.9996451368858
4060.0,2100.509243838534,4720.061234888203,245.48454699583206
4062.0,2088.4466377628396,4708.159109150914,245.96944885477836
4064.0,2076.3840316871456,4696.256983413625,246.45435071372466
4066.0,2064.321425611451,4684.354857676336,246.93925257267094
4068.0,2052.0801846509103,4670.975325995664,247.74956427047883
4070.0,2039.813359589682,4657.384200132565,248.6064811881427
4072.0,2027.5465345284535,4643.793074269465,249.4633981058066
4074.0,2015.2981275433194,4630.1334018416965,250.3199087604818
4076.0,2003.3449694083297,4615.374901594106,251.16990686305132
4078.0,1991.3918112733397,4600.616401346515,252.0199049656208
4080.0,1979.43865313835,4585.857901098925,252.8699030681903
4082.0,1968.2352558318203,4568.5403786207025,253.29775390625008
4084.0,1957.1673515447985,4550.760402469447,253.64931640625008
4086.0,1946.099447257777,4532.980426318192,254.00087890625008
4088.0,1935.0315429707555,4515.200450166937,254.35244140625005
4090.0,1923.963638683734,4497.420474015682,254.70400390625005
4092.0,1912.8957343967124,4479.640497864427,255.05556640625005
4094.0,1901.827830109691,4461.860521713172,255.40712890625005
4096.0,1890.7599258226694,4444.080545561917,255.75869140625002
4098.0,1880.0844548328207,4425.183608012106,256.097332023145
4100.0,1872.416591071082,4401.300503102925,256.40498008091276
4102.0,1864.7673736592217,4377.395343033535,256.7126046134581
4104.0,1857.1181562473614,4353.490182964145,257.02022914600343
4106.0,1849.4689388355011,4329.585022894755,257.32785367854876
4108.0,1841.8197214236409,4305.679862825365,257.63547821109404
4110.0,1834.1705040117806,4281.774702755974,257.9431027436394
4112.0,1826.5212865999206,4257.869542686584,258.2507272761847
4114.0,1818.8720691880603,4233.964382617194,258.55835180873004
4116.0,1811.2228517762,4210.059222547804,258.8659763412753
4118.0,1803.5736343643398,4186.154062478413,259.17360087382065
4120.0,1795.9244169524795,4162.248902409023,259.481225406366
4122.0,1788.2751995406193,4138.343742339633,259.78884993891126
4124.0,1781.6107506799606,4116.484167265887,260.10793287488735
4126.0,1777.1016278512045,4099.1016874306115,260.4520943891427
4128.0,1773.3494510750493,4084.1758266103634,260.79575602411234
4130.0,1770.258051962332,4071.394476574114,261.13898128839827
4132.0,1767.1666528496146,4058.6131265378644,261.48220655268426
4134.0,1764.0752537368974,4045.831776501615,261.8254318169702
4136.0,1761.5755386652254,4032.403773925431,262.16705737246167
4138.0,1759.6882450063022,4018.306454898926,262.50702715248525
4140.0,1757.8009513473792,4004.2091358724206,262.8469969325088
4142.0,1755.913657688456,3990.1118168459157,263.18696671253235
4144.0,1754.026364029533,3976.0144978194103,263.52693649255593
4146.0,1752.1390703706097,3961.9171787929054,263.8669062725795
4148.0,1750.2517767116867,3947.8198597664,264.2068760526031
4150.0,1748.3644830527637,3933.722540739895,264.5468458326266
4152.0,1745.7571188696786,3909.511427594535,264.8846619288228
4154.0,1742.7730554191721,3879.4781455143257,265.27539096585923
4156.0,1739.6828052668427,3847.677376394868,265.6938829359281
4158.0,1736.5925551145135,3815.8766072754106,266.112374905997
4160.0,1733.502304962184,3784.0758381559535,266.53086687606594
4162.0,1730.412054809855,3752.275069036496,266.9493588461348
4164.0,1727.3218046575255,3720.4742999170385,267.3678508162037
4166.0,1724.2315545051963,3688.6735307975814,267.7863427862726
4168.0,1722.0104801996551,3665.0865636602234,268.20216971561393
4170.0,1720.3653137527085,3646.941985572116,268.61623081367486
4172.0,1718.7201473057619,3628.7974074840085,269.03029191173573
4174.0,1717.0749808588153,3610.652829395901,269.44435300979666
4176.0,1715.4298144118688,3592.508251307793,269.8584141078575
4178.0,1714.2747736077395,3579.3523898373633,270.3079650662423
4180.0,1713.374416073474,3568.7888078757383,270.77595756876315
4182.0,1712.4740585392087,3558.2252259141133,271.2439500712841
4184.0,1711.5737010049434,3547.6616439524882,271.71194257380495
4186.0,1710.673343470678,3537.0980619908632,272.1799350763258
4188.0,1709.7729859364129,3526.5344800292382,272.64792757884675
4190.0,1708.8726284021475,3515.9708980676132,273.1159200813676
4192.0,1707.9722708678821,3505.4073161059882,273.58391258388855
4194.0,1707.0719133336167,3494.8437341443628,274.0519050864094
4196.0,1705.4526084586175,3477.7995234294563,274.5175838532472
4198.0,1703.770895155958,3460.1927598990237,274.98306177560323
4200.0,1701.7414506479236,3439.625001852721,275.31306199424205
4202.0,1699.6988747510443,3418.945427639922,275.6379461623802
4204.0,1697.6562988541648,3398.2658534271227,275.96283033051833
4206.0,1695.6137229572853,3377.5862792143234,276.2877144986565
4208.0,1693.5711470604058,3356.906705001524,276.6125986667946
4210.0,1691.558220840178,3336.6506764879055,276.93679097221695
4212.0,1689.644109114756,3317.8062132599257,277.25867748302505
4214.0,1687.729997389334,3298.9617500319455,277.5805639938331
4216.0,1685.8158856639118,3280.1172868039653,277.9024505046412
4218.0,1683.6947404530279,3258.7381302172425,278.3863582962681
4220.0,1681.4835699202474,3236.256801269265,278.94071854599514
4222.0,1679.272399387467,3213.775472321287,279.4950787957222
4224.0,1677.0612288546863,3191.2941433733095,280.0494390454493
4226.0,1674.8500583219059,3168.8128144253315,280.6037992951763
4228.0,1672.6388877891252,3146.331485477354,281.15815954490336
4230.0,1670.4277172563447,3123.8501565293764,281.71251979463045
4232.0,1668.2165467235643,3101.3688275813984,282.2668800443575
4234.0,1665.4609478692578,3072.130141208887,282.81901168355915
4236.0,1662.039446505248,3034.6263791780266,283.3684174591653
4238.0,1658.6179451412381,2997.122617147166,283.9178232347714
4240.0,1655.1964437772283,2959.6188551163054,284.46722901037754
4242.0,1651.791891485773,2922.2910609462238,285.0081304902714
4244.0,1648.930176004291,2890.5990814731786,285.2766604441895
4246.0,1646.0684605228091,2858.9071020001334,285.5451903981075
4248.0,1643.752978313578,2833.265762021418,285.81347306620273
4250.0,1642.861832564577,2823.4018323127993,286.08111092148374
4252.0,1641.970686815576,2813.5379026041805,286.3487487767648
4254.0,1641.079541066575,2803.6739728955617,286.6163866320458
4256.0,1640.188395317574,2793.810043186943,286.8840244873269
4258.0,1639.297249568573,2783.946113478324,287.1516623426079
4260.0,1638.406103819572,2774.0821837697054,287.4193001978889
4262.0,1637.514958070571,2764.2182540610866,287.68693805316997
4264.0,1636.62381232157,2754.3543243524673,287.954575908451
4266.0,1635.731897823671,2744.3884771715634,288.206692207723
4268.0,1634.8398261810491,2734.401796409005,288.45563564961077
4270.0,1633.9022116783485,2723.9040241163143,288.7045194844625
4272.0,1632.2325127973559,2705.190647348204,288.9524451585859
4274.0,1630.562813916363,2686.4772705800933,289.20037083270927
4276.0,1628.8931150353703,2667.763893811983,289.44829650683266
4278.0,1627.2234161543777,2649.0505170438723,289.69622218095606
4280.0,1625.5537172733848,2630.337140275762,289.94414785507945
4282.0,1623.6397604640806,2609.1694877439477,290.27240701492315
4284.0,1621.6547770574798,2587.288168075396,290.6240259657023
4286.0,1619.669793650879,2565.406848406844,290.97564491648143
4288.0,1617.6997744034843,2543.815651538194,291.3268540384541
4290.0,1615.8090313939094,2523.761450084073,291.6758919936086
4292.0,1613.9182883843346,2503.707248629953,292.02492994876314
4294.0,1612.0275453747597,2483.653047175833,292.3739679039177
4296.0,1610.1368023651848,2463.5988457217127,292.7230058590722
4298.0,1608.24605935561,2443.544644267592,293.07204381422673
4300.0,1606.3553163460351,2423.490442813472,293.42108176938126
4302.0,1604.46457333646,2403.4362413593517,293.7701197245358
4304.0,1602.5931195967132,2383.582817666021,294.0889733332461
4306.0,1600.758878923494,2364.116736585247,294.34959497660304
4308.0,1598.9246382502747,2344.650655504473,294.61021661996
4310.0,1597.0903975770552,2325.184574423699,294.870838263317
4312.0,1595.256156903836,2305.7184933429253,295.13145990667397
4314.0,1593.4466363952802,2286.049621154502,295.3908425672436
4316.0,1591.641128500608,2266.347831611963,295.65002411428503
4318.0,1589.8356206059357,2246.6460420694243,295.9092056613265
4320.0,1588.0301127112634,2226.944252526885,296.1683872083679
4322.0,1586.2246048165912,2207.2424629843463,296.4275687554093
4324.0,1584.419096921919,2187.5406734418075,296.6867503024508
4326.0,1582.6135890272467,2167.8388838992687,296.9459318494922
4328.0,1580.8174535298133,2148.0367659745825,297.2719580958846
4330.0,1579.0230094372444,2128.171687929458,297.6146666976677
4332.0,1577.2279128876355,2108.2760345046268,297.9565898499742
4334.0,1575.4328163380267,2088.380381079796,298.29851300228063
4336.0,1573.6377197884178,2068.4847276549644,298.64043615458706
4338.0,1571.842623238809,2048.5890742301335,298.9823593068935
4340.0,1570.0475266892001,2028.6934208053024,299.3242824592
4342.0,1568.2524301395913,2008.7977673804712,299.6662056115064
4344.0,1566.4280936183454,1988.9510235854157,300.0070925994932
4346.0,1564.5989724916433,1969.1122829883243,300.34781003747094
4348.0,1562.7698513649414,1949.2735423912327,300.6885274754486
4350.0,1560.939003583748,1929.4378116361008,301.01702893376773
4352.0,1559.0897660940395,1909.6341371589272,301.21542427863534
4354.0,1557.240528604331,1889.8304626817533,301.4138196235029
4356.0,1555.3912911146224,1870.0267882045796,301.6122149683705
4358.0,1553.542053624914,1850.2231137274057,301.81061031323804
4360.0,1551.6928161352055,1830.419439250232,302.00900565810565
4362.0,1549.848761535499,1810.6350316678581,302.2068897550532
4364.0,1548.0078120235762,1790.862166950497,302.40446756155853
4366.0,1546.166862511653,1771.089302233136,302.60204536806384
4368.0,1544.3259129997302,1751.3164375157749,302.79962317456915
4370.0,1542.4849634878074,1731.5435727984138,302.99720098107446
4372.0,1540.641432414159,1711.6893687142185,303.2583731363877
4374.0,1538.7978642428357,1691.8339957633823,303.5204591580829
4376.0,1536.9542960715123,1671.978622812546,303.78254517977797
4378.0,1535.1107279001892,1652.1232498617096,304.0446312014731
4380.0,1533.2671597288659,1632.2678769108734,304.3067172231682
4382.0,1531.4235915575427,1612.4125039600372,304.5688032448634
4384.0,1529.5800233862194,1592.557131009201,304.8308892665585
4386.0,1527.7364552148963,1572.7017580583647,305.09297528825357
4388.0,1525.8927713908201,1552.8402632016875,305.35495343110966
4390.0,1524.0472126691363,1532.8795234387237,305.6151827026907
4392.0,1522.2016539474525,1512.91878367576,305.8754119742717
4394.0,1520.3560952257687,1492.9580439127965,306.1356412458527
4396.0,1518.5105365040847,1472.9973041498329,306.3958705174337
4398.0,1516.664977782401,1453.036564386869,306.6560997890147
4400.0,1514.819419060717,1433.0758246239054,306.91632906059573
4402.0,1513.091446933788,1414.0900858562818,307.1481280819759
4404.0,1511.3951382377686,1395.1449000280434,307.3662333202789
4406.0,1509.653614207933,1375.4076276899077,307.58392382400837
4408.0,1507.9120901780975,1355.6703553517718,307.8016143277378
4410.0,1506.170566148262,1335.933083013636,308.01930483146725
4412.0,1504.4290421184264,1316.1958106755003,308.2369953351967
4414.0,1502.6875180885909,1296.4585383373644,308.45468583892614
4416.0,1500.9459940587556,1276.7212659992288,308.6723763426556
4418.0,1498.4912073139496,1249.3741738801543,308.8900555629382
4420.0,1495.1882535418501,1212.9779641128857,309.10772136565765
4422.0,1491.8852997697506,1176.5817543456174,309.32538716837706
4424.0,1488.5823459976514,1140.1855445783488,309.54305297109653
4426.0,1485.2793922255519,1103.7893348110802,309.760718773816
4428.0,1481.9764384534526,1067.3931250438116,309.9783845765354
4430.0,1478.9181949348038,1033.8915026046388,310.0
4432.0,1475.886931806474,1000.7090212509862,310.0
4434.0,1473.907139067106,979.164881614378,310.0
4436.0,1472.3622523154604,962.4345575193562,310.0
4438.0,1470.8173655638147,945.7042334243343,310.0
4440.0,1469.2724788121693,928.9739093293125,310.0
4442.0,1467.7275920605236,912.2435852342908,310.0
4444.0,1466.182705308878,895.5132611392689,310.0
4446.0,1464.6378185572325,878.7829370442471,310.0
4448.0,1463.0929318055869,862.0526129492252,310.0
4450.0,1461.8791596305093,849.1272926571505,310.21682590233524
4452.0,1460.9178775181028,839.1034624131064,310.5989915074308
4454.0,1459.9565954056964,829.0796321690624,310.9811571125264
4456.0,1458.9953132932899,819.0558019250183,311.36332271762194
4458.0,1458.0340311808834,809.0319716809743,311.7454883227175
4460.0,1457.072749068477,799.0081414369301,312.12765392781307
4462.0,1456.1114669560707,788.984311192886,312.5098195329086
4464.0,1455.1501848436642,778.960480948842,312.89198513800415
4466.0,1454.1889027312577,768.9366507047979,313.2741507430997
4468.0,1453.2276206188512,758.9128204607539,313.6563163481953
4470.0,1452.1048255632738,747.1411286929371,314.0114635288548
4472.0,1449.5395528428228,719.7592253852011,314.1253082292058
4474.0,1446.370994911154,685.7951673900652,314.2390345397001
4476.0,1443.0417512626,650.0779448470038,314.3527293169186
4478.0,1439.712507614046,614.3607223039423,314.4664240941371
4480.0,1436.383263965492,578.643499760881,314.58011887135564
4482.0,1433.054020316938,542.9262772178197,314.6938136485741
4484.0,1429.7247766683838,507.20905467475825,314.8075084257926
4486.0,1426.3955330198298,471.49183213169687,314.9212032030111
4488.0,1423.243131709444,437.62257038581964,315.05824405058
4490.0,1421.9703971508818,423.62017903606284,315.2466019592485
4492.0,1420.8410605593922,411.13803776170437,315.43482459769405
4494.0,1419.7117239679028,398.6558964873459,315.6230472361396
4496.0,1418.5823873764132,386.1737552129874,315.81126987458515
4498.0,1417.4530507849236,373.6916139386289,315.99949251303076
4500.0,1416.323714193434,361.20947266427044,316.1877151514763
4502.0,1415.1943776019443,348.7273313899119,316.37593778992186
4504.0,1414.065041010455,336.24519011555344,316.5641604283674
4506.0,1412.9357044189653,323.763048841195,316.75238306681297
4508.0,1411.8063678274757,311.2809075668365,316.9406057052585
4510.0,1410.677031235986,298.79876629247804,317.1288283437041
4512.0,1409.5476946444965,286.3166250181195,317.3170509821496
4514.0,1408.4183580530068,273.83448374376104,317.5052736205952
4516.0,1407.2890214615175,261.3523424694025,317.6934962590408
4518.0,1406.1596848700278,248.87020119504407,317.88171889748634
4520.0,1405.0303482785382,236.38805992068558,318.0699415359319
4522.0,1403.8553440601422,223.43611847762855,318.25808894987676
4524.0,1402.2049952342372,205.59412708177183,318.4454533680068
4526.0,1400.5546464083322,187.7521356859151,318.63281778613685
4528.0,1398.904297582427,169.9101442900584,318.82018220426687
4530.0,1397.2410161048654,151.93253738249314,319.00452424190945
4532.0,1395.2695807550724,130.72354017868926,319.1168502479381
4534.0,1393.2981454052795,109.51454297488539,319.2291762539667
4536.0,1391.3267100554865,88.3055457710815,319.34150225999537
4538.0,1389.3552747056935,67.09654856727762,319.453828266024
4540.0,1387.3838393559006,45.88755136347373,319.56615427205264
4542.0,1385.4566994387887,25.107278528401295,319.67843484068993
4544.0,1383.633879094424,5.336688639521565,319.79060840034316
4546.0,1381.8110587500591,-14.433901249358165,319.9027819599964
4548.0,1379.9882384056943,-34.2044911382379,320.01495551964956
4550.0,1378.1654180613295,-53.975081027117625,320.1271290793028
4552.0,1376.3425977169647,-73.74567091599735,320.239302638956
4554.0,1374.5197773726,-93.51626080487709,320.35147619860925
4556.0,1372.7043687609914,-113.28484303637782,320.46360604924917
4558.0,1370.9261304017368,-133.04335675436448,320.57551669675445
4560.0,1369.1478920424825,-152.80187047235117,320.6874273442597
4562.0,1367.369653683228,-172.56038419033786,320.7993379917649
4564.0,1365.5914153239735,-192.31889790832452,320.9112486392701
4566.0,1363.8081355729155,-212.09288024951135,321.02311631122717
4568.0,1362.0055361257514,-231.92614167692162,321.1348192916541
4570.0,1360.2029366785873,-251.75940310433188,321.24652227208094
4572.0,1358.4003372314232,-271.5926645317422,321.35822525250785
4574.0,1356.5855068424646,-291.42126034704324,321.46987051408206
4576.0,1354.7280986460464,-311.2336144421722,321.58131484736833
4578.0,1352.870690449628,-331.0459685373012,321.6927591806546
4580.0,1351.0132822532096,-350.8583226324302,321.8042035139409
4582.0,1349.1558740567914,-370.67067672755917,321.9156478472271
4584.0,1347.298465860373,-390.4830308226882,322.02709218051336
4586.0,1345.4410576639546,-410.29538491781716,322.13853651379964
4588.0,1343.5836494675364,-430.1077390129461,322.2499808470859
4590.0,1341.733293697736,-449.9382705715142,322.36140421657177
4592.0,1339.9237350623464,-469.87395578276755,322.4727063139013
4594.0,1338.1141764269569,-489.8096409940209,322.58400841123085
4596.0,1336.3046177915674,-509.7453262052743,322.6953105085604
4598.0,1334.495059156178,-529.6810114165277,322.80661260588994
4600.0,1332.6855005207885,-549.616696627781,322.9179147032195
4602.0,1330.882404108406,-569.5556772463137,323.0145983307054
4604.0,1329.0974634654247,-589.5039163900597,323.07021101910675
4606.0,1327.312522822443,-609.4521555338056,323.1258237075081
4608.0,1325.5275821794617,-629.4003946775516,323.1814363959095
4610.0,1323.74264153648,-649.3486338212975,323.2370490843109
4612.0,1321.9577008934984,-669.2968729650436,323.2926617727123
4614.0,1320.1631152284626,-689.2057324869118,323.3482507806627
4616.0,1318.3573634580198,-709.0690019617816,323.40381237359935
4618.0,1316.5516116875772,-728.9322714366514,323.4593739665361
4620.0,1314.7458599171343,-748.7955409115211,323.5149355594728
4622.0,1312.9401081466917,-768.6588103863909,323.5704971524095
4624.0,1311.1343563762491,-788.5220798612606,323.6260587453462
4626.0,1309.3286046058063,-808.3853493361305,323.68162033828287
4628.0,1307.5044873691788,-828.2681400414016,323.7371605365994
4630.0,1305.6292319412985,-848.205287135109,323.7926411621193
4632.0,1303.7539765134181,-868.1424342288163,323.84812178763923
4634.0,1301.8787210855378,-888.0795813225237,323.90360241315915
4636.0,1300.0034656576574,-908.0167284162311,323.95908303867907
4638.0,1298.1278463334008,-927.9617519283024,324.0363497493145
4640.0,1296.251204633611,-947.9289044253011,324.1748249847986
4642.0,1294.374562933821,-967.8960569222997,324.31330022028266
4644.0,1292.497921234031,-987.8632094192983,324.4517754557667
4646.0,1290.6212795342412,-1007.830361916297,324.59025069125073
4648.0,1288.7446378344514,-1027.7975144132956,324.7287259267348
4650.0,1286.8679961346616,-1047.7646669102942,324.86720116221886
4652.0,1285.0234244636913,-1067.706770549808,325.00370722349345
4654.0,1283.23018737373,-1087.5868274847214,325.0957486343655
4656.0,1281.4369502837685,-1107.4668844196347,325.1877900452376
4658.0,1279.6437131938073,-1127.346941354548,325.27983145610966
4660.0,1277.850476103846,-1147.2269982894613,325.37187286698173
4662.0,1276.0572390138846,-1167.1070552243748,325.4639142778538
4664.0,1274.2640019239232,-1186.987112159288,325.5559556887258
4666.0,1272.4478757369761,-1206.8617383312512,325.64798397182994
4668.0,1270.5770822405163,-1226.7233939085563,325.739980901152
4670.0,1268.7062887440566,-1246.5850494858614,325.83197783047416
4672.0,1266.8354952475968,-1266.4467050631665,325.9239747597963
4674.0,1264.9626171893572,-1286.3134637983017,326.0
4676.0,1263.0798166170457,-1306.2045135647068,326.0
4678.0,1261.1970160447345,-1326.0955633311119,326.0
4680.0,1259.314215472423,-1345.9866130975167,326.0
4682.0,1257.4314149001116,-1365.8776628639218,326.0
4684.0,1255.5638244834436,-1385.7730495702947,326.0
4686.0,1253.7444678605395,-1405.6821893948395,326.0
4688.0,1251.9251112376357,-1425.591329219384,326.0
4690.0,1250.1537305488164,-1445.5011241905647,326.10229357798164
4692.0,1248.3860072182006,-1465.4109691056592,326.2123853211009
4694.0,1246.618283887585,-1485.3208140207537,326.32247706422015
4696.0,1244.8505605569694,-1505.2306589358482,326.4325688073394
4698.0,1243.0828372263538,-1525.1405038509429,326.5426605504587
4700.0,1241.3151138957382,-1545.0503487660374,326.652752293578
4702.0,1239.5473905651227,-1564.9601936811318,326.76284403669723
4704.0,1237.779667234507,-1584.8700385962263,326.8729357798165
4706.0,1236.0119439038915,-1604.779883511321,326.9830275229358
4708.0,1234.1886369323895,-1624.685402149695,327.06636128917404
4710.0,1232.3298010346386,-1644.5836917647239,327.1447542771385
4712.0,1230.470965136888,-1664.4819813797528,327.22314726510285
4714.0,1228.6121292391372,-1684.3802709947818,327.30154025306723
4716.0,1226.7532933413866,-1704.2785606098107,327.3799332410316
4718.0,1224.8944574436357,-1724.1768502248397,327.45832622899604
4720.0,1223.035621545885,-1744.0751398398688,327.5367192169604
4722.0,1221.1767856481342,-1763.9734294548978,327.6151122049248
4724.0,1219.3179497503836,-1783.8717190699267,327.69350519288923
4726.0,1217.459113852633,-1803.7700086849557,327.7718981808536
4728.0,1215.6002779548821,-1823.6682982999846,327.850291168818
4730.0,1213.7414420571315,-1843.5665879150135,327.92868415678237
4732.0,1211.886973870018,-1863.4573840824924,328.00823863654114
4734.0,1210.0765187670174,-1883.2726693554262,328.099497379766
4736.0,1208.2660636640169,-1903.08795462836,328.1907561229908
4738.0,1206.483538137506,-1922.9143823124339,328.28193474166636
4740.0,1204.7058242444111,-1942.7427295815685,328.37309955669684
4742.0,1202.9281103513163,-1962.571076850703,328.4642643717274
4744.0,1201.1503964582214,-1982.3994241198377,328.55542918675786
4746.0,1199.3726825651265,-2002.2277713889723,328.6465940017884
4748.0,1197.5949686720319,-2022.0561186581067,328.7377588168189
4750.0,1195.817254778937,-2041.8844659272413,328.8289236318494
4752.0,1193.998622950596,-2061.8565283397834,328.92009444288306
4754.0,1192.141582934289,-2081.9377032107764,329.0
4756.0,1190.2590823387593,-2101.925470408495,329.0
4758.0,1188.3765817432295,-2121.9132376062134,329.0
4760.0,1186.4940811476995,-2141.901004803932,329.0
4762.0,1184.6115805521697,-2161.888772001651,329.0
4764.0,1182.7322431009238,-2181.8665738606965,329.0
4766.0,1180.8717217614308,-2201.7850964364466,329.0
4768.0,1179.0112004219377,-2221.703619012196,329.0
4770.0,1177.1506790824446,-2241.622141587946,329.0
4772.0,1175.2901577429516,-2261.5406641636955,329.0
4774.0,1173.4296364034583,-2281.4591867394456,329.0
4776.0,1171.5691150639652,-2301.3777093151953,329.0
4778.0,1169.7085937244722,-2321.296231890945,329.0
4780.0,1167.848072384979,-2341.2147544666946,329.0
4782.0,1165.984602528059,-2361.170108354859,329.0
4784.0,1163.6834193171928,-2386.59314479415,329.0
4786.0,1161.3822361063267,-2412.0161812334404,329.0
4788.0,1158.9860384079188,-2438.7788958845745,329.0612424762125
4790.0,1156.543802761939,-2466.190732968252,329.1521591419301
4792.0,1154.1015671159594,-2493.60257005193,329.2430758076477
4794.0,1151.6593314699799,-2521.014407135607,329.33399247336524
4796.0,1149.2170958240001,-2548.426244219285,329.42490913908284
4798.0,1146.7748601780204,-2575.8380813029626,329.51582580480044
4800.0,1144.3326245320407,-2603.2499183866403,329.60674247051804
4802.0,1141.890388886061,-2630.661755470318,329.6976591362356
4804.0,1139.4481532400812,-2658.0735925539957,329.7885758019532
4806.0,1137.0059175941014,-2685.485429637673,329.8794924676708
4808.0,1134.6833879257927,-2711.522418429778,329.9703796586009
4810.0,1133.3195711865433,-2726.5045221125806,330.09100973898035
4812.0,1132.1536291424716,-2739.1927388093395,330.2261169803532
4814.0,1130.9876870983999,-2751.8809555060984,330.361224221726
4816.0,1129.8217450543282,-2764.5691722028573,330.49633146309884
4818.0,1128.6558030102565,-2777.2573888996158,330.6314387044717
4820.0,1127.4898609661848,-2789.9456055963747,330.76654594584454
4822.0,1126.323918922113,-2802.6338222931336,330.90165318721733
4824.0,1125.1301682569974,-2815.5222924518657,331.0113620108191
4826.0,1123.862019948752,-2828.9465096214217,331.0531213155139
4828.0,1122.5938716405067,-2842.370726790977,331.0948806202088
4830.0,1121.3257233322613,-2855.7949439605327,331.13663992490365
4832.0,1120.057575024016,-2869.219161130088,331.17839922959854
4834.0,1118.7894267157706,-2882.643378299644,331.2201585342934
4836.0,1117.1335612822097,-2900.266080731924,331.2618904349487
4838.0,1114.8383383145474,-2924.8122152472015,331.3035771454951
4840.0,1112.543115346885,-2949.358349762479,331.34526385604147
4842.0,1110.2478923792228,-2973.9044842777566,331.38695056658787
4844.0,1107.9526694115605,-2998.450618793034,331.4286372771342
4846.0,1105.6574464438982,-3022.996753308312,331.4703239876806
4848.0,1103.3622234762358,-3047.5428878235894,331.51201069822696
4850.0,1101.0670005085735,-3072.089022338867,331.55369740877336
4852.0,1098.7717775409112,-3096.6351568541445,331.5953841193197
4854.0,1096.476554573249,-3121.181291369422,331.6370708298661
4856.0,1094.1813316055866,-3145.7274258846996,331.67875754041245
4858.0,1091.8861086379243,-3170.273560399977,331.72044425095885
4860.0,1089.590885670262,-3194.8196949152543,331.76213096150525
4862.0,1087.2956627025997,-3219.3658294305324,331.8038176720516
4864.0,1085.0004397349373,-3243.9119639458095,331.845504382598
4866.0,1082.705216767275,-3268.458098461087,331.88719109314434
4868.0,1080.699011446433,-3290.1037001732925,331.9288828310173
4870.0,1078.8209943619172,-3310.462826168448,331.9705767986645
4872.0,1077.0944369405993,-3329.2538519206737,332.0
4874.0,1075.7310539169728,-3344.2848411772306,332.0
4876.0,1074.367670893346,-3359.315830433787,332.0
4878.0,1073.0042878697193,-3374.346819690344,332.0
4880.0,1071.6409048460928,-3389.3778089469006,332.0
4882.0,1070.277521822466,-3404.4087982034575,332.0
4884.0,1068.9141387988393,-3419.439787460014,332.0
4886.0,1067.5507557752126,-3434.470776716571,332.0
4888.0,1066.187372751586,-3449.5017659731275,332.0
4890.0,1064.813357385907,-3464.601116879312,332.0
4892.0,1063.360018001791,-3480.210489070435,332.0
4894.0,1061.906678617675,-3495.8198612615583,332.0
4896.0,1060.453339233559,-3511.4292334526817,332.0
4898.0,1058.9999998494432,-3527.038605643805,332.0
4900.0,1057.5466604653272,-3542.6479778349285,332.0
4902.0,1056.0933210812111,-3558.257350026052,332.0
4904.0,1054.5839412921132,-3574.3865979207994,332.0
4906.0,1052.7419056878214,-3593.70935164034,332.0
4908.0,1050.8429097266169,-3613.5982121791803,332.0
4910.0,1048.9439137654126,-3633.487072718021,332.0
4912.0,1047.0449178042084,-3653.375933256861,332.0
4914.0,1045.1459218430039,-3673.2647937957013,332.0
4916.0,1043.2469258817996,-3693.1536543345414,332.0
4918.0,1041.3479299205953,-3713.042514873382,332.0
4920.0,1039.4489339593908,-3732.931375412222,332.0
4922.0,1037.5499379981866,-3752.8202359510624,332.0
4924.0,1035.6509420369823,-3772.7090964899025,332.0
4926.0,1033.757604451067,-3792.6108945724936,332.0
4928.0,1031.90192661859,-3812.5987994760103,332.0
4930.0,1030.0462487861132,-3832.586704379527,332.0
4932.0,1028.1905709536363,-3852.574609283044,332.0
4934.0,1026.3348931211594,-3872.5625141865607,332.0
4936.0,1024.4792152886828,-3892.5504190900774,332.0
4938.0,1022.6144691809587,-3912.558357993684,331.98910764259864
4940.0,1020.6220670534511,-3932.5739226562964,331.91145487099016
4942.0,1018.5957163424191,-3952.5353641001425,331.83376394211535
4944.0,1016.569365631387,-3972.4968055439886,331.7560730132405
4946.0,1014.543014920355,-3992.4582469878346,331.67838208436564
4948.0,1012.5166642093228,-4012.4196884316802,331.6006911554908
4950.0,1010.4903134982907,-4032.3811298755263,331.523000226616
4952.0,1008.4639627872587,-4052.3425713193724,331.4453092977411
4954.0,1006.4376120762265,-4072.3040127632185,331.36761836886626
4956.0,1004.4112613651945,-4092.2654542070645,331.2899274399914
4958.0,1002.3849106541624,-4112.226895650911,331.2122365111166
4960.0,1000.3585599431302,-4132.188337094756,331.13454558224174
4962.0,998.3322092320982,-4152.149778538603,331.0568546533669
4964.0,996.3531781291164,-4171.572518426202,331.0
4966.0,994.4960523592466,-4189.299305871181,331.0
4968.0,992.6372246280665,-4206.9727577718495,331.0
4970.0,990.7783968968864,-4224.646209672517,331.0
4972.0,988.9195691657063,-4242.319661573186,331.0
4974.0,987.0607414345262,-4259.9931134738545,331.0
4976.0,985.2019137033461,-4277.666565374523,331.0
4978.0,983.343085972166,-4295.340017275191,331.0
4980.0,980.3856704663003,-4320.725532507804,331.0
4982.0,977.2592414566377,-4347.297519022248,331.0
4984.0,973.3298065200041,-4379.442462793906,331.0
4986.0,968.8588200121161,-4415.345839296644,331.0
4988.0,964.3878335042281,-4451.249215799381,331.0
4990.0,959.9168469963399,-4487.152592302118,331.0
4992.0,955.4458604884519,-4523.055968804856,331.0
4994.0,950.9748739805639,-4558.959345307593,331.0
4996.0,946.5038874726757,-4594.862721810331,331.0
4998.0,942.2338201654213,-4629.085985622712,331.0
5000.0,938.6917013355073,-4657.222048854717,331.0
5002.0,936.3669389155818,-4671.599251659978,329.0506167331035
5004.0,934.2092721709485,-4684.0878982007025,326.83365898209325
5006.0,932.0516054263152,-4696.576544741427,324.616701231083
5008.0,929.8939386816818,-4709.065191282151,322.39974348007286
5010.0,927.7362719370484,-4721.553837822876,320.18278572906263
5012.0,925.5786051924151,-4734.042484363601,317.9658279780524
5014.0,923.4209384477817,-4746.531130904325,315.7488702270422
5016.0,921.2632717031485,-4759.01977744505,313.53191247603195
5018.0,919.1056049585151,-4771.508423985774,311.3149547250217
5020.0,916.9479382138817,-4783.997070526499,309.0979969740115
5022.0,914.7902714692484,-4796.485717067224,306.88103922300127
5024.0,912.632604724615,-4808.974363607948,304.6640814719911
5026.0,910.4749379799816,-4821.463010148673,302.44712372098087
5028.0,907.0223673551768,-4838.345780175831,300.1798492634503
5030.0,900.7723418519839,-4864.721426370553,297.8038727483577
5032.0,894.522316348791,-4891.097072565273,295.42789623326513
5034.0,888.2722908455983,-4917.472718759995,293.05191971817254
5036.0,881.8263829549619,-4944.513998928005,290.56205468449747
5038.0,874.1401525743851,-4975.770057146838,287.3510503345853
5040.0,866.4539221938082,-5007.02611536567,284.14004598467307
5042.0,858.7676918132313,-5038.282173584503,280.9290416347609
5044.0,851.0814614326545,-5069.538231803335,277.7180372848487
5046.0,843.3952310520776,-5100.794290022168,274.50703293493655
5048.0,835.7090006715008,-5132.050348241,271.2960285850244
5050.0,829.1168167461974,-5157.456403196821,268.0381693938386
5052.0,823.870038918761,-5175.757994616227,266.05115830115756
5054.0,819.1033193469567,-5191.534305727639,264.66119691119616
5056.0,814.3365997751524,-5207.31061683905,263.27123552123476
5058.0,809.5698802033481,-5223.086927950463,261.88127413127336
5060.0,804.8031606315438,-5238.863239061875,260.4913127413119
5062.0,800.0364410597396,-5254.639550173287,259.1013513513505
5064.0,795.9386340824037,-5263.134973060016,258.06825795644835
5066.0,791.8934382080033,-5271.057741816719,257.0632328308202
5068.0,787.8482423336028,-5278.980510573422,256.0582077051921
5070.0,783.8030464592023,-5286.903279330125,255.05318257956395
5072.0,779.7578505848019,-5294.8260480868275,254.04815745393583
5074.0,775.7126547104014,-5302.74881684353,253.04313232830773
5076.0,771.6674588360008,-5310.671585600234,252.0381072026796
5078.0,765.1106095985053,-5322.953363207758,249.93624313946526
5080.0,758.4547735892304,-5335.406933714989,247.79115155640721
5082.0,750.0009422180168,-5350.695121711674,245.58507571468814
5084.0,740.4965024323731,-5367.639639334761,243.34336542326287
5086.0,730.9920626467293,-5384.584156957849,241.10165513183756
5088.0,721.4876228610856,-5401.528674580936,238.85994484041225
5090.0,711.9831830754418,-5418.473192204024,236.61823454898698
5092.0,702.4787432897981,-5435.417709827111,234.37652425756167
5094.0,692.9743035041544,-5452.3622274501995,232.13481396613636
5096.0,682.0715589277331,-5468.892560678172,231.35029722972823
5098.0,670.2594731794135,-5483.901437887667,230.65650040723906
5100.0,658.4420151486769,-5498.900519234372,229.96268706216253
5102.0,646.6245571179402,-5513.899600581076,229.268873717086
5104.0,634.8070990872035,-5528.89868192778,228.57506037200946
5106.0,621.8791133141866,-5543.286941531681,227.87585418156
5108.0,608.1896234670945,-5557.256352305455,227.1729500432196
5110.0,594.5001336200024,-5571.225763079228,226.4700459048792
5112.0,580.8106437729103,-5585.1951738530015,225.7671417665388
5114.0,567.1211539258182,-5599.164584626775,225.0642376281984
5116.0,552.7060373722882,-5612.222701111843,224.1068475840403
5118.0,537.1693410292236,-5623.993039324217,223.11412902778633
5120.0,521.632644686159,-5635.763377536591,222.12141047153239
5122.0,506.0959483430943,-5647.533715748965,221.12869191527844
5124.0,490.55925200002963,-5659.304053961339,220.1359733590245
5126.0,475.022555656965,-5671.074392173713,219.1432548027705
5128.0,456.9348555485519,-5682.430241575917,218.79765316651034
5130.0,435.01600600838566,-5692.891983373421,218.56062154131405
5132.0,412.9163350596052,-5703.309903702162,218.32356010336258
5134.0,390.81666411082483,-5713.727824030903,218.0864986654111
5136.0,368.7169931620444,-5724.145744359644,217.84943722745967
5138.0,346.61732221326395,-5734.563664688385,217.6123757895082
5140.0,324.51765126448356,-5744.981585017125,217.37531435155674
5142.0,302.4179803157031,-5755.399505345867,217.1382529136053
5144.0,281.4811421763341,-5764.470949275821,217.11430688942494
5146.0,264.3293671531972,-5769.901220147608,217.38773326689414
5148.0,249.2593166130677,-5773.6364378649205,217.66036985100712
5150.0,234.18926607293827,-5777.371655582232,217.9330064351201
5152.0,219.1192155328088,-5781.106873299544,218.20564301923307
5154.0,204.04916499267932,-5784.842091016855,218.47827960334604
5156.0,188.97911445254988,-5788.577308734167,218.750916187459
5158.0,173.81451891182422,-5792.153532512981,219.0352056792299
5160.0,157.65005678923092,-5794.04830592614,219.4427312265856
5162.0,141.48559466663764,-5795.943079339298,219.8502567739413
5164.0,121.46650135981228,-5796.781339945607,220.25316917280375
5166.0,101.32802517344054,-5797.586878993063,220.6559386965312
5168.0,81.1895489870688,-5798.392418040517,221.05870822025864
5170.0,61.05107280069706,-5799.197957087972,221.46147774398605
5172.0,40.912596614325324,-5800.003496135427,221.8642472677135
5174.0,20.774120427953576,-5800.809035182881,222.26701679144094
5176.0,0.6356442415818435,-5801.614574230337,222.66978631516835
5178.0,-19.739386505330256,-5801.051677820568,223.13658008658015
5180.0,-39.58895969291078,-5797.786005921064,223.91580086580092
5182.0,-59.438532880491294,-5794.520334021561,224.69502164502168
5184.0,-79.28810606807181,-5791.254662122058,225.47424242424245
5186.0,-99.13767925565234,-5787.988990222554,226.2534632034632
5188.0,-118.98725244323286,-5784.723318323051,227.03268398268398
5190.0,-138.83682563081337,-5781.457646423547,227.81190476190474
5192.0,-158.68639881839388,-5778.191974524044,228.5911255411255
5194.0,-178.5359720059744,-5774.92630262454,229.37034632034624
5196.0,-198.38554519355495,-5771.660630725037,230.149567099567
5198.0,-218.23511838113546,-5768.394958825533,230.92878787878777
5200.0,-236.564563726021,-5763.269495572251,231.56562369829248
5202.0,-255.37155973906988,-5757.202722664816,232.18608910928018
5204.0,-274.17855575211877,-5751.135949757381,232.80655452026787
5206.0,-292.98555176516766,-5745.0691768499455,233.42701993125553
5208.0,-311.7925477782166,-5739.002403942511,234.04748534224322
5210.0,-330.5995437912655,-5732.935631035076,234.6679507532309
5212.0,-349.8151234631421,-5726.585288062612,235.28816678744263
5214.0,-387.5236665351019,-5707.4002398330185,235.8970957437434
5216.0,-425.2322096070617,-5688.2151916034245,236.50602470004415
5218.0,-462.9407526790215,-5669.030143373831,237.1149536563449
5220.0,-500.6492957509813,-5649.845095144237,237.72388261264567
5222.0,-538.3578388229412,-5630.660046914644,238.33281156894643
5224.0,-576.0663818949009,-5611.47499868505,238.94174052524716
5226.0,-610.0856983945633,-5592.901479695377,239.54376493206604
5228.0,-638.4752580510753,-5576.167577361247,240.10910880458127
5230.0,-649.5192274862967,-5565.148882635253,240.56007516105942
5232.0,-660.5631969215182,-5554.13018790926,241.0110415175376
5234.0,-671.6071663567395,-5543.111493183267,241.46200787401577
5236.0,-682.6511357919609,-5532.092798457274,241.91297423049394
5238.0,-693.6951052271824,-5521.07410373128,242.36394058697212
5240.0,-704.7390746624037,-5510.055409005287,242.81490694345027
5242.0,-715.7830440976252,-5499.036714279294,243.26587329992844
5244.0,-726.8270135328465,-5488.0180195533,243.71683965640662
5246.0,-737.8709829680679,-5476.999324827308,244.1678060128848
5248.0,-748.9149524032894,-5465.980630101314,244.61877236936297
5250.0,-759.9589218385107,-5454.9619353753205,245.06973872584112
5252.0,-771.0028912737321,-5443.943240649328,245.5207050823193
5254.0,-782.0468607089535,-5432.924545923334,245.97167143879747
5256.0,-793.0908301441749,-5421.905851197341,246.42263779527565
5258.0,-804.1347995793963,-5410.887156471348,246.87360415175382
5260.0,-815.1787690146177,-5399.868461745355,247.32457050823197
5262.0,-826.2227384498391,-5388.849767019361,247.77553686471015
5264.0,-837.2667078850604,-5377.831072293368,248.22650322118832
5266.0,-848.3106773202819,-5366.812377567375,248.6774695776665
5268.0,-859.3546467555033,-5355.793682841381,249.12843593414468
5270.0,-870.3986161907246,-5344.774988115389,249.57940229062282
5272.0,-881.4425856259461,-5333.756293389395,250.030368647101
5274.0,-892.4865550611675,-5322.7375986634015,250.48133500357918
5276.0,-903.5305244963888,-5311.718903937409,250.93230136005735
5278.0,-914.5744939316103,-5300.700209211415,251.38326771653553
5280.0,-925.6184633668316,-5289.681514485422,251.83423407301368
5282.0,-936.662432802053,-5278.662819759429,252.28520042949185
5284.0,-947.7064022372745,-5267.644125033436,252.73616678597003
5286.0,-958.7503716724958,-5256.625430307442,253.1871331424482
5288.0,-969.7943411077172,-5245.606735581449,253.63809949892638
5290.0,-980.701454401196,-5233.850675481384,254.091734168941
5292.0,-992.0930689780711,-5217.7724208381405,254.5553473356655
5294.0,-1003.6339520745161,-5201.503947075682,255.01883661664723
5296.0,-1015.1748351709612,-5185.235473313223,255.48232589762895
5298.0,-1026.7157182674061,-5168.966999550765,255.94581517861067
5300.0,-1038.2566013638511,-5152.698525788306,256.4093044595924
5302.0,-1049.7974844602963,-5136.4300520258475,256.87279374057414
5304.0,-1061.3383675567413,-5120.161578263389,257.33628302155586
5306.0,-1072.167008144952,-5103.488551617834,257.79657606357097
5308.0,-1082.6646565626618,-5086.627521819826,258.2553837546546
5310.0,-1093.1623049803718,-5069.7664920218185,258.7141914457382
5312.0,-1103.6599533980816,-5052.905462223811,259.17299913682183
5314.0,-1114.1576018157914,-5036.044432425803,259.6318068279055
5316.0,-1124.4881229041805,-5019.116641678111,260.0942616349209
5318.0,-1134.1395569962165,-5001.917581755115,260.57153573578546
5320.0,-1143.7909910882524,-4984.71852183212,261.04880983665
5322.0,-1152.891599823913,-4967.134972576841,261.5225361816171
5324.0,-1161.7178392921073,-4949.359906981173,261.9944953690352
5326.0,-1170.5440787603013,-4931.584841385504,262.46645455645324
5328.0,-1179.3703182284955,-4913.809775789836,262.9384137438713
5330.0,-1188.1965576966895,-4896.034710194167,263.4103729312894
5332.0,-1197.0227971648837,-4878.259644598498,263.88233211870744
5334.0,-1205.8490366330777,-4860.484579002829,264.35429130612545
5336.0,-1214.675276101272,-4842.709513407161,264.8262504935435
5338.0,-1223.1610015110605,-4824.746599563272,265.2964659428764
5340.0,-1231.3195861471445,-4806.603214987721,265.7650061373638
5342.0,-1239.4781707832285,-4788.45983041217,266.23354633185113
5344.0,-1247.6367554193123,-4770.316445836619,266.70208652633846
5346.0,-1255.6378185345634,-4752.075660006642,267.1077608763717
5348.0,-1263.3638497953627,-4733.664812032207,267.40367174970356
5350.0,-1270.6469444417212,-4715.082870377776,267.6989038004296
5352.0,-1277.5362418017712,-4696.348816153079,267.9935323370379
5354.0,-1284.4255391618212,-4677.61476192838,268.2881608736462
5356.0,-1291.3148365218715,-4658.880707703683,268.5827894102545
5358.0,-1298.2041338819215,-4640.146653478985,268.8774179468628
5360.0,-1305.0934312419715,-4621.412599254288,269.1720464834711
5362.0,-1311.9827286020218,-4602.67854502959,269.4666750200794
5364.0,-1318.8720259620718,-4583.944490804893,269.7613035566877
5366.0,-1325.543907708767,-4565.333615195183,270.055516247248
5368.0,-1331.5827985634887,-4547.08136581369,270.3485182300915
5370.0,-1337.6216894182105,-4528.829116432199,270.641520212935
5372.0,-1343.6605802729323,-4510.576867050707,270.9345221957785
5374.0,-1349.4276504311492,-4491.239116795103,271.3081043306281
5376.0,-1355.1164949587678,-4471.588976822732,271.70487613898473
5378.0,-1360.8053394863866,-4451.938836850361,272.10164794734135
5380.0,-1366.4941840140052,-4432.28869687799,272.49841975569797
5382.0,-1372.1830285416238,-4412.638556905619,272.8951915640546
5384.0,-1377.874600006804,-4392.473336217163,273.29158804487184
5386.0,-1383.581237404016,-4369.462369747957,273.68591089581287
5388.0,-1389.1762316642378,-4346.104826197988,274.0821850326581
5390.0,-1394.334179241428,-4321.39054574823,274.4860978211488
5392.0,-1399.492126818618,-4296.676265298473,274.89001060963955
5394.0,-1404.6500743958084,-4271.961984848715,275.2939233981303
5396.0,-1409.8080219729984,-4247.2477043989575,275.69783618662103
5398.0,-1414.9659695501887,-4222.5334239491995,276.1017489751117
5400.0,-1420.123917127379,-4197.819143499442,276.50566176360246
5402.0,-1425.281864704569,-4173.104863049684,276.9095745520932
5404.0,-1430.4398122817593,-4148.390582599927,277.31348734058395
5406.0,-1435.5977598589493,-4123.676302150169,277.7174001290747
5408.0,-1440.7557074361396,-4098.962021700412,278.1213129175654
5410.0,-1444.673240878817,-4078.294246160496,278.5219200205208
5412.0,-1448.1964017775622,-4058.913000974378,278.92147612641173
5414.0,-1450.4035008061858,-4043.0320167594714,279.3374518712597
5416.0,-1452.2886936038292,-4028.0071897224834,279.75744382857505
5418.0,-1454.1738864014726,-4012.9823626854954,280.1774357858904
5420.0,-1456.059079199116,-3997.957535648508,280.5974277432058
5422.0,-1457.9442719967594,-3982.93270861152,281.01741970052115
5424.0,-1459.8294647944028,-3967.907881574532,281.4374116578365
5426.0,-1461.7146575920463,-3952.883054537544,281.8574036151519
5428.0,-1463.5998503896897,-3937.858227500556,282.27739557246724
5430.0,-1465.4850431873333,-3922.833400463568,282.6973875297826
5432.0,-1467.3702359849767,-3907.8085734265806,283.11737948709793
5434.0,-1469.2554287826201,-3892.7837463895926,283.53737144441334
5436.0,-1471.1406215802635,-3877.7589193526046,283.9573634017287
5438.0,-1473.025814377907,-3862.7340923156166,284.37735535904403
5440.0,-1474.9110071755504,-3847.7092652786287,284.79734731635943
5442.0,-1476.503283568865,-3828.6037030809543,285.18407479599847
5444.0,-1478.0623631132376,-3808.4922997116687,285.54227439902263
5446.0,-1479.62144265761,-3788.380896342383,285.90047400204685
5448.0,-1481.1805222019825,-3768.269492973097,286.258673605071
5450.0,-1482.739601746355,-3748.1580896038113,286.61687320809517
5452.0,-1484.2986812907275,-3728.0466862345256,286.9750728111194
5454.0,-1485.6302733586506,-3707.988288342924,287.3320756224637
5456.0,-1486.7758680986115,-3687.973228561053,287.68809991816386
5458.0,-1487.9214628385726,-3667.958168779182,288.04412421386394
5460.0,-1489.0670575785334,-3647.943108997311,288.4001485095641
5462.0,-1490.2126523184943,-3627.92804921544,288.7561728052642
5464.0,-1491.2569590022945,-3607.973597194531,289.11677220427725
5466.0,-1492.0811460717587,-3588.1508582054885,289.48731423636053
5468.0,-1492.9053331412226,-3568.3281192164463,289.85785626844375
5470.0,-1493.7295202106866,-3548.5053802274037,290.228398300527
5472.0,-1494.383741708177,-3528.6240577884378,290.5981121556846
5474.0,-1494.9549369321362,-3508.7141179919613,290.9674214557127
5476.0,-1495.5261321560954,-3488.804178195485,291.3367307557409
5478.0,-1496.0973273800546,-3468.894238399008,291.7060400557691
5480.0,-1496.632670046944,-3448.9761467789094,292.0313439519755
5482.0,-1497.0281413696753,-3429.0262525031408,292.1849698568249
5484.0,-1497.4236126924066,-3409.0763582273726,292.3385957616744
5486.0,-1497.8190840151376,-3389.1264639516044,292.4922216665239
5488.0,-1498.1142256030134,-3369.204532266186,292.6454219482731
5490.0,-1498.32476779116,-3349.3061790180263,292.79826333882386
5492.0,-1498.5353099793067,-3329.4078257698666,292.9511047293746
5494.0,-1498.7458521674534,-3309.509472521707,293.10394611992535
5496.0,-1498.9563943556002,-3289.611119273547,293.2567875104761
5498.0,-1499.166936543747,-3269.7127660253877,293.4096289010268
5500.0,-1499.3774787318935,-3249.814412777228,293.56247029157754
5502.0,-1499.5880209200402,-3229.916059529068,293.7153116821283
5504.0,-1499.798563108187,-3210.0177062809084,293.86815307267904
5506.0,-1499.981127633207,-3190.1004309377545,294.05203230106144
5508.0,-1499.9879901706838,-3170.0643233074297,294.43083166167156
5510.0,-1499.9948527081608,-3150.028215677105,294.8096310222816
5512.0,-1499.9621421945358,-3129.9649118732573,295.1878048718768
5514.0,-1499.810676653343,-3109.819994894622,295.56410162138087
5516.0,-1499.6592111121504,-3089.675077915987,295.94039837088496
5518.0,-1499.5077455709575,-3069.530160937352,296.3166951203891
5520.0,-1499.3562800297648,-3049.3852439587167,296.6929918698932
5522.0,-1499.204814488572,-3029.2403269800816,297.0692886193973
5524.0,-1499.0533489473794,-3009.0954100014465,297.4455853689014
5526.0,-1498.8138200577962,-2989.1320305242216,297.8205536216954
5528.0,-1498.5264084731796,-2969.2673584545178,298.1947995308132
5530.0,-1498.238996888563,-2949.402686384814,298.56904543993096
5532.0,-1497.951585303946,-2929.5380143151096,298.9432913490487
5534.0,-1497.6414331525098,-2909.6376026113217,299.2257221113404
5536.0,-1497.3272197867338,-2889.730808203198,299.4917557013964
5538.0,-1497.013006420958,-2869.8240137950747,299.7577892914524
5540.0,-1496.689482570914,-2849.954931016053,300.02252060468123
5542.0,-1496.365556684729,-2830.087476663372,300.2871956842776
5544.0,-1496.0416307985438,-2810.220022310691,300.551870763874
5546.0,-1495.7177049123588,-2790.3525679580107,300.81654584347035
5548.0,-1495.393779026174,-2770.48511360533,301.0812209230667
5550.0,-1495.069853139989,-2750.617659252649,301.3458960026631
5552.0,-1494.7459272538038,-2730.750204899968,301.61057108225947
5554.0,-1494.4220013676188,-2710.8827505472877,301.87524616185584
5556.0,-1494.0980754814339,-2691.015296194607,302.13992124145227
5558.0,-1493.6787245612702,-2672.339602992384,302.4039796737527
5560.0,-1493.2179353441127,-2654.1814317698713,302.66777032712
5562.0,-1492.7571461269554,-2636.0232605473584,302.93156098048735
5564.0,-1492.2108244609271,-2618.3080394271033,303.17397657444474
5566.0,-1491.6345375633741,-2600.7480003756814,303.408903681722
5568.0,-1491.0582506658209,-2583.187961324259,303.6438307889993
5570.0,-1490.4819637682679,-2565.627922272837,303.8787578962766
5572.0,-1489.9056768707148,-2548.067883221415,304.11368500355394
5574.0,-1489.3293899731618,-2530.507844169993,304.34861211083125
5576.0,-1488.7531030756086,-2512.947805118571,304.58353921810857
5578.0,-1488.1768161780556,-2495.3877660671487,304.8184663253859
5580.0,-1487.5584950784194,-2476.6750502871914,305.044171579813
5582.0,-1486.87077990972,-2456.681115275104,305.23964507376166
5584.0,-1486.1830647410206,-2436.6871802630158,305.43511856771033
5586.0,-1485.4953495723214,-2416.6932452509277,305.63059206165894
5588.0,-1484.807634403622,-2396.69931023884,305.8260655556076
5590.0,-1484.1199192349227,-2376.705375226752,306.0215390495563
5592.0,-1483.4322040662232,-2356.7114402146644,306.21701254350495
5594.0,-1482.7444888975238,-2336.7175052025764,306.41248603745356
5596.0,-1482.0567737288245,-2316.7235701904888,306.60795953140223
5598.0,-1481.369058560125,-2296.7296351784007,306.8034330253509
5600.0,-1480.6069799322877,-2276.880711598058,306.9985664996245
5602.0,-1479.6637275670475,-2256.7671039008706,307.1737018711175
5604.0,-1478.719770352964,-2236.6502879348677,307.3486918630087
5606.0,-1477.7758131388803,-2216.533471968865,307.5236818548999
5608.0,-1476.7669189160147,-2195.324896251547,307.698489617238
5610.0,-1475.4584067342548,-2169.0789645730033,307.8724565763457
5612.0,-1474.1498945524947,-2142.8330328944594,308.0464235354534
5614.0,-1472.841382370735,-2116.587101215916,308.2203904945611
5616.0,-1471.532870188975,-2090.341169537372,308.3943574536688
5618.0,-1470.2243580072152,-2064.095237858828,308.5683244127765
5620.0,-1468.9158458254553,-2037.8493061802842,308.74229137188416
5622.0,-1467.6073336436955,-2011.6033745017405,308.91625833099187
5624.0,-1466.2988214619356,-1985.3574428231966,309.09022529009957
5626.0,-1464.9903092801758,-1959.111511144653,309.26419224920727
5628.0,-1463.681797098416,-1932.865579466109,309.43815920831497
5630.0,-1462.373284916656,-1906.6196477875653,309.6121261674227
5632.0,-1461.064772734896,-1880.3737161090214,309.7860931265304
5634.0,-1459.7562605531361,-1854.1277844304777,309.960060085638
5636.0,-1458.5626241536838,-1831.4738461180525,310.12131371036145
5638.0,-1457.5066670744366,-1813.3368952229157,310.2784540423649
5640.0,-1456.548235947053,-1798.4492650442237,310.4352882268459
5642.0,-1455.5898048196693,-1783.5616348655317,310.59212241132684
5644.0,-1454.6313736922857,-1768.6740046868397,310.7489565958078
5646.0,-1453.6729425649023,-1753.7863745081477,310.9057907802887
5648.0,-1452.7145114375187,-1738.8987443294557,311.06262496476967
5650.0,-1451.756080310135,-1724.0111141507637,311.2194591492506
5652.0,-1450.7976491827515,-1709.1234839720717,311.3762933337316
5654.0,-1449.8392180553678,-1694.2358537933796,311.53312751821255
5656.0,-1448.8807869279842,-1679.3482236146876,311.6899617026935
5658.0,-1447.9223558006006,-1664.4605934359956,311.84679588717444
5660.0,-1446.963924673217,-1649.5729632573039,312.0036300716554
5662.0,-1446.0054935458334,-1634.6853330786116,312.1604642561364
5664.0,-1445.0470624184497,-1619.7977028999198,312.3172984406173
5666.0,-1444.0886312910661,-1604.9100727212278,312.47413262509826
5668.0,-1443.1302001636825,-1590.0224425425358,312.6309668095792
5670.0,-1441.8715619879129,-1572.0762231555045,312.787535849999
5672.0,-1440.565730446341,-1553.6491852130016,312.9440632090501
5674.0,-1439.130642588223,-1533.5341791113322,313.0409607651358
5676.0,-1437.6236773792357,-1512.480521167529,313.1046991504779
5678.0,-1436.1167121702483,-1491.426863223726,313.1684375358201
5680.0,-1434.609746961261,-1470.3732052799232,313.23217592116225
5682.0,-1433.1027817522734,-1449.3195473361202,313.2959143065044
5684.0,-1431.595816543286,-1428.2658893923171,313.3596526918466
5686.0,-1430.0888513342986,-1407.2122314485143,313.42339107718874
5688.0,-1428.5758406612626,-1386.1678090923629,313.48711820815237
5690.0,-1427.047086402582,-1365.147438035501,313.5508160304855
5692.0,-1425.518332143901,-1344.1270669786393,313.61451385281873
5694.0,-1423.9475266729285,-1322.8142448023698,313.6781706931419
5696.0,-1422.355149529383,-1301.3513993699864,313.741806510278
5698.0,-1420.7627723858373,-1279.888553937603,313.80544232741414
5700.0,-1419.1703952422915,-1258.4257085052197,313.8690781445503
5702.0,-1417.578018098746,-1236.9628630728366,313.93271396168643
5704.0,-1415.9856409552003,-1215.5000176404533,313.99634977882255
5706.0,-1414.3453855072155,-1193.9042169736524,314.0673538683696
5708.0,-1412.7022165864541,-1172.300325764371,314.13880632928925
5710.0,-1411.0590476656928,-1150.6964345550896,314.2102587902089
5712.0,-1409.4158787449317,-1129.0925433458083,314.2817112511285
5714.0,-1407.7727098241703,-1107.488652136527,314.3531637120482
5716.0,-1406.129540903409,-1085.8847609272457,314.42461617296783
5718.0,-1404.4863719826476,-1064.2808697179642,314.49606863388743
5720.0,-1402.8432030618865,-1042.6769785086829,314.5675210948071
5722.0,-1401.2000341411251,-1021.0730872994015,314.63897355572675
5724.0,-1399.5568652203638,-999.4691960901202,314.71042601664635
5726.0,-1397.917327008703,-977.9182110611049,314.7818728290031
5728.0,-1396.3432845370617,-957.3216207060051,314.8532177447882
5730.0,-1394.7692420654203,-936.7250303509054,314.9245626605733
5732.0,-1393.1951995937789,-916.1284399958056,314.99590757635843
5734.0,-1391.6297703832156,-895.8708942619465,315.08960530745054
5736.0,-1390.0648653036124,-875.6339799452928,315.18466324374697
5738.0,-1388.4999602240089,-855.3970656286392,315.27972118004345
5740.0,-1386.9334503215846,-835.1692873730864,315.37477112598265
5742.0,-1385.3298755835256,-815.1525147180554,315.46963652738873
5744.0,-1383.7263008454665,-795.1357420630243,315.56450192879487
5746.0,-1382.1227261074075,-775.1189694079932,315.659367330201
5748.0,-1380.5191513693485,-755.1021967529621,315.7542327316071
5750.0,-1378.9155766312895,-735.085424097931,315.84909813301323
5752.0,-1377.3120018932304,-715.0686514428999,315.94396353441937
5754.0,-1375.6978812054106,-695.1188649174532,316.0774842310671
