Time,Speed,Throttle,Brake,Next_Speed,Delta_Speed
0.0,314.7285705142857,100.0,0.0,315.4428567422151,0.7142862279293922
0.1,315.4428567422151,100.0,0.0,316.0612813698218,0.6184246276067142
0.2,316.0612813698218,100.0,0.0,316.33983305082995,0.278551681008139
0.30000000000000004,316.33983305082995,100.0,0.0,316.6183847318381,0.278551681008139
0.4,316.6183847318381,100.0,0.0,316.89693641284623,0.278551681008139
0.5,316.89693641284623,100.0,0.0,317.0,0.10306358715376973
0.6000000000000001,317.0,100.0,0.0,317.02500004752477,0.025000047524770252
0.7000000000000001,317.02500004752477,100.0,0.0,317.8583349333333,0.8333348858085401
0.8,317.8583349333333,100.0,0.0,318.6916682666666,0.8333333333333144
0.9,318.6916682666666,100.0,0.0,319.5250016,0.8333333333333712
1.0,319.5250016,100.0,0.0,320.215,0.689998399999979
1.1,320.215,100.0,0.0,320.715,0.5
1.2000000000000002,320.715,100.0,0.0,321.1535717925926,0.4385717925925974
1.3,321.1535717925926,100.0,0.0,321.51071475778895,0.357142965196374
1.4000000000000001,321.51071475778895,100.0,0.0,321.86785727035175,0.3571425125628025
1.5,321.86785727035175,100.0,0.0,322.2625007910615,0.3946435207097352
1.6,322.2625007910615,100.0,0.0,322.67916701080077,0.41666621973928386
1.7000000000000002,322.67916701080077,100.0,0.0,323.19166756422766,0.5125005534268894
1.8,323.19166756422766,100.0,0.0,324.02500094070353,0.8333333764758777
1.9000000000000001,324.02500094070353,100.0,0.0,324.85833347001676,0.8333325293132248
2.0,324.85833347001676,100.0,0.0,325.69166666666666,0.8333331966499031
2.1,325.69166666666666,100.0,0.0,326.525,0.8333333333333144
2.2,326.525,100.0,0.0,327.0,0.47500000000002274
2.3000000000000003,327.0,100.0,0.0,327.0,0.0
2.4000000000000004,327.0,100.0,0.0,327.0,0.0
2.5,327.0,100.0,0.0,327.59062584000003,0.5906258400000297
2.6,327.59062584000003,100.0,0.0,328.52812717333336,0.93750133333333
2.7,328.52812717333336,100.0,0.0,329.46562597714285,0.9374988038094898
2.8000000000000003,329.46562597714285,100.0,0.0,330.0,0.5343740228571505
2.9000000000000004,330.0,100.0,0.0,330.0,0.0
3.0,330.0,100.0,0.0,330.35833333333335,0.3583333333333485
3.1,330.35833333333335,100.0,0.0,331.19166666666666,0.8333333333333144
3.2,331.19166666666666,100.0,0.0,332.0,0.8083333333333371
3.3000000000000003,332.0,100.0,0.0,332.0,0.0
3.4000000000000004,332.0,100.0,0.0,332.0,0.0
3.5,332.0,100.0,0.0,332.0,0.0
3.6,332.0,100.0,0.0,333.02500066262627,1.0250006626262689
3.7,333.02500066262627,100.0,0.0,334.0,0.9749993373737311
3.8000000000000003,334.0,100.0,0.0,334.0,0.0
3.9000000000000004,334.0,100.0,0.0,334.0,0.0
4.0,334.0,100.0,0.0,334.00909089442325,0.009090894423252394
4.1000000000000005,334.00909089442325,100.0,0.0,334.4636356155844,0.45454472116114175
4.2,334.4636356155844,100.0,0.0,334.918181171113,0.4545455555286253
4.3,334.918181171113,100.0,0.0,335.3727268975361,0.45454572642307767
4.4,335.3727268975361,100.0,0.0,335.82727262395923,0.4545457264231345
4.5,335.82727262395923,100.0,0.0,336.0,0.17272737604076838
4.6000000000000005,336.0,100.0,0.0,336.0,0.0
4.7,336.0,100.0,0.0,336.51666720000003,0.516667200000029
4.800000000000001,336.51666720000003,100.0,0.0,337.35000053333334,0.8333333333333144
4.9,337.35000053333334,100.0,0.0,338.0,0.6499994666666566
5.0,338.0,100.0,0.0,338.0,0.0
5.1000000000000005,338.0,100.0,0.0,338.25833262487566,0.25833262487566344
5.2,338.25833262487566,100.0,0.0,338.67499968955224,0.4166670646765738
5.300000000000001,338.67499968955224,100.0,0.0,339.0,0.3250003104477628
5.4,339.0,100.0,0.0,339.0,0.0
5.5,339.0,100.0,0.0,339.0,0.0
5.6000000000000005,339.0,100.0,0.0,339.0,0.0
5.7,339.0,100.0,0.0,339.2583333333333,0.25833333333332575
5.800000000000001,339.2583333333333,100.0,0.0,339.675,0.4166666666666856
5.9,339.675,100.0,0.0,340.0,0.32499999999998863
6.0,340.0,100.0,0.0,340.0,0.0
6.1000000000000005,340.0,100.0,0.0,340.0,0.0
6.2,340.0,100.0,0.0,340.0,0.0
6.300000000000001,340.0,100.0,0.0,340.0,0.0
6.4,340.0,100.0,0.0,340.0,0.0
6.5,340.0,100.0,0.0,340.2583333333333,0.25833333333332575
6.6000000000000005,340.2583333333333,100.0,0.0,340.675,0.4166666666666856
6.7,340.675,100.0,0.0,341.0,0.32499999999998863
6.800000000000001,341.0,100.0,0.0,341.0,0.0
6.9,341.0,100.0,0.0,341.0,0.0
7.0,341.0,100.0,0.0,341.0,0.0
7.1000000000000005,341.0,100.0,0.0,341.0,0.0
7.2,341.0,100.0,0.0,341.0,0.0
7.300000000000001,341.0,100.0,0.0,341.0,0.0
7.4,341.0,100.0,0.0,340.48124941886795,-0.5187505811320534
7.5,340.48124941886795,100.0,0.0,340.0,-0.4812494188679466
7.6000000000000005,340.0,100.0,0.0,340.0,0.0
7.7,340.0,100.0,0.0,340.0,0.0
7.800000000000001,340.0,100.0,0.0,339.585,-0.41500000000002046
7.9,339.585,100.0,0.0,339.085,-0.5
8.0,339.085,100.0,0.0,339.0,-0.08499999999997954
8.1,339.0,100.0,0.0,339.0,0.0
8.200000000000001,339.0,86.91874999999918,0.14375000000000904,339.0,0.0
8.3,339.0,30.04374999999942,0.7687500000000063,332.69998530502795,-6.300014694972049
8.4,332.69998530502795,6.164993387262582,1.0,322.69999603128497,-9.999989273742983
8.5,322.69999603128497,1.6649982140782464,1.0,306.9250000000001,-15.774996031284843
8.6,306.9250000000001,0.0,1.0,287.7583333333331,-19.166666666667027
8.700000000000001,287.7583333333331,0.0,1.0,270.22083333333313,-17.537499999999966
8.8,270.22083333333313,0.0,1.0,258.1374999999999,-12.083333333333258
8.9,258.1374999999999,0.0,1.0,246.0541666666666,-12.083333333333286
9.0,246.0541666666666,0.0,1.0,234.14375000000007,-11.91041666666652
9.1,234.14375000000007,0.0,1.0,222.26874999999987,-11.875000000000199
9.200000000000001,222.26874999999987,0.0,1.0,210.3937499999999,-11.874999999999972
9.3,210.3937499999999,0.0,1.0,200.01499999999996,-10.37874999999994
9.4,200.01499999999996,0.0,1.0,190.51500000000004,-9.499999999999915
9.5,190.51500000000004,0.0,1.0,181.3299999999999,-9.185000000000144
9.600000000000001,181.3299999999999,0.0,1.0,172.32998348799995,-9.000016511999945
9.700000000000001,172.32998348799995,0.0,1.0,164.12967814239843,-8.200305345601521
9.8,164.12967814239843,0.0,1.0,156.39900852715797,-7.730669615240458
9.9,156.39900852715797,0.0,1.0,148.6683389119175,-7.730669615240487
10.0,148.6683389119175,0.0,1.0,140.93765911519336,-7.730679796724132
10.100000000000001,140.93765911519336,0.0,1.0,134.589998429928,-6.347660685265367
10.200000000000001,134.589998429928,0.0,1.0,129.08999780721305,-5.500000622714936
10.3,129.08999780721305,0.0,1.0,123.45714627537684,-5.632851531836209
10.4,123.45714627537684,0.0,1.0,117.74286607437189,-5.714280201004954
10.5,117.74286607437189,0.0,1.0,112.0285738666666,-5.7142922077052845
10.600000000000001,112.0285738666666,0.0,1.0,106.55834049971983,-5.470233366946772
10.700000000000001,106.55834049971983,0.0,1.0,101.14167165179062,-5.416668847929216
10.8,101.14167165179062,0.0,1.0,96.68750211764706,-4.45416953414356
10.9,96.68750211764706,0.0,1.0,93.56250497777779,-3.124997139869265
11.0,93.56250497777779,0.0,1.0,90.43750053333329,-3.1250044444444995
11.100000000000001,90.43750053333329,0.0,1.0,87.33999976402234,-3.0975007693109546
11.200000000000001,87.33999976402234,0.0,1.0,84.33999869139663,-3.0000010726257074
11.3,84.33999869139663,0.0,1.0,81.81666666666666,-2.5233320247299673
11.4,81.81666666666666,0.0,0.0,80.98333333333333,-0.8333333333333286
11.5,80.98333333333333,0.0,0.0,80.14999999999999,-0.8333333333333428
11.600000000000001,80.14999999999999,0.0,0.0,78.63333270407672,-1.5166672959232699
11.700000000000001,78.63333270407672,3.0750014158273804,0.0,76.9666660541254,-1.666666649951324
11.8,76.9666660541254,6.825001378217847,0.0,76.15000009696969,-0.8166659571557062
11.9,76.15000009696969,11.100001357575744,0.0,76.50714303141278,0.35714293444308964
12.0,76.50714303141278,16.10000243977898,0.0,76.86428576227308,0.35714273086030346
12.100000000000001,76.86428576227308,21.10000067182327,0.0,76.65555525079364,-0.20873051147944466
12.200000000000001,76.65555525079364,19.03888538412692,0.0,76.09999981336287,-0.555555437430769
12.3,76.09999981336287,12.649997853672904,0.0,75.54444437593209,-0.5555554374307832
12.4,75.54444437593209,6.2611103232188885,0.0,74.98571428571428,-0.5587300902178072
12.5,74.98571428571428,0.0,1.0,74.27142857142856,-0.7142857142857224
12.600000000000001,74.27142857142856,0.0,1.0,73.55714285714285,-0.7142857142857082
12.700000000000001,73.55714285714285,0.0,0.9749999999999917,72.78,-0.7771428571428487
12.8,72.78,0.0,0.0,71.78,-1.0
12.9,71.78,0.0,0.0,70.58749999999999,-1.1925000000000097
13.0,70.58749999999999,0.5500000000000038,0.0,68.71249999999998,-1.8750000000000142
13.100000000000001,68.71249999999998,3.050000000000029,0.0,67.48333333333332,-1.2291666666666572
13.200000000000001,67.48333333333332,5.291666666666686,0.0,66.64999999999999,-0.8333333333333286
13.3,66.64999999999999,7.375000000000007,0.0,66.31428571428572,-0.33571428571427475
13.4,66.31428571428572,10.492857142857163,0.0,67.74285714285715,1.4285714285714306
13.5,67.74285714285715,17.27857142857144,0.0,69.17142857142859,1.4285714285714448
13.600000000000001,69.17142857142859,24.064285714285838,0.0,70.84000000000003,1.6685714285714397
13.700000000000001,70.84000000000003,29.89000000000007,0.0,72.84,1.9999999999999716
13.8,72.84,34.39000000000003,0.0,75.26633165829145,2.4263316582914456
13.9,75.26633165829145,38.68844221105527,0.0,78.28140703517586,3.015075376884411
14.0,78.28140703517586,42.70854271356782,0.0,81.07500170578514,2.7935946706092807
14.100000000000001,81.07500170578514,45.7818194223892,0.0,83.57500446896553,2.5000027631803903
14.200000000000001,83.57500446896553,47.600003250156746,0.0,86.07500296426333,2.4999984952978025
14.3,86.07500296426333,49.41818397400969,0.0,88.57500145956114,2.4999984952978025
14.4,88.57500145956114,51.23636469786264,0.0,91.10000023703704,2.5249987774759006
14.5,91.10000023703704,53.11250026666667,0.0,94.43333884779881,3.3333386107617713
14.600000000000001,94.43333884779881,56.862506203773655,0.0,97.76666815597488,3.3333293081760758
14.700000000000001,97.76666815597488,60.61250167547174,0.0,102.67501120000007,4.908343044025187
14.8,102.67501120000007,66.20001280000008,0.0,108.50834453333333,5.8333333333332575
14.9,108.50834453333333,72.86667946666667,0.0,113.86250100363635,5.354156470303025
15.0,113.86250100363635,78.57500066909091,0.0,117.61250536727279,3.7500043636364353
15.100000000000001,117.61250536727279,81.07500357818186,0.0,121.36250816000006,3.7500027927272725
15.200000000000001,121.36250816000006,83.57500544000004,0.0,126.66875,5.306241839999942
15.3,126.66875,85.55625,0.0,131.95833333333331,5.2895833333333115
15.4,131.95833333333331,87.83055555555555,0.0,136.12499999999997,4.166666666666657
15.5,136.12499999999997,91.44166666666663,0.0,140.29166666666669,4.166666666666714
15.600000000000001,140.29166666666669,95.0527777777778,0.0,144.45833333333337,4.166666666666686
15.700000000000001,144.45833333333337,98.66388888888892,0.0,149.15000000000003,4.691666666666663
15.8,149.15000000000003,100.0,0.0,154.15,4.999999999999972
15.9,154.15,100.0,0.0,159.14999999999998,4.999999999999972
16.0,159.14999999999998,100.0,0.0,164.15000000000006,5.000000000000085
16.1,164.15000000000006,100.0,0.0,168.92499999999998,4.77499999999992
16.2,168.92499999999998,100.0,0.0,173.5678571428572,4.642857142857224
16.3,173.5678571428572,100.0,0.0,178.21071428571437,4.642857142857167
16.400000000000002,178.21071428571437,100.0,0.0,181.32710280373828,3.1163885180239106
16.5,181.32710280373828,100.0,0.0,184.13084112149537,2.8037383177570803
16.6,184.13084112149537,100.0,0.0,186.93457943925233,2.8037383177569666
16.7,186.93457943925233,100.0,0.0,190.84166940444445,3.907089965192114
16.8,190.84166940444445,100.0,0.0,195.42499621925933,4.583326814814882
16.900000000000002,195.42499621925933,100.0,0.0,199.550000196648,4.125003977388673
17.0,199.550000196648,100.0,0.0,202.05000109050283,2.500000893854832
17.1,202.05000109050283,100.0,0.0,204.5500009188119,2.4999998283090576
17.2,204.5500009188119,100.0,0.0,207.866667127928,3.316666209116107
17.3,207.866667127928,100.0,0.0,212.3111126706136,4.4444455426855995
17.400000000000002,212.3111126706136,100.0,0.0,216.75555821329903,4.444445542685429
17.5,216.75555821329903,100.0,0.0,221.20000050693082,4.444442293631795
17.6,221.20000050693082,100.0,0.0,225.07500000000002,3.874999493069197
17.7,225.07500000000002,100.0,0.0,228.6599992030189,3.5849992030188957
17.8,228.6599992030189,100.0,0.0,231.6599955803774,2.9999963773584852
17.900000000000002,231.6599955803774,100.0,0.0,234.2749995563025,2.615003975925106
18.0,234.2749995563025,100.0,0.0,235.52499777560976,1.2499982193072583
18.1,235.52499777560976,100.0,0.0,237.8083304156862,2.283332640076452
18.2,237.8083304156862,100.0,0.0,240.72499639008262,2.916665974396409
18.3,240.72499639008262,100.0,0.0,243.4124989974684,2.687502607385767
18.400000000000002,243.4124989974684,100.0,0.0,245.2874983111111,1.8749993136427179
18.5,245.2874983111111,100.0,0.0,247.74374718655466,2.456248875443549
18.6,247.74374718655466,100.0,0.0,250.55624575522384,2.8124985686691844
18.7,250.55624575522384,100.0,0.0,253.36874844179104,2.8125026865672
18.8,253.36874844179104,100.0,0.0,255.60000000000002,2.2312515582089816
18.900000000000002,255.60000000000002,100.0,0.0,257.0285714285714,1.428571428571388
19.0,257.0285714285714,100.0,0.0,258.45714285714286,1.4285714285714448
19.1,258.45714285714286,100.0,0.0,259.77500000000003,1.3178571428571786
19.200000000000003,259.77500000000003,100.0,0.0,261.02500000000003,1.25
19.3,261.02500000000003,100.0,0.0,262.66,1.634999999999991
19.400000000000002,262.66,100.0,0.0,265.65999999999997,2.999999999999943
19.5,265.65999999999997,100.0,0.0,268.11,2.4500000000000455
19.6,268.11,100.0,0.0,268.61,0.5
19.700000000000003,268.61,100.0,0.0,269.45833333333337,0.8483333333333576
19.8,269.45833333333337,100.0,0.0,271.54166666666674,2.0833333333333712
19.900000000000002,271.54166666666674,100.0,0.0,273.625,2.0833333333332575
20.0,273.625,100.0,0.0,275.4642857142857,1.8392857142857224
20.1,275.4642857142857,100.0,0.0,277.25000000000006,1.7857142857143344
20.200000000000003,277.25000000000006,100.0,0.0,279.02500000000003,1.7749999999999773
20.3,279.02500000000003,100.0,0.0,280.27500000000003,1.25
20.400000000000002,280.27500000000003,100.0,0.0,281.63316582914575,1.3581658291457188
20.5,281.63316582914575,100.0,0.0,283.14070351758795,1.5075376884421985
20.6,283.14070351758795,100.0,0.0,284.3071428571429,1.1664393395549268
20.700000000000003,284.3071428571429,100.0,0.0,285.0214285714286,0.7142857142857224
20.8,285.0214285714286,100.0,0.0,285.73571428571427,0.7142857142856656
20.900000000000002,285.73571428571427,100.0,0.0,286.945,1.209285714285727
21.0,286.945,100.0,0.0,288.445,1.5
21.1,288.445,100.0,0.0,289.41447417848974,0.9694741784897474
21.200000000000003,289.41447417848974,100.0,0.0,290.07236968421057,0.6578955057208304
21.3,290.07236968421057,100.0,0.0,290.73026442105265,0.6578947368420813
21.400000000000002,290.73026442105265,100.0,0.0,291.38815915789473,0.6578947368420813
21.5,291.38815915789473,100.0,0.0,292.0460538947369,0.6578947368421382
21.6,292.0460538947369,100.0,0.0,292.70394863157895,0.6578947368420813
21.700000000000003,292.70394863157895,100.0,0.0,293.36184355622873,0.6578949246497814
21.8,293.36184355622873,100.0,0.0,294.0428572038096,0.681013647580869
21.900000000000002,294.0428572038096,100.0,0.0,295.471430664127,1.4285734603174092
22.0,295.471430664127,100.0,0.0,296.900002816,1.4285721518729702
22.1,296.900002816,100.0,0.0,298.0,1.0999971840000171
22.200000000000003,298.0,100.0,0.0,298.0,0.0
22.3,298.0,100.0,0.0,298.4725,0.472500000000025
22.400000000000002,298.4725,100.0,0.0,299.22249999999997,0.7499999999999432
22.5,299.22249999999997,100.0,0.0,299.97249999999997,0.75
22.6,299.97249999999997,100.0,0.0,300.7225,0.7500000000000568
22.700000000000003,300.7225,100.0,0.0,301.59062558153846,0.8681255815384361
22.8,301.59062558153846,100.0,0.0,302.52812650461544,0.937500923076982
22.900000000000002,302.52812650461544,100.0,0.0,303.46562728000004,0.9375007753845921
23.0,303.46562728000004,100.0,0.0,304.13395630616947,0.668329026169431
23.1,304.13395630616947,100.0,0.0,304.44548270149045,0.3115263953209819
23.200000000000003,304.44548270149045,100.0,0.0,304.7570094379673,0.31152673647687834
23.3,304.7570094379673,100.0,0.0,305.16499980075474,0.40799036278741596
23.400000000000002,305.16499980075474,100.0,0.0,305.91499889509436,0.7499990943396142
23.5,305.91499889509436,100.0,0.0,306.6649989364316,0.7500000413372163
23.6,306.6649989364316,100.0,0.0,307.4149995339419,0.7500005975103363
23.700000000000003,307.4149995339419,100.0,0.0,308.21999946531645,0.8049999313745388
23.8,308.21999946531645,100.0,0.0,309.2199991808,0.9999997154835683
23.900000000000002,309.2199991808,100.0,0.0,310.0785714285714,0.8585722477714057
24.0,310.0785714285714,100.0,0.0,310.4357142857143,0.3571428571428896
24.1,310.4357142857143,100.0,0.0,310.79285714285714,0.3571428571428328
24.200000000000003,310.79285714285714,100.0,0.0,311.23333368888893,0.440476546031789
24.3,311.23333368888893,100.0,0.0,311.7888892444445,0.5555555555555429
24.400000000000002,311.7888892444445,100.0,0.0,312.3444448,0.5555555555555429
24.5,312.3444448,100.0,0.0,312.90000030476193,0.5555555047619123
24.6,312.90000030476193,100.0,0.0,313.3416663370184,0.44166603225647805
24.700000000000003,313.3416663370184,100.0,0.0,313.758332601675,0.4166662646566124
24.8,313.758332601675,100.0,0.0,314.2099997464151,0.4516671447400995
24.900000000000002,314.2099997464151,100.0,0.0,314.7099991426415,0.4999993962263716
25.0,314.7099991426415,100.0,0.0,315.20999952290913,0.500000380267636
25.1,315.20999952290913,100.0,0.0,315.7100001047273,0.500000581818199
25.200000000000003,315.7100001047273,100.0,0.0,316.0,0.2899998952726719
25.3,316.0,100.0,0.0,316.0,0.0
25.400000000000002,316.0,100.0,0.0,316.0,0.0
25.5,316.0,100.0,0.0,316.0,0.0
25.6,316.0,100.0,0.0,316.6833333333334,0.683333333333394
25.700000000000003,316.6833333333334,100.0,0.0,317.5166666666667,0.8333333333333144
25.8,317.5166666666667,100.0,0.0,318.35,0.8333333333333144
25.900000000000002,318.35,100.0,0.0,319.0,0.6499999999999773
26.0,319.0,100.0,0.0,319.0,0.0
26.1,319.0,100.0,0.0,319.2214285714286,0.2214285714285893
26.200000000000003,319.2214285714286,100.0,0.0,319.5785714285714,0.3571428571428328
26.3,319.5785714285714,100.0,0.0,319.9357142857143,0.3571428571428896
26.400000000000002,319.9357142857143,100.0,0.0,320.5125,0.5767857142856769
26.5,320.5125,100.0,0.0,321.0,0.48750000000001137
26.6,321.0,100.0,0.0,321.0,0.0
26.700000000000003,321.0,100.0,0.0,321.0916666666667,0.09166666666669698
26.8,321.0916666666667,100.0,0.0,321.5083333333334,0.4166666666666856
26.900000000000002,321.5083333333334,100.0,0.0,321.925,0.41666666666662877
27.0,321.925,100.0,0.0,322.0,0.07499999999998863
27.1,322.0,100.0,0.0,322.0,0.0
27.200000000000003,322.0,100.0,0.0,322.0,0.0
27.3,322.0,100.0,0.0,322.0,0.0
27.400000000000002,322.0,100.0,0.0,322.0,0.0
27.5,322.0,100.0,0.0,322.0,0.0
27.6,322.0,100.0,0.0,322.0,0.0
27.700000000000003,322.0,100.0,0.0,321.8849991461306,-0.11500085386938963
27.8,321.8849991461306,100.0,0.0,321.3849996285427,-0.4999995175879235
27.900000000000002,321.3849996285427,100.0,0.0,321.0,-0.3849996285426869
28.0,321.0,90.41659403068394,0.09205020920501557,321.0,0.0
28.1,321.0,48.74996083681954,0.5104602510460305,321.0,0.0
28.200000000000003,321.0,7.08332764295514,0.9288702928870456,306.47498372830165,-14.525016271698348
28.3,306.47498372830165,0.0,1.0,288.97499999999945,-17.499983728302198
28.400000000000002,288.97499999999945,0.0,1.0,271.560713482449,-17.414286517550465
28.5,271.560713482449,0.0,1.0,256.91782956408144,-14.642883918367545
28.6,256.91782956408144,0.0,1.0,242.27497938285683,-14.642850181224617
28.700000000000003,242.27497938285683,0.0,1.0,229.131245216,-13.14373416685683
28.8,229.131245216,0.0,1.0,221.00623717333315,-8.125008042666849
28.900000000000002,221.00623717333315,0.0,1.0,211.06999999999996,-9.936237173333183
29.0,211.06999999999996,0.0,1.0,200.06999999999985,-11.000000000000114
29.1,200.06999999999985,0.0,1.0,188.51874999999973,-11.551250000000124
29.200000000000003,188.51874999999973,0.0,1.0,176.86875,-11.649999999999721
29.3,176.86875,0.0,1.0,172.49374999999998,-4.375000000000028
29.400000000000002,172.49374999999998,0.0,1.0,166.43153158744616,-6.062218412553818
29.5,166.43153158744616,0.0,1.0,158.13276845032473,-8.298763137121426
29.6,158.13276845032473,0.0,1.0,149.89285727223705,-8.23991117808768
29.700000000000003,149.89285727223705,0.0,1.0,144.535720884097,-5.357136388140049
29.8,144.535720884097,0.0,1.0,139.17857805903176,-5.357142825065239
29.900000000000002,139.17857805903176,0.0,1.0,134.17499946666672,-5.003578592365045
30.0,134.17499946666672,0.0,1.0,130.42499799148936,-3.7500014751773563
30.1,130.42499799148936,0.0,1.0,126.67499969361693,-3.7499982978724375
30.200000000000003,126.67499969361693,0.0,1.0,123.53999840969695,-3.1350012839199763
30.3,123.53999840969695,0.0,1.0,120.5399996578217,-2.9999987518752533
30.400000000000002,120.5399996578217,0.0,1.0,117.43749999999999,-3.10249965782171
30.5,117.43749999999999,0.0,1.0,114.90833307028657,-2.529166929713412
30.6,114.90833307028657,0.0,0.9864253393665153,114.49166652428354,-0.41666654600302877
30.700000000000003,114.49166652428354,0.0,0.5339366515837036,114.07499997828054,-0.41666654600300035
30.8,114.07499997828054,0.0,0.08144796380090802,111.5400039690756,-2.5349960092049457
30.900000000000002,111.5400039690756,2.869995369411796,0.0,108.54000128000003,-3.000002689075572
31.0,108.54000128000003,6.369998506666639,0.0,107.6583338785185,-0.881667401481522
31.1,107.6583338785185,14.516654672592857,0.0,107.24166661925923,-0.4166672592592704
31.200000000000003,107.24166661925923,23.683334376296706,0.0,107.87500000000003,0.6333333807407939
31.3,107.87500000000003,31.625000000000078,0.0,109.95833333333337,2.083333333333343
31.400000000000002,109.95833333333337,37.875000000000114,0.0,112.06111096258788,2.102777629254504
31.5,112.06111096258788,43.844444822503604,0.0,115.11666128018979,3.055550317601913
31.6,115.11666128018979,36.06668037769871,0.0,118.17221892352714,3.0555576433373517
31.700000000000003,118.17221892352714,28.288897285567288,0.0,121.22777656686438,3.055557643337238
31.8,121.22777656686438,20.511114193436146,0.0,122.76666666666665,1.5388900998022734
31.900000000000002,122.76666666666665,15.64999999999999,0.0,122.21111111111111,-0.5555555555555429
32.0,122.21111111111111,14.816666666666679,0.0,121.65555555555555,-0.5555555555555571
32.1,121.65555555555555,13.983333333333333,0.0,121.1,-0.5555555555555571
32.2,121.1,13.15,0.0,121.0,-0.09999999999999432
32.300000000000004,121.0,15.562500000000078,0.0,121.3142857142857,0.3142857142857025
32.4,121.3142857142857,20.907142857142716,0.0,122.74285714285715,1.4285714285714448
32.5,122.74285714285715,34.1214285714287,0.0,124.17142857142858,1.4285714285714306
32.6,124.17142857142858,47.33571428571442,0.0,125.525,1.3535714285714278
32.7,125.525,58.325,0.0,126.775,1.25
32.800000000000004,126.775,66.24166666666673,0.0,128.11428571428544,1.3392857142854382
32.9,128.11428571428544,74.12857142857114,0.0,133.82857142857148,5.714285714286035
33.0,133.82857142857148,80.55714285714292,0.0,139.5428571428573,5.714285714285808
33.1,139.5428571428573,86.98571428571445,0.0,144.0,4.457142857142713
33.2,144.0,93.10000000000028,0.0,144.0,0.0
33.300000000000004,144.0,98.10000000000032,0.0,147.0999999999999,3.099999999999909
33.4,147.0999999999999,100.0,0.0,152.1,5.000000000000085
33.5,152.1,100.0,0.0,157.1,5.0
33.6,157.1,100.0,0.0,164.6625000000002,7.562500000000199
33.7,164.6625000000002,100.0,0.0,171.99000000000026,7.327500000000072
33.800000000000004,171.99000000000026,100.0,0.0,176.49,4.499999999999744
33.9,176.49,100.0,0.0,180.88442296386538,4.394422963865367
34.0,180.88442296386538,100.0,0.0,184.90452390224277,4.0201009383773965
34.1,184.90452390224277,100.0,0.0,188.44722362987255,3.542699727629781
34.2,188.44722362987255,100.0,0.0,190.39166962586407,1.944445995991515
34.300000000000004,190.39166962586407,100.0,0.0,192.33611282170196,1.9444431958378914
34.4,192.33611282170196,100.0,0.0,194.28055601753996,1.944443195838005
34.5,194.28055601753996,100.0,0.0,198.15000746666666,3.8694514491267
34.6,198.15000746666666,100.0,0.0,203.15000960000015,5.000002133333481
34.7,203.15000960000015,100.0,0.0,208.15000418461563,4.999994584615479
34.800000000000004,208.15000418461563,100.0,0.0,211.33437499999997,3.184370815384341
34.9,211.33437499999997,100.0,0.0,214.146875,2.8125000000000284
35.0,214.146875,100.0,0.0,216.95937500000002,2.8125000000000284
35.1,216.95937500000002,100.0,0.0,219.73250000000004,2.7731250000000216
35.2,219.73250000000004,100.0,0.0,222.48250000000007,2.7500000000000284
35.300000000000004,222.48250000000007,100.0,0.0,225.2324999999999,2.7499999999998295
35.4,225.2324999999999,100.0,0.0,227.98250000000002,2.7500000000001137
35.5,227.98250000000002,100.0,0.0,230.9687555428571,2.9862555428570943
35.6,230.9687555428571,100.0,0.0,234.0937504,3.1249948571428945
35.7,234.0937504,100.0,0.0,237.21875456000018,3.1250041600001737
35.800000000000004,237.21875456000018,100.0,0.0,239.89583715555548,2.677082595555305
35.9,239.89583715555548,100.0,0.0,241.9791695407407,2.08333238518523
36.0,241.9791695407407,100.0,0.0,244.0560749720673,2.076905431326594
36.1,244.0560749720673,100.0,0.0,245.9252364869902,1.8691615149228937
36.2,245.9252364869902,100.0,0.0,247.7943924070925,1.869155920102287
36.300000000000004,247.7943924070925,100.0,0.0,249.66354832719463,1.8691559201021448
36.4,249.66354832719463,100.0,0.0,251.28125045810054,1.6177021309059114
36.5,251.28125045810054,100.0,0.0,252.8437509787234,1.562500520622848
36.6,252.8437509787234,100.0,0.0,254.4062502695036,1.5624992907802095
36.7,254.4062502695036,100.0,0.0,256.03333438232056,1.6270841128169593
36.800000000000004,256.03333438232056,100.0,0.0,257.7000004596685,1.6666660773479407
36.9,257.7000004596685,100.0,0.0,257.77777721502804,0.07777675535953676
37.0,257.77777721502804,93.88888607514014,0.0,252.2222191015186,-5.5555581135094485
37.1,252.2222191015186,66.11109550759294,0.0,246.6666696691355,-5.5555494323830885
37.2,246.6666696691355,38.33334834567745,0.0,241.1111209972896,-5.555548671845912
37.300000000000004,241.1111209972896,10.555604986447943,0.07317073170748614,234.93125000000015,-6.1798709972894414
37.4,234.93125000000015,0.0,1.0,228.36875000000006,-6.562500000000085
37.5,228.36875000000006,0.0,1.0,221.80624999999998,-6.562500000000085
37.6,221.80624999999998,0.0,1.0,217.21249963741002,-4.593750362589958
37.7,217.21249963741002,0.0,1.0,215.33749897142843,-1.875000665981588
37.800000000000004,215.33749897142843,0.0,0.8571428571425188,212.60833223213433,-2.729166739294101
37.9,212.60833223213433,1.025000471942434,0.0,209.6916655947195,-2.916666637414835
38.0,209.6916655947195,2.275000459405936,0.0,206.73999954949718,-2.9516660452223107
38.1,206.73999954949718,3.420000150167609,0.0,203.73999847687148,-3.0000010726257074
38.2,203.73999847687148,4.420000507709512,0.0,201.08124999999995,-2.658748476871523
38.300000000000004,201.08124999999995,5.26250000000001,0.0,198.89374999999993,-2.1875000000000284
38.400000000000006,198.89374999999993,5.887500000000018,0.0,196.70625000000007,-2.187499999999858
38.5,196.70625000000007,6.5124999999999815,0.0,194.67000000000002,-2.0362500000000523
38.6,194.67000000000002,7.0,0.0,193.16999999999996,-1.5000000000000568
38.7,193.16999999999996,7.0,0.0,192.20625000000004,-0.9637499999999193
38.800000000000004,192.20625000000004,12.087500000001285,0.0,193.14375000000007,0.9375000000000284
38.900000000000006,193.14375000000007,35.2125000000016,0.0,194.08125,0.9374999999999432
39.0,194.08125,58.33750000000026,0.0,195.02,0.9387499999999989
39.1,195.02,81.01,0.0,196.02,1.0
39.2,196.02,81.51,0.0,197.05000000000007,1.030000000000058
39.300000000000004,197.05000000000007,82.02857142857147,0.0,199.55000000000015,2.5000000000000853
39.400000000000006,199.55000000000015,83.45714285714294,0.0,202.05000000000007,2.4999999999999147
39.5,202.05000000000007,84.88571428571433,0.0,204.27499999999998,2.224999999999909
39.6,204.27499999999998,86.76999999999997,0.0,205.52500000000003,1.2500000000000568
39.7,205.52500000000003,90.27000000000008,0.0,206.77500000000006,1.2500000000000284
39.800000000000004,206.77500000000006,93.77000000000018,0.0,208.02500000000006,1.25
39.900000000000006,208.02500000000006,97.27000000000018,0.0,209.54999999999998,1.5249999999999204
40.0,209.54999999999998,100.0,0.0,212.05000000000007,2.5000000000000853
40.1,212.05000000000007,100.0,0.0,214.55000000000013,2.500000000000057
40.2,214.55000000000013,100.0,0.0,217.05000000000015,2.5000000000000284
40.300000000000004,217.05000000000015,100.0,0.0,220.17000000000021,3.1200000000000614
40.400000000000006,220.17000000000021,100.0,0.0,223.67000000000007,3.499999999999858
40.5,223.67000000000007,100.0,0.0,226.55000000000004,2.879999999999967
40.6,226.55000000000004,100.0,0.0,229.07547178924904,2.5254717892489964
40.7,229.07547178924904,100.0,0.0,232.84905817793657,3.7735863886875336
40.800000000000004,232.84905817793657,100.0,0.0,235.85104282553206,3.001984647595492
40.900000000000006,235.85104282553206,100.0,0.0,237.8302121333334,1.9791693078013282
41.0,237.8302121333334,100.0,0.0,239.80937879999996,1.979166666666572
41.1,239.80937879999996,100.0,0.0,241.78854546666665,1.9791666666666856
41.2,241.78854546666665,100.0,0.0,243.76771213333336,1.979166666666714
41.300000000000004,243.76771213333336,100.0,0.0,245.74687880000005,1.9791666666666856
41.400000000000006,245.74687880000005,100.0,0.0,247.72604477168136,1.9791659716813115
41.5,247.72604477168136,100.0,0.0,249.70521031740412,1.9791655457227648
41.6,249.70521031740412,100.0,0.0,251.6843758631269,1.9791655457227648
41.7,251.6843758631269,100.0,0.0,253.66354166666673,1.9791658035398427
41.800000000000004,253.66354166666673,100.0,0.0,255.48214285714295,1.8186011904762154
41.900000000000006,255.48214285714295,100.0,0.0,257.2678571428571,1.785714285714164
42.0,257.2678571428571,100.0,0.0,259.0428571927273,1.7750000498701866
42.1,259.0428571927273,100.0,0.0,260.4714302836364,1.428573090909083
42.2,260.4714302836364,100.0,0.0,261.9000033745455,1.4285730909091399
42.300000000000004,261.9000033745455,100.0,0.0,261.21110958459235,-0.6888937899531697
42.400000000000006,261.21110958459235,93.6111056592583,0.0,253.43332516977787,-7.777784414814477
42.5,253.43332516977787,65.83330417777813,0.0,245.65554075496289,-7.777784414814988
42.6,245.65554075496289,38.055502696295996,0.0,237.87776549925908,-7.777775255703801
42.7,237.87776549925908,10.277733925925272,0.3833333333333728,227.93458366529552,-9.943181833963564
42.800000000000004,227.93458366529552,0.0,1.0,216.71963710227277,-11.21494656302275
42.900000000000006,216.71963710227277,0.0,1.0,205.50469053925084,-11.214946563021925
43.0,205.50469053925084,0.0,1.0,197.63499951195527,-7.869691027295573
43.1,197.63499951195527,0.5250001877095111,1.0,194.38499834994408,-3.2500011620111877
43.2,194.38499834994408,1.775000634636889,1.0,191.13499851294108,-3.2499998370030028
43.300000000000004,191.13499851294108,3.0250005719457436,0.7149321266968174,187.88499945411743,-3.249999058823647
43.400000000000006,187.88499945411743,4.275000209954831,0.26244343891399835,185.18333706666667,-2.7016623874507673
43.5,185.18333706666667,5.816662933333335,0.0,183.2388926222222,-1.944444444444457
43.6,183.2388926222222,7.761107377777799,0.0,181.29444817777772,-1.9444444444444855
43.7,181.29444817777772,9.705551822222263,0.0,179.3500016390243,-1.944446538753425
43.800000000000004,179.3500016390243,11.649998360975708,0.0,177.97500098894466,-1.3750006500796417
43.900000000000006,177.97500098894466,18.149994066332088,0.0,176.7250021949749,-1.2499987939697519
44.0,176.7250021949749,25.64998683015056,0.0,176.35000022626267,-0.37500196871224034
44.1,176.35000022626267,35.4250035070711,0.0,177.18333370401896,0.8333334777562982
44.2,177.18333370401896,48.341672412293754,0.0,178.04375002014393,0.8604163161249687
44.300000000000004,178.04375002014393,61.212500097841996,0.0,180.2312510273383,2.1875010071943564
44.400000000000006,180.2312510273383,71.8375049899288,0.0,182.4187509127072,2.187499885368908
44.5,182.4187509127072,82.46250443314926,0.0,184.60625013922652,2.1874992265193214
44.6,184.60625013922652,93.08750067624307,0.0,188.41665881573502,3.8104086765085015
44.7,188.41665881573502,96.70832940786751,0.0,192.58333045134597,4.166671635610953
44.800000000000004,192.58333045134597,98.79166522567299,0.0,195.8166679111112,3.233337459765238
44.900000000000006,195.8166679111112,100.0,0.0,197.76111235555558,1.9444444444443718
45.0,197.76111235555558,100.0,0.0,199.70555659700557,1.944444241449986
45.1,199.70555659700557,100.0,0.0,201.65000015886525,1.9444435618596856
45.2,201.65000015886525,100.0,0.0,207.12500000000028,5.4749998411350305
45.300000000000004,207.12500000000028,100.0,0.0,212.488888888889,5.3638888888887095
45.400000000000006,212.488888888889,100.0,0.0,214.71111111111108,2.2222222222220864
45.5,214.71111111111108,100.0,0.0,216.93333333333337,2.2222222222222854
45.6,216.93333333333337,100.0,0.0,219.15555555555562,2.222222222222257
45.7,219.15555555555562,100.0,0.0,222.17000000000004,3.014444444444422
45.800000000000004,222.17000000000004,100.0,0.0,225.6700000000001,3.500000000000057
45.900000000000006,225.6700000000001,100.0,0.0,228.23999999999998,2.5699999999998795
46.0,228.23999999999998,100.0,0.0,230.24000000000004,2.000000000000057
46.1,230.24000000000004,100.0,0.0,231.77500000000003,1.5349999999999966
46.2,231.77500000000003,100.0,0.0,233.02500000000003,1.25
46.300000000000004,233.02500000000003,100.0,0.0,234.82500000000022,1.800000000000182
46.400000000000006,234.82500000000022,100.0,0.0,238.575,3.7499999999997726
46.5,238.575,100.0,0.0,242.325,3.75
46.6,242.325,100.0,0.0,244.4642857142858,2.139285714285819
46.7,244.4642857142858,100.0,0.0,246.25000000000006,1.7857142857142492
46.800000000000004,246.25000000000006,100.0,0.0,248.0583333333334,1.8083333333333371
46.900000000000006,248.0583333333334,100.0,0.0,250.97499999999997,2.916666666666572
47.0,250.97499999999997,100.0,0.0,253.89166666666674,2.916666666666771
47.1,253.89166666666674,100.0,0.0,256.29166666666674,2.4000000000000057
47.2,256.29166666666674,100.0,0.0,258.3750000000001,2.0833333333333712
47.300000000000004,258.3750000000001,100.0,0.0,260.4137933525027,2.03879335250258
47.400000000000006,260.4137933525027,100.0,0.0,262.2946722275143,1.8808788750116037
47.5,262.2946722275143,100.0,0.0,264.1755510295708,1.8808788020564862
47.6,264.1755510295708,100.0,0.0,266.0625,1.8869489704292164
47.7,266.0625,100.0,0.0,268.1458333333334,2.083333333333428
47.800000000000004,268.1458333333334,100.0,0.0,270.2291666666668,2.0833333333333712
47.900000000000006,270.2291666666668,100.0,0.0,272.1250037021511,1.8958370354843055
48.0,272.1250037021511,100.0,0.0,273.91071842912294,1.7857147269718325
48.1,273.91071842912294,100.0,0.0,275.69643245714286,1.7857140280199246
48.2,275.69643245714286,100.0,0.0,277.6977272727273,2.0012948155844583
48.300000000000004,277.6977272727273,100.0,0.0,279.7431822813987,2.045455008671354
48.400000000000006,279.7431822813987,100.0,0.0,281.7886388408391,2.0454565594404244
48.5,281.7886388408391,100.0,0.0,283.83409540027975,2.0454565594406517
48.6,283.83409540027975,100.0,0.0,285.5375000000001,1.7034045997203293
48.7,285.5375000000001,100.0,0.0,286.7875000000001,1.25
48.800000000000004,286.7875000000001,100.0,0.0,288.0375000369232,1.2500000369230975
48.900000000000006,288.0375000369232,100.0,0.0,289.28750126769233,1.2500012307691577
49.0,289.28750126769233,100.0,0.0,290.5375024984616,1.2500012307692714
49.1,290.5375024984616,100.0,0.0,291.7875009066667,1.2499984082051014
49.2,291.7875009066667,100.0,0.0,292.51875,0.7312490933333038
49.300000000000004,292.51875,100.0,0.0,293.34328388189516,0.8245338818951495
49.400000000000006,293.34328388189516,100.0,0.0,294.8358224988305,1.4925386169353487
49.5,294.8358224988305,100.0,0.0,296.44,1.604177501169488
49.6,296.44,100.0,0.0,298.44000000000005,2.000000000000057
49.7,298.44000000000005,100.0,0.0,300.0,1.5599999999999454
49.800000000000004,300.0,100.0,0.0,300.0,0.0
49.900000000000006,300.0,100.0,0.0,301.1624971746835,1.1624971746834944
50.0,301.1624971746835,100.0,0.0,303.0374986133333,1.8750014386498037
50.1,303.0374986133333,100.0,0.0,304.9125011409836,1.875002527650281
50.2,304.9125011409836,100.0,0.0,306.2863639183217,1.373862777338104
50.300000000000004,306.2863639183217,100.0,0.0,306.96818142881125,0.6818175104895658
50.400000000000006,306.96818142881125,100.0,0.0,307.6499989393007,0.6818175104894522
50.5,307.6499989393007,100.0,0.0,308.33181738498024,0.6818184456795393
50.6,308.33181738498024,100.0,0.0,309.01999995139244,0.6881825664121948
50.7,309.01999995139244,100.0,0.0,310.0199984449587,0.9999984935662383
50.800000000000004,310.0199984449587,100.0,0.0,311.0187500086331,0.998751563674432
50.900000000000006,311.0187500086331,100.0,0.0,311.95625044028776,0.9375004316546551
51.0,311.95625044028776,100.0,0.0,312.8937503911602,0.93749995087245
51.1,312.8937503911602,100.0,0.0,313.8312500596685,0.9374996685082806
51.2,313.8312500596685,100.0,0.0,314.68333252266666,0.8520824629981689
51.300000000000004,314.68333252266666,100.0,0.0,315.51666589972456,0.8333333770578975
51.400000000000006,315.51666589972456,100.0,0.0,316.2625,0.745834100275431
51.5,316.2625,100.0,0.0,316.8875,0.625
51.6,316.8875,100.0,0.0,317.8785699208519,0.991069920851885
51.7,317.8785699208519,100.0,0.0,318.94999977000896,1.0714298491570844
51.800000000000004,318.94999977000896,100.0,0.0,320.01500000000004,1.0650002299910852
51.900000000000006,320.01500000000004,100.0,0.0,320.76500000000004,0.75
52.0,320.76500000000004,100.0,0.0,321.51500000000004,0.75
52.1,321.51500000000004,100.0,0.0,322.26500000000004,0.75
52.2,322.26500000000004,100.0,0.0,323.01428571428573,0.7492857142856906
52.300000000000004,323.01428571428573,100.0,0.0,323.7285714285715,0.7142857142857792
52.400000000000006,323.7285714285715,100.0,0.0,324.4428571428572,0.7142857142856656
52.5,324.4428571428572,100.0,0.0,325.11,0.667142857142835
52.6,325.11,100.0,0.0,325.61,0.5
52.7,325.61,100.0,0.0,326.1571428571429,0.5471428571428874
52.800000000000004,326.1571428571429,100.0,0.0,326.87142857142857,0.7142857142856656
52.900000000000006,326.87142857142857,100.0,0.0,327.5857142857143,0.7142857142857224
53.0,327.5857142857143,100.0,0.0,328.175,0.5892857142857224
53.1,328.175,100.0,0.0,328.5916666666667,0.4166666666666856
53.2,328.5916666666667,100.0,0.0,329.0125,0.42083333333329165
53.300000000000004,329.0125,100.0,0.0,329.63750000000005,0.6250000000000568
53.400000000000006,329.63750000000005,100.0,0.0,330.21,0.5724999999999341
53.5,330.21,100.0,0.0,330.71,0.5
53.6,330.71,100.0,0.0,331.13125,0.4212500000000432
53.7,331.13125,100.0,0.0,331.44375,0.3125
53.800000000000004,331.44375,100.0,0.0,331.75625,0.3125
53.900000000000006,331.75625,100.0,0.0,332.0612813698218,0.3050313698217906
54.0,332.0612813698218,100.0,0.0,332.33983305082995,0.278551681008139
54.1,332.33983305082995,100.0,0.0,332.6183847318381,0.278551681008139
54.2,332.6183847318381,100.0,0.0,332.8969362134221,0.27855148158403154
54.300000000000004,332.8969362134221,100.0,0.0,333.3150003756522,0.4180641622300527
54.400000000000006,333.3150003756522,100.0,0.0,333.81500091076924,0.5000005351170671
54.5,333.81500091076924,100.0,0.0,334.225,0.4099990892307801
54.6,334.225,100.0,0.0,334.58214285714286,0.3571428571428328
54.7,334.58214285714286,100.0,0.0,334.93928571428575,0.3571428571428896
54.800000000000004,334.93928571428575,100.0,0.0,335.51875000000007,0.5794642857143231
54.900000000000006,335.51875000000007,100.0,0.0,336.0,0.4812499999999318
55.0,336.0,100.0,0.0,336.0,0.0
55.1,336.0,100.0,0.0,336.0,0.0
55.2,336.0,100.0,0.0,336.0,0.0
55.300000000000004,336.0,100.0,0.0,336.0,0.0
55.400000000000006,336.0,100.0,0.0,336.0,0.0
55.5,336.0,100.0,0.0,336.0,0.0
55.6,336.0,100.0,0.0,336.0,0.0
55.7,336.0,100.0,0.0,336.0,0.0
55.800000000000004,336.0,100.0,0.0,336.0,0.0
55.900000000000006,336.0,100.0,0.0,334.74626478688543,-1.2537352131145667
56.0,334.74626478688543,68.65661967213542,0.021276595744681923,332.75621783986696,-1.9900469470184703
56.1,332.75621783986696,18.905445996673585,0.7304964539007293,321.5928739342129,-11.163343905654074
56.2,321.5928739342129,0.0,1.0,304.8071664780824,-16.785707456130467
56.300000000000004,304.8071664780824,0.0,1.0,288.0214321746218,-16.78573430346063
56.400000000000006,288.0214321746218,0.0,1.0,272.700019845378,-15.321412329243799
56.5,272.700019845378,0.0,1.0,257.7000064,-15.000013445377988
56.6,257.7000064,0.0,1.0,242.1874999999996,-15.512506400000404
56.7,242.1874999999996,0.0,1.0,228.66428509928028,-13.523214900719324
56.800000000000004,228.66428509928028,0.0,1.0,222.59285373237384,-6.071431366906438
56.900000000000006,222.59285373237384,0.0,1.0,216.52142697304967,-6.071426759324169
57.0,216.52142697304967,0.0,1.0,213.0,-3.521426973049671
57.1,213.0,0.0,1.0,213.0,0.0
57.2,213.0,0.0,1.0,201.21251901848726,-11.787480981512743
57.300000000000004,201.21251901848726,0.0,1.0,189.4500006641508,-11.762518354336464
57.400000000000006,189.4500006641508,0.0916665559748666,1.0,186.95000368301885,-2.499996981131943
57.5,186.95000368301885,0.5083327194968583,1.0,184.45000106666666,-2.500002616352191
57.6,184.45000106666666,0.9249998222222222,0.2222222222222222,182.76999956022343,-1.680001506443233
57.7,182.76999956022343,2.6400005863687763,0.0,181.26999917714275,-1.5000003830806747
57.800000000000004,181.26999917714275,4.640001097142999,0.0,178.94999905611493,-2.3200001210278174
57.900000000000006,178.94999905611493,5.0,0.0,176.9083332911271,-2.0416657649878402
58.0,176.9083332911271,9.858335570263597,0.0,176.4916664326139,-0.41666685851319585
58.1,176.4916664326139,31.941679071463618,0.0,176.07499995247525,-0.4166664801386446
58.2,176.07499995247525,54.025002518811974,0.0,178.39166666666682,2.3166667141915696
58.300000000000004,178.39166666666682,67.90833333333399,0.0,181.30833333333354,2.916666666666714
58.400000000000006,181.30833333333354,79.99166666666757,0.0,184.47000000000003,3.161666666666491
58.5,184.47000000000003,89.73000000000006,0.0,187.97000000000003,3.5
58.6,187.97000000000003,96.23000000000006,0.0,191.6800000000001,3.710000000000065
58.7,191.6800000000001,100.0,0.0,195.68000000000023,4.000000000000142
58.800000000000004,195.68000000000023,100.0,0.0,198.75000000000014,3.069999999999908
58.900000000000006,198.75000000000014,100.0,0.0,200.5357142857143,1.785714285714164
59.0,200.5357142857143,100.0,0.0,202.3214285714286,1.785714285714306
59.1,202.3214285714286,100.0,0.0,204.9375000000001,2.6160714285715017
59.2,204.9375000000001,100.0,0.0,208.0750000000001,3.1374999999999886
59.300000000000004,208.0750000000001,100.0,0.0,211.82500000000022,3.7500000000001137
59.400000000000006,211.82500000000022,100.0,0.0,214.0,2.174999999999784
59.5,214.0,100.0,0.0,214.0,0.0
59.6,214.0,100.0,0.0,216.96111111111114,2.961111111111137
59.7,216.96111111111114,100.0,0.0,220.57222222222228,3.6111111111111427
59.800000000000004,220.57222222222228,100.0,0.0,224.18333333333345,3.611111111111171
59.900000000000006,224.18333333333345,100.0,0.0,227.36666666666665,3.183333333333195
60.0,227.36666666666665,100.0,0.0,229.03333333333333,1.6666666666666856
60.1,229.03333333333333,100.0,0.0,230.70000000000002,1.6666666666666856
60.2,230.70000000000002,100.0,0.0,232.36666666666673,1.666666666666714
60.300000000000004,232.36666666666673,100.0,0.0,234.2400000000001,1.8733333333333633
60.400000000000006,234.2400000000001,100.0,0.0,236.23999999999998,1.9999999999998863
60.5,236.23999999999998,100.0,0.0,239.32500000000013,3.08500000000015
60.6,239.32500000000013,100.0,0.0,243.02000000000004,3.694999999999908
60.7,243.02000000000004,100.0,0.0,244.02000000000007,1.0000000000000284
60.800000000000004,244.02000000000007,100.0,0.0,245.03899723534118,1.0189972353411179
60.900000000000006,245.03899723534118,100.0,0.0,246.98885900239813,1.9498617670569445
61.0,246.98885900239813,100.0,0.0,248.93871948499392,1.9498604825957955
61.1,248.93871948499392,100.0,0.0,250.8885796856348,1.9498602006408703
61.2,250.8885796856348,100.0,0.0,252.0,1.1114203143652048
61.300000000000004,252.0,100.0,0.0,252.0,0.0
61.400000000000006,252.0,100.0,0.0,252.83,0.8300000000000125
61.5,252.83,100.0,0.0,253.83000000000004,1.0000000000000284
61.6,253.83000000000004,100.0,0.0,255.15277782626262,1.3227778262625804
61.7,255.15277782626262,100.0,0.0,256.54166833131313,1.3888905050505116
61.800000000000004,256.54166833131313,100.0,0.0,257.9305588363637,1.38889050505054
61.900000000000006,257.9305588363637,100.0,0.0,259.41071428571433,1.4801554493506615
62.0,259.41071428571433,100.0,0.0,261.19642857142867,1.7857142857143344
62.1,261.19642857142867,100.0,0.0,262.98214285714295,1.7857142857142776
62.2,262.98214285714295,100.0,0.0,264.9214285714287,1.9392857142857451
62.300000000000004,264.9214285714287,100.0,0.0,267.0642857142858,2.1428571428571104
62.400000000000006,267.0642857142858,100.0,0.0,269.20714285714286,2.1428571428570535
62.5,269.20714285714286,100.0,0.0,271.04564232048415,1.838499463341293
62.6,271.04564232048415,100.0,0.0,272.70539203553835,1.659749715054204
62.7,272.70539203553835,100.0,0.0,274.3300000964384,1.6246080609000728
62.800000000000004,274.3300000964384,100.0,0.0,275.83000053479464,1.50000043835621
62.900000000000006,275.83000053479464,100.0,0.0,277.33000096,1.5000004252053714
63.0,277.33000096,100.0,0.0,278.83000096000006,1.5000000000000568
63.1,278.83000096000006,100.0,0.0,280.2750000803654,1.4449991203653099
63.2,280.2750000803654,100.0,0.0,281.5250004456622,1.2500003652968417
63.300000000000004,281.5250004456622,100.0,0.0,282.7750006857144,1.2500002400522021
63.400000000000006,282.7750006857144,100.0,0.0,284.53749814339625,1.7624974576818317
63.5,284.53749814339625,100.0,0.0,286.3142853347709,1.7767871913746376
63.6,286.3142853347709,100.0,0.0,287.7428550382749,1.4285697035040243
63.7,287.7428550382749,100.0,0.0,289.17142725667065,1.4285722183957432
63.800000000000004,289.17142725667065,100.0,0.0,290.4199989792406,1.2485717225699204
63.900000000000006,290.4199989792406,100.0,0.0,291.41999907966937,1.0000001004287924
64.0,291.41999907966937,100.0,0.0,292.35,0.9300009203306558
64.10000000000001,292.35,100.0,0.0,293.18333333333334,0.8333333333333144
64.2,293.18333333333334,100.0,0.0,294.0166666261603,0.8333332928269783
64.3,294.0166666261603,100.0,0.0,294.84999840000006,0.8333317738397454
64.4,294.84999840000006,100.0,0.0,295.6833317333333,0.8333333333332575
64.5,295.6833317333333,100.0,0.0,296.77500000000015,1.0916682666668294
64.60000000000001,296.77500000000015,100.0,0.0,298.02500000000003,1.2499999999998863
64.7,298.02500000000003,100.0,0.0,299.2749999999999,1.2499999999998863
64.8,299.2749999999999,100.0,0.0,300.38181818181823,1.106818181818312
64.9,300.38181818181823,100.0,0.0,301.29090909090905,0.9090909090908212
65.0,301.29090909090905,100.0,0.0,302.20000000000005,0.9090909090909918
65.10000000000001,302.20000000000005,100.0,0.0,303.10909090909087,0.9090909090908212
65.2,303.10909090909087,100.0,0.0,304.0125,0.9034090909091219
65.3,304.0125,100.0,0.0,304.63750000000005,0.6250000000000568
65.4,304.63750000000005,100.0,0.0,305.2625,0.6249999999999432
65.5,305.2625,100.0,0.0,305.8875000000001,0.6250000000001137
65.60000000000001,305.8875000000001,100.0,0.0,307.02500000000003,1.1374999999999318
65.7,307.02500000000003,100.0,0.0,308.2749999999999,1.2499999999998863
65.8,308.2749999999999,100.0,0.0,309.28636363636366,1.0113636363637397
65.9,309.28636363636366,100.0,0.0,309.9681818181818,0.6818181818181301
66.0,309.9681818181818,100.0,0.0,310.65000000000003,0.6818181818182438
66.10000000000001,310.65000000000003,100.0,0.0,311.33181818181816,0.6818181818181301
66.2,311.33181818181816,100.0,0.0,312.0249999999999,0.6931818181817562
66.3,312.0249999999999,100.0,0.0,313.2750000000001,1.2500000000001705
66.4,313.2750000000001,100.0,0.0,314.15,0.8749999999998863
66.5,314.15,100.0,0.0,314.50714285714287,0.3571428571428896
66.60000000000001,314.50714285714287,100.0,0.0,314.8642857142857,0.3571428571428328
66.7,314.8642857142857,100.0,0.0,315.2583333333333,0.3940476190476261
66.8,315.2583333333333,100.0,0.0,315.67500000000007,0.41666666666674246
66.9,315.67500000000007,100.0,0.0,316.0916666666667,0.41666666666662877
67.0,316.0916666666667,100.0,0.0,316.5083333333334,0.4166666666666856
67.10000000000001,316.5083333333334,100.0,0.0,316.925,0.41666666666662877
67.2,316.925,100.0,0.0,317.29285714285714,0.3678571428571331
67.3,317.29285714285714,100.0,0.0,317.65,0.3571428571428328
67.4,317.65,100.0,0.0,318.0083682075594,0.35836820755940835
67.5,318.0083682075594,100.0,0.0,318.4267785855293,0.41841037796990577
67.60000000000001,318.4267785855293,100.0,0.0,318.84518840993167,0.4184098244023744
67.7,318.84518840993167,100.0,0.0,319.393750336,0.5485619260683166
67.8,319.393750336,100.0,0.0,320.01875086933336,0.6250005333333775
67.9,320.01875086933336,100.0,0.0,320.6437514026667,0.6250005333333206
68.0,320.6437514026667,100.0,0.0,321.0,0.3562485973333196
68.10000000000001,321.0,100.0,0.0,321.0,0.0
68.2,321.0,100.0,0.0,321.0187500342857,0.01875003428568789
68.3,321.0187500342857,100.0,0.0,321.6437511771429,0.6250011428572293
68.4,321.6437511771429,100.0,0.0,322.1194447502222,0.4756935730792975
68.5,322.1194447502222,100.0,0.0,322.39722281572654,0.2777780655043216
68.60000000000001,322.39722281572654,100.0,0.0,322.67500032000004,0.27777750427350156
68.7,322.67500032000004,100.0,0.0,322.95277782427354,0.27777750427350156
68.8,322.95277782427354,100.0,0.0,323.22991677522435,0.277138950950814
68.9,323.22991677522435,100.0,0.0,323.5069249381452,0.2770081629208221
69.0,323.5069249381452,100.0,0.0,323.78393329007264,0.27700835192746354
69.10000000000001,323.78393329007264,100.0,0.0,324.0916666666667,0.307733376594058
69.2,324.0916666666667,100.0,0.0,324.5083333333333,0.41666666666662877
69.3,324.5083333333333,100.0,0.0,324.925,0.4166666666666856
69.4,324.925,100.0,0.0,325.34166693333333,0.4166669333333175
69.5,325.34166693333333,100.0,0.0,325.75833344302606,0.4166665096927318
69.60000000000001,325.75833344302606,100.0,0.0,326.0,0.24166655697393935
69.7,326.0,100.0,0.0,326.0,0.0
69.8,326.0,100.0,0.0,326.25624979414226,0.25624979414226345
69.9,326.25624979414226,100.0,0.0,326.56874954309626,0.31249974895399646
70.0,326.56874954309626,100.0,0.0,326.8812497185185,0.31250017542225805
70.10000000000001,326.8812497185185,100.0,0.0,327.3875,0.5062502814814707
70.2,327.3875,100.0,0.0,328.0,0.6125000000000114
70.3,328.0,100.0,0.0,328.0,0.0
70.4,328.0,100.0,0.0,328.0,0.0
70.5,328.0,100.0,0.0,328.0,0.0
70.60000000000001,328.0,100.0,0.0,328.0,0.0
70.7,328.0,100.0,0.0,327.90833348123255,-0.09166651876745391
70.8,327.90833348123255,100.0,0.0,327.49166744683197,-0.4166660344005777
70.9,327.49166744683197,100.0,0.0,327.0750001190083,-0.41666732782368854
71.0,327.0750001190083,100.0,0.0,326.70714272230214,-0.3678573967061425
71.10000000000001,326.70714272230214,100.0,0.0,326.3499998411347,-0.35714288116741955
71.2,326.3499998411347,100.0,0.0,326.0,-0.3499998411347178
71.3,326.0,100.0,0.0,326.0,0.0
71.4,326.0,100.0,0.0,326.0,0.0
71.5,326.0,100.0,0.0,326.0,0.0
71.60000000000001,326.0,100.0,0.0,325.825,-0.17500000000001137
71.7,325.825,82.49999999999862,0.0,325.4083333333333,-0.4166666666666856
71.8,325.4083333333333,40.833333333332604,0.0,324.52499999999776,-0.8833333333355426
71.9,324.52499999999776,0.0,1.0,300.7750000000007,-23.749999999997044
72.0,300.7750000000007,0.0,1.0,282.79999999999944,-17.975000000001273
72.10000000000001,282.79999999999944,0.0,1.0,272.79999999999995,-9.999999999999488
72.2,272.79999999999995,0.0,1.0,262.75000000000057,-10.049999999999386
72.3,262.75000000000057,0.0,1.0,250.24999999999923,-12.500000000001336
72.4,250.24999999999923,0.0,1.0,241.33749999999995,-8.912499999999284
72.5,241.33749999999995,0.0,1.0,237.37916666666632,-3.958333333333627
72.60000000000001,237.37916666666632,0.0,1.0,233.42083333333323,-3.958333333333087
72.7,233.42083333333323,0.0,1.0,229.46250000000018,-3.9583333333330586
72.8,229.46250000000018,0.0,1.0,225.50416666666652,-3.9583333333336554
72.9,225.50416666666652,0.0,1.0,222.06250000000006,-3.441666666666464
73.0,222.06250000000006,0.9687499999999718,1.0,218.93749999999977,-3.125000000000284
73.10000000000001,218.93749999999977,2.53125000000012,1.0,215.81249999999991,-3.124999999999858
73.2,215.81249999999991,4.093750000000045,1.0,212.95000000000002,-2.8624999999998977
73.3,212.95000000000002,5.524999999999984,0.0,210.45,-2.5000000000000284
73.4,210.45,6.775000000000007,0.0,207.95000000000005,-2.499999999999943
73.5,207.95000000000005,13.833333333333192,0.0,205.44999999999982,-2.5000000000002274
73.60000000000001,205.44999999999982,22.166666666667293,0.0,204.3,-1.1499999999998067
73.7,204.3,35.10000000000027,0.0,205.01428571428568,0.7142857142856656
73.8,205.01428571428568,54.385714285713384,0.0,205.72857142857146,0.7142857142857792
73.9,205.72857142857146,73.67142857142923,0.0,206.38750000000002,0.6589285714285609
74.0,206.38750000000002,76.3499999999999,0.0,207.02500000000012,0.6375000000001023
74.10000000000001,207.02500000000012,69.10000000000046,0.0,208.27500000000003,1.2499999999999147
74.2,208.27500000000003,74.10000000000014,0.0,209.2625001208633,0.9875001208632739
74.3,209.2625001208633,76.4749997582734,0.0,209.88750034285715,0.6250002219938438
74.4,209.88750034285715,75.22499931428571,0.0,210.9136484104318,1.0261480675746384
74.5,210.9136484104318,80.71030256519873,0.0,212.02785409846246,1.1142056880306654
74.60000000000001,212.02785409846246,87.67408811539045,0.0,213.14206082249495,1.114206724032499
74.7,213.14206082249495,94.63788014059348,0.0,214.31944580740733,1.1773849849123792
74.8,214.31944580740733,100.0,0.0,215.7083368888889,1.3888910814815745
74.9,215.7083368888889,100.0,0.0,217.0972257777777,1.3888888888888005
75.0,217.0972257777777,100.0,0.0,218.48611242666675,1.3888866488890415
75.10000000000001,218.48611242666675,100.0,0.0,220.89,2.403887573333236
75.2,220.89,100.0,0.0,223.8899999999998,2.999999999999801
75.3,223.8899999999998,100.0,0.0,226.83750261333347,2.9475026133336826
75.4,226.83750261333347,100.0,0.0,229.75417342814825,2.916670814814779
75.5,229.75417342814825,100.0,0.0,232.57213930348283,2.817965875334579
75.60000000000001,232.57213930348283,100.0,0.0,235.0597014925373,2.487562189054472
75.7,235.0597014925373,100.0,0.0,237.1375001491525,2.0777986566151867
75.8,237.1375001491525,100.0,0.0,237.76250015049507,0.6250000013425847
75.9,237.76250015049507,100.0,0.0,239.23999999999992,1.4774998495048521
76.0,239.23999999999992,100.0,0.0,241.24000000000007,2.000000000000142
76.10000000000001,241.24000000000007,100.0,0.0,243.240000443352,2.0000004433519223
76.2,243.240000443352,100.0,0.0,245.2400011584358,2.0000007150838144
76.3,245.2400011584358,100.0,0.0,247.55000000000024,2.309998841564436
76.4,247.55000000000024,100.0,0.0,250.05,2.4999999999997726
76.5,250.05,100.0,0.0,252.3500002262627,2.300000226262682
76.60000000000001,252.3500002262627,100.0,0.0,253.94091010909085,1.5909098828281572
76.7,253.94091010909085,100.0,0.0,255.53181920000011,1.590909090909264
76.80000000000001,255.53181920000011,100.0,0.0,257.12272793651437,1.5909087365142511
76.9,257.12272793651437,100.0,0.0,258.713636464892,1.5909085283776108
77.0,258.713636464892,100.0,0.0,260.36666666666684,1.6530302017748681
77.10000000000001,260.36666666666684,100.0,0.0,262.0333333333334,1.666666666666572
77.2,262.0333333333334,100.0,0.0,263.62999717236386,1.596663839030441
77.30000000000001,263.62999717236386,100.0,0.0,265.12999891781834,1.5000017454544832
77.4,265.12999891781834,100.0,0.0,266.6300006632728,1.5000017454544832
77.5,266.6300006632728,100.0,0.0,268.1300009600002,1.5000002967273645
77.60000000000001,268.1300009600002,100.0,0.0,269.52500012972973,1.3949991697295445
77.7,269.52500012972973,100.0,0.0,270.77500043861016,1.2500003088804306
77.80000000000001,270.77500043861016,100.0,0.0,272.0250007474904,1.25000030888026
77.9,272.0250007474904,100.0,0.0,273.27500032907795,1.2499995815875309
78.0,273.27500032907795,100.0,0.0,274.70000000000005,1.424999670922091
78.10000000000001,274.70000000000005,100.0,0.0,276.3666666666667,1.6666666666666288
78.2,276.3666666666667,100.0,0.0,278.0375000000002,1.670833333333519
78.30000000000001,278.0375000000002,100.0,0.0,279.9125000000001,1.8749999999998863
78.4,279.9125000000001,100.0,0.0,281.525,1.6124999999998977
78.5,281.525,100.0,0.0,282.77500000000015,1.2500000000001705
78.60000000000001,282.77500000000015,100.0,0.0,284.0250000000001,1.2499999999999432
78.7,284.0250000000001,100.0,0.0,285.27500000000015,1.2500000000000568
78.80000000000001,285.27500000000015,100.0,0.0,286.42,1.1449999999998681
78.9,286.42,100.0,0.0,287.41999999999996,0.9999999999999432
79.0,287.41999999999996,100.0,0.0,288.52500000000003,1.105000000000075
79.10000000000001,288.52500000000003,100.0,0.0,289.775,1.2499999999999432
79.2,289.775,100.0,0.0,291.0181818181819,1.243181818181938
79.30000000000001,291.0181818181819,100.0,0.0,291.92727272727274,0.9090909090908212
79.4,291.92727272727274,100.0,0.0,292.8363636363636,0.9090909090908781
79.5,292.8363636363636,100.0,0.0,293.7454545454546,0.9090909090909918
79.60000000000001,293.7454545454546,100.0,0.0,294.6545454545455,0.9090909090908781
79.7,294.6545454545455,100.0,0.0,295.62000000000006,0.9654545454545769
79.80000000000001,295.62000000000006,100.0,0.0,296.62,0.9999999999999432
79.9,296.62,100.0,0.0,297.6642857142857,1.0442857142857065
80.0,297.6642857142857,100.0,0.0,298.7357142857144,1.0714285714286689
80.10000000000001,298.7357142857144,100.0,0.0,299.8071428571429,1.0714285714284983
80.2,299.8071428571429,100.0,0.0,300.8785714285716,1.0714285714287257
80.30000000000001,300.8785714285716,100.0,0.0,301.95000000000005,1.0714285714284415
80.4,301.95000000000005,100.0,0.0,303.015,1.0649999999999409
80.5,303.015,100.0,0.0,303.7650000000001,0.7500000000001137
80.60000000000001,303.7650000000001,100.0,0.0,304.51500000000004,0.7499999999999432
80.7,304.51500000000004,100.0,0.0,305.2650000000001,0.7500000000000568
80.80000000000001,305.2650000000001,100.0,0.0,306.01366743194575,0.7486674319456483
80.9,306.01366743194575,100.0,0.0,306.69703842816733,0.6833709962215835
81.0,306.69703842816733,100.0,0.0,307.3804093144388,0.6833708862714616
81.10000000000001,307.3804093144388,100.0,0.0,308.063780911722,0.6833715972832124
81.2,308.063780911722,100.0,0.0,308.7471525090053,0.6833715972832692
81.30000000000001,308.7471525090053,100.0,0.0,309.225,0.47784749099474766
81.4,309.225,100.0,0.0,309.58214285714286,0.3571428571428328
81.5,309.58214285714286,100.0,0.0,309.93928571428575,0.3571428571428896
81.60000000000001,309.93928571428575,100.0,0.0,310.9222235338272,0.982937819541462
81.7,310.9222235338272,100.0,0.0,312.0333361303705,1.1111125965433075
81.80000000000001,312.0333361303705,100.0,0.0,313.1444456612346,1.1111095308640984
81.9,313.1444456612346,100.0,0.0,314.09583333333336,0.9513876720987469
0.0,316.8,100.0,0.0,317.55,0.75
0.1,317.55,100.0,0.0,318.8,1.25
0.2,318.8,100.0,0.0,319.3500001882353,0.5500001882352876
0.30000000000000004,319.3500001882353,100.0,0.0,319.76666693333334,0.41666674509804125
0.4,319.76666693333334,100.0,0.0,320.1833335933665,0.4166666600331723
0.5,320.1833335933665,100.0,0.0,320.60000012736316,0.4166665339966471
0.6000000000000001,320.60000012736316,100.0,0.0,321.0200000216949,0.41999989433173823
0.7000000000000001,321.0200000216949,100.0,0.0,321.52000032,0.5000002983051104
0.8,321.52000032,100.0,0.0,322.02000032,0.5
0.9,322.02000032,100.0,0.0,322.5200002538843,0.49999993388428265
1.0,322.5200002538843,100.0,0.0,323.02228412575676,0.5022838718724643
1.1,323.02228412575676,100.0,0.0,323.57938726967603,0.557103143919278
1.2000000000000002,323.57938726967603,100.0,0.0,324.1364904046368,0.5571031349607551
1.3,324.1364904046368,100.0,0.0,324.69359336938726,0.5571029647504702
1.4000000000000001,324.69359336938726,100.0,0.0,325.0,0.30640663061274154
1.5,325.0,100.0,0.0,325.0,0.0
1.6,325.0,100.0,0.0,325.0416666666667,0.041666666666685614
1.7000000000000002,325.0416666666667,100.0,0.0,325.875,0.8333333333333144
1.8,325.875,100.0,0.0,326.70833333333337,0.8333333333333712
1.9000000000000001,326.70833333333337,100.0,0.0,327.5416666666667,0.8333333333333144
2.0,327.5416666666667,100.0,0.0,328.281249830721,0.7395831640542951
2.1,328.281249830721,100.0,0.0,328.90624945454545,0.6249996238244648
2.2,328.90624945454545,100.0,0.0,329.5312490783699,0.6249996238244648
2.3000000000000003,329.5312490783699,100.0,0.0,330.15624899378884,0.6249999154189254
2.4000000000000004,330.15624899378884,100.0,0.0,330.78124973913043,0.6250007453415947
2.5,330.78124973913043,100.0,0.0,331.541667016835,0.7604172777045619
2.6,331.541667016835,100.0,0.0,332.37500028368794,0.8333332668529465
2.7,332.37500028368794,100.0,0.0,333.1249999139785,0.7499996302905743
2.8000000000000003,333.1249999139785,100.0,0.0,333.6249995698925,0.49999965591399587
2.9000000000000004,333.6249995698925,100.0,0.0,334.12499922580645,0.499999655913939
3.0,334.12499922580645,100.0,0.0,334.6249994049587,0.5000001791522664
3.1,334.6249994049587,100.0,0.0,335.0,0.3750005950412856
3.2,335.0,100.0,0.0,335.0,0.0
3.3000000000000003,335.0,100.0,0.0,335.0,0.0
3.4000000000000004,335.0,100.0,0.0,335.2803740689276,0.28037406892758554
3.5,335.2803740689276,100.0,0.0,335.90342737015374,0.6230533012261503
3.6,335.90342737015374,100.0,0.0,336.5264804538777,0.6230530837239598
3.7,336.5264804538777,100.0,0.0,337.0,0.4735195461223043
3.8000000000000003,337.0,100.0,0.0,337.0,0.0
3.9000000000000004,337.0,100.0,0.0,337.0,0.0
4.0,337.0,100.0,0.0,337.0,0.0
4.1000000000000005,337.0,100.0,0.0,337.64,0.6399999999999864
4.2,337.64,100.0,0.0,338.64,1.0
4.3,338.64,100.0,0.0,339.0,0.36000000000001364
4.4,339.0,100.0,0.0,339.0,0.0
4.5,339.0,100.0,0.0,339.0,0.0
4.6000000000000005,339.0,100.0,0.0,339.0111111356322,0.011111135632177138
4.7,339.0111111356322,100.0,0.0,339.28888919028697,0.2777780546547888
4.800000000000001,339.28888919028697,100.0,0.0,339.56666685033116,0.2777776600441939
4.9,339.56666685033116,100.0,0.0,339.8444445103753,0.27777766004413706
5.0,339.8444445103753,100.0,0.0,340.0,0.1555554896247031
5.1000000000000005,340.0,100.0,0.0,340.0,0.0
5.2,340.0,100.0,0.0,340.0,0.0
5.300000000000001,340.0,100.0,0.0,340.0,0.0
5.4,340.0,100.0,0.0,340.299999756962,0.299999756961995
5.5,340.299999756962,100.0,0.0,340.6571424974239,0.35714274046188166
5.6000000000000005,340.6571424974239,100.0,0.0,341.01428571939346,0.35714322196957937
5.7,341.01428571939346,100.0,0.0,341.37142870422986,0.3571429848364005
5.800000000000001,341.37142870422986,100.0,0.0,341.7285716005658,0.35714289633591534
5.9,341.7285716005658,100.0,0.0,342.0,0.27142839943422814
6.0,342.0,100.0,0.0,342.0,0.0
6.1000000000000005,342.0,100.0,0.0,342.0,0.0
6.2,342.0,100.0,0.0,342.12222235480226,0.12222235480226118
6.300000000000001,342.12222235480226,100.0,0.0,342.40000017777777,0.27777782297550857
6.4,342.40000017777777,100.0,0.0,342.6777779240347,0.277777746256902
6.5,342.6777779240347,100.0,0.0,342.9555555757289,0.27777765169423674
6.6000000000000005,342.9555555757289,100.0,0.0,343.0,0.04444442427109152
6.7,343.0,100.0,0.0,343.0,0.0
6.800000000000001,343.0,100.0,0.0,343.0,0.0
6.9,343.0,100.0,0.0,343.0,0.0
7.0,343.0,100.0,0.0,343.0,0.0
7.1000000000000005,343.0,100.0,0.0,343.0,0.0
7.2,343.0,100.0,0.0,342.99046483365737,-0.009535166342629964
7.300000000000001,342.99046483365737,99.95709175145817,0.0,342.7520856827968,-0.23837915086056682
7.4,342.7520856827968,98.8843855725856,0.0,342.51370667833464,-0.23837900446216054
7.5,342.51370667833464,97.81168005250593,0.0,342.2753276738725,-0.23837900446216054
7.6000000000000005,342.2753276738725,96.73897453242625,0.0,342.0369486694103,-0.23837900446216054
7.7,342.0369486694103,95.66626901234659,0.0,341.7985696649482,-0.2383790044621037
7.800000000000001,341.7985696649482,94.59356349226691,0.0,341.56019066048606,-0.23837900446216054
7.9,341.56019066048606,93.52085797218724,0.0,341.3218116560239,-0.23837900446216054
8.0,341.3218116560239,92.44815245210756,0.0,341.08343265156174,-0.23837900446216054
8.1,341.08343265156174,91.3754469320279,0.0,338.56249999999994,-2.520932651561793
8.200000000000001,338.56249999999994,72.5156249999996,0.0,334.81249999999994,-3.75
8.3,334.81249999999994,44.07812499999967,0.0,331.0625,-3.749999999999943
8.4,331.0625,15.640624999999858,0.6071428571428608,321.50000000000006,-9.562499999999943
8.5,321.50000000000006,0.0,1.0,304.8333333333335,-16.666666666666572
8.6,304.8333333333335,0.0,1.0,288.1666666666665,-16.66666666666697
8.700000000000001,288.1666666666665,0.0,1.0,271.49999999999983,-16.666666666666686
8.8,271.49999999999983,0.0,1.0,261.03124531561457,-10.46875468438526
8.9,261.03124531561457,0.0,1.0,251.65624730897008,-9.37499800664449
9.0,251.65624730897008,0.0,1.0,242.2812493023256,-9.37499800664449
9.1,242.2812493023256,0.0,1.0,227.29999140773464,-14.981257894590954
9.200000000000001,227.29999140773464,0.0,1.0,209.2999977723757,-17.999993635358948
9.3,209.2999977723757,0.0,1.0,194.06252172151895,-15.237476050856742
9.4,194.06252172151895,0.0,1.0,181.0,-13.062521721518948
9.5,181.0,0.0,1.0,181.0,0.0
9.600000000000001,181.0,0.0,1.0,181.0,0.0
9.700000000000001,181.0,0.0,1.0,169.08334772327026,-11.916652276729735
9.8,169.08334772327026,0.0,1.0,150.75003259259256,-18.333315130677704
9.9,150.75003259259256,0.0,1.0,135.67601326070854,-15.074019331884017
10.0,135.67601326070854,0.0,1.0,130.38006630354266,-5.2959469571658815
10.100000000000001,130.38006630354266,0.0,1.0,125.08411934637687,-5.295946957165796
10.200000000000001,125.08411934637687,0.0,1.0,119.81428547172005,-5.269833874656811
10.3,119.81428547172005,0.0,1.0,115.1714228244898,-4.64286264723026
10.4,115.1714228244898,0.0,1.0,110.52856894693879,-4.642853877551005
10.5,110.52856894693879,0.0,1.0,106.03999999999996,-4.488568946938827
10.600000000000001,106.03999999999996,0.0,1.0,102.03999999999996,-4.0
10.700000000000001,102.03999999999996,0.0,1.0,98.55000073846152,-3.4899992615384434
10.8,98.55000073846152,0.0,1.0,96.67500105365852,-1.8749996848030008
10.9,96.67500105365852,0.0,1.0,94.17143222857143,-2.5035688250870862
11.0,94.17143222857143,0.0,1.0,91.31428937142853,-2.857142857142904
11.100000000000001,91.31428937142853,0.0,1.0,88.45714357073166,-2.8571458006968697
11.200000000000001,88.45714357073166,0.0,1.0,85.89999999999998,-2.5571435707316823
11.3,85.89999999999998,0.0,1.0,83.39999999999999,-2.499999999999986
11.4,83.39999999999999,0.0,1.0,80.94285673650793,-2.457143263492057
11.5,80.94285673650793,0.2285730539682427,1.0,79.51428448593236,-1.42857225057557
11.600000000000001,79.51428448593236,5.942862056270558,0.6717557251908324,78.08571375528896,-1.4285707306434006
11.700000000000001,78.08571375528896,11.657144978844137,0.2900763358778572,77.23999919157896,-0.8457145637100041
11.8,77.23999919157896,17.139996160000035,0.0,78.23999994311112,1.0000007515321556
11.9,78.23999994311112,21.8899997297778,0.0,79.2400012378022,1.0000012946910886
12.0,79.2400012378022,26.64000587956045,0.0,80.24000053450551,0.999999296703308
12.100000000000001,80.24000053450551,31.390002538901168,0.0,81.2400003134694,0.9999997789638826
12.200000000000001,81.2400003134694,30.799994514285512,0.0,82.2400009537255,1.0000006402561041
12.3,82.2400009537255,13.29998330980366,0.2549019607843284,82.39999999999998,0.15999904627447847
12.4,82.39999999999998,0.0,1.0,79.89999999999999,-2.499999999999986
12.5,79.89999999999999,0.0,1.0,77.99999899999997,-1.9000010000000174
12.600000000000001,77.99999899999997,0.0,1.0,76.43749899999997,-1.5625
12.700000000000001,76.43749899999997,0.0,1.0,74.8749990819672,-1.5624999180327706
12.8,74.8749990819672,0.0,0.918032786885233,73.55999985849246,-1.314999223474743
12.9,73.55999985849246,0.8800002830150857,0.0,72.55999953688442,-1.0000003216080415
13.0,72.55999953688442,2.8800009262311606,0.0,71.11999971698489,-1.4399998198995263
13.100000000000001,71.11999971698489,5.540000495276448,0.0,69.11999907376884,-2.0000006432160546
13.200000000000001,69.11999907376884,9.04000162090455,0.0,68.55000000000001,-0.5699990737688267
13.3,68.55000000000001,14.02500000000003,0.0,69.8,1.2499999999999858
13.4,69.8,20.9,0.0,70.0,0.20000000000000284
13.5,70.0,22.0,0.0,70.45000024201683,0.4500002420168272
13.600000000000001,70.45000024201683,23.275000685714335,0.0,72.32500120000002,1.8750009579831897
13.700000000000001,72.32500120000002,28.587503400000042,0.0,74.20000120000002,1.875
13.8,74.20000120000002,33.90000340000003,0.0,76.10000004025156,1.8999988402515413
13.9,76.10000004025156,39.11666671362682,0.0,78.60000104654088,2.500001006289324
14.0,78.60000104654088,42.033334554297696,0.0,81.10000071111116,2.499999664570282
14.100000000000001,81.10000071111116,44.95000082962969,0.0,84.40000070136992,3.2999999902587547
14.200000000000001,84.40000070136992,47.333333722983284,0.0,88.1500017972603,3.750001095890383
14.3,88.1500017972603,49.41666766514461,0.0,91.60000024150945,3.4499984442491467
14.4,91.60000024150945,52.62857208409709,0.0,94.10000124779874,2.5000010062892954
14.5,94.10000124779874,59.414289101168016,0.0,96.60000074049589,2.4999994926971425
14.600000000000001,96.60000074049589,66.20000200991743,0.0,100.11273687379453,3.5127361332986453
14.700000000000001,100.11273687379453,71.74530437400418,0.0,104.9144071596617,4.801670285867175
14.8,104.9144071596617,75.71190156667707,0.0,109.71607666424029,4.801669504578584
14.9,109.71607666424029,79.67849811393764,0.0,114.51774616881886,4.80166950457857
15.0,114.51774616881886,83.6450946611982,0.0,119.31941567339753,4.801669504578669
15.100000000000001,119.31941567339753,87.61169120845884,0.0,124.65625000000006,5.336834326602528
15.200000000000001,124.65625000000006,89.40625,0.0,130.20833333333337,5.552083333333314
15.3,130.20833333333337,90.16666666666669,0.0,134.375,4.166666666666629
15.4,134.375,93.50000000000001,0.0,138.54166666666666,4.166666666666657
15.5,138.54166666666666,96.83333333333333,0.0,142.97916714666673,4.437500480000068
15.600000000000001,142.97916714666673,98.54166675393941,0.0,147.56249514666672,4.5833279999999945
15.700000000000001,147.56249514666672,99.37499911757577,0.0,152.33928633093527,4.776791184268546
15.8,152.33928633093527,100.0,0.0,157.69643165467627,5.357145323741008
15.9,157.69643165467627,100.0,0.0,163.05357276595745,5.35714111128118
16.0,163.05357276595745,100.0,0.0,168.53125293617023,5.477680170212778
16.1,168.53125293617023,100.0,0.0,174.15625038297867,5.624997446808436
16.2,174.15625038297867,100.0,0.0,178.45312734099616,4.296876958017492
16.3,178.45312734099616,100.0,0.0,182.51562634482767,4.062499003831505
16.400000000000002,182.51562634482767,100.0,0.0,186.578125348659,4.062499003831334
16.5,186.578125348659,100.0,0.0,190.2108861038543,3.6327607551953065
16.6,190.2108861038543,100.0,0.0,193.61224788930576,3.4013617854514564
16.7,193.61224788930576,100.0,0.0,197.01360892714507,3.401361037839308
16.8,197.01360892714507,100.0,0.0,200.41496996498435,3.40136103783928
16.900000000000002,200.41496996498435,100.0,0.0,203.85714365217393,3.4421736871895803
17.0,203.85714365217393,100.0,0.0,207.4285755362319,3.571431884057972
17.1,207.4285755362319,100.0,0.0,211.00000180281685,3.5714262665849503
17.2,211.00000180281685,100.0,0.0,214.32000000000002,3.3199981971831676
17.3,214.32000000000002,100.0,0.0,217.32000000000008,3.000000000000057
17.400000000000002,217.32000000000008,100.0,0.0,220.5400033986207,3.2200033986206336
17.5,220.5400033986207,100.0,0.0,224.04000176676064,3.499998368139927
17.6,224.04000176676064,100.0,0.0,227.10000242758622,3.0600006608255796
17.7,227.10000242758622,100.0,0.0,229.60000320000003,2.500000772413813
17.8,229.60000320000003,100.0,0.0,232.10000320000003,2.5
17.900000000000002,232.10000320000003,100.0,0.0,234.6000012619718,2.4999980619717803
18.0,234.6000012619718,100.0,0.0,237.28332971089108,2.6833284489192692
18.1,237.28332971089108,100.0,0.0,240.19999822574255,2.916668514851466
18.2,240.19999822574255,100.0,0.0,243.07777772749722,2.8777795017546737
18.3,243.07777772749722,100.0,0.0,245.0222209149271,1.9444431874298687
18.400000000000002,245.0222209149271,100.0,0.0,246.96666426995884,1.9444433550317513
18.5,246.96666426995884,100.0,0.0,248.9111102507545,1.9444459807956491
18.6,248.9111102507545,100.0,0.0,251.09999819487177,2.1888879441172833
18.7,251.09999819487177,100.0,0.0,253.59999853114752,2.500000336275747
18.8,253.59999853114752,100.0,0.0,255.9777767171375,2.3777781859899676
18.900000000000002,255.9777767171375,100.0,0.0,258.19999807235996,2.222221355222473
19.0,258.19999807235996,100.0,0.0,260.422223585675,2.2222255133150384
19.1,260.422223585675,100.0,0.0,262.6444446325069,2.222221046831919
19.200000000000003,262.6444446325069,100.0,0.0,264.20000064537817,1.55555601287125
19.3,264.20000064537817,100.0,0.0,265.62857197373563,1.4285713283574637
19.400000000000002,265.62857197373563,100.0,0.0,267.0800000257287,1.451428051993048
19.5,267.0800000257287,100.0,0.0,269.08000066894476,2.000000643216083
19.6,269.08000066894476,100.0,0.0,271.06000001376344,1.9799993448186797
19.700000000000003,271.06000001376344,100.0,0.0,272.56000035784945,1.5000003440860041
19.8,272.56000035784945,100.0,0.0,274.0600007019355,1.500000344086061
19.900000000000002,274.0600007019355,100.0,0.0,275.5600007616529,1.5000000597173653
20.0,275.5600007616529,100.0,0.0,277.0454545663833,1.4854538047304118
20.1,277.0454545663833,100.0,0.0,278.1818187259647,1.1363641595814329
20.200000000000003,278.1818187259647,100.0,0.0,279.31818254545453,1.1363638194898158
20.3,279.31818254545453,100.0,0.0,280.4545461818182,1.1363636363636829
20.400000000000002,280.4545461818182,100.0,0.0,281.59090930728775,1.1363631254695292
20.5,281.59090930728775,100.0,0.0,282.9142864549729,1.3233771476851643
20.6,282.9142864549729,100.0,0.0,284.34285767050466,1.428571215531747
20.700000000000003,284.34285767050466,100.0,0.0,285.77142864420756,1.4285709737029038
20.8,285.77142864420756,100.0,0.0,286.84000041016577,1.068571765958211
20.900000000000002,286.84000041016577,100.0,0.0,287.8400000565746,0.9999996464088099
21.0,287.8400000565746,100.0,0.0,288.70000000000005,0.8599999434254642
21.1,288.70000000000005,100.0,0.0,289.53333333333336,0.8333333333333144
21.200000000000003,289.53333333333336,100.0,0.0,290.4731188592129,0.9397855258795289
21.3,290.4731188592129,100.0,0.0,291.5483874297606,1.0752685705477347
21.400000000000002,291.5483874297606,100.0,0.0,292.6236560003083,1.0752685705476779
21.5,292.6236560003083,100.0,0.0,293.5416666666667,0.9180106663583842
21.6,293.5416666666667,100.0,0.0,294.375,0.8333333333333144
21.700000000000003,294.375,100.0,0.0,295.1388888888889,0.7638888888889142
21.8,295.1388888888889,100.0,0.0,295.69444444444446,0.5555555555555429
21.900000000000002,295.69444444444446,100.0,0.0,296.25,0.5555555555555429
22.0,296.25,100.0,0.0,296.80555555555554,0.5555555555555429
22.1,296.80555555555554,100.0,0.0,297.81250077348074,1.0069452179251925
22.200000000000003,297.81250077348074,100.0,0.0,299.0625003314917,1.249999558010984
22.3,299.0625003314917,100.0,0.0,300.1874990769231,1.1249987454313555
22.400000000000002,300.1874990769231,100.0,0.0,300.9374991950769,0.750000118153821
22.5,300.9374991950769,100.0,0.0,301.68749993353845,0.7500007384615515
22.6,301.68749993353845,100.0,0.0,302.43750035643563,0.7500004228971875
22.700000000000003,302.43750035643563,100.0,0.0,303.13888855133615,0.7013881949005167
22.8,303.13888855133615,100.0,0.0,303.6944435523923,0.5555550010561205
22.900000000000002,303.6944435523923,100.0,0.0,304.24999948754447,0.5555559351521993
23.0,304.24999948754447,100.0,0.0,304.8055554226967,0.5555559351522561
23.1,304.8055554226967,100.0,0.0,305.32338333644077,0.5178279137440427
23.200000000000003,305.32338333644077,100.0,0.0,305.82089583512396,0.4975124986831929
23.3,305.82089583512396,100.0,0.0,306.3200004179592,0.49910458283522985
23.400000000000002,306.3200004179592,100.0,0.0,306.8200002258823,0.4999998079231318
23.5,306.8200002258823,100.0,0.0,307.5333324581197,0.7133322322373488
23.6,307.5333324581197,100.0,0.0,308.3666661662552,0.8333337081355126
23.700000000000003,308.3666661662552,100.0,0.0,309.10000009275365,0.7333339264984602
23.8,309.10000009275365,100.0,0.0,309.5166671458937,0.4166670531400314
23.900000000000002,309.5166671458937,100.0,0.0,309.9333334169935,0.4166662710998139
24.0,309.9333334169935,100.0,0.0,310.5249994305085,0.5916660135150096
24.1,310.5249994305085,100.0,0.0,311.10000053333334,0.5750011028248423
24.200000000000003,311.10000053333334,100.0,0.0,311.5166672,0.41666666666662877
24.3,311.5166672,100.0,0.0,311.93333386666666,0.4166666666666856
24.400000000000002,311.93333386666666,100.0,0.0,312.3500001422222,0.41666627555554214
24.5,312.3500001422222,100.0,0.0,312.7666662162963,0.41666607407410083
24.6,312.7666662162963,100.0,0.0,313.27500000000003,0.5083337837037334
24.700000000000003,313.27500000000003,100.0,0.0,313.90000000000003,0.625
24.8,313.90000000000003,100.0,0.0,314.0,0.0999999999999659
24.900000000000002,314.0,100.0,0.0,314.0,0.0
25.0,314.0,100.0,0.0,314.6000007836735,0.6000007836735222
25.1,314.6000007836735,100.0,0.0,315.31428662857144,0.7142858448979155
25.200000000000003,315.31428662857144,100.0,0.0,316.01250000620155,0.6982133776301112
25.3,316.01250000620155,100.0,0.0,316.3250001612403,0.3125001550387765
25.400000000000002,316.3250001612403,100.0,0.0,316.6375003162791,0.3125001550387765
25.5,316.6375003162791,100.0,0.0,316.9500001032258,0.31249978694671654
25.6,316.9500001032258,100.0,0.0,317.0,0.04999989677418171
25.700000000000003,317.0,100.0,0.0,317.10000026063346,0.10000026063346468
25.8,317.10000026063346,100.0,0.0,317.5166668066365,0.4166665460030572
25.900000000000002,317.5166668066365,100.0,0.0,317.9333333526395,0.41666654600300035
26.0,317.9333333526395,100.0,0.0,318.35000026666665,0.4166669140271324
26.1,318.35000026666665,100.0,0.0,318.7666668510288,0.4166665843621331
26.200000000000003,318.7666668510288,100.0,0.0,319.15714289319,0.3904760421611968
26.3,319.15714289319,100.0,0.0,319.51428583225805,0.35714293906806915
26.400000000000002,319.51428583225805,100.0,0.0,319.8714287713262,0.357142939068126
26.5,319.8714287713262,100.0,0.0,320.32,0.4485712286738135
26.6,320.32,100.0,0.0,320.82,0.5
26.700000000000003,320.82,100.0,0.0,321.066666702521,0.2466667025209972
26.8,321.066666702521,100.0,0.0,321.1708334,0.10416669747900187
26.900000000000002,321.1708334,100.0,0.0,321.2750000666667,0.10416666666668561
27.0,321.2750000666667,100.0,0.0,321.3791667333333,0.10416666666662877
27.1,321.3791667333333,100.0,0.0,321.4833334,0.10416666666668561
27.200000000000003,321.4833334,100.0,0.0,321.5875000666667,0.10416666666668561
27.3,321.5875000666667,100.0,0.0,321.69166673333336,0.10416666666668561
27.400000000000002,321.69166673333336,100.0,0.0,321.7958334,0.10416666666662877
27.5,321.7958334,100.0,0.0,321.9000000666667,0.10416666666668561
27.6,321.9000000666667,100.0,0.0,321.9857142811199,0.08571421445321903
27.700000000000003,321.9857142811199,100.0,0.0,321.62857130911704,-0.3571429720028618
27.8,321.62857130911704,100.0,0.0,321.2714283569665,-0.35714295215052516
27.900000000000002,321.2714283569665,100.0,0.0,321.0,-0.2714283569665099
28.0,321.0,85.14998796961981,0.0,321.0,0.0
28.1,321.0,23.274982399998777,0.55555555555558,312.5125382623565,-8.487461737643514
28.200000000000003,312.5125382623565,0.7706091422258516,1.0,299.25089255893494,-13.26164570342155
28.3,299.25089255893494,0.4121862853766198,1.0,285.9892468555129,-13.261645703422062
28.400000000000002,285.9892468555129,0.05376342852737526,1.0,269.12499999999983,-16.864246855513045
28.5,269.12499999999983,0.0,1.0,252.74999850359683,-16.375001496403
28.6,252.74999850359683,0.0,1.0,239.74999251798508,-13.00000598561175
28.700000000000003,239.74999251798508,0.0,1.0,226.7499944214558,-12.999998096529282
28.8,226.7499944214558,0.0,1.0,213.74999760919522,-12.999996812260576
28.900000000000002,213.74999760919522,0.0,1.0,201.56249887769798,-12.187498731497243
29.0,201.56249887769798,0.0,1.0,191.81249438848914,-9.750004489208834
29.1,191.81249438848914,0.0,1.0,182.0624937599998,-9.750000628489346
29.200000000000003,182.0624937599998,0.0,1.0,172.31249536633663,-9.749998393663162
29.3,172.31249536633663,0.0,1.0,163.90624949640278,-8.406245869933855
29.400000000000002,163.90624949640278,0.0,1.0,159.53124748201438,-4.3750020143884
29.5,159.53124748201438,0.0,1.0,154.14062362011163,-5.390623861902753
29.6,154.14062362011163,0.0,1.0,148.20312149720644,-5.937502122905187
29.700000000000003,148.20312149720644,0.0,1.0,142.26562351773043,-5.9374979794760065
29.8,142.26562351773043,0.0,1.0,136.57261541330092,-5.693008104429509
29.900000000000002,136.57261541330092,0.0,1.0,131.1784274428589,-5.394187970442033
30.0,131.1784274428589,0.0,1.0,125.8428572273709,-5.335570215487991
30.1,125.8428572273709,0.0,1.0,121.91428791164454,-3.9285693157263637
30.200000000000003,121.91428791164454,0.0,1.0,117.98571859591833,-3.9285693157262074
30.3,117.98571859591833,0.0,1.0,114.4666670114478,-3.5190515844705317
30.400000000000002,114.4666670114478,0.4666663649831817,1.0,112.24444622581373,-2.2222207856340646
30.5,112.24444622581373,2.4111095524129906,1.0,110.0222246101509,-2.222221615662832
30.6,110.0222246101509,4.35555346611797,0.8395061728395065,107.80000063209872,-2.2222239780521846
30.700000000000003,107.80000063209872,6.299999446913619,0.22222222222221,106.6,-1.200000632098721
30.8,106.6,7.4,0.0,105.96000004338981,-0.6399999566101826
30.900000000000002,105.96000004338981,8.079999913220366,0.0,104.96000112813559,-0.9999989152542241
31.0,104.96000112813559,10.079997743728825,0.0,104.08571439766767,-0.8742867304679152
31.1,104.08571439766767,12.657143715452122,0.0,106.2285740810048,2.1428596833371216
31.200000000000003,106.2285740810048,29.085734621036718,0.0,108.3714297167975,2.1428556357926993
31.3,108.3714297167975,45.51429449544747,0.0,110.77143259149412,2.400002874696625
31.400000000000002,110.77143259149412,55.5999874931294,0.0,113.9857167354417,3.21428414394758
31.5,113.9857167354417,45.599992378625814,0.0,117.20000087938939,3.214284143947694
31.6,117.20000087938939,35.59999726412187,0.0,119.8249986461539,2.6249977667645084
31.700000000000003,119.8249986461539,27.52500406153833,0.0,121.69999953170733,1.8750008855534332
31.8,121.69999953170733,21.90000140487798,0.0,122.0,0.3000004682926658
31.900000000000002,122.0,17.64000486819657,0.0,122.0,0.0
32.0,122.0,13.64000067147534,0.0,122.26250034285715,0.26250034285715174
32.1,122.26250034285715,26.387517485714934,0.0,122.57500024504506,0.31249990218790913
32.2,122.57500024504506,42.32501249729812,0.0,122.88750006486488,0.3124998198198199
32.300000000000004,122.88750006486488,58.26250330810906,0.0,123.8000005171717,0.9125004523068156
32.4,123.8000005171717,65.20000077575753,0.0,125.14999999999992,1.349999482828224
32.5,125.14999999999992,67.41666666666644,0.0,128.90000000000006,3.750000000000142
32.6,128.90000000000006,77.83333333333348,0.0,132.65000000000018,3.7500000000001137
32.7,132.65000000000018,88.25000000000051,0.0,137.60000245106397,4.950002451063796
32.800000000000004,137.60000245106397,92.0,0.0,143.12499999999994,5.524997548935971
32.9,143.12499999999994,92.19999999999989,0.0,146.25000000000006,3.1250000000001137
33.0,146.25000000000006,97.20000000000007,0.0,150.04286011428565,3.7928601142855882
33.1,150.04286011428565,100.0,0.0,154.6857172571429,4.6428571428572525
33.2,154.6857172571429,100.0,0.0,159.3285740376308,4.642856780487904
33.300000000000004,159.3285740376308,100.0,0.0,164.6000023272726,5.27142828964179
33.4,164.6000023272726,100.0,0.0,170.1857143454414,5.585712018168806
33.5,170.1857143454414,100.0,0.0,174.82857298147883,4.642858636037431
33.6,174.82857298147883,100.0,0.0,179.47143135943574,4.642858377956912
33.7,179.47143135943574,100.0,0.0,183.60000027625904,4.128568916823298
33.800000000000004,183.60000027625904,100.0,0.0,186.10000142733813,2.50000115107909
33.9,186.10000142733813,100.0,0.0,188.60000051457288,2.4999990872347553
34.0,188.60000051457288,100.0,0.0,191.10000131859306,2.500000804020175
34.1,191.10000131859306,100.0,0.0,193.60000031604943,2.499998997456373
34.2,193.60000031604943,100.0,0.0,195.8375008460433,2.2375005299938664
34.300000000000004,195.8375008460433,100.0,0.0,198.02500140000004,2.1875005539567383
34.4,198.02500140000004,100.0,0.0,200.2125014000001,2.187500000000057
34.5,200.2125014000001,100.0,0.0,204.40000099360728,4.1874995936071855
34.6,204.40000099360728,100.0,0.0,209.71250254611874,5.312501552511463
34.7,209.71250254611874,100.0,0.0,215.02500188514864,5.312499339029898
34.800000000000004,215.02500188514864,100.0,0.0,219.38364779874206,4.358645913593421
34.9,219.38364779874206,100.0,0.0,222.52830188679243,3.1446540880503733
35.0,222.52830188679243,100.0,0.0,225.65625,3.127948113207566
35.1,225.65625,100.0,0.0,228.46875000000009,2.8125000000000853
35.2,228.46875000000009,100.0,0.0,230.34375000000009,1.875
35.300000000000004,230.34375000000009,100.0,0.0,232.62500119337017,2.281251193370082
35.4,232.62500119337017,100.0,0.0,235.12500030939233,2.499999116022167
35.5,235.12500030939233,100.0,0.0,237.62499843216088,2.4999981227685453
35.6,237.62499843216088,100.0,0.0,240.12499602010055,2.4999975879396743
35.7,240.12499602010055,100.0,0.0,242.6249971677019,2.5000011476013526
35.800000000000004,242.6249971677019,100.0,0.0,245.09374994357358,2.4687527758716783
35.9,245.09374994357358,100.0,0.0,246.96874881504698,1.8749988714733945
36.0,246.96874881504698,100.0,0.0,248.8437476865204,1.874998871473423
36.1,248.8437476865204,100.0,0.0,250.7187465579938,1.8749988714733945
36.2,250.7187465579938,100.0,0.0,252.0625003798883,1.343753821894495
36.300000000000004,252.0625003798883,100.0,0.0,253.31250072131147,1.2500003414231742
36.4,253.31250072131147,100.0,0.0,254.8385093167702,1.526008595458734
36.5,254.8385093167702,100.0,0.0,256.7018633540373,1.8633540372671007
36.6,256.7018633540373,100.0,0.0,258.0499991493671,1.3481357953298243
36.7,258.0499991493671,65.00002835442933,0.0,259.2999989073171,1.249999757949979
36.800000000000004,259.2999989073171,23.33336975609626,0.31707317073174535,256.8833333333335,-2.4166655739836074
36.9,256.8833333333335,0.0,1.0,249.7999999999999,-7.083333333333599
37.0,249.7999999999999,0.0,1.0,242.80000021694892,-6.999999783050981
37.1,242.80000021694892,0.0,1.0,237.80000564067777,-4.999994576271149
37.2,237.80000564067777,0.0,1.0,232.6428540641397,-5.1571515765380695
37.300000000000004,232.6428540641397,0.0,1.0,227.28571093333335,-5.3571431308063495
37.4,227.28571093333335,0.0,1.0,221.92857569523804,-5.35713523809531
37.5,221.92857569523804,0.0,1.0,217.06666494434245,-4.861910750895589
37.6,217.06666494434245,0.26666682324159485,1.0,212.48332891987747,-4.583336024464984
37.7,212.48332891987747,0.6833337345565924,1.0,208.40000032268904,-4.083328597188427
37.800000000000004,208.40000032268904,1.1999998924369828,1.0,205.900001667227,-2.4999986554620364
37.9,205.900001667227,2.0333327775909984,1.0,203.40000301176477,-2.4999986554622353
38.0,203.40000301176477,2.8666656627450733,1.0,202.0550007655696,-1.345002246195179
38.1,202.0550007655696,11.294993280000249,0.0,200.93000102399998,-1.12499974156961
38.2,200.93000102399998,21.16999101155589,0.0,199.80499942399996,-1.1250016000000187
38.300000000000004,199.80499942399996,31.04500505600049,0.0,198.67999855999994,-1.1250008640000146
38.400000000000006,198.67999855999994,40.92001264000057,0.0,197.55499856,-1.1249999999999432
38.5,197.55499856,50.79501263999987,0.0,196.429999296,-1.124999263999996
38.6,196.429999296,60.6700061795555,0.0,195.30500089599997,-1.1249984000000381
38.7,195.30500089599997,70.54499213511122,0.0,194.18000028097558,-1.1250006150243905
38.800000000000004,194.18000028097558,80.41999753365873,0.0,195.5750000000001,1.3949997190245256
38.900000000000006,195.5750000000001,79.89999999999988,0.0,197.37500020168068,1.8000002016805752
39.0,197.37500020168068,79.57500084705889,0.0,198.9375009751244,1.5625007734437304
39.1,198.9375009751244,86.13750409552254,0.0,200.500000477612,1.562499502487583
39.2,200.500000477612,92.70000200597039,0.0,202.0250000202532,1.5249995426412113
39.300000000000004,202.0250000202532,99.02500002025319,0.0,202.65000027654324,0.6250002562900363
39.400000000000006,202.65000027654324,99.65000027654324,0.0,204.51250097777773,1.8625007012344952
39.5,204.51250097777773,100.0,0.0,207.95000175203623,3.4375007742584955
39.6,207.95000175203623,100.0,0.0,211.3875007565611,3.4374990045248808
39.7,211.3875007565611,100.0,0.0,214.60000024150946,3.212499484948353
39.800000000000004,214.60000024150946,100.0,0.0,217.10000124779884,2.5000010062893807
39.900000000000006,217.10000124779884,100.0,0.0,219.17142865035973,2.071427402560886
40.0,219.17142865035973,100.0,0.0,219.8857146935252,0.7142860431654583
40.1,219.8857146935252,100.0,0.0,220.6000001815603,0.7142854880351024
40.2,220.6000001815603,100.0,0.0,222.54000124759506,1.9400010660347675
40.300000000000004,222.54000124759506,100.0,0.0,226.0400022400002,3.5000009924051483
40.400000000000006,226.0400022400002,100.0,0.0,229.54000217043486,3.4999999304346545
40.5,229.54000217043486,100.0,0.0,233.04000077913054,3.4999986086956767
40.6,233.04000077913054,100.0,0.0,235.88000031463693,2.8399995355063936
40.7,235.88000031463693,100.0,0.0,237.88000102972075,2.0000007150838144
40.800000000000004,237.88000102972075,100.0,0.0,240.1000002354516,2.2199992057308577
40.900000000000006,240.1000002354516,100.0,0.0,242.60000077056853,2.500000535116925
41.0,242.60000077056853,100.0,0.0,245.10000130568562,2.5000005351170955
41.1,245.10000130568562,100.0,0.0,247.375,2.2749986943143767
41.2,247.375,100.0,0.0,248.93750000000003,1.5625000000000284
41.300000000000004,248.93750000000003,100.0,0.0,250.50000000000006,1.5625000000000284
41.400000000000006,250.50000000000006,100.0,0.0,252.0779944289693,1.577994428969248
41.5,252.0779944289693,100.0,0.0,254.02785515320335,1.9498607242340427
41.6,254.02785515320335,100.0,0.0,255.9777158774374,1.9498607242340427
41.7,255.9777158774374,100.0,0.0,257.92757660167143,1.9498607242340427
41.800000000000004,257.92757660167143,100.0,0.0,259.6428571428573,1.715280541185848
41.900000000000006,259.6428571428573,95.01785714285619,0.0,261.0714285714286,1.4285714285713311
42.0,261.0714285714286,83.94642857142829,0.0,262.50000000000006,1.4285714285714448
42.1,262.50000000000006,72.8749999999996,0.0,263.0,0.49999999999994316
42.2,263.0,40.968724039603835,0.05940594059406219,262.45833333333303,-0.5416666666669698
42.300000000000004,262.45833333333303,0.0,1.0,251.62499999999932,-10.833333333333712
42.400000000000006,251.62499999999932,0.0,1.0,240.79166666666637,-10.833333333332945
42.5,240.79166666666637,0.0,1.0,230.5000157974679,-10.291650869198463
42.6,230.5000157974679,0.0,1.0,220.5000055537186,-10.000010243749301
42.7,220.5000055537186,0.0,1.0,212.32812875313766,-8.171876800580947
42.800000000000004,212.32812875313766,0.0,1.0,205.14063452719608,-7.1874942259415775
42.900000000000006,205.14063452719608,0.0,1.0,197.9531343703702,-7.187500156825877
43.0,197.9531343703702,0.0,1.0,192.88059701492534,-5.072537355444865
43.1,192.88059701492534,0.0,1.0,190.3930348258706,-2.4875621890547563
43.2,190.3930348258706,0.0,1.0,187.34999784489779,-3.0430369809728006
43.300000000000004,187.34999784489779,0.7333342911565375,1.0,183.59999675492935,-3.7500010899684355
43.400000000000006,183.59999675492935,2.400001442253613,1.0,179.9333332853933,-3.666663469536047
43.5,179.9333332853933,5.100000791010643,1.0,178.2666654202247,-1.6666678651685913
43.6,178.2666654202247,32.60002056629236,1.0,176.59999876129024,-1.6666666589344743
43.7,176.59999876129024,60.10002043871088,0.5806451612902523,176.88888971336561,0.28889095207537707
43.800000000000004,176.88888971336561,70.17777794267312,0.0,178.2777793473474,1.3888896339817904
43.900000000000006,178.2777793473474,70.45555586946948,0.0,179.66666743543544,1.3888880880880379
44.0,179.66666743543544,70.73333348708708,0.0,181.08750062222234,1.4208331867868935
44.1,181.08750062222234,71.3625025777782,0.0,183.27500200264913,2.187501380426795
44.2,183.27500200264913,80.42500829668926,0.0,185.46250107549685,2.1874990728477144
44.300000000000004,185.46250107549685,89.4875044556298,0.0,187.65000014834456,2.1874990728477144
44.400000000000006,187.65000014834456,98.55000061457034,0.0,190.6999960079208,3.049995859576228
44.5,190.6999960079208,100.0,0.0,193.9142837589817,3.2142877510609082
44.6,193.9142837589817,100.0,0.0,197.13750012753638,3.223216368554688
44.7,197.13750012753638,100.0,0.0,200.5750033159421,3.4375031884057137
44.800000000000004,200.5750033159421,100.0,0.0,204.01250440000013,3.4375010840580273
44.900000000000006,204.01250440000013,100.0,0.0,207.45000320000003,3.4374987999999007
45.0,207.45000320000003,100.0,0.0,209.80000129438204,2.3499980943820162
45.1,209.80000129438204,100.0,0.0,211.94285972436975,2.1428584299877116
45.2,211.94285972436975,100.0,0.0,214.18000007245305,2.237140348083301
45.300000000000004,214.18000007245305,100.0,0.0,218.6800018837739,4.500001811320857
45.400000000000006,218.6800018837739,100.0,0.0,223.1000000460431,4.419998162269195
45.5,223.1000000460431,100.0,0.0,225.60000119712237,2.5000011510792604
45.6,225.60000119712237,100.0,0.0,228.10000102541446,2.49999982829209
45.7,228.10000102541446,100.0,0.0,230.6000001414365,2.499999116022053
45.800000000000004,230.6000001414365,100.0,0.0,232.8900014400002,2.2900012985636806
45.900000000000006,232.8900014400002,100.0,0.0,235.14000144,2.249999999999801
46.0,235.14000144,100.0,0.0,237.39000144,2.25
46.1,237.39000144,100.0,0.0,239.64000022811885,2.249998788118859
46.2,239.64000022811885,100.0,0.0,242.1000006136987,2.4600003855798604
46.300000000000004,242.1000006136987,100.0,0.0,244.60000134429234,2.5000007305936265
46.400000000000006,244.60000134429234,100.0,0.0,247.09999999999994,2.4999986557076
46.5,247.09999999999994,100.0,0.0,249.60000000000002,2.5000000000000853
46.6,249.60000000000002,100.0,0.0,251.83750140000012,2.237501400000099
46.7,251.83750140000012,100.0,0.0,254.02500140000015,2.1875000000000284
46.800000000000004,254.02500140000015,100.0,0.0,256.2125014000002,2.1875000000000284
46.900000000000006,256.2125014000002,100.0,0.0,258.59999999999997,2.3874985999997875
47.0,258.59999999999997,100.0,0.0,261.1,2.500000000000057
47.1,261.1,100.0,0.0,263.480000520678,2.3800005206779815
47.2,263.480000520678,100.0,0.0,265.4800012800001,2.00000075932212
47.300000000000004,265.4800012800001,100.0,0.0,267.4800012800001,2.0
47.400000000000006,267.4800012800001,100.0,0.0,269.48000080396696,1.9999995239668351
47.5,269.48000080396696,100.0,0.0,271.2571429954382,1.7771421914712278
47.6,271.2571429954382,100.0,0.0,272.32857209299027,1.071429097552084
47.7,272.32857209299027,100.0,0.0,273.40000023850934,1.0714281455190644
47.800000000000004,273.40000023850934,100.0,0.0,274.9625002207886,1.5624999822792915
47.900000000000006,274.9625002207886,100.0,0.0,277.15000072258067,2.1875005017920444
48.0,277.15000072258067,100.0,0.0,279.33750122437283,2.187500501792158
48.1,279.33750122437283,100.0,0.0,281.34408626172745,2.0065850373546255
48.2,281.34408626172745,100.0,0.0,282.77777901892523,1.4336927571977753
48.300000000000004,282.77777901892523,100.0,0.0,284.21146837791207,1.4336893589868396
48.400000000000006,284.21146837791207,100.0,0.0,285.74999939748955,1.5385310195774764
48.5,285.74999939748955,100.0,0.0,287.41666472524406,1.6666653277545151
48.6,287.41666472524406,100.0,0.0,289.083330292011,1.6666655667669374
48.7,289.083330292011,100.0,0.0,290.74999960330587,1.6666693112948678
48.800000000000004,290.74999960330587,100.0,0.0,292.0625003105024,1.3125007071965342
48.900000000000006,292.0625003105024,100.0,0.0,293.31250067579913,1.250000365296728
49.0,293.31250067579913,100.0,0.0,294.56250027722774,1.2499996014286126
49.1,294.56250027722774,100.0,0.0,295.32500000000005,0.7624997227723043
49.2,295.32500000000005,100.0,0.0,295.82500000000005,0.5
49.300000000000004,295.82500000000005,100.0,0.0,297.08033352338333,1.2553335233832854
49.400000000000006,297.08033352338333,100.0,0.0,298.7423813157315,1.6620477923481758
49.5,298.7423813157315,100.0,0.0,300.4044301760545,1.6620488603230115
49.6,300.4044301760545,100.0,0.0,302.06000000000006,1.655569823945541
49.7,302.06000000000006,100.0,0.0,303.56000000000006,1.5
49.800000000000004,303.56000000000006,100.0,0.0,305.0199999837975,1.4599999837974451
49.900000000000006,305.0199999837975,100.0,0.0,305.5199995787342,0.4999995949366962
50.0,305.5199995787342,100.0,0.0,306.0407407077356,0.5207411290014079
50.1,306.0407407077356,100.0,0.0,307.05925840112525,1.01851769338964
50.2,307.05925840112525,100.0,0.0,308.07777714041157,1.0185187392863213
50.300000000000004,308.07777714041157,100.0,0.0,309.09629710748976,1.0185199670781913
50.400000000000006,309.09629710748976,100.0,0.0,310.1148161185185,1.0185190110287294
50.5,310.1148161185185,100.0,0.0,311.13333397069954,1.0185178521810485
50.6,311.13333397069954,100.0,0.0,312.1518510406584,1.0185170699588753
50.7,312.1518510406584,100.0,0.0,313.1703698488889,1.0185188082305103
50.800000000000004,313.1703698488889,100.0,0.0,314.1888895525926,1.0185197037037028
50.900000000000006,314.1888895525926,100.0,0.0,315.2074080447736,1.0185184921809878
51.0,315.2074080447736,100.0,0.0,316.2259251147325,1.0185170699588753
51.1,316.2259251147325,100.0,0.0,317.225,0.9990748852675324
51.2,317.225,100.0,0.0,318.1625,0.9375
51.300000000000004,318.1625,100.0,0.0,319.1,0.9375
51.400000000000006,319.1,100.0,0.0,320.0363638949495,0.9363638949494657
51.5,320.0363638949495,100.0,0.0,320.9454545971717,0.9090907022222154
51.6,320.9454545971717,100.0,0.0,321.85454431975955,0.9090897225878507
51.7,321.85454431975955,100.0,0.0,322.763635709692,0.9090913899324278
51.800000000000004,322.763635709692,100.0,0.0,323.6727270996244,0.9090913899324278
51.900000000000006,323.6727270996244,100.0,0.0,324.3200002703106,0.6472731706861623
52.0,324.3200002703106,100.0,0.0,324.8200000715528,0.4999998012422111
52.1,324.8200000715528,100.0,0.0,325.53333352402234,0.7133334524695556
52.2,325.53333352402234,100.0,0.0,326.3666671553073,0.8333336312849724
52.300000000000004,326.3666671553073,100.0,0.0,327.2400001105037,0.8733329551963607
52.400000000000006,327.2400001105037,100.0,0.0,328.24000057093525,1.000000460431579
52.5,328.24000057093525,100.0,0.0,329.0,0.7599994290647487
52.6,329.0,100.0,0.0,329.0,0.0
52.7,329.0,100.0,0.0,329.0,0.0
52.800000000000004,329.0,100.0,0.0,329.0,0.0
52.900000000000006,329.0,100.0,0.0,329.0,0.0
53.0,329.0,100.0,0.0,329.55,0.5500000000000114
53.1,329.55,100.0,0.0,330.8,1.25
53.2,330.8,100.0,0.0,331.3500001251397,0.5500001251396611
53.300000000000004,331.3500001251397,100.0,0.0,331.76666693333334,0.41666680819366775
53.400000000000006,331.76666693333334,100.0,0.0,332.21999999999997,0.4533330666666302
53.5,332.21999999999997,100.0,0.0,332.72,0.5000000000000568
53.6,332.72,100.0,0.0,333.27500011069185,0.5550001106918216
53.7,333.27500011069185,100.0,0.0,333.9000003622642,0.6250002515723736
53.800000000000004,333.9000003622642,100.0,0.0,334.2625,0.3624996377357661
53.900000000000006,334.2625,100.0,0.0,334.575,0.3125
54.0,334.575,100.0,0.0,334.8875,0.3125
54.1,334.8875,100.0,0.0,335.0,0.11250000000001137
54.2,335.0,100.0,0.0,335.0,0.0
54.300000000000004,335.0,100.0,0.0,335.2000000715084,0.20000007150838428
54.400000000000006,335.2000000715084,100.0,0.0,335.5125001832402,0.312500111731822
54.5,335.5125001832402,100.0,0.0,335.82500007943264,0.3124998961924348
54.6,335.82500007943264,100.0,0.0,336.0,0.1749999205673589
54.7,336.0,100.0,0.0,336.0,0.0
54.800000000000004,336.0,100.0,0.0,336.01433693299975,0.014336932999754026
54.900000000000006,336.01433693299975,100.0,0.0,336.37276022230037,0.3584232893006174
55.0,336.37276022230037,100.0,0.0,336.73118295241443,0.35842273011405723
55.1,336.73118295241443,100.0,0.0,337.0,0.26881704758557134
55.2,337.0,100.0,0.0,337.0,0.0
55.300000000000004,337.0,100.0,0.0,337.0,0.0
55.400000000000006,337.0,100.0,0.0,337.0,0.0
55.5,337.0,100.0,0.0,334.93751015384595,-2.062489846154051
55.6,334.93751015384595,93.75003076923022,0.0,326.68750574933284,-8.250004404513106
55.7,326.68750574933284,68.75001742222078,0.0,318.43749489502704,-8.250010854305799
55.800000000000004,318.43749489502704,43.74998453038495,0.03314917127075793,310.1874978121542,-8.249997082872824
55.900000000000006,310.1874978121542,18.749993370164216,0.585635359116056,304.0,-6.18749781215422
56.0,304.0,0.0,1.0,304.0,0.0
56.1,304.0,0.0,1.0,304.0,0.0
56.2,304.0,0.0,1.0,284.0499999999994,-19.950000000000614
56.300000000000004,284.0499999999994,0.0,1.0,260.2999999999993,-23.750000000000114
56.400000000000006,260.2999999999993,0.0,1.0,242.04999709357824,-18.25000290642103
56.5,242.04999709357824,0.0,1.0,230.79999048807332,-11.250006605504922
56.6,230.79999048807332,0.0,1.0,219.54998927058796,-11.250001217485362
56.7,219.54998927058796,0.0,1.0,209.86000052489203,-9.689988745695928
56.800000000000004,209.86000052489203,0.059999972374103275,1.0,205.11000271194231,-4.749997812949715
56.900000000000006,205.11000271194231,0.30999985726619433,1.0,200.3600048989929,-4.7499978129494025
57.0,200.3600048989929,0.5599997421582676,1.0,195.61000378754102,-4.750001111451894
57.1,195.61000378754102,0.8099998006557363,1.0,191.760000808421,-3.8500029791200063
57.2,191.760000808421,1.7199975747369318,1.0,190.76000060049375,-1.0000002079272576
57.300000000000004,190.76000060049375,4.719998198518702,0.4691358024690979,189.32499937391285,-1.4350012265809085
57.400000000000006,189.32499937391285,8.72500160000051,0.0,186.51249676521746,-2.8125026086953824
57.5,186.51249676521746,15.912508266666496,0.0,183.69999639999997,-2.8125003652174883
57.6,183.69999639999997,23.100009200000027,0.0,181.0222222512472,-2.677774148752775
57.7,181.0222222512472,30.6222230349214,0.0,181.57777847260394,0.5555562213567384
57.800000000000004,181.57777847260394,46.177797232910386,0.0,182.13333375674304,0.5555552841391034
57.900000000000006,182.13333375674304,61.7333451888054,0.0,182.68888904088212,0.555555284139075
58.0,182.68888904088212,77.28889314469932,0.0,183.8799985558975,1.1911095150153699
58.1,183.8799985558975,89.07999494564119,0.0,185.8799988249181,2.000000269020603
58.2,185.8799988249181,96.0799958872133,0.0,188.9555542913582,3.0755554664401075
58.300000000000004,188.9555542913582,98.0444457086418,0.0,193.3999958626265,4.4444415712683
58.400000000000006,193.3999958626265,93.60000413737352,0.0,197.84444037091905,4.444444508292548
58.5,197.84444037091905,89.15555962908095,0.0,202.2888883270234,4.444447956104341
58.6,202.2888883270234,84.71111167297661,0.0,203.90000051494258,1.6111121879191899
58.7,203.90000051494258,83.39999965670495,0.0,204.97142882364537,1.0714283087027923
58.800000000000004,204.97142882364537,82.68571411756976,0.0,206.02000003282055,1.0485712091751793
58.900000000000006,206.02000003282055,82.18000029538483,0.0,206.52000031999998,0.5000002871794322
59.0,206.52000031999998,86.68000287999992,0.0,207.02000032,0.5000000000000284
59.1,207.02000032,91.18000288,0.0,207.52000021787237,0.49999989787235677
59.2,207.52000021787237,95.68000196085116,0.0,208.1400001518646,0.6199999339922329
59.300000000000004,208.1400001518646,100.0,0.0,211.64000152510664,3.5000013732420427
59.400000000000006,211.64000152510664,100.0,0.0,215.1799999999999,3.5399984748932525
59.5,215.1799999999999,100.0,0.0,219.68000000000006,4.5000000000001705
59.6,219.68000000000006,100.0,0.0,224.06666670252108,4.386666702521012
59.7,224.06666670252108,100.0,0.0,225.73333426554632,1.6666675630252428
59.800000000000004,225.73333426554632,100.0,0.0,227.40000031735548,1.666666051809159
59.900000000000006,227.40000031735548,100.0,0.0,230.13333546666664,2.7333351493111593
60.0,230.13333546666664,100.0,0.0,233.4666688000001,3.3333333333334565
60.1,233.4666688000001,100.0,0.0,236.80000127204983,3.333332472049733
60.2,236.80000127204983,100.0,0.0,240.05000016842112,3.249998896371295
60.300000000000004,240.05000016842112,100.0,0.0,241.30000080000008,1.2500006315789562
60.400000000000006,241.30000080000008,100.0,0.0,242.5500008,1.2499999999999147
60.5,242.5500008,100.0,0.0,243.87272762401372,1.3227268240137278
60.6,243.87272762401372,100.0,0.0,245.23636449356198,1.3636368695482588
60.7,245.23636449356198,100.0,0.0,246.60000054661927,1.3636360530572915
60.800000000000004,246.60000054661927,100.0,0.0,247.96363659967656,1.3636360530572915
60.900000000000006,247.96363659967656,100.0,0.0,249.30000049230767,1.3363638926311125
61.0,249.30000049230767,100.0,0.0,250.5500002380165,1.249999745708834
61.1,250.5500002380165,100.0,0.0,252.2444451137255,1.6944448757089958
61.2,252.2444451137255,100.0,0.0,254.18888928911227,1.9444441753867636
61.300000000000004,254.18888928911227,100.0,0.0,256.13333185750986,1.9444425683975908
61.400000000000006,256.13333185750986,100.0,0.0,258.066666623569,1.9333347660591471
61.5,258.066666623569,100.0,0.0,259.7333322127946,1.6666655892256017
61.6,259.7333322127946,100.0,0.0,261.3999981714286,1.6666659586339847
61.7,261.3999981714286,100.0,0.0,262.9175620200552,1.5175638486265939
61.800000000000004,262.9175620200552,100.0,0.0,264.3512526763912,1.4336906563360117
61.900000000000006,264.3512526763912,100.0,0.0,265.7849452788097,1.433692602418489
62.0,265.7849452788097,100.0,0.0,266.7083335403349,0.92338826152519
62.1,266.7083335403349,100.0,0.0,267.5416671171994,0.8333335768645043
62.2,267.5416671171994,100.0,0.0,268.8999993806452,1.3583322634458455
62.300000000000004,268.8999993806452,100.0,0.0,270.89999800430115,1.9999986236559266
62.400000000000006,270.89999800430115,100.0,0.0,272.899996627957,1.9999986236558698
62.5,272.899996627957,100.0,0.0,274.9000011540984,2.0000045261413675
62.6,274.9000011540984,100.0,0.0,276.7020276681004,1.8020265140020229
62.7,276.7020276681004,100.0,0.0,278.262089152768,1.5600614846675853
62.800000000000004,278.262089152768,100.0,0.0,279.8221506374356,1.5600614846675853
62.900000000000006,279.8221506374356,100.0,0.0,281.3822131947455,1.560062557309891
63.0,281.3822131947455,100.0,0.0,282.94227630462876,1.5600631098832878
63.1,282.94227630462876,100.0,0.0,284.5023394145121,1.5600631098833446
63.2,284.5023394145121,100.0,0.0,286.0571429832513,1.554803568739203
63.300000000000004,286.0571429832513,100.0,0.0,287.4857157353926,1.4285727521412923
63.400000000000006,287.4857157353926,100.0,0.0,288.9142863402831,1.428570604890524
63.5,288.9142863402831,100.0,0.0,290.15000013913044,1.2357137988473141
63.6,290.15000013913044,100.0,0.0,290.7750007188406,0.6250005797101608
63.7,290.7750007188406,100.0,0.0,291.8888881687765,1.1138874499358735
63.800000000000004,291.8888881687765,100.0,0.0,293.27777605280534,1.3888878840288612
63.900000000000006,293.27777605280534,100.0,0.0,294.66666582178215,1.38888976897681
64.0,294.66666582178215,100.0,0.0,296.0400000882759,1.3733342664937709
64.10000000000001,296.0400000882759,100.0,0.0,297.0400008653521,1.0000007770761954
64.2,297.0400008653521,100.0,0.0,298.0272727628942,0.9872718975420867
64.3,298.0272727628942,100.0,0.0,298.70909172363633,0.6818189607421345
64.4,298.70909172363633,100.0,0.0,299.3909089357576,0.6818172121212456
64.5,299.3909089357576,100.0,0.0,300.0727264000001,0.6818174642424992
64.60000000000001,300.0727264000001,100.0,0.0,300.7545445818182,0.6818181818181301
64.7,300.7545445818182,100.0,0.0,301.0,0.24545541818179117
64.8,301.0,100.0,0.0,301.0,0.0
64.9,301.0,100.0,0.0,301.0,0.0
65.0,301.0,100.0,0.0,303.52000000000027,2.520000000000266
65.10000000000001,303.52000000000027,100.0,0.0,306.52000000000027,3.0
65.2,306.52000000000027,100.0,0.0,307.42000026326235,0.9000002632620863
65.3,307.42000026326235,100.0,0.0,307.9200000363121,0.4999997730497512
65.4,307.9200000363121,100.0,0.0,308.7000004525252,0.7800004162131131
65.5,308.7000004525252,100.0,0.0,309.5333335451537,0.833333092628493
65.60000000000001,309.5333335451537,100.0,0.0,310.412500147486,0.8791666023323046
65.7,310.412500147486,100.0,0.0,311.35000048268154,0.9375003351955229
65.8,311.35000048268154,100.0,0.0,312.28750032340434,0.9374998407228077
65.9,312.28750032340434,100.0,0.0,313.0,0.7124996765956553
66.0,313.0,100.0,0.0,313.0,0.0
66.10000000000001,313.0,100.0,0.0,313.4000001286433,0.4000001286432848
66.2,313.4000001286433,100.0,0.0,314.02500032964826,0.6250002010049798
66.3,314.02500032964826,100.0,0.0,314.65000040000007,0.6250000703518026
66.4,314.65000040000007,100.0,0.0,315.2750004,0.6249999999999432
66.5,315.2750004,100.0,0.0,315.9000001049181,0.624999704918082
66.60000000000001,315.9000001049181,100.0,0.0,316.42,0.5199998950819236
66.7,316.42,100.0,0.0,316.91999999999996,0.49999999999994316
66.8,316.91999999999996,100.0,0.0,317.70000043167164,0.7800004316716809
66.9,317.70000043167164,100.0,0.0,318.53333360860216,0.8333331769305232
67.0,318.53333360860216,100.0,0.0,319.3666667855328,0.8333331769306369
67.10000000000001,319.3666667855328,100.0,0.0,320.0,0.6333332144671999
67.2,320.0,100.0,0.0,320.0,0.0
67.3,320.0,100.0,0.0,320.2666668390572,0.26666683905722266
67.4,320.2666668390572,100.0,0.0,320.6833334770686,0.41666663801134973
67.5,320.6833334770686,100.0,0.0,321.12000004830196,0.43666657123338837
67.60000000000001,321.12000004830196,100.0,0.0,321.6200002495598,0.5000002012578193
67.7,321.6200002495598,100.0,0.0,322.15,0.5299997504401972
67.8,322.15,100.0,0.0,322.77500000000003,0.6250000000000568
67.9,322.77500000000003,100.0,0.0,323.0,0.2249999999999659
68.0,323.0,100.0,0.0,323.0,0.0
68.10000000000001,323.0,100.0,0.0,323.0,0.0
68.2,323.0,100.0,0.0,323.0,0.0
68.3,323.0,100.0,0.0,323.0,0.0
68.4,323.0,100.0,0.0,323.0,0.0
68.5,323.0,100.0,0.0,323.0,0.0
68.60000000000001,323.0,100.0,0.0,323.1874995443038,0.18749954430381877
68.7,323.1874995443038,100.0,0.0,323.6041658666667,0.4166663223628575
68.8,323.6041658666667,100.0,0.0,324.02083253333336,0.4166666666666856
68.9,324.02083253333336,100.0,0.0,324.43749946268656,0.41666692935319816
69.0,324.43749946268656,100.0,0.0,324.8541665273632,0.4166670646766306
69.10000000000001,324.8541665273632,100.0,0.0,325.16209493115275,0.30792840378956043
69.2,325.16209493115275,100.0,0.0,325.4114712393733,0.249376308220576
69.3,325.4114712393733,100.0,0.0,325.6608475475939,0.249376308220576
69.4,325.6608475475939,100.0,0.0,325.9102243303837,0.24937678278979547
69.5,325.9102243303837,100.0,0.0,326.0,0.08977566961630146
69.60000000000001,326.0,100.0,0.0,326.0,0.0
69.7,326.0,100.0,0.0,326.0,0.0
69.8,326.0,100.0,0.0,326.0,0.0
69.9,326.0,100.0,0.0,326.4,0.39999999999997726
70.0,326.4,100.0,0.0,327.0,0.6000000000000227
70.10000000000001,327.0,100.0,0.0,327.0,0.0
70.2,327.0,100.0,0.0,327.0,0.0
70.3,327.0,100.0,0.0,327.0,0.0
70.4,327.0,100.0,0.0,327.0,0.0
70.5,327.0,100.0,0.0,327.0,0.0
70.60000000000001,327.0,100.0,0.0,327.0,0.0
70.7,327.0,100.0,0.0,327.0,0.0
70.8,327.0,100.0,0.0,327.0,0.0
70.9,327.0,100.0,0.0,327.0,0.0
71.0,327.0,99.69999987114093,0.0,327.0,0.0
71.10000000000001,327.0,98.44999933422808,0.0,327.0,0.0
71.2,327.0,97.1999987973154,0.0,327.0,0.0
71.3,327.0,95.9499988078432,0.0,326.64,-0.36000000000001364
71.4,326.64,83.59999999999891,0.12000000000001138,325.14,-1.5
71.5,325.14,36.09999999999892,0.6200000000000113,319.9999792432409,-5.1400207567591
71.60000000000001,319.9999792432409,0.0,1.0,303.3333221861854,-16.666657057055488
71.7,303.3333221861854,0.0,1.0,286.6666651291299,-16.666657057055488
71.8,286.6666651291299,0.0,1.0,275.9499956705879,-10.716669458542015
71.9,275.9499956705879,0.0,1.0,266.36666382809915,-9.583331842488747
72.0,266.36666382809915,0.0,1.0,257.5166628881346,-8.85000093996456
72.10000000000001,257.5166628881346,0.0,1.0,249.599997312707,-7.916665575427601
72.2,249.599997312707,0.0,1.0,241.84999975384645,-7.749997558860542
72.3,241.84999975384645,0.03333338803412123,1.0,238.09999759999965,-3.7500021538467934
72.4,238.09999759999965,0.866667200000079,1.0,234.3499976,-3.749999999999659
72.5,234.3499976,1.7000005333333332,1.0,230.99999892436952,-3.3499986756304736
72.60000000000001,230.99999892436952,2.800000430252192,1.0,227.8749984477611,-3.1250004766084203
72.7,227.8749984477611,4.050000620895562,0.7761194029850588,224.74999944278605,-3.1249990049750522
72.8,224.74999944278605,5.300000222885582,0.27860696517412553,221.7624994302156,-2.9875000125704503
72.9,221.7624994302156,6.1375000633093775,0.0,218.9499982497239,-2.8125011804916937
73.0,218.9499982497239,6.450000194475124,0.0,216.13749924419875,-2.8124990055251544
73.10000000000001,216.13749924419875,6.762500083977917,0.0,213.3999990153846,-2.737500228814156
73.2,213.3999990153846,8.600002625641025,0.0,210.89999840000004,-2.5000006153845504
73.3,210.89999840000004,15.266670933333149,0.0,208.39999878095213,-2.4999996190479123
73.4,208.39999878095213,21.933336584127616,0.0,207.3,-1.0999987809521201
73.5,207.3,44.349999999999994,0.0,206.46666666666664,-0.8333333333333712
73.60000000000001,206.46666666666664,69.76666666666787,0.0,206.82500029497206,0.3583336283054166
73.7,206.82500029497206,84.68750024581006,0.0,208.70000096536316,1.8750006703911026
73.8,208.70000096536316,86.2500008044693,0.0,210.5750006468087,1.87499968144553
73.9,210.5750006468087,87.81250053900723,0.0,212.3,1.724999353191322
74.0,212.3,90.65000000000009,0.0,213.55000000000015,1.250000000000142
74.10000000000001,213.55000000000015,97.52500000000083,0.0,215.60000140099515,2.0500014009950007
74.2,215.60000140099515,100.0,0.0,218.100000604975,2.499999203979854
74.3,218.100000604975,100.0,0.0,220.30000032542375,2.1999997204487443
74.4,220.30000032542375,100.0,0.0,221.55000028514849,1.2499999597247324
74.5,221.55000028514849,100.0,0.0,223.42222407981876,1.8722237946702762
74.60000000000001,223.42222407981876,100.0,0.0,225.64444520296308,2.2222211231443225
74.7,225.64444520296308,100.0,0.0,227.86666426469142,2.222219061728339
74.8,227.86666426469142,100.0,0.0,230.0750000000001,2.2083357353086797
74.9,230.0750000000001,100.0,0.0,231.95000000000002,1.8749999999999147
75.0,231.95000000000002,100.0,0.0,233.73640310160675,1.7864031016067372
75.10000000000001,233.73640310160675,100.0,0.0,235.4100428289619,1.6736397273551518
75.2,235.4100428289619,100.0,0.0,237.10227256226116,1.692229733299257
75.3,237.10227256226116,100.0,0.0,239.14772380748673,2.045451245225564
75.4,239.14772380748673,100.0,0.0,241.1931778909091,2.045454083422385
75.5,241.1931778909091,100.0,0.0,243.2386330705818,2.0454551796727003
75.60000000000001,243.2386330705818,100.0,0.0,245.28409005533604,2.0454569847542245
75.7,245.28409005533604,100.0,0.0,247.2187485283018,1.934658472965765
75.8,247.2187485283018,100.0,0.0,249.0995025548211,1.8807540265192983
75.9,249.0995025548211,100.0,0.0,251.08955365123902,1.9900510964179148
76.0,251.08955365123902,100.0,0.0,253.02500002318843,1.9354463719494106
76.10000000000001,253.02500002318843,100.0,0.0,253.6500006028986,0.6250005797101608
76.2,253.6500006028986,100.0,0.0,254.91666666666663,1.2666660637680422
76.3,254.91666666666663,100.0,0.0,257.00000000000017,2.0833333333335418
76.4,257.00000000000017,100.0,0.0,259.03333322105266,2.0333332210524873
76.5,259.03333322105266,100.0,0.0,259.86666560000003,0.8333323789473752
76.60000000000001,259.86666560000003,100.0,0.0,260.6999989333334,0.8333333333333712
76.7,260.6999989333334,100.0,0.0,262.2799978508644,1.579998917530986
76.80000000000001,262.2799978508644,100.0,0.0,264.2799994311111,2.0000015802467033
76.9,264.2799994311111,100.0,0.0,265.80000151272725,1.5200020816161555
77.0,265.80000151272725,100.0,0.0,267.0500000581819,1.2499985454546731
77.10000000000001,267.0500000581819,100.0,0.0,268.2999986036364,1.2499985454545026
77.2,268.2999986036364,100.0,0.0,269.54999952786903,1.2500009242326087
77.30000000000001,269.54999952786903,100.0,0.0,271.1428562169983,1.5928566891292917
77.4,271.1428562169983,100.0,0.0,272.9285692552693,1.7857130382709556
77.5,272.9285692552693,100.0,0.0,274.7142854145201,1.7857161592507964
77.60000000000001,274.7142854145201,100.0,0.0,276.57499850491814,1.8607130903980647
77.7,276.57499850491814,100.0,0.0,278.3000002157305,1.7250017108123643
77.80000000000001,278.3000002157305,100.0,0.0,279.55000111460686,1.2500008988763511
77.9,279.55000111460686,100.0,0.0,280.8000010816902,1.2499999670833404
78.0,280.8000010816902,100.0,0.0,282.0333335703704,1.2333324886802188
78.10000000000001,282.0333335703704,100.0,0.0,282.86666732012014,0.8333337497497268
78.2,282.86666732012014,100.0,0.0,283.7000001729731,0.8333328528529478
78.30000000000001,283.7000001729731,100.0,0.0,284.9600007777216,1.260000604748484
78.4,284.9600007777216,100.0,0.0,286.4600002856198,1.4999995078982238
78.5,286.4600002856198,100.0,0.0,287.3200002068687,0.8599999212489138
78.60000000000001,287.3200002068687,100.0,0.0,287.8200001140594,0.49999990719067
78.7,287.8200001140594,100.0,0.0,289.3333341952865,1.5133340812271285
78.80000000000001,289.3333341952865,100.0,0.0,291.416667385343,2.0833331900564644
78.9,291.416667385343,100.0,0.0,293.1714287103074,1.75476132496442
79.0,293.1714287103074,100.0,0.0,293.88571464051176,0.7142859302043689
79.10000000000001,293.88571464051176,100.0,0.0,294.6000001273632,0.7142854868514519
79.2,294.6000001273632,100.0,0.0,295.3142859174604,0.7142857900971649
79.30000000000001,295.3142859174604,100.0,0.0,296.02857177206,0.7142858545996091
79.4,296.02857177206,100.0,0.0,296.74285723378057,0.7142854617205785
79.5,296.74285723378057,100.0,0.0,297.8000003220127,1.0571430882321238
79.60000000000001,297.8000003220127,100.0,0.0,299.0500007751554,1.250000453142718
79.7,299.0500007751554,100.0,0.0,300.3000002782611,1.2499995031056983
79.80000000000001,300.3000002782611,100.0,0.0,301.4714292429165,1.1714289646553766
79.9,301.4714292429165,100.0,0.0,302.5428575298163,1.0714282868997884
80.0,302.5428575298163,100.0,0.0,303.6142858167162,1.071428286899902
80.10000000000001,303.6142858167162,100.0,0.0,304.68571472900436,1.0714289122881837
80.2,304.68571472900436,100.0,0.0,305.75714354285725,1.07142881385289
80.30000000000001,305.75714354285725,100.0,0.0,306.82857211428575,1.0714285714284983
80.4,306.82857211428575,100.0,0.0,307.42,0.5914278857142676
80.5,307.42,100.0,0.0,307.9200000000001,0.5000000000000568
80.60000000000001,307.9200000000001,100.0,0.0,309.05000000000007,1.1299999999999955
80.7,309.05000000000007,100.0,0.0,310.0,0.9499999999999318
80.80000000000001,310.0,100.0,0.0,310.0,0.0
80.9,310.0,100.0,0.0,310.0,0.0
81.0,310.0,100.0,0.0,310.5500000000001,0.5500000000001251
81.10000000000001,310.5500000000001,100.0,0.0,311.8,1.2499999999998863
81.2,311.8,100.0,0.0,313.02857139757873,1.228571397578719
81.30000000000001,313.02857139757873,100.0,0.0,313.742856337046,0.7142849394672908
81.4,313.742856337046,100.0,0.0,314.4571421901168,0.7142858530708054
0.0,314.42500022857143,100.0,0.0,314.7821429437445,0.3571427151730404
0.1,314.7821429437445,100.0,0.0,315.24375082105263,0.461607877308154
0.2,315.24375082105263,100.0,0.0,315.8687502446602,0.6249994236075622
0.30000000000000004,315.8687502446602,100.0,0.0,316.3950004284746,0.5262501838143976
0.4,316.3950004284746,100.0,0.0,316.89500087652175,0.5000004480471603
0.5,316.89500087652175,100.0,0.0,317.2468751449541,0.35187426843236835
0.6000000000000001,317.2468751449541,100.0,0.0,317.55937532844035,0.312500183486236
0.7000000000000001,317.55937532844035,100.0,0.0,317.8718751607843,0.31249983234397405
0.8,317.8718751607843,100.0,0.0,318.55312532477063,0.6812501639863058
0.9,318.55312532477063,100.0,0.0,319.49062587522934,0.937500550458708
1.0,319.49062587522934,100.0,0.0,320.42812571764705,0.9374998424177079
1.1,320.42812571764705,100.0,0.0,321.1218750490566,0.6937493314095491
1.2000000000000002,321.1218750490566,100.0,0.0,321.4343751748428,0.3125001257861868
1.3,321.4343751748428,100.0,0.0,321.7468753006289,0.31250012578612996
1.4000000000000001,321.7468753006289,100.0,0.0,322.07916666666665,0.3322913660377367
1.5,322.07916666666665,100.0,0.0,322.49583333333334,0.4166666666666856
1.6,322.49583333333334,100.0,0.0,322.9125,0.4166666666666856
1.7000000000000002,322.9125,100.0,0.0,323.7900005107071,0.8775005107070797
1.8,323.7900005107071,100.0,0.0,324.79000115717173,1.0000006464646276
1.9000000000000001,324.79000115717173,100.0,0.0,325.4937504,0.7037492428282803
2.0,325.4937504,100.0,0.0,326.11875069629633,0.6250002962963208
2.1,326.11875069629633,100.0,0.0,326.74375020246913,0.6249995061727986
2.2,326.74375020246913,100.0,0.0,327.36875,0.6249997975308474
2.3000000000000003,327.36875,100.0,0.0,327.99375,0.625
2.4000000000000004,327.99375,100.0,0.0,328.49500052983603,0.5012505298360566
2.5,328.49500052983603,100.0,0.0,328.9950000052459,0.4999994754098793
2.6,328.9950000052459,100.0,0.0,329.41250037227724,0.4175003670313231
2.7,329.41250037227724,100.0,0.0,329.8291667749175,0.41666640264026
2.8000000000000003,329.8291667749175,100.0,0.0,330.1638889770308,0.33472220211331205
2.9000000000000004,330.1638889770308,100.0,0.0,330.44166690420167,0.2777779271708596
3.0,330.44166690420167,100.0,0.0,330.71944473879785,0.2777778345961792
3.1,330.71944473879785,100.0,0.0,330.9972222251366,0.27777748633877763
3.2,330.9972222251366,100.0,0.0,331.4142259414226,0.41700371628598987
3.3000000000000003,331.4142259414226,100.0,0.0,331.8326359832636,0.4184100418409571
3.4000000000000004,331.8326359832636,100.0,0.0,332.37500033057853,0.5423643473149582
3.5,332.37500033057853,100.0,0.0,333.0,0.6249996694214701
3.6,333.0,100.0,0.0,333.35714244978783,0.3571424497878297
3.7,333.35714244978783,100.0,0.0,333.71428553323904,0.3571430834512057
3.8000000000000003,333.71428553323904,100.0,0.0,334.0,0.28571446676096457
3.9000000000000004,334.0,100.0,0.0,334.0,0.0
4.0,334.0,100.0,0.0,334.0,0.0
4.1000000000000005,334.0,100.0,0.0,334.0,0.0
4.2,334.0,100.0,0.0,334.0,0.0
4.3,334.0,100.0,0.0,334.99999891525425,0.9999989152542526
4.4,334.99999891525425,100.0,0.0,336.0,1.0000010847457474
4.5,336.0,100.0,0.0,336.0,0.0
4.6000000000000005,336.0,100.0,0.0,336.0,0.0
4.7,336.0,100.0,0.0,336.1990052230735,0.1990052230735273
4.800000000000001,336.1990052230735,100.0,0.0,336.6965182412036,0.4975130181300642
4.9,336.6965182412036,100.0,0.0,337.0,0.3034817587964085
5.0,337.0,100.0,0.0,337.0,0.0
5.1000000000000005,337.0,100.0,0.0,337.0,0.0
5.2,337.0,100.0,0.0,337.4949997372358,0.49499973723578705
5.300000000000001,337.4949997372358,100.0,0.0,337.9949999973984,0.5000002601626079
5.4,337.9949999973984,100.0,0.0,338.22500019907835,0.23000020167995672
5.5,338.22500019907835,100.0,0.0,338.4522731274403,0.22727292836196966
5.6000000000000005,338.4522731274403,100.0,0.0,338.6795457304525,0.22727260301218166
5.7,338.6795457304525,100.0,0.0,338.9068182620465,0.22727253159399652
5.800000000000001,338.9068182620465,100.0,0.0,339.0,0.09318173795350049
5.9,339.0,100.0,0.0,339.0,0.0
6.0,339.0,100.0,0.0,339.0,0.0
6.1000000000000005,339.0,100.0,0.0,339.3291672442451,0.3291672442451272
6.2,339.3291672442451,100.0,0.0,339.7458335521674,0.41666630792229853
6.300000000000001,339.7458335521674,100.0,0.0,340.0,0.25416644783257425
6.4,340.0,100.0,0.0,340.0,0.0
6.5,340.0,100.0,0.0,340.0,0.0
6.6000000000000005,340.0,100.0,0.0,340.0,0.0
6.7,340.0,100.0,0.0,340.0,0.0
6.800000000000001,340.0,100.0,0.0,340.61875,0.6187499999999773
6.9,340.61875,100.0,0.0,341.0,0.38125000000002274
7.0,341.0,100.0,0.0,341.0,0.0
7.1000000000000005,341.0,100.0,0.0,341.0,0.0
7.2,341.0,100.0,0.0,340.9406249518987,-0.059375048101287575
7.300000000000001,340.9406249518987,100.0,0.0,340.62812469873415,-0.31250025316455776
7.4,340.62812469873415,100.0,0.0,340.3156247506173,-0.31249994811685156
7.5,340.3156247506173,100.0,0.0,340.00312499753085,-0.31249975308645617
7.6000000000000005,340.00312499753085,100.0,0.0,340.0,-0.00312499753084694
7.7,340.0,100.0,0.0,340.0,0.0
7.800000000000001,340.0,100.0,0.0,340.0,0.0
7.9,340.0,100.0,0.0,340.0,0.0
8.0,340.0,100.0,0.0,340.0,0.0
8.1,340.0,100.0,0.0,340.0,0.0
8.200000000000001,340.0,100.0,0.0,337.83437219999996,-2.1656278000000384
8.3,337.83437219999996,69.06245999999962,0.0,335.64687219999996,-2.1875
8.4,335.64687219999996,37.81245999999989,0.0,333.4593723272727,-2.187499872727244
8.5,333.4593723272727,6.5624618181819825,0.04545454545451976,315.6199887644446,-17.839383562828118
8.6,315.6199887644446,0.0,1.0,293.6199745422219,-22.000014222222717
8.700000000000001,293.6199745422219,0.0,1.0,277.5449943168991,-16.074980225322804
8.8,277.5449943168991,0.0,1.0,263.04498712310067,-14.50000719379841
8.9,263.04498712310067,0.0,1.0,248.54498418478863,-14.500002938312036
9.0,248.54498418478863,0.0,1.0,234.04499725521134,-14.49998692957729
9.1,234.04499725521134,0.0,1.0,221.51998971661013,-12.525007538601216
9.200000000000001,221.51998971661013,0.0,1.0,209.51998464,-12.000005076610137
9.3,209.51998464,0.0,1.0,197.51998464000002,-11.999999999999972
9.4,197.51998464000002,0.0,1.0,185.51998464000002,-12.0
9.5,185.51998464000002,0.0,1.0,177.5687499999999,-7.951234640000109
9.600000000000001,177.5687499999999,0.0,1.0,170.04062067586193,-7.5281293241379785
9.700000000000001,170.04062067586193,0.0,1.0,159.7281148732824,-10.312505802579523
9.8,159.7281148732824,0.0,1.0,149.41561991145034,-10.312494961832073
9.9,149.41561991145034,0.0,1.0,139.10312494961826,-10.312494961832073
10.0,139.10312494961826,0.0,1.0,133.36218238079294,-5.740942568825318
10.100000000000001,133.36218238079294,0.0,1.0,127.6674210695615,-5.694761311231446
10.200000000000001,127.6674210695615,0.0,1.0,121.97266229057753,-5.694758778983967
10.3,121.97266229057753,0.0,1.0,116.27790351159355,-5.6947587789839815
10.4,116.27790351159355,0.0,1.0,110.40000291645569,-5.877900595137859
10.5,110.40000291645569,0.0,1.0,104.40000731428567,-5.999995602170017
10.600000000000001,104.40000731428567,0.0,1.0,100.50000069064747,-3.9000066236382054
10.700000000000001,100.50000069064747,0.0,1.0,98.0000018417266,-2.4999988489208675
10.8,98.0000018417266,0.0,1.0,95.50000299280573,-2.4999988489208675
10.9,95.50000299280573,0.0,1.0,93.28571567450271,-2.214287318303022
11.0,93.28571567450271,0.0,1.0,91.14285939110066,-2.142856283402054
11.100000000000001,91.14285939110066,0.0,1.0,88.99999999999996,-2.1428593911007
11.200000000000001,88.99999999999996,0.0,1.0,86.27891337415498,-2.7210866258449755
11.3,86.27891337415498,0.0,1.0,83.55782556399555,-2.721087810159432
11.4,83.55782556399555,0.0,0.8515901060070675,80.83673611835425,-2.7210894456412973
11.5,80.83673611835425,0.0,0.49823321554770417,78.1156466727129,-2.721089445641354
11.600000000000001,78.1156466727129,0.0,0.1448763250883346,76.81562463505153,-1.300022037661364
11.700000000000001,76.81562463505153,2.9500058391753243,0.0,76.50312456681614,-0.3125000682353942
11.8,76.50312456681614,7.950006930941752,0.0,76.19062483587444,-0.3124997309416955
11.9,76.19062483587444,12.950002626008981,0.0,76.41785679554731,0.22723195967286358
12.0,76.41785679554731,17.949998379220766,0.0,77.48928502857144,1.071428233024136
12.100000000000001,77.48928502857144,22.94999680000007,0.0,78.56071360000001,1.0714285714285694
12.200000000000001,78.56071360000001,27.94999680000007,0.0,80.47500000000002,1.9142864000000088
12.3,80.47500000000002,34.79375000000008,0.0,82.97500000000001,2.499999999999986
12.4,82.97500000000001,42.918750000000045,0.0,83.0,0.024999999999991473
12.5,83.0,25.262478249327273,0.367713004484307,83.0,0.0
12.600000000000001,83.0,7.3458270086693815,0.8161434977578544,82.26250023959389,-0.7374997604061093
12.700000000000001,82.26250023959389,0.0,1.0,81.01250064568526,-1.2499995939086261
12.8,81.01250064568526,0.0,1.0,79.76250009681529,-1.250000548869977
12.9,79.76250009681529,0.0,0.0,78.51250060636943,-1.249999490445859
13.0,78.51250060636943,0.0,0.0,76.77083199999997,-1.7416686063694584
13.100000000000001,76.77083199999997,0.0,0.0,74.68749640677963,-2.0833355932203403
13.200000000000001,74.68749640677963,0.0,0.0,72.7625,-1.924996406779627
13.3,72.7625,1.3458333333333412,0.0,71.5125,-1.25
13.4,71.5125,8.429166666666644,0.0,70.2625,-1.25
13.5,70.2625,15.512499999999946,0.0,70.98750000000001,0.7250000000000085
13.600000000000001,70.98750000000001,17.49375000000001,0.0,72.3562493837838,1.3687493837837934
13.700000000000001,72.3562493837838,18.59374897297302,0.0,74.23124960000003,1.8750002162162218
13.8,74.23124960000003,21.71874933333337,0.0,75.98333545494506,1.7520858549450367
13.9,75.98333545494506,24.475003182417613,0.0,77.65000094945056,1.6666654945054944
14.0,77.65000094945056,26.97500142417584,0.0,79.47500320000003,1.825002250549474
14.100000000000001,79.47500320000003,30.12273483636371,0.0,81.97500320000003,2.5
14.200000000000001,81.97500320000003,36.03182574545461,0.0,84.47500320000002,2.499999999999986
14.3,84.47500320000002,41.94091665454552,0.0,86.97500320000002,2.5
14.4,86.97500320000002,47.850007563636424,0.0,89.4750016,2.4999983999999813
14.5,89.4750016,53.759094690909095,0.0,93.95000231926609,4.475000719266092
14.600000000000001,93.95000231926609,56.975001159633045,0.0,98.95000525504588,5.00000293577979
14.700000000000001,98.95000525504588,59.47500262752294,0.0,103.51666755718661,4.5666623021407275
14.8,103.51666755718661,62.9500011449542,0.0,107.40555872945978,3.8888911722731763
14.9,107.40555872945978,67.950004080734,0.0,111.294448686072,3.8888899566122177
15.0,111.294448686072,72.95000545352116,0.0,115.1833340694836,3.888885383411605
15.100000000000001,115.1833340694836,77.95000094647894,0.0,119.66786207886662,4.484528009383013
15.200000000000001,119.66786207886662,81.25714589468714,0.0,124.31071676599767,4.642854687131049
15.3,124.31071676599767,84.11428724061395,0.0,128.95357145312872,4.642854687131049
15.4,128.95357145312872,86.97142858654075,0.0,133.9500040101266,4.996432556997888
15.5,133.9500040101266,90.46500280708862,0.0,138.950000152381,4.999996142254389
15.600000000000001,138.950000152381,93.9650001066667,0.0,145.8062500000001,6.856249847619097
15.700000000000001,145.8062500000001,97.09375000000004,0.0,151.82812669565226,6.021876695652168
15.8,151.82812669565226,99.12187511304349,0.0,156.51563100000007,4.6875043043478115
15.9,156.51563100000007,99.4343754,0.0,161.20313099999998,4.687499999999915
16.0,161.20313099999998,99.7468754,0.0,165.83125048807347,4.62811948807348
16.1,165.83125048807347,100.0,0.0,170.2062530568807,4.375002568807247
16.2,170.2062530568807,100.0,0.0,174.5812555450981,4.375002488217376
16.3,174.5812555450981,100.0,0.0,178.95625005490206,4.374994509803969
16.400000000000002,178.95625005490206,100.0,0.0,182.09375250632908,3.137502451427025
16.5,182.09375250632908,100.0,0.0,186.1450000000001,4.0512474936710134
16.6,186.1450000000001,100.0,0.0,191.64499999999998,5.499999999999886
16.7,191.64499999999998,100.0,0.0,196.53763157429378,4.892631574293802
16.8,196.53763157429378,100.0,0.0,200.4802850850048,3.9426535107110112
16.900000000000002,200.4802850850048,100.0,0.0,204.42293859571566,3.942653510710869
17.0,204.42293859571566,100.0,0.0,208.09999829873425,3.6770597030185854
17.1,208.09999829873425,100.0,0.0,211.5999957333333,3.499997434599038
17.2,211.5999957333333,100.0,0.0,214.80000000000004,3.2000042666667525
17.3,214.80000000000004,100.0,0.0,217.80000000000004,3.0
17.400000000000002,217.80000000000004,100.0,0.0,220.87499848101265,3.0749984810126136
17.5,220.87499848101265,100.0,0.0,223.99999604938282,3.124997568370162
17.6,223.99999604938282,100.0,0.0,227.12499851851848,3.1250024691356657
17.7,227.12499851851848,100.0,0.0,229.83333196581196,2.7083334472934837
17.8,229.83333196581196,100.0,0.0,231.91666502057618,2.0833330547642106
17.900000000000002,231.91666502057618,100.0,0.0,234.0,2.0833349794238245
18.0,234.0,100.0,0.0,236.48756137299307,2.4875613729930706
18.1,236.48756137299307,100.0,0.0,238.9751238395087,2.487562466515641
18.2,238.9751238395087,100.0,0.0,241.88750000000002,2.9123761604913057
18.3,241.88750000000002,100.0,0.0,244.80416666666676,2.9166666666667425
18.400000000000002,244.80416666666676,100.0,0.0,247.22916838929441,2.4250017226276555
18.5,247.22916838929441,100.0,0.0,249.3125031456311,2.083334756336683
18.6,249.3125031456311,100.0,0.0,251.31666656379016,2.0041634181590666
18.7,251.31666656379016,100.0,0.0,252.98333268900168,1.6666661252115205
18.8,252.98333268900168,100.0,0.0,254.6499994790698,1.6666667900681205
18.900000000000002,254.6499994790698,100.0,0.0,256.6458329530686,1.995833473998772
19.0,256.6458329530686,100.0,0.0,258.72916580505415,2.083332851985574
19.1,258.72916580505415,100.0,0.0,260.812498679803,2.083332874748862
19.200000000000003,260.812498679803,100.0,0.0,262.8958326699507,2.0833339901477075
19.3,262.8958326699507,100.0,0.0,264.9791666600986,2.083333990147878
19.400000000000002,264.9791666600986,100.0,0.0,266.48499918769227,1.5058325275936681
19.5,266.48499918769227,100.0,0.0,267.98499998843374,1.500000800741475
19.6,267.98499998843374,100.0,0.0,269.4849995989874,1.4999996105536297
19.700000000000003,269.4849995989874,100.0,0.0,270.984999193924,1.4999995949366394
19.8,270.984999193924,100.0,0.0,272.48499940515336,1.5000002112293487
19.900000000000002,272.48499940515336,100.0,0.0,273.9849999941104,1.5000005889570502
20.0,273.9849999941104,100.0,0.0,275.76786057142857,1.7828605773181607
20.1,275.76786057142857,100.0,0.0,277.5535748571429,1.7857142857143344
20.200000000000003,277.5535748571429,100.0,0.0,279.2035715934901,1.649996736347191
20.3,279.2035715934901,100.0,0.0,280.2750010329114,1.0714294394213084
20.400000000000002,280.2750010329114,100.0,0.0,281.34642925714286,1.071428224231454
20.5,281.34642925714286,100.0,0.0,282.5850004739241,1.2385712167812244
20.6,282.5850004739241,100.0,0.0,284.08500168911394,1.5000012151898545
20.700000000000003,284.08500168911394,100.0,0.0,285.39000000000004,1.3049983108861056
20.8,285.39000000000004,100.0,0.0,286.39000000000004,1.0
20.900000000000002,286.39000000000004,100.0,0.0,287.32500026329114,0.9350002632911014
21.0,287.32500026329114,100.0,0.0,288.15833427173,0.8333340084388396
21.1,288.15833427173,100.0,0.0,288.99166667967484,0.8333324079448516
21.200000000000003,288.99166667967484,100.0,0.0,290.23750100253164,1.2458343228568083
21.3,290.23750100253164,100.0,0.0,291.4875008,1.2499997974683765
21.400000000000002,291.4875008,100.0,0.0,292.0,0.5124991999999793
21.5,292.0,100.0,0.0,292.0,0.0
21.6,292.0,100.0,0.0,292.0,0.0
21.700000000000003,292.0,100.0,0.0,292.0,0.0
21.8,292.0,100.0,0.0,292.0,0.0
21.900000000000002,292.0,100.0,0.0,292.975,0.9750000000000227
22.0,292.975,100.0,0.0,295.4750000000001,2.500000000000057
22.1,295.4750000000001,100.0,0.0,296.8777792,1.4027791999999408
22.200000000000003,296.8777792,100.0,0.0,297.9888903111111,1.1111111111110858
22.3,297.9888903111111,100.0,0.0,299.1000014222222,1.1111111111110858
22.400000000000002,299.1000014222222,100.0,0.0,300.09499999999997,0.9949985777777783
22.5,300.09499999999997,100.0,0.0,300.595,0.5000000000000568
22.6,300.595,100.0,0.0,301.1425002338462,0.547500233846165
22.700000000000003,301.1425002338462,100.0,0.0,301.89250096,0.7500007261538144
22.8,301.89250096,100.0,0.0,302.64250096,0.75
22.900000000000002,302.64250096,100.0,0.0,303.39250063737705,0.7499996773770476
23.0,303.39250063737705,100.0,0.0,304.0950002096552,0.7024995722781568
23.1,304.0950002096552,100.0,0.0,304.59500036507046,0.5000001554152504
23.200000000000003,304.59500036507046,100.0,0.0,305.1357142857143,0.5407139206438387
23.3,305.1357142857143,100.0,0.0,305.85,0.7142857142857224
23.400000000000002,305.85,100.0,0.0,306.5642857142857,0.7142857142856656
23.5,306.5642857142857,100.0,0.0,307.0,0.4357142857143117
23.6,307.0,100.0,0.0,307.0,0.0
23.700000000000003,307.0,100.0,0.0,307.4,0.39999999999997726
23.8,307.4,100.0,0.0,307.9,0.5
23.900000000000002,307.9,100.0,0.0,308.79999935189875,0.8999993518987708
24.0,308.79999935189875,100.0,0.0,309.7999993904762,1.0000000385774683
24.1,309.7999993904762,100.0,0.0,310.0,0.20000060952378362
24.200000000000003,310.0,100.0,0.0,310.0,0.0
24.3,310.0,100.0,0.0,310.5714276661952,0.5714276661951772
24.400000000000002,310.5714276661952,100.0,0.0,311.2857138330976,0.7142861669024114
24.5,311.2857138330976,100.0,0.0,312.0,0.7142861669024114
24.6,312.0,100.0,0.0,312.5540170969264,0.5540170969263727
24.700000000000003,312.5540170969264,100.0,0.0,313.10803302770915,0.5540159307827821
24.8,313.10803302770915,100.0,0.0,313.66204962573823,0.5540165980290794
24.900000000000002,313.66204962573823,100.0,0.0,314.1772728282709,0.5152232025326384
25.0,314.1772728282709,100.0,0.0,314.63181854178583,0.4545457135149604
25.1,314.63181854178583,100.0,0.0,315.0863642553008,0.4545457135149604
25.200000000000003,315.0863642553008,100.0,0.0,315.5409099466902,0.4545456913893986
25.3,315.5409099466902,100.0,0.0,315.99545455392763,0.4545446072374375
25.400000000000002,315.99545455392763,100.0,0.0,316.49499979821655,0.49954524428892455
25.5,316.49499979821655,100.0,0.0,316.9949999925582,0.5000001943416237
25.6,316.9949999925582,100.0,0.0,317.4500004881356,0.4550004955773943
25.700000000000003,317.4500004881356,100.0,0.0,317.9045463272727,0.45454583913715396
25.8,317.9045463272727,100.0,0.0,318.35909178181817,0.45454545454543904
25.900000000000002,318.35909178181817,100.0,0.0,318.81363723636366,0.4545454545454959
26.0,318.81363723636366,100.0,0.0,319.1474999520812,0.3338627157175438
26.1,319.1474999520812,100.0,0.0,319.39749987086293,0.24999991878172523
26.200000000000003,319.39749987086293,100.0,0.0,319.647499888867,0.2500000180040729
26.3,319.647499888867,100.0,0.0,319.8974999676847,0.25000007881772035
26.400000000000002,319.8974999676847,100.0,0.0,320.0,0.10250003231527671
26.5,320.0,100.0,0.0,320.0,0.0
26.6,320.0,100.0,0.0,320.0,0.0
26.700000000000003,320.0,100.0,0.0,320.56428650510946,0.5642865051094645
26.8,320.56428650510946,100.0,0.0,321.2785723972028,0.7142858920933577
26.900000000000002,321.2785723972028,100.0,0.0,321.9928571524475,0.7142847552447051
27.0,321.9928571524475,100.0,0.0,322.0,0.007142847552472631
27.1,322.0,100.0,0.0,322.0,0.0
27.200000000000003,322.0,100.0,0.0,322.0,0.0
27.3,322.0,100.0,0.0,322.0,0.0
27.400000000000002,322.0,100.0,0.0,322.0,0.0
27.5,322.0,100.0,0.0,322.0,0.0
27.6,322.0,100.0,0.0,322.0,0.0
27.700000000000003,322.0,100.0,0.0,322.0,0.0
27.8,322.0,100.0,0.0,322.0,0.0
27.900000000000002,322.0,100.0,0.0,322.0,0.0
28.0,322.0,100.0,0.0,320.3714268048425,-1.6285731951575144
28.1,320.3714268048425,93.21427835351034,0.0,311.7999890962962,-8.571437708546284
28.200000000000003,311.7999890962962,57.499954567900794,0.006172839506180421,303.2285672973545,-8.571421798941685
28.3,303.2285672973545,21.78569707231052,0.6234567901234549,291.453549942857,-11.775017354497493
28.400000000000002,291.453549942857,0.0,1.0,274.667835657143,-16.78571428571405
28.5,274.667835657143,0.0,1.0,257.8821213714283,-16.785714285714675
28.6,257.8821213714283,0.0,1.0,245.8374999999996,-12.04462137142869
28.700000000000003,245.8374999999996,0.0,1.0,237.0874999999998,-8.749999999999801
28.8,237.0874999999998,0.0,1.0,221.32498712792753,-15.762512872072278
28.900000000000002,221.32498712792753,0.0,1.0,205.49166292372374,-15.833324204203791
29.0,205.49166292372374,0.0,1.0,196.34499564307686,-9.14666728064688
29.1,196.34499564307686,0.0,1.0,191.84499806426214,-4.499997578814714
29.200000000000003,191.84499806426214,0.0,1.0,182.03499354734168,-9.810004516920458
29.3,182.03499354734168,0.0,1.0,168.53498313142842,-13.500010415913266
29.400000000000002,168.53498313142842,0.0,1.0,159.83928571428567,-8.695697417142753
29.5,159.83928571428567,0.0,1.0,154.48214285714275,-5.357142857142918
29.6,154.48214285714275,0.0,1.0,149.12499999999986,-5.35714285714289
29.700000000000003,149.12499999999986,0.0,1.0,143.55624517966095,-5.56875482033891
29.8,143.55624517966095,0.0,1.0,138.40625024203817,-5.149994937622779
29.900000000000002,138.40625024203817,0.0,1.0,135.28125151592357,-3.1249987261145975
30.0,135.28125151592357,0.0,1.0,131.04999999999995,-4.231251515923617
30.1,131.04999999999995,0.0,1.0,126.04999999999988,-5.000000000000071
30.200000000000003,126.04999999999988,0.0,1.0,122.4516129032258,-3.59838709677409
30.3,122.4516129032258,0.0,1.0,118.86738351254475,-3.5842293906810454
30.400000000000002,118.86738351254475,0.0,1.0,115.66666666666667,-3.200716845878077
30.5,115.66666666666667,0.0,0.9166666666666679,113.99999999999997,-1.6666666666666998
30.6,113.99999999999997,0.0,0.4999999999999927,112.33333333333327,-1.6666666666666998
30.700000000000003,112.33333333333327,0.0,0.08333333333331738,112.75796775642308,0.42463442308981314
30.8,112.75796775642308,1.1714047144720443,0.0,113.70542745195193,0.947459695528849
30.900000000000002,113.70542745195193,2.635660607562087,0.0,114.65288680257086,0.9474593506189279
31.0,114.65288680257086,4.09991596760951,0.0,115.60034594179342,0.9474591392225591
31.1,115.60034594179342,5.5641710009534755,0.0,116.54780508101598,0.9474591392225591
31.200000000000003,116.54780508101598,7.028426034297443,0.0,117.49526422023851,0.9474591392225307
31.3,117.49526422023851,8.492681067641351,0.0,118.44272335946107,0.9474591392225591
31.400000000000002,118.44272335946107,9.956936100985306,0.0,119.3901824986836,0.9474591392225307
31.5,119.3901824986836,11.421191134329211,0.0,120.33764163790617,0.9474591392225733
31.6,120.33764163790617,12.885446167673177,0.0,121.28510077712875,0.9474591392225733
31.700000000000003,121.28510077712875,14.349701201017142,0.0,122.23255991635128,0.9474591392225307
31.8,122.23255991635128,15.813956234361056,0.0,123.0,0.7674400836487223
31.900000000000002,123.0,17.554166666666717,0.0,123.0,0.0
32.0,123.0,20.4708333333333,0.0,123.0,0.0
32.1,123.0,23.38749999999998,0.0,123.0,0.0
32.2,123.0,30.71500668342895,0.0,123.0,0.0
32.300000000000004,123.0,39.214997343256314,0.0,125.19444373152847,2.194443731528466
32.4,125.19444373152847,46.266664955668325,0.0,127.97222060688098,2.777776875352515
32.5,127.97222060688098,52.93332945651436,0.0,130.74999911656448,2.7777785096835004
32.6,130.74999911656448,59.59999787975476,0.0,133.66500224000015,2.9150031234356675
32.7,133.66500224000015,67.28000768000057,0.0,137.16500380643373,3.500001566433582
32.800000000000004,137.16500380643373,79.2800130506299,0.0,141.06874999999994,3.9037461935662066
32.9,141.06874999999994,90.30624999999992,0.0,146.69375000000014,5.625000000000199
33.0,146.69375000000014,97.18125000000016,0.0,151.65500665704926,4.96125665704912
33.1,151.65500665704926,100.0,0.0,156.15500193573786,4.499995278688601
33.2,156.15500193573786,100.0,0.0,159.18000378629375,3.0250018505558955
33.300000000000004,159.18000378629375,100.0,0.0,161.18000110097896,1.9999973146852028
33.4,161.18000110097896,100.0,0.0,166.1299999999999,4.9499988990209545
33.5,166.1299999999999,100.0,0.0,173.13000000000017,7.000000000000256
33.6,173.13000000000017,100.0,0.0,177.89643232868954,4.766432328689376
33.7,177.89643232868954,100.0,0.0,181.11071634285727,3.214284014167731
33.800000000000004,181.11071634285727,100.0,0.0,184.32500035702475,3.2142840141674753
33.9,184.32500035702475,100.0,0.0,187.76500256463774,3.4400022076129915
34.0,187.76500256463774,100.0,0.0,191.2650044800001,3.500001915362361
34.1,191.2650044800001,100.0,0.0,194.76500448000007,3.4999999999999716
34.2,194.76500448000007,100.0,0.0,198.26500224000011,3.499997760000042
34.300000000000004,198.26500224000011,100.0,0.0,200.69285871304342,2.427856473043306
34.4,200.69285871304342,100.0,0.0,202.83571623661967,2.1428575235762537
34.5,202.83571623661967,100.0,0.0,204.97857144788736,2.142855211267687
34.6,204.97857144788736,100.0,0.0,211.18750000000009,6.208928552112724
34.7,211.18750000000009,100.0,0.0,215.97500289729732,4.78750289729723
34.800000000000004,215.97500289729732,100.0,0.0,218.47500145585582,2.4999985585585023
34.9,218.47500145585582,100.0,0.0,220.97500001441446,2.4999985585586444
35.0,220.97500001441446,100.0,0.0,223.47500319999997,2.5000031855855127
35.1,223.47500319999997,100.0,0.0,225.9750032,2.5000000000000284
35.2,225.9750032,100.0,0.0,228.47500238048787,2.499999180487862
35.300000000000004,228.47500238048787,100.0,0.0,231.36500126608695,2.889998885599084
35.4,231.36500126608695,100.0,0.0,234.86500440774188,3.500003141654929
35.5,234.86500440774188,100.0,0.0,237.85312500000003,2.9881205922581557
35.6,237.85312500000003,100.0,0.0,240.04062500000006,2.1875000000000284
35.7,240.04062500000006,100.0,0.0,242.2281250000001,2.1875000000000284
35.800000000000004,242.2281250000001,100.0,0.0,244.3454557090909,2.1173307090908224
35.9,244.3454557090909,100.0,0.0,246.16363869090912,1.818182981818211
36.0,246.16363869090912,100.0,0.0,247.98182050909094,1.818181818181813
36.1,247.98182050909094,100.0,0.0,249.80000232727278,1.8181818181818414
36.2,249.80000232727278,100.0,0.0,251.61818403966953,1.8181817123967505
36.300000000000004,251.61818403966953,100.0,0.0,253.31666765032423,1.698483610654705
36.4,253.31666765032423,100.0,0.0,254.98333556212708,1.666667911802847
36.5,254.98333556212708,100.0,0.0,256.65000251650486,1.6666669543777743
36.6,256.65000251650486,100.0,0.0,258.23750000000007,1.5874974834952127
36.7,258.23750000000007,100.0,0.11875000000003137,259.48750000000007,1.25
36.800000000000004,259.48750000000007,100.0,0.7437500000000259,256.8279605321329,-2.6595394678671482
36.9,256.8279605321329,78.85307021421961,1.0,251.45161483570877,-5.376345696424153
37.0,251.45161483570877,43.01076557139182,1.0,246.07526913928461,-5.376345696424153
37.1,246.07526913928461,7.168460928564031,1.0,240.3999958783997,-5.6752732608849215
37.2,240.3999958783997,0.0,1.0,234.6500066909088,-5.749989187490883
37.300000000000004,234.6500066909088,0.0,1.0,228.90000364958692,-5.750003041321889
37.4,228.90000364958692,0.0,1.0,223.15000060826463,-5.750003041322287
37.5,223.15000060826463,0.0,1.0,218.7754272540147,-4.3745733542499465
37.6,218.7754272540147,0.6142043325686323,1.0,214.74471812711445,-4.030709126900234
37.7,214.74471812711445,1.3819584519781987,1.0,210.71401049412236,-4.03070763299209
37.800000000000004,210.71401049412236,2.1497122868338314,1.0,206.68330286113058,-4.030707632991778
37.9,206.68330286113058,2.9174661216894098,1.0,202.65259264811803,-4.030710213012554
38.0,202.65259264811803,3.685220447977518,0.4939759036144289,199.8937478103092,-2.758844837808823
38.1,199.8937478103092,6.581255109278517,0.0,198.01874994285708,-1.874997867452123
38.2,198.01874994285708,10.956250133333437,0.0,195.93749776271179,-2.081252180145299
38.300000000000004,195.93749776271179,11.412500447457644,0.0,193.85416406349196,-2.0833336992198213
38.400000000000006,193.85416406349196,11.829167187301607,0.0,193.0,-0.8541640634919645
38.5,193.0,20.997505126171827,0.0,193.0,0.0
38.6,193.0,36.247513814599515,0.0,193.0,0.0
38.7,193.0,51.4975225030272,0.0,193.0,0.0
38.800000000000004,193.0,66.74751905523881,0.0,194.10625155036504,1.1062515503650445
38.900000000000006,194.10625155036504,76.68750516788349,0.0,195.98125015652178,1.874998606156737
39.0,195.98125015652178,82.93750052173927,0.0,197.2374994955414,1.2562493390196323
39.1,197.2374994955414,76.40000269044576,0.0,198.4874996048193,1.2500001092778916
39.2,198.4874996048193,69.7333354409637,0.0,199.9218744957266,1.4343748909072929
39.300000000000004,199.9218744957266,69.76562348717977,0.0,201.4843742068967,1.5624997111700907
39.400000000000006,201.4843742068967,74.45312262069004,0.0,203.0468746995074,1.5625004926107238
39.5,203.0468746995074,79.14062409852221,0.0,204.5571439599411,1.510269260433688
39.6,204.5571439599411,84.50714781973497,0.0,205.98571639906325,1.4285724391221493
39.7,205.98571639906325,90.93572379578465,0.0,207.41428632880567,1.428569929742423
39.800000000000004,207.41428632880567,97.3642884796255,0.0,209.89642699517643,2.4821406663707535
39.900000000000006,209.89642699517643,100.0,0.0,213.11071305953553,3.2142860643591007
40.0,213.11071305953553,100.0,0.0,216.3249997871921,3.214286727656571
40.1,216.3249997871921,100.0,0.0,218.97500212747258,2.65000234028048
40.2,218.97500212747258,100.0,0.0,221.4750003692309,2.499998241758334
40.300000000000004,221.4750003692309,100.0,0.0,224.6333347495801,3.1583343803491744
40.400000000000006,224.6333347495801,100.0,0.0,227.96666987563032,3.3333351260502297
40.5,227.96666987563032,100.0,0.0,230.8357148866774,2.869045011047092
40.6,230.8357148866774,100.0,0.0,232.97857357046558,2.1428586837881767
40.7,232.97857357046558,100.0,0.0,235.12142967394968,2.1428561034840925
40.800000000000004,235.12142967394968,100.0,0.0,237.22916746127956,2.1077377873298815
40.900000000000006,237.22916746127956,100.0,0.0,239.31250214141411,2.0833346801345556
41.0,239.31250214141411,100.0,0.0,241.47499999999997,2.1624978585858514
41.1,241.47499999999997,100.0,0.0,243.97500000000005,2.5000000000000853
41.2,243.97500000000005,100.0,0.0,246.47500000000014,2.5000000000000853
41.300000000000004,246.47500000000014,100.0,0.0,248.81250266666677,2.337502666666637
41.400000000000006,248.81250266666677,100.0,0.0,250.89583600000003,2.0833333333332575
41.5,250.89583600000003,100.0,0.0,252.97916669918703,2.0833306991870018
41.6,252.97916669918703,100.0,0.0,255.06250167088615,2.0833349716991165
41.7,255.06250167088615,100.0,0.0,257.14583466666676,2.0833329957806086
41.800000000000004,257.14583466666676,100.0,0.0,258.7375005974684,1.5916659308016392
41.900000000000006,258.7375005974684,100.0,0.0,259.9875008,1.2500002025316235
42.0,259.9875008,100.0,0.0,261.485,1.497499199999993
42.1,261.485,100.0,0.0,262.985,1.5
42.2,262.985,100.0,0.0,261.93928509148094,-1.0457149085190736
42.300000000000004,261.93928509148094,64.64283638269794,0.0,260.86785589095666,-1.0714292005242783
42.400000000000006,260.86785589095666,28.928529698555295,0.0,257.1500000000002,-3.717855890956457
42.5,257.1500000000002,0.0,1.0,242.14999999999964,-15.000000000000568
42.6,242.14999999999964,0.0,1.0,227.14999999999912,-15.000000000000512
42.7,227.14999999999912,0.0,1.0,219.6549929599998,-7.4950070399993365
42.800000000000004,219.6549929599998,0.0,1.0,214.1549929599997,-5.500000000000085
42.900000000000006,214.1549929599997,0.0,1.0,208.65499655865926,-5.499996401340439
43.0,208.65499655865926,0.0,1.0,203.1550024581006,-5.499994100558666
43.1,203.1550024581006,0.0,1.0,196.46999999999983,-6.685002458100769
43.2,196.46999999999983,0.0,1.0,189.4699999999996,-7.000000000000227
43.300000000000004,189.4699999999996,0.0,1.0,185.03749592167816,-4.432504078321443
43.400000000000006,185.03749592167816,0.49375067972030734,0.5664335664335355,181.52500039480523,-3.512495526872925
43.5,181.52500039480523,1.284999763116865,0.0,179.02500105365849,-2.499999341146747
43.6,179.02500105365849,2.7849993678049145,0.0,177.1191221341435,-1.9058789195149757
43.7,177.1191221341435,8.28839682916596,0.0,177.74608095376433,0.6269588196208247
43.800000000000004,177.74608095376433,30.858914335516182,0.0,178.37304007562835,0.6269591218640187
43.900000000000006,178.37304007562835,53.42944272262101,0.0,179.0,0.626959924371647
44.0,179.0,76.0,0.0,180.87500000000006,1.8750000000000568
44.1,180.87500000000006,76.0,0.0,182.56939501779368,1.6943950177936244
44.2,182.56939501779368,78.27758007117468,0.0,183.99288256227766,1.4234875444839759
44.300000000000004,183.99288256227766,83.97153024911059,0.0,185.41637010676163,1.4234875444839759
44.400000000000006,185.41637010676163,89.66548042704649,0.0,188.35999743999994,2.943627333238311
44.5,188.35999743999994,93.17999871999997,0.0,192.35999744,4.000000000000057
44.6,192.35999744,95.17999872,0.0,196.35999744000003,4.000000000000028
44.7,196.35999744000003,97.17999872000001,0.0,200.35999755906985,4.000000119069824
44.800000000000004,200.35999755906985,99.17999877953493,0.0,204.2125031007301,3.8525055416602356
44.900000000000006,204.2125031007301,100.0,0.0,207.96250566213584,3.7500025614057506
45.0,207.96250566213584,100.0,0.0,211.40714329878932,3.444637636653482
45.1,211.40714329878932,100.0,0.0,213.5500027661017,2.142859467312377
45.2,213.5500027661017,100.0,0.0,215.69285957947304,2.1428568133713384
45.300000000000004,215.69285957947304,100.0,0.0,218.39285865375334,2.6999990742802993
45.400000000000006,218.39285865375334,100.0,0.0,221.9642910992737,3.5714324455203723
45.5,221.9642910992737,100.0,0.0,225.53571701525672,3.5714259159830135
45.6,225.53571701525672,100.0,0.0,228.2906261419356,2.754909126678882
45.7,228.2906261419356,100.0,0.0,230.4781280774195,2.1875019354839083
45.800000000000004,230.4781280774195,100.0,0.0,232.66562748737883,2.1874994099593152
45.900000000000006,232.66562748737883,100.0,0.0,234.8531278736842,2.1875003863053735
46.0,234.8531278736842,100.0,0.0,237.04062789049433,2.1875000168101337
46.1,237.04062789049433,100.0,0.0,239.2281262935362,2.1874984030418716
46.2,239.2281262935362,100.0,0.0,241.56999968820526,2.341873394669051
46.300000000000004,241.56999968820526,100.0,0.0,244.56999812626515,2.9999984380598903
46.400000000000006,244.56999812626515,100.0,0.0,247.47500478936885,2.9050066631037055
46.5,247.47500478936885,100.0,0.0,249.9750042578074,2.4999994684385456
46.6,249.9750042578074,100.0,0.0,252.47500372624594,2.4999994684385456
46.7,252.47500372624594,100.0,0.0,254.97500312380964,2.4999993975636983
46.800000000000004,254.97500312380964,100.0,0.0,256.59000000000003,1.6149968761903892
46.900000000000006,256.59000000000003,100.0,0.0,257.59000000000003,1.0
47.0,257.59000000000003,100.0,0.0,259.2642873655977,1.6742873655976496
47.1,259.2642873655977,100.0,0.0,261.4071446806908,2.1428573150931243
47.2,261.4071446806908,100.0,0.0,263.55000031648365,2.1428556357928414
47.300000000000004,263.55000031648365,100.0,0.0,265.5800025600001,2.030002243516435
47.400000000000006,265.5800025600001,100.0,0.0,267.58000256,1.9999999999999432
47.5,267.58000256,100.0,0.0,269.58000000000004,1.9999974400000156
47.6,269.58000000000004,100.0,0.0,271.5800000000001,2.000000000000057
47.7,271.5800000000001,100.0,0.0,273.75555840000015,2.1755584000000567
47.800000000000004,273.75555840000015,100.0,0.0,275.9777806222224,2.2222222222222285
47.900000000000006,275.9777806222224,100.0,0.0,278.20000225882353,2.222221636601148
48.0,278.20000225882353,100.0,0.0,280.27142879132003,2.0714265324965027
48.1,280.27142879132003,100.0,0.0,281.70000137721524,1.4285725858952105
48.2,281.70000137721524,100.0,0.0,283.12857234285724,1.4285709656419954
48.300000000000004,283.12857234285724,100.0,0.0,284.5850007640817,1.456428421224473
48.400000000000006,284.5850007640817,100.0,0.0,286.0850011482353,1.5000003841535658
48.5,286.0850011482353,100.0,0.0,287.58500129103453,1.5000001427992515
48.6,287.58500129103453,100.0,0.0,289.0850008247887,1.4999995337541918
48.7,289.0850008247887,100.0,0.0,290.69643085714284,1.6114300323541215
48.800000000000004,290.69643085714284,100.0,0.0,292.48214514285723,1.7857142857143913
48.900000000000006,292.48214514285723,100.0,0.0,294.2678586543779,1.7857135115206688
49.0,294.2678586543779,100.0,0.0,295.49166691059435,1.2238082562164436
49.1,295.49166691059435,100.0,0.0,296.3250006573644,0.8333337467700517
49.2,296.3250006573644,100.0,0.0,297.1583343895425,0.8333337321781187
49.300000000000004,297.1583343895425,100.0,0.0,297.9916666771242,0.8333322875816975
49.400000000000006,297.9916666771242,100.0,0.0,299.2375013496183,1.2458346724940839
49.5,299.2375013496183,100.0,0.0,300.4875007389313,1.2499993893130181
49.6,300.4875007389313,100.0,0.0,301.73750012824433,1.2499993893130181
49.7,301.73750012824433,100.0,0.0,303.12857142857155,1.3910713003272122
49.800000000000004,303.12857142857155,100.0,0.0,304.557142857143,1.4285714285714448
49.900000000000006,304.557142857143,100.0,0.0,305.9857142857143,1.4285714285713311
50.0,305.9857142857143,100.0,0.0,306.61875000000003,0.633035714285711
50.1,306.61875000000003,100.0,0.0,307.36562527315175,0.7468752731517156
50.2,307.36562527315175,100.0,0.0,308.3031259735409,0.9375007003891369
50.300000000000004,308.3031259735409,100.0,0.0,309.24062667393,0.9375007003891369
50.400000000000006,309.24062667393,100.0,0.0,310.27240161222414,1.0317749382941201
50.5,310.27240161222414,100.0,0.0,311.7060943081407,1.433692695916534
50.6,311.7060943081407,100.0,0.0,313.1397869194893,1.433692611348647
50.7,313.1397869194893,100.0,0.0,314.0,0.8602130805106754
50.800000000000004,314.0,100.0,0.0,314.0,0.0
50.900000000000006,314.0,100.0,0.0,314.99378881987576,0.9937888198757605
51.0,314.99378881987576,100.0,0.0,316.17812494213194,1.184336122256184
51.1,316.17812494213194,100.0,0.0,317.1156246375635,0.9374996954315407
51.2,317.1156246375635,100.0,0.0,318.05312450731714,0.9374998697536512
51.300000000000004,318.05312450731714,100.0,0.0,318.99062499512195,0.9375004878048117
51.400000000000006,318.99062499512195,100.0,0.0,319.98999945846157,0.9993744633396204
51.5,319.98999945846157,100.0,0.0,320.98999978666666,1.0000003282050898
51.6,320.98999978666666,100.0,0.0,322.0607142857143,1.0707144990476536
51.7,322.0607142857143,100.0,0.0,323.1321428571429,1.071428571428612
51.800000000000004,323.1321428571429,100.0,0.0,324.0474999605195,0.9153571033765502
51.900000000000006,324.0474999605195,100.0,0.0,324.29749984,0.2499998794805265
52.0,324.29749984,100.0,0.0,324.54749984,0.25
52.1,324.54749984,100.0,0.0,324.79749984,0.25
52.2,324.79749984,100.0,0.0,325.19000012282834,0.3925002828283368
52.300000000000004,325.19000012282834,100.0,0.0,326.19000076929296,1.0000006464646276
52.400000000000006,326.19000076929296,100.0,0.0,327.1900014157576,1.0000006464646276
52.5,327.1900014157576,100.0,0.0,328.1900015099029,1.0000000941453209
52.6,328.1900015099029,100.0,0.0,329.0593749862816,0.869373476378712
52.7,329.0593749862816,100.0,0.0,329.37187491407946,0.3124999277978304
52.800000000000004,329.37187491407946,100.0,0.0,329.6843748418773,0.3124999277978304
52.900000000000006,329.6843748418773,100.0,0.0,329.99687499534883,0.3125001534715466
53.0,329.99687499534883,100.0,0.0,330.495,0.4981250046511718
53.1,330.495,100.0,0.0,330.995,0.5
53.2,330.995,100.0,0.0,331.825001059155,0.8300010591549949
53.300000000000004,331.825001059155,100.0,0.0,332.6583336413146,0.833332582159585
53.400000000000006,332.6583336413146,100.0,0.0,333.0,0.3416663586854156
53.5,333.0,100.0,0.0,333.0,0.0
53.6,333.0,100.0,0.0,333.11875011014496,0.1187501101449584
53.7,333.11875011014496,100.0,0.0,333.7437506898551,0.6250005797101608
53.800000000000004,333.7437506898551,100.0,0.0,334.1638888888889,0.42013819903377225
53.900000000000006,334.1638888888889,100.0,0.0,334.44166666666666,0.27777777777777146
54.0,334.44166666666666,100.0,0.0,334.71944444444443,0.27777777777777146
54.1,334.71944444444443,100.0,0.0,334.9972222222222,0.27777777777777146
54.2,334.9972222222222,100.0,0.0,335.618750343662,0.6215281214397805
54.300000000000004,335.618750343662,100.0,0.0,336.08863640444736,0.4698860607853703
54.400000000000006,336.08863640444736,100.0,0.0,336.3159092363636,0.22727283191625247
54.5,336.3159092363636,100.0,0.0,336.5431820682799,0.22727283191630931
54.6,336.5431820682799,100.0,0.0,336.7704547268238,0.2272726585438818
54.7,336.7704547268238,100.0,0.0,336.997727274523,0.227272547699215
54.800000000000004,336.997727274523,100.0,0.0,337.61875040000007,0.621023125477052
54.900000000000006,337.61875040000007,100.0,0.0,337.87812490126583,0.2593745012657678
55.0,337.87812490126583,100.0,0.0,337.5656246481013,-0.31250025316455776
55.1,337.5656246481013,100.0,0.0,337.25312479999997,-0.3124998481013108
55.2,337.25312479999997,100.0,0.0,337.0,-0.2531247999999664
55.300000000000004,337.0,100.0,0.0,337.0,0.0
55.400000000000006,337.0,100.0,0.0,337.0,0.0
55.5,337.0,100.0,0.0,337.0,0.0
55.6,337.0,100.0,0.0,335.3142845020866,-1.6857154979134066
55.7,335.3142845020866,78.92855627608235,0.0,332.45713959036914,-2.857144911717455
55.800000000000004,332.45713959036914,43.214244879614014,0.0,329.5999992470587,-2.857140343310448
55.900000000000006,329.5999992470587,7.499990588233278,0.7941176470588789,316.0214144929783,-13.578584754080396
56.0,316.0214144929783,0.0,1.0,299.5928440324514,-16.428570460526885
56.1,299.5928440324514,0.0,1.0,283.16428558447933,-16.42855844797208
56.2,283.16428558447933,0.0,1.0,263.81872311824753,-19.345562466231797
56.300000000000004,263.81872311824753,0.0,1.0,250.05000063350215,-13.768722484745382
56.400000000000006,250.05000063350215,0.0,1.0,245.050002257868,-4.9999983756341635
56.5,245.050002257868,0.0,1.0,236.8812499999997,-8.168752257868277
56.6,236.8812499999997,0.0,1.0,223.75624999999923,-13.125000000000483
56.7,223.75624999999923,0.0,1.0,213.75833798620667,-9.997912013792558
56.800000000000004,213.75833798620667,0.0,1.0,204.5916684295561,-9.166669556650561
56.900000000000006,204.5916684295561,0.0,1.0,197.65517485919426,-6.936493570361847
57.0,197.65517485919426,0.0,1.0,194.2068981237677,-3.4482767354265604
57.1,194.2068981237677,0.0,1.0,190.75862138834114,-3.4482767354265604
57.2,190.75862138834114,0.0,1.0,187.59999746813182,-3.1586239202093225
57.300000000000004,187.59999746813182,0.9000056967034091,0.9890109890109753,185.59999887472515,-1.9999985934066729
57.400000000000006,185.59999887472515,5.400002531868431,0.43956043956040314,183.83402495948621,-1.7659739152389307
57.5,183.83402495948621,11.987550729248184,0.0,183.0041497569174,-0.8298752025688145
57.6,183.0041497569174,26.925304375486984,0.0,182.17427416458574,-0.8298755923316605
57.7,182.17427416458574,41.86306503745674,0.0,182.7406256552996,0.5663514907138563
57.800000000000004,182.7406256552996,52.653131771429116,0.0,183.67812648479267,0.9375008294930751
57.900000000000006,183.67812648479267,62.340640342857554,0.0,184.61562571650487,0.9374992317121951
58.0,184.61562571650487,72.02813240388359,0.0,186.47499919316246,1.859373476657595
58.1,186.47499919316246,84.8499951589747,0.0,188.97499996279075,2.5000007696282864
58.2,188.97499996279075,99.84999977674454,0.0,193.94999729230798,4.974997329517237
58.300000000000004,193.94999729230798,100.0,0.0,198.94999893333357,5.000001641025591
58.400000000000006,198.94999893333357,100.0,0.0,202.65937319999995,3.709374266666373
58.5,202.65937319999995,100.0,0.0,205.47187319999998,2.8125000000000284
58.6,205.47187319999998,100.0,0.0,208.28437319999998,2.8125
58.7,208.28437319999998,100.0,0.0,210.48750000000004,2.2031268000000637
58.800000000000004,210.48750000000004,100.0,0.0,211.73750000000007,1.2500000000000284
58.900000000000006,211.73750000000007,100.0,0.0,214.3041659181049,2.5666659181048317
59.0,214.3041659181049,98.68333376108292,0.0,217.22083163722502,2.916665719120118
59.1,217.22083163722502,97.01666763587141,0.0,219.97499946666673,2.7541678294417125
59.2,219.97499946666673,96.55714255238098,0.0,222.47499861595105,2.4999991492843208
59.300000000000004,222.47499861595105,97.98571349482917,0.0,224.97499959754612,2.500000981595065
59.400000000000006,224.97499959754612,99.41428548431206,0.0,226.8428594476915,1.8678598501453791
59.5,226.8428594476915,100.0,0.0,228.2714298333515,1.4285703856600094
59.6,228.2714298333515,100.0,0.0,229.70000021901149,1.428570385659981
59.7,229.70000021901149,100.0,0.0,231.64583212641088,1.9458319073993948
59.800000000000004,231.64583212641088,100.0,0.0,233.72916576072242,2.0833336343115434
59.900000000000006,233.72916576072242,100.0,0.0,235.81249939503383,2.0833336343114013
60.0,235.81249939503383,100.0,0.0,237.8958330293454,2.083333634311572
60.1,237.8958330293454,100.0,0.0,239.97916666365694,2.0833336343115434
60.2,239.97916666365694,100.0,0.0,242.88750237117125,2.9083357075143113
60.300000000000004,242.88750237117125,100.0,0.0,245.80416735615626,2.9166649849850046
60.400000000000006,245.80416735615626,100.0,0.0,247.84285805714285,2.038690700986592
60.5,247.84285805714285,100.0,0.0,249.27142993721347,1.4285718800706206
60.6,249.27142993721347,100.0,0.0,250.70000023703713,1.4285702998236616
60.7,250.70000023703713,100.0,0.0,251.0,0.29999976296286945
60.800000000000004,251.0,100.0,0.0,251.0,0.0
60.900000000000006,251.0,100.0,0.0,252.31666743975535,1.3166674397553493
61.0,252.31666743975535,100.0,0.0,253.98333508501528,1.6666676452599347
61.1,253.98333508501528,100.0,0.0,255.65000121690144,1.66666613188616
61.2,255.65000121690144,100.0,0.0,257.2850002049439,1.6349989880424687
61.300000000000004,257.2850002049439,100.0,0.0,258.7850012835956,1.5000010786516782
61.400000000000006,258.7850012835956,100.0,0.0,260.28500191999996,1.5000006364043657
61.5,260.28500191999996,100.0,0.0,261.78500152470593,1.4999996047059767
61.6,261.78500152470593,100.0,0.0,263.23750009559757,1.4524985708916347
61.7,263.23750009559757,100.0,0.0,264.4875005987422,1.2500005031446335
61.800000000000004,264.4875005987422,100.0,0.0,265.73750110188683,1.2500005031446335
61.900000000000006,265.73750110188683,100.0,0.0,266.9875015804878,1.2500004786009526
62.0,266.9875015804878,100.0,0.0,268.47499999999997,1.4874984195121783
62.1,268.47499999999997,100.0,0.0,270.9750000000001,2.5000000000001137
62.2,270.9750000000001,100.0,0.0,273.15833440000006,2.1833343999999784
62.300000000000004,273.15833440000006,100.0,0.0,273.9916677333334,0.8333333333333144
62.400000000000006,273.9916677333334,100.0,0.0,274.8250010666667,0.8333333333333144
62.5,274.8250010666667,100.0,0.0,275.6583344,0.8333333333333144
62.6,275.6583344,100.0,0.0,277.22916775422436,1.5708333542243622
62.7,277.22916775422436,100.0,0.0,279.3125029308757,2.08333517665136
62.800000000000004,279.3125029308757,100.0,0.0,281.2375002101383,1.924997279262584
62.900000000000006,281.2375002101383,100.0,0.0,282.48750131612906,1.2500011059907479
63.0,282.48750131612906,100.0,0.0,283.7375023817491,1.2500010656200402
63.1,283.7375023817491,100.0,0.0,284.98750146920156,1.2499990874524656
63.2,284.98750146920156,100.0,0.0,286.2375005566541,1.2499990874525224
63.300000000000004,286.2375005566541,100.0,0.0,287.48750164210537,1.250001085451288
63.400000000000006,287.48750164210537,100.0,0.0,288.7375013245902,1.2499996824848267
63.5,288.7375013245902,100.0,0.0,289.9875000131148,1.249998688524613
63.6,289.9875000131148,100.0,0.0,291.2375023664336,1.2500023533187914
63.7,291.2375023664336,100.0,0.0,292.48750068811194,1.2499983216783335
63.800000000000004,292.48750068811194,100.0,0.0,293.59296482412066,1.1054641360087203
63.900000000000006,293.59296482412066,100.0,0.0,294.5979899497487,1.0050251256280376
64.0,294.5979899497487,100.0,0.0,295.5607468183421,0.9627568685934307
64.10000000000001,295.5607468183421,100.0,0.0,296.4953275314389,0.9345807130967501
64.2,296.4953275314389,100.0,0.0,297.42990816582056,0.9345806343816889
64.3,297.42990816582056,100.0,0.0,298.41785714285714,0.9879489770365808
64.4,298.41785714285714,100.0,0.0,299.48928571428564,1.0714285714284983
64.5,299.48928571428564,100.0,0.0,300.5607142857143,1.0714285714286689
64.60000000000001,300.5607142857143,100.0,0.0,301.44891450434784,0.8882002186335285
64.7,301.44891450434784,100.0,0.0,302.2097840695652,0.7608695652173765
64.8,302.2097840695652,100.0,0.0,302.97065363478265,0.7608695652174333
64.9,302.97065363478265,100.0,0.0,303.73152319999997,0.7608695652173196
65.0,303.73152319999997,100.0,0.0,304.492392150903,0.7608689509030455
65.10000000000001,304.492392150903,100.0,0.0,305.25326096695653,0.7608688160535166
65.2,305.25326096695653,100.0,0.0,306.014129947826,0.7608689808694749
65.3,306.014129947826,100.0,0.0,306.7749995130435,0.7608695652174902
65.4,306.7749995130435,100.0,0.0,307.5358690782609,0.7608695652173765
65.5,307.5358690782609,100.0,0.0,308.195,0.6591309217391199
65.60000000000001,308.195,100.0,0.0,308.695,0.5
65.7,308.695,100.0,0.0,309.27857197997054,0.583571979970543
65.8,309.27857197997054,100.0,0.0,309.99285851428573,0.7142865343151925
65.9,309.99285851428573,100.0,0.0,310.70714422857145,0.7142857142857224
66.0,310.70714422857145,100.0,0.0,311.2107142172589,0.5035699886874454
66.10000000000001,311.2107142172589,100.0,0.0,311.56785695837567,0.3571427411167747
66.2,311.56785695837567,100.0,0.0,311.92499994216865,0.3571429837929827
66.3,311.92499994216865,100.0,0.0,312.65833333333336,0.733333391164706
66.4,312.65833333333336,100.0,0.0,313.4916666666666,0.8333333333332575
66.5,313.4916666666666,100.0,0.0,314.3250010613862,0.8333343947195999
66.60000000000001,314.3250010613862,100.0,0.0,315.1583338666667,0.8333328052804632
66.7,315.1583338666667,100.0,0.0,315.99166667194714,0.8333328052804632
66.8,315.99166667194714,100.0,0.0,316.61875080000004,0.6270841280528998
66.9,316.61875080000004,100.0,0.0,317.24375080000004,0.625
67.0,317.24375080000004,100.0,0.0,317.86875027096784,0.6249994709677935
67.10000000000001,317.86875027096784,100.0,0.0,318.0,0.13124972903216303
67.2,318.0,100.0,0.0,318.07916671784506,0.07916671784505525
67.3,318.07916671784506,100.0,0.0,318.49583365387207,0.41666693602701343
67.4,318.49583365387207,100.0,0.0,318.91250026666665,0.41666661279458594
67.5,318.91250026666665,100.0,0.0,319.65833386666674,0.7458336000000827
67.60000000000001,319.65833386666674,100.0,0.0,320.49166746016266,0.8333335934959223
67.7,320.49166746016266,100.0,0.0,321.0,0.5083325398373404
67.8,321.0,100.0,0.0,321.0,0.0
67.9,321.0,100.0,0.0,321.0,0.0
68.0,321.0,100.0,0.0,321.0,0.0
68.10000000000001,321.0,100.0,0.0,321.56428599424146,0.5642859942414589
68.2,321.56428599424146,100.0,0.0,322.2785720629014,0.7142860686599306
68.3,322.2785720629014,100.0,0.0,322.99285718441564,0.7142851215142514
68.4,322.99285718441564,100.0,0.0,323.4125,0.4196428155843819
68.5,323.4125,100.0,0.0,323.8291666666667,0.4166666666666856
68.60000000000001,323.8291666666667,100.0,0.0,324.1638892444444,0.3347225777777112
68.7,324.1638892444444,100.0,0.0,324.4416670222222,0.27777777777777146
68.8,324.4416670222222,100.0,0.0,324.7194448,0.2777777777778283
68.9,324.7194448,100.0,0.0,324.9972224,0.277777599999979
69.0,324.9972224,100.0,0.0,325.0,0.002777600000001712
69.10000000000001,325.0,100.0,0.0,325.0,0.0
69.2,325.0,100.0,0.0,325.24583333333334,0.24583333333333712
69.3,325.24583333333334,100.0,0.0,325.6625,0.4166666666666856
69.4,325.6625,100.0,0.0,326.1187504,0.4562503999999876
69.5,326.1187504,100.0,0.0,326.74375047766995,0.625000077669938
69.60000000000001,326.74375047766995,100.0,0.0,327.0,0.2562495223300516
69.7,327.0,100.0,0.0,327.0,0.0
69.8,327.0,100.0,0.0,327.2458331290044,0.2458331290043816
69.9,327.2458331290044,100.0,0.0,327.66249986748466,0.4166667384802736
70.0,327.66249986748466,100.0,0.0,328.0,0.33750013251534483
70.10000000000001,328.0,100.0,0.0,328.0,0.0
70.2,328.0,100.0,0.0,328.0,0.0
70.3,328.0,100.0,0.0,328.0,0.0
70.4,328.0,100.0,0.0,328.0,0.0
70.5,328.0,100.0,0.0,328.0,0.0
70.60000000000001,328.0,100.0,0.0,328.0,0.0
70.7,328.0,100.0,0.0,328.0,0.0
70.8,328.0,100.0,0.0,328.0,0.0
70.9,328.0,100.0,0.0,328.0,0.0
71.0,328.0,100.0,0.0,328.0,0.0
71.10000000000001,328.0,100.0,0.0,328.0,0.0
71.2,328.0,100.0,0.0,328.0,0.0
71.3,328.0,95.25000000000192,0.0,328.0,0.0
71.4,328.0,70.24999999999837,0.0,324.9718775168827,-3.028122483117272
71.5,324.9718775168827,47.03125246753209,0.0,309.03438343703664,-15.93749407984609
71.60000000000001,309.03438343703664,31.406258271604557,0.1728395061728496,293.09687923950634,-15.937504197530302
71.7,293.09687923950634,15.781254156378786,0.5843621399176906,277.1593750419761,-15.937504197530245
71.8,277.1593750419761,0.15625004115301522,0.9958847736625316,271.5550021811039,-5.604372860872218
71.9,271.5550021811039,0.0,1.0,266.05500002159533,-5.50000215950854
72.0,266.05500002159533,0.0,1.0,253.6249764660182,-12.430023555577122
72.10000000000001,253.6249764660182,0.0,1.0,241.1249997669891,-12.499976699029105
72.2,241.1249997669891,0.0,1.0,236.05000201783454,-5.074997749154562
72.3,236.05000201783454,0.0,1.0,231.05000210731683,-4.999999910517715
72.4,231.05000210731683,0.0,1.0,226.20833222384405,-4.841669883472775
72.5,226.20833222384405,0.4750006656935655,1.0,222.041659717761,-4.166672506083046
72.60000000000001,222.041659717761,2.9750041693434053,1.0,217.8749949417037,-4.166664776057303
72.7,217.8749949417037,5.475003034977783,0.6322869955156583,213.7083318624812,-4.166663079222502
72.8,213.7083318624812,7.975000882511286,0.183856502242139,211.4099985206557,-2.298333341825497
72.9,211.4099985206557,10.18000295868859,0.0,210.40999956983606,-0.999998950819645
73.0,210.40999956983606,12.1800008603279,0.0,208.8199990440504,-1.5900005257856549
73.10000000000001,208.8199990440504,18.60500454076056,0.0,206.81999750095227,-2.0000015430981364
73.2,206.81999750095227,28.10501187047664,0.0,206.0,-0.8199975009522689
73.3,206.0,36.916669553516535,0.0,206.0,0.0
73.4,206.0,45.250007779816805,0.0,206.0,0.0
73.5,206.0,53.58334092018763,0.0,206.0,0.0
73.60000000000001,206.0,61.91666674178482,0.0,206.353571636173,0.353571636173001
73.7,206.353571636173,61.64642836382699,0.0,206.7107147030144,0.3571430668413882
73.8,206.7107147030144,61.289285296985604,0.0,207.13571428571433,0.42499958269993954
73.9,207.13571428571433,61.88214285714311,0.0,207.85,0.7142857142856656
74.0,207.85,66.52499999999996,0.0,208.56428571428577,0.7142857142857792
74.10000000000001,208.56428571428577,71.16785714285749,0.0,209.24375031836735,0.6794646040815735
74.2,209.24375031836735,72.29374777142849,0.0,209.86875027096772,0.6249999526003762
74.3,209.86875027096772,67.91874810322588,0.0,211.79545583656812,1.9267055656004004
74.4,211.79545583656812,72.92500426067483,0.0,214.06818472727284,2.2727288907047125
74.5,214.06818472727284,80.42500960000035,0.0,216.3409120000002,2.2727272727273657
74.60000000000001,216.3409120000002,87.9250096000007,0.0,218.61363852771623,2.2727265277160313
74.7,218.61363852771623,95.4250071414636,0.0,220.24375053793102,1.6301120102147877
74.8,220.24375053793102,100.0,0.0,220.8687501647059,0.6249996267748656
74.9,220.8687501647059,100.0,0.0,223.46875395121964,2.600003786513753
75.0,223.46875395121964,100.0,0.0,226.41562524403682,2.9468712928171783
75.10000000000001,226.41562524403682,100.0,0.0,228.6031265284403,2.1875012844034813
75.2,228.6031265284403,100.0,0.0,230.79062777254882,2.1875012441085175
75.3,230.79062777254882,100.0,0.0,232.97812502745117,2.187497254902354
75.4,232.97812502745117,100.0,0.0,234.98000214779654,2.0018771203453696
75.5,234.98000214779654,100.0,0.0,236.9800000312197,1.9999978834231626
75.60000000000001,236.9800000312197,100.0,0.0,240.09375000000017,3.1137499687804677
75.7,240.09375000000017,100.0,0.0,242.32500035254236,2.2312503525421903
75.8,242.32500035254236,100.0,0.0,243.15833421639343,0.8333338638510668
75.9,243.15833421639343,100.0,0.0,243.9916666754098,0.8333324590163613
76.0,243.9916666754098,100.0,0.0,246.4749990085893,2.4833323331795043
76.10000000000001,246.4749990085893,100.0,0.0,248.97499999018427,2.5000009815949795
76.2,248.97499999018427,100.0,0.0,251.4749989910827,2.499999000898441
76.3,251.4749989910827,100.0,0.0,253.48749988736463,2.012500896281921
76.4,253.48749988736463,100.0,0.0,254.7374995985559,1.2499997111912649
76.5,254.7374995985559,100.0,0.0,255.98749930974736,1.2499997111914638
76.60000000000001,255.98749930974736,100.0,0.0,257.47500000000014,1.487500690252773
76.7,257.47500000000014,100.0,0.0,259.9750000000003,2.5000000000001705
76.80000000000001,259.9750000000003,100.0,0.0,262.19000189901647,2.2150018990161584
76.9,262.19000189901647,100.0,0.0,263.19000084983605,0.9999989508195881
77.0,263.19000084983605,100.0,0.0,264.2835846843372,1.0935838345011462
77.10000000000001,264.2835846843372,100.0,0.0,265.77612057206403,1.4925358877268309
77.2,265.77612057206403,100.0,0.0,267.3012554721385,1.5251349000744767
77.30000000000001,267.3012554721385,100.0,0.0,268.97489698401773,1.6736415118792252
77.4,268.97489698401773,100.0,0.0,270.6485382164716,1.6736412324538605
77.5,270.6485382164716,100.0,0.0,272.58000000000015,1.9314617835285617
77.60000000000001,272.58000000000015,100.0,0.0,274.58,1.9999999999998295
77.7,274.58,100.0,0.0,275.9875014400002,1.4075014400002033
77.80000000000001,275.9875014400002,100.0,0.0,277.28500039941616,1.2974989594159752
77.9,277.28500039941616,100.0,0.0,278.78500250160585,1.5000021021896828
78.0,278.78500250160585,100.0,0.0,280.35624980512836,1.5712473035225116
78.10000000000001,280.35624980512836,100.0,0.0,282.2312488558141,1.8749990506857444
78.2,282.2312488558141,100.0,0.0,283.49166720000005,1.2604183441859504
78.30000000000001,283.49166720000005,100.0,0.0,284.3250014372881,0.8333342372880566
78.4,284.3250014372881,100.0,0.0,285.20357134558697,0.8785699082988572
78.5,285.20357134558697,100.0,0.0,286.27499948025485,1.0714281346678831
78.60000000000001,286.27499948025485,100.0,0.0,287.3464282313589,1.0714287511040652
78.7,287.3464282313589,100.0,0.0,288.32500109473693,0.9785728633780195
78.80000000000001,288.32500109473693,100.0,0.0,289.1583345003301,0.83333340559318
78.9,289.1583345003301,100.0,0.0,289.9916673056106,0.8333328052804632
79.0,289.9916673056106,100.0,0.0,290.8250001108912,0.8333328052806337
79.10000000000001,290.8250001108912,100.0,0.0,292.1285736624448,1.3035735515535976
79.2,292.1285736624448,100.0,0.0,293.5571439339684,1.428570271523597
79.30000000000001,293.5571439339684,100.0,0.0,294.98571398095254,1.4285700469841345
79.4,294.98571398095254,100.0,0.0,295.61875000000003,0.6330360190474948
79.5,295.61875000000003,100.0,0.0,296.24375000000003,0.625
79.60000000000001,296.24375000000003,100.0,0.0,296.86875,0.6249999999999432
79.7,296.86875,100.0,0.0,298.1850010991306,1.3162510991306249
79.80000000000001,298.1850010991306,100.0,0.0,299.68500065032265,1.4999995511920474
79.9,299.68500065032265,100.0,0.0,300.98750160000003,1.3025009496773805
80.0,300.98750160000003,100.0,0.0,302.2375016000001,1.2500000000000568
80.10000000000001,302.2375016000001,100.0,0.0,303.48750053770493,1.249998937704845
80.2,303.48750053770493,100.0,0.0,304.0,0.512499462295068
80.30000000000001,304.0,100.0,0.0,304.0,0.0
80.4,304.0,100.0,0.0,304.0,0.0
80.5,304.0,100.0,0.0,304.5571431136691,0.557143113669099
80.60000000000001,304.5571431136691,100.0,0.0,305.98571519999996,1.4285720863308597
80.7,305.98571519999996,100.0,0.0,307.4142872863311,1.428572086331144
80.80000000000001,307.4142872863311,100.0,0.0,308.88500000000016,1.4707127136690588
80.9,308.88500000000016,100.0,0.0,310.38500000000005,1.4999999999998863
81.0,310.38500000000005,100.0,0.0,311.0,0.6149999999999523
81.10000000000001,311.0,100.0,0.0,311.0,0.0
81.2,311.0,100.0,0.0,311.0,0.0
81.30000000000001,311.0,100.0,0.0,311.0,0.0
81.4,311.0,100.0,0.0,312.2375,1.2375000000000114
81.5,312.2375,100.0,0.0,313.48750000000007,1.2500000000000568
81.60000000000001,313.48750000000007,100.0,0.0,314.29500048410256,0.8075004841024906
0.0,315.5,100.0,0.0,315.9166667672956,0.4166667672956237
0.1,315.9166667672956,100.0,0.0,316.4,0.4833332327043536
0.2,316.4,100.0,0.0,316.9,0.5
0.30000000000000004,316.9,100.0,0.0,317.4,0.5
0.4,317.4,100.0,0.0,317.9,0.5
0.5,317.9,100.0,0.0,318.4,0.5
0.6000000000000001,318.4,100.0,0.0,318.9,0.5
0.7000000000000001,318.9,100.0,0.0,319.4,0.5
0.8,319.4,100.0,0.0,319.9,0.5
0.9,319.9,100.0,0.0,320.40000000000003,0.5000000000000568
1.0,320.40000000000003,100.0,0.0,320.9,0.49999999999994316
1.1,320.9,100.0,0.0,321.4,0.5
1.2000000000000002,321.4,100.0,0.0,321.9,0.5
1.3,321.9,100.0,0.0,322.66666694292564,0.7666669429256672
1.4000000000000001,322.66666694292564,100.0,0.0,323.500000344086,0.8333334011603597
1.5,323.500000344086,100.0,0.0,324.0,0.49999965591399587
1.6,324.0,100.0,0.0,324.0,0.0
1.7000000000000002,324.0,100.0,0.0,324.59999999999997,0.5999999999999659
1.8,324.59999999999997,100.0,0.0,325.34999999999997,0.75
1.9000000000000001,325.34999999999997,100.0,0.0,326.1,0.7500000000000568
2.0,326.1,100.0,0.0,326.85,0.75
2.1,326.85,100.0,0.0,327.6015037593985,0.7515037593984744
2.2,327.6015037593985,100.0,0.0,328.3533834586466,0.751879699248093
2.3000000000000003,328.3533834586466,100.0,0.0,329.10526315789474,0.7518796992481498
2.4000000000000004,329.10526315789474,100.0,0.0,329.85714285714283,0.751879699248093
2.5,329.85714285714283,100.0,0.0,330.0,0.14285714285716722
2.6,330.0,100.0,0.0,330.0874999188406,0.08749991884059227
2.7,330.0874999188406,100.0,0.0,330.5041664810916,0.4166665622510095
2.8000000000000003,330.5041664810916,100.0,0.0,330.9208333037037,0.41666682261211463
2.9000000000000004,330.9208333037037,100.0,0.0,331.0,0.07916669629628359
3.0,331.0,100.0,0.0,331.0,0.0
3.1,331.0,100.0,0.0,331.405,0.4049999999999727
3.2,331.405,100.0,0.0,331.90500000000003,0.5000000000000568
3.3000000000000003,331.90500000000003,100.0,0.0,332.50624978255036,0.601249782550326
3.4000000000000004,332.50624978255036,100.0,0.0,333.1312496,0.6249998174496341
3.5,333.1312496,100.0,0.0,333.7562498285714,0.6250002285714231
3.6,333.7562498285714,100.0,0.0,334.0,0.24375017142858724
3.7,334.0,100.0,0.0,334.0041666574713,0.004166657471273538
3.8000000000000003,334.0041666574713,100.0,0.0,334.42083315766195,0.4166665001906722
3.9000000000000004,334.42083315766195,100.0,0.0,334.8374999507109,0.4166667930489325
4.0,334.8374999507109,100.0,0.0,335.15249995330146,0.3150000025905797
4.1000000000000005,335.15249995330146,100.0,0.0,335.40249987674645,0.24999992344498878
4.2,335.40249987674645,100.0,0.0,335.6524998835602,0.2500000068137638
4.3,335.6524998835602,100.0,0.0,335.90249996732985,0.2500000837696348
4.4,335.90249996732985,100.0,0.0,336.0,0.09750003267015472
4.5,336.0,100.0,0.0,336.0,0.0
4.6000000000000005,336.0,100.0,0.0,336.2531121004115,0.25311210041149934
4.7,336.2531121004115,100.0,0.0,336.6680499699386,0.4149378695270798
4.800000000000001,336.6680499699386,100.0,0.0,337.0,0.3319500300614209
4.9,337.0,100.0,0.0,337.0,0.0
5.0,337.0,100.0,0.0,337.1363637050823,0.1363637050823172
5.1000000000000005,337.1363637050823,100.0,0.0,337.3636365090909,0.22727280400857808
5.2,337.3636365090909,100.0,0.0,337.59090923636364,0.22727272727274794
5.300000000000001,337.59090923636364,100.0,0.0,337.8181819636364,0.22727272727274794
5.4,337.8181819636364,100.0,0.0,338.0,0.18181803636360883
5.5,338.0,100.0,0.0,338.0,0.0
5.6000000000000005,338.0,100.0,0.0,338.0,0.0
5.7,338.0,100.0,0.0,338.50000020915036,0.5000002091503575
5.800000000000001,338.50000020915036,100.0,0.0,339.0,0.4999997908496425
5.9,339.0,100.0,0.0,339.0,0.0
6.0,339.0,100.0,0.0,339.0,0.0
6.1000000000000005,339.0,100.0,0.0,339.0,0.0
6.2,339.0,100.0,0.0,339.27777794392523,0.2777779439252299
6.300000000000001,339.27777794392523,100.0,0.0,339.55555573333334,0.2777777894081055
6.4,339.55555573333334,100.0,0.0,339.8333335111111,0.27777777777777146
6.5,339.8333335111111,100.0,0.0,340.0,0.16666648888889313
6.6000000000000005,340.0,100.0,0.0,340.0,0.0
6.7,340.0,100.0,0.0,340.0,0.0
6.800000000000001,340.0,100.0,0.0,340.0,0.0
6.9,340.0,100.0,0.0,340.0,0.0
7.0,340.0,100.0,0.0,340.0,0.0
7.1000000000000005,340.0,100.0,0.0,340.0,0.0
7.2,340.0,100.0,0.0,340.0,0.0
7.300000000000001,340.0,100.0,0.0,340.0,0.0
7.4,340.0,100.0,0.0,340.0,0.0
7.5,340.0,100.0,0.0,339.8571428571429,-0.14285714285711038
7.6000000000000005,339.8571428571429,100.0,0.0,339.5,-0.3571428571428896
7.7,339.5,100.0,0.0,339.14285714285717,-0.3571428571428328
7.800000000000001,339.14285714285717,100.0,0.0,339.0,-0.14285714285716722
7.9,339.0,100.0,0.0,339.0,0.0
8.0,339.0,100.0,0.0,338.07142857142856,-0.9285714285714448
8.1,338.07142857142856,92.85714285714302,0.0,333.42857142857133,-4.642857142857224
8.200000000000001,333.42857142857133,57.14285714285673,0.3103448275862119,328.7857142857142,-4.64285714285711
8.3,328.7857142857142,21.42857142857104,0.7413793103448324,324.24999999999994,-4.535714285714278
8.4,324.24999999999994,0.0,1.0,319.875,-4.374999999999943
8.5,319.875,0.0,1.0,315.5,-4.375
8.6,315.5,0.0,1.0,307.7777777777775,-7.722222222222513
8.700000000000001,307.7777777777775,0.0,1.0,286.66666666666646,-21.11111111111103
8.8,286.66666666666646,0.0,1.0,265.5555555555554,-21.111111111111086
8.9,265.5555555555554,0.0,1.0,244.44444444444431,-21.111111111111057
9.0,244.44444444444431,0.0,1.0,227.81058641816838,-16.63385802627593
9.1,227.81058641816838,0.0,1.0,214.16156257168709,-13.649023846481299
9.200000000000001,214.16156257168709,0.0,1.0,200.51253615375379,-13.6490264179333
9.3,200.51253615375379,0.0,1.0,186.90500067555544,-13.607535478198344
9.4,186.90500067555544,0.0,1.0,177.4050054227027,-9.499995252852756
9.5,177.4050054227027,0.0,1.0,167.920000057528,-9.485005365174686
9.600000000000001,167.920000057528,0.0,1.0,159.9200049224437,-7.999995135084305
9.700000000000001,159.9200049224437,0.0,1.0,151.92000327614147,-8.000001646302223
9.8,151.92000327614147,0.0,1.0,143.92000162983925,-8.000001646302223
9.9,143.92000162983925,0.0,1.0,135.95416672653064,-7.965834903308604
10.0,135.95416672653064,0.0,1.0,131.37083546806278,-4.583331258467865
10.100000000000001,131.37083546806278,0.0,1.0,126.78750059895286,-4.583334869109919
10.200000000000001,126.78750059895286,0.0,1.0,120.93333710531397,-5.854163493638893
10.3,120.93333710531397,0.0,1.0,114.26666863781671,-6.66666846749726
10.4,114.26666863781671,0.0,1.0,108.34374999999999,-5.922918637816721
10.5,108.34374999999999,0.0,1.0,105.21874999999997,-3.125000000000014
10.600000000000001,105.21874999999997,0.0,1.0,102.19772727272724,-3.0210227272727366
10.700000000000001,102.19772727272724,0.0,1.0,99.2431818181818,-2.954545454545439
10.8,99.2431818181818,0.0,1.0,96.28863636363637,-2.954545454545425
10.9,96.28863636363637,0.0,1.0,93.33409090909093,-2.954545454545439
11.0,93.33409090909093,0.0,1.0,90.68499999999999,-2.649090909090944
11.100000000000001,90.68499999999999,0.0,1.0,89.18499999999999,-1.5
11.200000000000001,89.18499999999999,0.0,1.0,87.47686820825466,-1.7081317917453305
11.3,87.47686820825466,0.0,1.0,84.98576443803887,-2.491103770215787
11.4,84.98576443803887,0.0,1.0,82.49466095174066,-2.491103486298215
11.5,82.49466095174066,0.0,0.8219178082191805,80.57142788571427,-1.923233066026384
11.600000000000001,80.57142788571427,3.0000048000001027,0.0,79.4999993142857,-1.0714285714285694
11.700000000000001,79.4999993142857,10.500004800000102,0.0,78.42857105283757,-1.0714282614481334
11.8,78.42857105283757,18.000002630137068,0.0,78.6000002612245,0.17142920838692532
11.9,78.6000002612245,22.20000052244899,0.0,79.60000048301886,1.000000221794366
12.0,79.60000048301886,24.200000966037738,0.0,81.00000038323356,1.399999900214695
12.100000000000001,81.00000038323356,19.249997796407023,0.0,82.66666768862277,1.6666673053892112
12.200000000000001,82.66666768862277,9.666660790419126,0.0,84.0,1.3333323113772337
12.3,84.0,1.7499999999999856,0.0,84.0,0.0
12.4,84.0,0.5000000000000024,0.0,82.92857142857143,-1.0714285714285694
12.5,82.92857142857143,0.0,0.7857142857142848,81.14285714285712,-1.785714285714306
12.600000000000001,81.14285714285712,0.0,0.42857142857142405,79.35714285714285,-1.7857142857142776
12.700000000000001,79.35714285714285,0.0,0.07142857142856962,77.22222165015516,-2.134921206987684
12.8,77.22222165015516,0.6666668811918133,0.0,74.99999863339539,-2.22222301675977
12.9,74.99999863339539,1.500000512476725,0.0,72.77777712010277,-2.2222215132926237
13.0,72.77777712010277,2.333333579961464,0.0,71.0,-1.777777120102769
13.100000000000001,71.0,3.583333333333372,0.0,71.0,0.0
13.200000000000001,71.0,6.500000000000026,0.0,71.0,0.0
13.3,71.0,9.416666666666679,0.0,71.66666666666667,0.6666666666666714
13.4,71.66666666666667,15.000000000000039,0.0,72.5,0.8333333333333286
13.5,72.5,21.249999999999986,0.0,73.83333333333336,1.333333333333357
13.600000000000001,73.83333333333336,26.666666666666703,0.0,75.91666666666667,2.0833333333333144
13.700000000000001,75.91666666666667,30.83333333333335,0.0,78.0,2.0833333333333286
13.8,78.0,35.0,0.0,80.08333333333336,2.083333333333357
13.9,80.08333333333336,40.41666666666671,0.0,82.16666666666669,2.0833333333333286
14.0,82.16666666666669,45.83333333333337,0.0,85.33333333333339,3.1666666666667
14.100000000000001,85.33333333333339,49.83333333333338,0.0,89.22222222222226,3.8888888888888715
14.200000000000001,89.22222222222226,52.888888888888914,0.0,93.11111111111113,3.8888888888888715
14.3,93.11111111111113,55.94444444444446,0.0,97.0,3.8888888888888715
14.4,97.0,59.0,0.0,100.2142857142857,3.214285714285694
14.5,100.2142857142857,64.35714285714283,0.0,103.42857142857146,3.214285714285765
14.600000000000001,103.42857142857146,69.71428571428575,0.0,106.75000000000004,3.3214285714285836
14.700000000000001,106.75000000000004,75.33333333333343,0.0,110.50000000000003,3.749999999999986
14.8,110.50000000000003,82.00000000000006,0.0,114.25000000000001,3.749999999999986
14.9,114.25000000000001,88.6666666666667,0.0,120.714288202138,6.464288202137979
15.0,120.714288202138,91.4285720505345,0.0,127.8571462943073,7.1428580921693055
15.100000000000001,127.8571462943073,93.21428657357683,0.0,135.00000000000009,7.1428537056927865
15.200000000000001,135.00000000000009,95.00000000000004,0.0,139.5833333333334,4.583333333333314
15.3,139.5833333333334,97.08333333333336,0.0,144.1666666666667,4.583333333333314
15.4,144.1666666666667,99.16666666666669,0.0,149.21428694610782,5.047620279441105
15.5,149.21428694610782,100.0,0.0,154.57143185628752,5.357144910179699
15.600000000000001,154.57143185628752,100.0,0.0,159.9285717001415,5.357139843853986
15.700000000000001,159.9285717001415,100.0,0.0,166.0,6.071428299858496
15.8,166.0,100.0,0.0,172.24999999999997,6.249999999999972
15.9,172.24999999999997,100.0,0.0,176.66945588767706,4.419455887677088
16.0,176.66945588767706,100.0,0.0,178.34309572266758,1.6736398349905244
16.1,178.34309572266758,100.0,0.0,180.03749998139526,1.6944042587276726
16.2,180.03749998139526,100.0,0.0,183.78749812093028,3.7499981395350233
16.3,183.78749812093028,100.0,0.0,187.53749915675684,3.750001035826557
16.400000000000002,187.53749915675684,100.0,0.0,192.43124753258434,4.893748375827499
16.5,192.43124753258434,100.0,0.0,198.05624752207805,5.624999989493716
16.6,198.05624752207805,100.0,0.0,203.68124908051945,5.625001558441397
16.7,203.68124908051945,100.0,0.0,208.22999839346943,4.54874931294998
16.8,208.22999839346943,100.0,0.0,211.2299992498014,3.0000008563319795
16.900000000000002,211.2299992498014,100.0,0.0,214.3325,3.102500750198601
17.0,214.3325,100.0,0.0,217.58250000000007,3.250000000000057
17.1,217.58250000000007,100.0,0.0,220.83249999999998,3.2499999999999147
17.2,220.83249999999998,100.0,0.0,224.08249999999998,3.25
17.3,224.08249999999998,100.0,0.0,226.51250000000002,2.4300000000000352
17.400000000000002,226.51250000000002,100.0,0.0,227.7625,1.2499999999999716
17.5,227.7625,100.0,0.0,229.03928571428577,1.2767857142857792
17.6,229.03928571428577,100.0,0.0,232.96785714285707,3.9285714285713027
17.7,232.96785714285707,100.0,0.0,236.89642857142854,3.9285714285714732
17.8,236.89642857142854,100.0,0.0,240.52369085664895,3.627262285220411
17.900000000000002,240.52369085664895,100.0,0.0,243.01745684069138,2.493765984042426
18.0,243.01745684069138,100.0,0.0,245.51122282473386,2.493765984042483
18.1,245.51122282473386,100.0,0.0,248.00498880877623,2.493765984042369
18.2,248.00498880877623,100.0,0.0,250.0,1.9950111912237674
18.3,250.0,100.0,0.0,250.0,0.0
18.400000000000002,250.0,100.0,0.0,251.83333333333331,1.8333333333333144
18.5,251.83333333333331,100.0,0.0,254.88888888888894,3.055555555555628
18.6,254.88888888888894,100.0,0.0,257.94444444444446,3.0555555555555145
18.7,257.94444444444446,100.0,0.0,261.0,3.055555555555543
18.8,261.0,100.0,0.0,262.87500077419355,1.875000774193552
18.900000000000002,262.87500077419355,100.0,0.0,264.57142857142856,1.6964277972350033
19.0,264.57142857142856,100.0,0.0,266.0,1.4285714285714448
19.1,266.0,100.0,0.0,267.4285714285715,1.4285714285715017
19.200000000000003,267.4285714285715,100.0,0.0,268.0,0.5714285714284983
19.3,268.0,100.0,0.0,268.0000000000001,1.1368683772161603e-13
19.400000000000002,268.0000000000001,100.0,0.0,270.91666666666663,2.916666666666515
19.5,270.91666666666663,100.0,0.0,273.8333333333333,2.9166666666666856
19.6,273.8333333333333,100.0,0.0,276.12500106194693,2.291667728613618
19.700000000000003,276.12500106194693,100.0,0.0,278.0,1.8749989380530678
19.8,278.0,100.0,0.0,279.25000073202614,1.2500007320261375
19.900000000000002,279.25000073202614,100.0,0.0,280.50000020915036,1.24999947712422
20.0,280.50000020915036,100.0,0.0,281.6,1.0999997908496653
20.1,281.6,100.0,0.0,282.6,1.0
20.200000000000003,282.6,100.0,0.0,283.5,0.8999999999999773
20.3,283.5,100.0,0.0,284.33333333333337,0.8333333333333712
20.400000000000002,284.33333333333337,100.0,0.0,285.3333333333333,0.9999999999999432
20.5,285.3333333333333,100.0,0.0,287.0,1.6666666666666856
20.6,287.0,100.0,0.0,288.66666666666674,1.6666666666667425
20.700000000000003,288.66666666666674,100.0,0.0,289.4,0.7333333333332348
20.8,289.4,100.0,0.0,289.9,0.5
20.900000000000002,289.9,100.0,0.0,290.85714285714283,0.9571428571428555
21.0,290.85714285714283,100.0,0.0,291.92857142857144,1.071428571428612
21.1,291.92857142857144,100.0,0.0,293.00000000000006,1.071428571428612
21.200000000000003,293.00000000000006,100.0,0.0,293.8333333333333,0.8333333333332575
21.3,293.8333333333333,100.0,0.0,294.6666666666667,0.8333333333333712
21.400000000000002,294.6666666666667,100.0,0.0,295.5,0.8333333333333144
21.5,295.5,100.0,0.0,296.25,0.75
21.6,296.25,100.0,0.0,296.875,0.625
21.700000000000003,296.875,100.0,0.0,297.4,0.5249999999999773
21.8,297.4,100.0,0.0,297.9,0.5
21.900000000000002,297.9,100.0,0.0,298.4,0.5
22.0,298.4,100.0,0.0,298.9,0.5
22.1,298.9,100.0,0.0,300.00000000000006,1.1000000000000796
22.200000000000003,300.00000000000006,100.0,0.0,301.1666666666667,1.1666666666666288
22.3,301.1666666666667,100.0,0.0,302.0,0.8333333333333144
22.400000000000002,302.0,100.0,0.0,302.8333333333333,0.8333333333333144
22.5,302.8333333333333,100.0,0.0,303.22284118590017,0.38950785256685094
22.6,303.22284118590017,100.0,0.0,303.5013926682754,0.2785514823752351
22.700000000000003,303.5013926682754,100.0,0.0,303.77994420204465,0.2785515337692459
22.8,303.77994420204465,100.0,0.0,304.22499979130436,0.44505558925970945
22.900000000000002,304.22499979130436,100.0,0.0,305.2964278857143,1.0714280944099528
23.0,305.2964278857143,100.0,0.0,306.36785645714286,1.0714285714285552
23.1,306.36785645714286,100.0,0.0,307.20500000000004,0.8371435428571772
23.200000000000003,307.20500000000004,100.0,0.0,307.705,0.49999999999994316
23.3,307.705,100.0,0.0,308.0,0.2950000000000159
23.400000000000002,308.0,100.0,0.0,308.0,0.0
23.5,308.0,100.0,0.0,308.50625,0.5062500000000227
23.6,308.50625,100.0,0.0,309.13125,0.625
23.700000000000003,309.13125,100.0,0.0,309.75625,0.625
23.8,309.75625,100.0,0.0,310.25416666666666,0.49791666666664014
23.900000000000002,310.25416666666666,100.0,0.0,310.67083333333335,0.4166666666666856
24.0,310.67083333333335,100.0,0.0,311.105,0.4341666666666697
24.1,311.105,100.0,0.0,311.605,0.5
24.200000000000003,311.605,100.0,0.0,312.0871369526007,0.48213695260068334
24.3,312.0871369526007,100.0,0.0,312.5020748221278,0.4149378695270798
24.400000000000002,312.5020748221278,100.0,0.0,312.9170126916548,0.41493786952702294
24.5,312.9170126916548,100.0,0.0,313.3333333333333,0.41632064167851013
24.6,313.3333333333333,100.0,0.0,313.75,0.4166666666666856
24.700000000000003,313.75,100.0,0.0,314.0,0.25
24.8,314.0,100.0,0.0,314.0,0.0
24.900000000000002,314.0,100.0,0.0,314.5,0.5
25.0,314.5,100.0,0.0,315.125,0.625
25.1,315.125,100.0,0.0,315.75000000000006,0.6250000000000568
25.200000000000003,315.75000000000006,100.0,0.0,316.1875,0.43749999999994316
25.3,316.1875,100.0,0.0,316.5,0.3125
25.400000000000002,316.5,100.0,0.0,316.8125,0.3125
25.5,316.8125,100.0,0.0,317.2,0.38749999999998863
25.6,317.2,100.0,0.0,317.7,0.5
25.700000000000003,317.7,100.0,0.0,318.0,0.30000000000001137
25.8,318.0,100.0,0.0,318.0,0.0
25.900000000000002,318.0,100.0,0.0,318.0,0.0
26.0,318.0,100.0,0.0,318.3,0.30000000000001137
26.1,318.3,100.0,0.0,318.8,0.5
26.200000000000003,318.8,100.0,0.0,319.1666667136564,0.36666671365640013
26.3,319.1666667136564,100.0,0.0,319.4444445697504,0.2777778560939623
26.400000000000002,319.4444445697504,100.0,0.0,319.7222223558897,0.2777777861393247
26.5,319.7222223558897,100.0,0.0,320.0,0.2777776441103015
26.6,320.0,100.0,0.0,320.0,0.0
26.700000000000003,320.0,100.0,0.0,320.0,0.0
26.8,320.0,100.0,0.0,320.0,0.0
26.900000000000002,320.0,100.0,0.0,320.0,0.0
27.0,320.0,100.0,0.0,320.0,0.0
27.1,320.0,100.0,0.0,320.0,0.0
27.200000000000003,320.0,100.0,0.0,320.0,0.0
27.3,320.0,100.0,0.0,320.0,0.0
27.400000000000002,320.0,100.0,0.0,319.8124999055118,-0.18750009448820038
27.5,319.8124999055118,100.0,0.0,319.4999998341969,-0.31250007131490065
27.6,319.4999998341969,100.0,0.0,319.1874999378238,-0.3124998963730832
27.700000000000003,319.1874999378238,100.0,0.0,318.8571427206823,-0.33035721714151123
27.8,318.8571427206823,100.0,0.0,318.499999909327,-0.35714281135528836
27.900000000000002,318.499999909327,100.0,0.0,318.14285714285717,-0.357142766469849
28.0,318.14285714285717,100.0,0.5652173913043512,314.9999977931033,-3.1428593497538486
28.1,314.9999977931033,69.99997793103326,1.0,309.9999988672564,-4.99999892584691
28.200000000000003,309.9999988672564,19.99998867256425,1.0,298.3571428571428,-11.642856010113633
28.3,298.3571428571428,0.0,1.0,282.28571428571394,-16.07142857142884
28.400000000000002,282.28571428571394,0.0,1.0,266.21428571428567,-16.07142857142827
28.5,266.21428571428567,0.0,1.0,244.99999216326515,-21.214293551020518
28.6,244.99999216326515,0.0,1.0,222.49999070967715,-22.500001453588
28.700000000000003,222.49999070967715,0.0,1.0,205.71428571428567,-16.785704995391484
28.8,205.71428571428567,0.0,1.0,197.49999999999991,-8.21428571428575
28.900000000000002,197.49999999999991,0.0,1.0,189.28571428571428,-8.214285714285637
29.0,189.28571428571428,0.0,1.0,178.49999999999972,-10.785714285714562
29.1,178.49999999999972,0.0,1.0,165.99999999999974,-12.499999999999972
29.200000000000003,165.99999999999974,0.0,1.0,159.1899654460369,-6.810034553962851
29.3,159.1899654460369,0.0,1.0,152.37992888400495,-6.810036562031939
29.400000000000002,152.37992888400495,0.0,1.0,146.30000154482755,-6.079927339177402
29.5,146.30000154482755,0.03888880306513569,1.0,142.96666879999995,-3.333332744827601
29.6,142.96666879999995,0.22407395555555892,1.0,139.63333546666658,-3.3333333333333712
29.700000000000003,139.63333546666658,0.4092591407407457,1.0,136.30000213333332,-3.3333333333332575
29.8,136.30000213333332,0.5944443259259259,1.0,132.96666879999995,-3.3333333333333712
29.900000000000002,132.96666879999995,0.7796295111111128,1.0,129.6333351739666,-3.333333626033351
30.0,129.6333351739666,0.9648147125574111,1.0,126.30000127774845,-3.33333389621815
30.1,126.30000127774845,1.1499999290139753,1.0,122.9666673815303,-3.33333389621815
30.200000000000003,122.9666673815303,1.3351851454705392,1.0,119.63333348531226,-3.3333338962180363
30.3,119.63333348531226,1.520370361927097,1.0,116.29999999999994,-3.3333334853123233
30.400000000000002,116.29999999999994,1.7055555555555593,1.0,112.96666666666663,-3.3333333333333144
30.5,112.96666666666663,1.890740740740743,1.0,110.70714285714286,-2.2595238095237704
30.6,110.70714285714286,4.342857142857161,1.0,109.99285714285713,-0.7142857142857224
30.700000000000003,109.99285714285713,10.057142857142964,0.9144736842105139,109.27857142857142,-0.7142857142857082
30.8,109.27857142857142,15.771428571428652,0.2565789473684117,109.95015578387748,0.6715843553060523
30.900000000000002,109.95015578387748,25.791277427795354,0.0,111.50778817469381,1.5576323908163374
31.0,111.50778817469381,38.56386303248927,0.0,113.0654205655102,1.55763239081638
31.1,113.0654205655102,51.33644863718364,0.0,115.25000000000013,2.184579434489933
31.200000000000003,115.25000000000013,60.00000000000011,0.0,118.37500000000003,3.1249999999999005
31.3,118.37500000000003,62.50000000000002,0.0,120.00000000000003,1.625
31.400000000000002,120.00000000000003,55.39999999999979,0.0,121.25,1.2499999999999716
31.5,121.25,45.899999999999956,0.0,122.50000000000003,1.2500000000000284
31.6,122.50000000000003,36.39999999999979,0.0,123.75000000000004,1.2500000000000142
31.700000000000003,123.75000000000004,26.89999999999963,0.0,124.40000017414967,0.6500001741496249
31.8,124.40000017414967,31.40000278639462,0.0,124.90000012075473,0.4999999466050582
31.900000000000002,124.90000012075473,39.40000193207553,0.0,126.50000000000001,1.5999998792452885
32.0,126.50000000000001,50.00000000000006,0.0,128.37500000000003,1.8750000000000142
32.1,128.37500000000003,61.25000000000018,0.0,130.25000000000003,1.875
32.2,130.25000000000003,72.50000000000017,0.0,134.00000000000023,3.750000000000199
32.300000000000004,134.00000000000023,80.93750000000028,0.0,139.0000018515723,5.00000185157208
32.4,139.0000018515723,87.50000243018864,0.0,144.00000206451614,5.0000002129438315
32.5,144.00000206451614,94.06250270967742,0.0,148.14285714285714,4.142855078341
32.6,148.14285714285714,98.28571428571428,0.0,151.00000000000006,2.857142857142918
32.7,151.00000000000006,99.00000000000001,0.0,153.85714285714297,2.857142857142918
32.800000000000004,153.85714285714297,99.71428571428575,0.0,157.14285714285703,3.28571428571405
32.9,157.14285714285703,100.0,0.0,160.71428571428567,3.5714285714286405
33.0,160.71428571428567,100.0,0.0,164.28571428571436,3.5714285714286973
33.1,164.28571428571436,100.0,0.0,171.00000302362233,6.714288737907964
33.2,171.00000302362233,100.0,0.0,177.40000000000006,6.399996976377736
33.300000000000004,177.40000000000006,100.0,0.0,179.4,1.9999999999999432
33.4,179.4,100.0,0.0,182.14285782643535,2.7428578264353405
33.5,182.14285782643535,100.0,0.0,187.85714623947143,5.714288413036087
33.6,187.85714623947143,100.0,0.0,193.571429839802,5.71428360033056
33.7,193.571429839802,100.0,0.0,198.11111192848034,4.539682088678347
33.800000000000004,198.11111192848034,100.0,0.0,200.88889066666658,2.7777787381862424
33.9,200.88889066666658,100.0,0.0,203.66666844444444,2.7777777777778567
34.0,203.66666844444444,100.0,0.0,206.44444511530406,2.777776670859623
34.1,206.44444511530406,100.0,0.0,209.33333333333348,2.8888882180294218
34.2,209.33333333333348,100.0,0.0,212.25000000000014,2.916666666666657
34.300000000000004,212.25000000000014,100.0,0.0,215.27272900580277,3.0227290058026313
34.4,215.27272900580277,100.0,0.0,218.4545474909092,3.181818485106419
34.5,218.4545474909092,100.0,0.0,221.63636567272738,3.181818181818187
34.6,221.63636567272738,100.0,0.0,224.8181831491386,3.1818174764112257
34.7,224.8181831491386,100.0,0.0,228.00000000000009,3.1818168508614804
34.800000000000004,228.00000000000009,100.0,0.0,229.24999999999997,1.2499999999998863
34.9,229.24999999999997,100.0,0.0,230.74999999999997,1.5
35.0,230.74999999999997,100.0,0.0,232.62500000000006,1.8750000000000853
35.1,232.62500000000006,100.0,0.0,235.0,2.374999999999943
35.2,235.0,100.0,0.0,237.50000000000009,2.5000000000000853
35.300000000000004,237.50000000000009,100.0,0.0,240.0,2.4999999999999147
35.4,240.0,100.0,0.0,242.66666666666657,2.666666666666572
35.5,242.66666666666657,100.0,0.0,245.44444444444446,2.777777777777885
35.6,245.44444444444446,100.0,0.0,248.2222222222223,2.7777777777778567
35.7,248.2222222222223,100.0,0.0,251.00000000000009,2.7777777777777715
35.800000000000004,251.00000000000009,100.0,0.0,252.24999999999997,1.2499999999998863
35.9,252.24999999999997,100.0,0.0,253.74999999999997,1.5
36.0,253.74999999999997,100.0,0.0,255.62500000000003,1.8750000000000568
36.1,255.62500000000003,100.0,0.0,257.114205929501,1.4892059295009688
36.2,257.114205929501,100.0,0.0,258.5069633413771,1.3927574118761186
36.300000000000004,258.5069633413771,100.0,0.0,259.8997207532531,1.3927574118760049
36.4,259.8997207532531,100.0,0.0,259.635001344,-0.2647194092531322
36.5,259.635001344,89.50001033846135,0.0,253.135007744,-6.499993599999982
36.6,253.135007744,39.50005956923086,0.0,246.4249999999999,-6.710007744000109
36.7,246.4249999999999,0.0,1.0,238.9249999999996,-7.500000000000284
36.800000000000004,238.9249999999996,0.0,1.0,231.72499999999997,-7.199999999999648
36.9,231.72499999999997,0.0,1.0,225.65357142857133,-6.0714285714286405
37.0,225.65357142857133,0.0,1.0,219.58214285714268,-6.0714285714286405
37.1,219.58214285714268,0.0,1.0,215.12142974246566,-4.46071311467702
37.2,215.12142974246566,0.4392851287671598,1.0,212.9785719733854,-2.1428577690802513
37.300000000000004,212.9785719733854,1.5107140133072867,1.0,210.83571428571432,-2.1428576876710963
37.4,210.83571428571432,2.582142857142838,0.7500000000000342,207.72199109629634,-3.113723189417982
37.5,207.72199109629634,4.518672602469114,0.0,203.98755122297544,-3.7344398733208948
37.6,203.98755122297544,7.008299184683034,0.0,200.87499990804596,-3.112551314929476
37.7,200.87499990804596,9.625000459770188,0.0,200.24999978082192,-0.6250001272240411
37.800000000000004,200.24999978082192,12.750001095890445,0.0,199.50000000000003,-0.749999780821895
37.9,199.50000000000003,22.374999999999545,0.0,198.6666666309125,-0.8333333690875406
38.0,198.6666666309125,36.33333393221606,0.0,197.83333299962754,-0.833333631284944
38.1,197.83333299962754,50.29167225623844,0.0,196.9999995816993,-0.8333334179282303
38.2,196.9999995816993,64.25000700653617,0.0,196.16666659694985,-0.833332984749461
38.300000000000004,196.16666659694985,78.20833450108985,0.0,198.00000000000017,1.8333334030503181
38.400000000000006,198.00000000000017,76.99999999999964,0.0,200.38888981069962,2.388889810699453
38.5,200.38888981069962,74.50000355555574,0.0,202.3333341932817,1.944444382582077
38.6,202.3333341932817,82.00000331694375,0.0,204.27777822428948,1.9444440310077766
38.7,204.27777822428948,89.50000172225941,0.0,206.22222225529723,1.9444440310077482
38.800000000000004,206.22222225529723,97.00000012757508,0.0,207.75000000000009,1.5277777447028598
38.900000000000006,207.75000000000009,100.0,0.0,209.0,1.2499999999999147
39.0,209.0,100.0,0.0,212.12500000000006,3.125000000000057
39.1,212.12500000000006,100.0,0.0,215.2500000000001,3.125000000000057
39.2,215.2500000000001,100.0,0.0,218.37500000000014,3.1250000000000284
39.300000000000004,218.37500000000014,100.0,0.0,220.80000000000013,2.424999999999983
39.400000000000006,220.80000000000013,100.0,0.0,223.04999999999998,2.249999999999858
39.5,223.04999999999998,100.0,0.0,225.29999999999998,2.25
39.6,225.29999999999998,100.0,0.0,227.55000000000007,2.2500000000000853
39.7,227.55000000000007,100.0,0.0,228.0,0.4499999999999318
39.800000000000004,228.0,100.0,0.0,229.00000000000026,1.0000000000002558
39.900000000000006,229.00000000000026,100.0,0.0,234.0000000000001,4.999999999999858
40.0,234.0000000000001,100.0,0.0,238.50000012955473,4.500000129554621
40.1,238.50000012955473,100.0,0.0,241.00000077732804,2.500000647773305
40.2,241.00000077732804,100.0,0.0,243.50000142510137,2.5000006477733336
40.300000000000004,243.50000142510137,100.0,0.0,245.66666666666677,2.166665241565397
40.400000000000006,245.66666666666677,100.0,0.0,247.33333333333331,1.6666666666665435
40.5,247.33333333333331,100.0,0.0,249.0,1.6666666666666856
40.6,249.0,100.0,0.0,251.5000006274511,2.500000627451101
40.7,251.5000006274511,100.0,0.0,253.50000000000006,1.999999372548956
40.800000000000004,253.50000000000006,100.0,0.0,254.75000000000006,1.25
40.900000000000006,254.75000000000006,100.0,0.0,255.40000021465838,0.6500002146583199
41.0,255.40000021465838,100.0,0.0,255.90000001590064,0.49999980124226795
41.1,255.90000001590064,100.0,0.0,257.71428571428584,1.8142856983851914
41.2,257.71428571428584,100.0,0.0,259.857142857143,2.142857142857167
41.300000000000004,259.857142857143,100.0,0.0,262.00000000000006,2.1428571428570535
41.400000000000006,262.00000000000006,100.0,0.0,262.625,0.6249999999999432
41.5,262.625,100.0,0.0,262.1666666666667,-0.4583333333333144
41.6,262.1666666666667,91.66666666666687,0.0,260.0833333333333,-2.0833333333333712
41.7,260.0833333333333,70.8333333333333,0.0,258.0,-2.0833333333333144
41.800000000000004,258.0,49.99999999999974,0.0,255.91666666666663,-2.0833333333333712
41.900000000000006,255.91666666666663,29.166666666666174,0.0,253.83333261016952,-2.083334056497108
42.0,253.83333261016952,8.333326101695366,0.0,248.49999999999994,-5.3333326101695775
42.1,248.49999999999994,0.0,1.0,241.0,-7.499999999999943
42.2,241.0,0.0,1.0,228.50000423280406,-12.49999576719594
42.300000000000004,228.50000423280406,0.0,1.0,216.00000627450933,-12.499997958294728
42.400000000000006,216.00000627450933,0.0,1.0,207.39999999999992,-8.600006274509411
42.5,207.39999999999992,0.0,1.0,201.39999999999992,-6.0
42.6,201.39999999999992,0.0,1.0,197.2,-4.199999999999932
42.7,197.2,1.2000000000000075,0.9210526315789449,194.19999999999996,-3.0000000000000284
42.800000000000004,194.19999999999996,3.2000000000000224,0.2631578947368347,191.49056664530642,-2.7094333546935445
42.900000000000006,191.49056664530642,4.0,0.0,188.98214286318975,-2.5084237821166653
43.0,188.98214286318975,4.010714282086143,0.0,187.19642918216178,-1.7857136810279712
43.1,187.19642918216178,5.082142490702938,0.0,185.410715277865,-1.7857139042967844
43.2,185.410715277865,6.153570833281008,0.0,184.0,-1.4107152778649947
43.300000000000004,184.0,16.318750000000552,0.0,184.0,0.0
43.400000000000006,184.0,60.693750000002126,0.0,185.52499999999995,1.5249999999999488
43.5,185.52499999999995,81.81249999999991,0.0,188.02499999999995,2.5
43.6,188.02499999999995,88.0624999999999,0.0,190.70000000000005,2.6750000000000966
43.7,190.70000000000005,93.30625000000002,0.0,194.03333333333353,3.333333333333485
43.800000000000004,194.03333333333353,94.7645833333334,0.0,197.36666666666696,3.333333333333428
43.900000000000006,197.36666666666696,96.22291666666678,0.0,200.70000000000007,3.3333333333331154
44.0,200.70000000000007,97.68125000000003,0.0,204.03333333333345,3.3333333333333712
44.1,204.03333333333345,99.13958333333338,0.0,206.78002384057262,2.7466905072391796
44.2,206.78002384057262,100.0,0.0,208.68252101270085,1.9024971721282213
44.300000000000004,208.68252101270085,100.0,0.0,210.58501818482907,1.9024971721282213
44.400000000000006,210.58501818482907,100.0,0.0,212.48751535695718,1.9024971721281076
44.5,212.48751535695718,100.0,0.0,214.39001252908542,1.9024971721282498
44.6,214.39001252908542,100.0,0.0,216.2925090755969,1.902496546511486
44.7,216.2925090755969,100.0,0.0,218.19500565574373,1.902496580146817
44.800000000000004,218.19500565574373,100.0,0.0,220.09750282787192,1.902497172128193
44.900000000000006,220.09750282787192,100.0,0.0,222.0,1.9024971721280792
45.0,222.0,100.0,0.0,225.49999999999997,3.4999999999999716
45.1,225.49999999999997,100.0,0.0,229.0,3.5000000000000284
45.2,229.0,100.0,0.0,232.50000209345802,3.500002093458022
45.300000000000004,232.50000209345802,100.0,0.0,236.0000000000002,3.499997906542177
45.400000000000006,236.0000000000002,100.0,0.0,238.77777777777777,2.7777777777775725
45.5,238.77777777777777,100.0,0.0,241.55555555555557,2.7777777777778
45.6,241.55555555555557,100.0,0.0,244.33333333333337,2.7777777777778
45.7,244.33333333333337,100.0,0.0,247.00000000000014,2.666666666666771
45.800000000000004,247.00000000000014,100.0,0.0,249.50000000000017,2.5000000000000284
45.900000000000006,249.50000000000017,100.0,0.0,252.00000000000003,2.499999999999858
46.0,252.00000000000003,100.0,0.0,253.93750088737204,1.9375008873720105
46.1,253.93750088737204,100.0,0.0,255.50000054607514,1.5624996587031035
46.2,255.50000054607514,100.0,0.0,257.06250020477825,1.5624996587031035
46.300000000000004,257.06250020477825,100.0,0.0,258.6666666666668,1.6041664618885534
46.400000000000006,258.6666666666668,100.0,0.0,260.33333333333337,1.666666666666572
46.5,260.33333333333337,100.0,0.0,262.0,1.6666666666666288
46.6,262.0,100.0,0.0,263.6666666666667,1.6666666666666856
46.7,263.6666666666667,100.0,0.0,266.28571543757045,2.6190487709037598
46.800000000000004,266.28571543757045,100.0,0.0,269.14285833800204,2.8571429004315974
46.900000000000006,269.14285833800204,100.0,0.0,272.0,2.8571416619979573
47.0,272.0,100.0,0.0,274.50000000000006,2.500000000000057
47.1,274.50000000000006,100.0,0.0,276.6,2.099999999999966
47.2,276.6,100.0,0.0,278.1,1.5
47.300000000000004,278.1,100.0,0.0,279.6000000000001,1.5000000000000568
47.400000000000006,279.6000000000001,100.0,0.0,281.09999999999997,1.4999999999998863
47.5,281.09999999999997,100.0,0.0,282.66666666666674,1.5666666666667766
47.6,282.66666666666674,100.0,0.0,284.3333333333334,1.6666666666666856
47.7,284.3333333333334,100.0,0.0,286.0000000000001,1.6666666666666856
47.800000000000004,286.0000000000001,100.0,0.0,287.42857191749437,1.4285719174942528
47.900000000000006,287.42857191749437,100.0,0.0,288.85714364362514,1.4285717261307695
48.0,288.85714364362514,100.0,0.0,290.0,1.142856356374864
48.1,290.0,100.0,0.0,290.0,0.0
48.2,290.0,100.0,0.0,290.41666666666674,0.41666666666674246
48.300000000000004,290.41666666666674,100.0,0.0,292.50000000000006,2.0833333333333144
48.400000000000006,292.50000000000006,100.0,0.0,294.58333333333326,2.0833333333332007
48.5,294.58333333333326,100.0,0.0,295.6666666666667,1.083333333333428
48.6,295.6666666666667,100.0,0.0,296.50000000000006,0.8333333333333712
48.7,296.50000000000006,100.0,0.0,297.33333333333337,0.8333333333333144
48.800000000000004,297.33333333333337,100.0,0.0,298.16666666666674,0.8333333333333712
48.900000000000006,298.16666666666674,100.0,0.0,299.0,0.8333333333332575
49.0,299.0,100.0,0.0,300.66666666666663,1.6666666666666288
49.1,300.66666666666663,100.0,0.0,302.3333333333333,1.6666666666666856
49.2,302.3333333333333,100.0,0.0,303.3,0.966666666666697
49.300000000000004,303.3,100.0,0.0,303.8,0.5
49.400000000000006,303.8,100.0,0.0,304.6451611423286,0.8451611423286067
49.5,304.6451611423286,100.0,0.0,305.72042977591497,1.0752686335863473
49.6,305.72042977591497,100.0,0.0,306.79569887178474,1.0752690958697713
49.7,306.79569887178474,100.0,0.0,307.0,0.20430112821526336
49.800000000000004,307.0,100.0,0.0,307.42000000000013,0.4200000000001296
49.900000000000006,307.42000000000013,100.0,0.0,309.42,1.9999999999998863
50.0,309.42,100.0,0.0,311.2099999097987,1.7899999097986665
50.1,311.2099999097987,100.0,0.0,312.2099994802685,0.9999995704698108
50.2,312.2099994802685,100.0,0.0,313.2099995435857,1.0000000633172021
50.300000000000004,313.2099995435857,100.0,0.0,314.2099997985658,1.0000002549800797
50.400000000000006,314.2099997985658,100.0,0.0,315.105,0.8950002014342431
50.5,315.105,100.0,0.0,315.605,0.5
50.6,315.605,100.0,0.0,316.0871369526007,0.48213695260068334
50.7,316.0871369526007,100.0,0.0,316.50207472168273,0.4149377690820302
50.800000000000004,316.50207472168273,100.0,0.0,316.9170124536138,0.41493773193104744
50.900000000000006,316.9170124536138,100.0,0.0,318.3333333333333,1.4163208797195352
51.0,318.3333333333333,100.0,0.0,320.00000032820515,1.6666669948718322
51.1,320.00000032820515,100.0,0.0,321.0909091087017,1.0909087804965338
51.2,321.0909091087017,100.0,0.0,321.31818188045594,0.22727277175425797
51.300000000000004,321.31818188045594,100.0,0.0,321.5454546522102,0.22727277175425797
51.400000000000006,321.5454546522102,100.0,0.0,321.7727274014481,0.22727274923789764
51.5,321.7727274014481,100.0,0.0,322.0,0.22727259855190596
51.6,322.0,100.0,0.0,323.000000481203,1.000000481203017
51.7,323.000000481203,100.0,0.0,324.00000000000006,0.9999995187970399
51.800000000000004,324.00000000000006,100.0,0.0,324.4166666666667,0.41666666666662877
51.900000000000006,324.4166666666667,100.0,0.0,324.8333333333333,0.41666666666662877
52.0,324.8333333333333,100.0,0.0,325.5,0.6666666666666856
52.1,325.5,100.0,0.0,326.33333349400283,0.8333334940028294
52.2,326.33333349400283,100.0,0.0,327.16666705048823,0.8333335564853996
52.300000000000004,327.16666705048823,100.0,0.0,328.0,0.833332949511771
52.400000000000006,328.0,100.0,0.0,328.0,0.0
52.5,328.0,100.0,0.0,328.0,0.0
52.6,328.0,100.0,0.0,328.0,0.0
52.7,328.0,100.0,0.0,328.0,0.0
52.800000000000004,328.0,100.0,0.0,328.375,0.375
52.900000000000006,328.375,100.0,0.0,329.0,0.625
53.0,329.0,100.0,0.0,329.625,0.625
53.1,329.625,100.0,0.0,330.20000026165746,0.5750002616574648
53.2,330.20000026165746,100.0,0.0,330.7000000848619,0.4999998232044618
53.300000000000004,330.7000000848619,100.0,0.0,331.0,0.29999991513807345
53.400000000000006,331.0,100.0,0.0,331.0,0.0
53.5,331.0,100.0,0.0,331.25,0.25
53.6,331.25,100.0,0.0,331.875,0.625
53.7,331.875,100.0,0.0,332.5,0.625
53.800000000000004,332.5,100.0,0.0,333.0,0.5
53.900000000000006,333.0,100.0,0.0,333.0,0.0
54.0,333.0,100.0,0.0,333.3,0.30000000000001137
54.1,333.3,100.0,0.0,333.8,0.5
54.2,333.8,100.0,0.0,334.0,0.19999999999998863
54.300000000000004,334.0,100.0,0.0,334.0,0.0
54.400000000000006,334.0,100.0,0.0,334.0,0.0
54.5,334.0,100.0,0.0,334.0,0.0
54.6,334.0,100.0,0.0,334.0,0.0
54.7,334.0,100.0,0.0,334.0,0.0
54.800000000000004,334.0,100.0,0.0,334.0,0.0
54.900000000000006,334.0,100.0,0.0,334.0,0.0
55.0,334.0,100.0,0.0,334.0,0.0
55.1,334.0,100.0,0.0,334.0,0.0
55.2,334.0,100.0,0.0,333.58333317365265,-0.4166668263473525
55.300000000000004,333.58333317365265,58.33331736526749,0.0,333.1666665205479,-0.41666665310475537
55.400000000000006,333.1666665205479,16.666652054791115,0.45205479452065994,323.99999999999966,-9.166666520548233
55.5,323.99999999999966,0.0,1.0,308.9999999999995,-15.00000000000017
55.6,308.9999999999995,0.0,1.0,293.9999999999994,-15.000000000000114
55.7,293.9999999999994,0.0,1.0,276.6666666666659,-17.333333333333485
55.800000000000004,276.6666666666659,0.0,1.0,258.7499999999991,-17.9166666666668
55.900000000000006,258.7499999999991,0.0,1.0,244.85714285714283,-13.892857142856258
56.0,244.85714285714283,0.0,1.0,236.99999999999966,-7.857142857143174
56.1,236.99999999999966,0.0,1.0,229.14285714285697,-7.857142857142691
56.2,229.14285714285697,0.0,1.0,220.16928053797358,-8.973576604883391
56.300000000000004,220.16928053797358,0.0,1.0,210.45141724332748,-9.717863294646094
56.400000000000006,210.45141724332748,0.0,1.0,200.7335516536356,-9.717865589691883
56.5,200.7335516536356,0.0,1.0,195.0,-5.733551653635601
56.6,195.0,1.0250000000000745,1.0,195.0,0.0
56.7,195.0,3.5250000000000523,1.0,192.56999999999985,-2.430000000000149
56.800000000000004,192.56999999999985,7.240000000000208,1.0,189.56999999999974,-3.0000000000001137
56.900000000000006,189.56999999999974,11.240000000000345,0.3653846153844498,189.0,-0.5699999999997374
57.0,189.0,25.162500000000193,0.0,188.775,-0.22499999999999432
57.1,188.775,40.475,0.0,187.70357142857142,-1.0714285714285836
57.2,187.70357142857142,52.26071428571436,0.0,186.63214285714284,-1.0714285714285836
57.300000000000004,186.63214285714284,64.04642857142885,0.0,186.4079602200172,-0.22418263712563657
57.400000000000006,186.4079602200172,71.2039801100086,0.0,187.4029850825064,0.9950248624892026
57.5,187.4029850825064,71.7014925412532,0.0,189.60000117701153,2.1970160945051305
57.6,189.60000117701153,74.80000205977018,0.0,193.60000188497528,4.00000070796375
57.7,193.60000188497528,81.80000329870677,0.0,197.60000061134352,3.999998726368233
57.800000000000004,197.60000061134352,88.80000106985112,0.0,201.60000000000025,3.9999993886567324
57.900000000000006,201.60000000000025,95.80000000000041,0.0,205.0,3.39999999999975
58.0,205.0,100.0,0.0,207.50000000000009,2.5000000000000853
58.1,207.50000000000009,100.0,0.0,209.0,1.4999999999999147
58.2,209.0,100.0,0.0,209.0,0.0
58.300000000000004,209.0,100.0,0.0,211.0000000000001,2.0000000000001137
58.400000000000006,211.0000000000001,100.0,0.0,213.49999999999994,2.4999999999998295
58.5,213.49999999999994,100.0,0.0,216.33333546666668,2.833335466666739
58.6,216.33333546666668,100.0,0.0,219.66666880000002,3.333333333333343
58.7,219.66666880000002,100.0,0.0,223.00000000000014,3.333331200000117
58.800000000000004,223.00000000000014,100.0,0.0,225.00000000000017,2.0000000000000284
58.900000000000006,225.00000000000017,100.0,0.0,227.0,1.9999999999998295
59.0,227.0,100.0,0.0,229.25000133657454,2.2500013365745417
59.1,229.25000133657454,100.0,0.0,231.5000005409945,2.2499992044199644
59.2,231.5000005409945,100.0,0.0,233.75000000000009,2.249999459005579
59.300000000000004,233.75000000000009,100.0,0.0,236.00000000000014,2.250000000000057
59.400000000000006,236.00000000000014,100.0,0.0,238.0,1.999999999999858
59.5,238.0,100.0,0.0,240.0,2.0
59.6,240.0,100.0,0.0,241.8181829818182,1.818182981818211
59.7,241.8181829818182,100.0,0.0,243.63636480000008,1.8181818181818699
59.800000000000004,243.63636480000008,100.0,0.0,245.45454661818195,1.8181818181818699
59.900000000000006,245.45454661818195,100.0,0.0,247.27272843636368,1.8181818181817277
60.0,247.27272843636368,100.0,0.0,248.90000000000003,1.6272715636363557
60.1,248.90000000000003,100.0,0.0,250.40000000000003,1.5
60.2,250.40000000000003,100.0,0.0,251.90000069637313,1.5000006963730925
60.300000000000004,251.90000069637313,100.0,0.0,253.40000019896385,1.4999995025907253
60.400000000000006,253.40000019896385,100.0,0.0,254.68181877649423,1.2818185775303732
60.5,254.68181877649423,100.0,0.0,255.81818201104971,1.136363234555489
60.6,255.81818201104971,100.0,0.0,256.95454545454544,1.1363634434957248
60.7,256.95454545454544,100.0,0.0,258.0909090909091,1.1363636363636829
60.800000000000004,258.0909090909091,100.0,0.0,259.2500000536314,1.1590909627223027
60.900000000000006,259.2500000536314,100.0,0.0,260.50000050055866,1.2500004469272312
61.0,260.50000050055866,100.0,0.0,261.75000047407406,1.2499999735154006
61.1,261.75000047407406,100.0,0.0,263.0,1.2499995259259435
61.2,263.0,100.0,0.0,264.0,1.0
61.300000000000004,264.0,100.0,0.0,264.0,0.0
61.400000000000006,264.0,100.0,0.0,264.0,0.0
61.5,264.0,100.0,0.0,265.5000014328358,1.500001432835802
61.6,265.5000014328358,100.0,0.0,269.25000138728336,3.74999995444756
61.7,269.25000138728336,100.0,0.0,273.0000000000002,3.7499986127168654
61.800000000000004,273.0000000000002,100.0,0.0,276.0000000000002,3.0
61.900000000000006,276.0000000000002,100.0,0.0,279.0,2.9999999999997726
62.0,279.0,100.0,0.0,280.87500000000006,1.8750000000000568
62.1,280.87500000000006,100.0,0.0,282.0,1.1249999999999432
62.2,282.0,100.0,0.0,282.0,0.0
62.300000000000004,282.0,100.0,0.0,282.0,0.0
62.400000000000006,282.0,100.0,0.0,282.50000000000006,0.5000000000000568
62.5,282.50000000000006,100.0,0.0,285.00000000000006,2.5
62.6,285.00000000000006,100.0,0.0,287.2,2.199999999999932
62.7,287.2,100.0,0.0,288.20000000000005,1.0000000000000568
62.800000000000004,288.20000000000005,100.0,0.0,289.20000000000005,1.0
62.900000000000006,289.20000000000005,100.0,0.0,290.2,0.9999999999999432
63.0,290.2,100.0,0.0,291.16736407202484,0.96736407202485
63.1,291.16736407202484,100.0,0.0,292.00418436708037,0.8368202950555315
63.2,292.00418436708037,100.0,0.0,292.8410042266767,0.8368198595963463
63.300000000000004,292.8410042266767,100.0,0.0,294.51875000000007,1.6777457733233518
63.400000000000006,294.51875000000007,100.0,0.0,296.13097714840444,1.6122271484043722
63.5,296.13097714840444,100.0,0.0,296.75467785509227,0.6237007066878277
63.6,296.75467785509227,100.0,0.0,297.3783785617801,0.6237007066878277
63.7,297.3783785617801,100.0,0.0,298.0020792684679,0.6237007066878277
63.800000000000004,298.0020792684679,100.0,0.0,298.62577997515575,0.6237007066878277
63.900000000000006,298.62577997515575,100.0,0.0,299.25,0.6242200248442487
64.0,299.25,100.0,0.0,299.875,0.625
64.10000000000001,299.875,100.0,0.0,300.7272730439085,0.8522730439084967
64.2,300.7272730439085,100.0,0.0,301.6363642181818,0.9090911742733283
64.3,301.6363642181818,100.0,0.0,302.5454551272728,0.9090909090909918
64.4,302.5454551272728,100.0,0.0,303.45454603636364,0.9090909090908212
64.5,303.45454603636364,100.0,0.0,304.2727272727273,0.8181812363636709
64.60000000000001,304.2727272727273,100.0,0.0,304.9545454545455,0.681818181818187
64.7,304.9545454545455,100.0,0.0,305.6363636363636,0.6818181818181301
64.8,305.6363636363636,100.0,0.0,306.31818181818187,0.6818181818182438
64.9,306.31818181818187,100.0,0.0,307.0,0.6818181818181301
65.0,307.0,100.0,0.0,307.714285988024,0.7142859880240167
65.10000000000001,307.714285988024,100.0,0.0,308.42857163840756,0.7142856503835446
65.2,308.42857163840756,100.0,0.0,309.0833333333333,0.6547616949257531
65.3,309.0833333333333,100.0,0.0,309.50000000000006,0.41666666666674246
65.4,309.50000000000006,100.0,0.0,309.9166666666667,0.41666666666662877
65.5,309.9166666666667,100.0,0.0,311.00000000000006,1.0833333333333712
65.60000000000001,311.00000000000006,100.0,0.0,312.0,0.9999999999999432
65.7,312.0,100.0,0.0,312.0,0.0
65.8,312.0,100.0,0.0,312.0,0.0
65.9,312.0,100.0,0.0,312.0,0.0
66.0,312.0,100.0,0.0,312.4500000000001,0.4500000000001023
66.10000000000001,312.4500000000001,100.0,0.0,313.20000000000005,0.7499999999999432
66.2,313.20000000000005,100.0,0.0,313.95,0.7499999999999432
66.3,313.95,100.0,0.0,314.70000000000005,0.7500000000000568
66.4,314.70000000000005,100.0,0.0,315.2142857142857,0.5142857142856769
66.5,315.2142857142857,100.0,0.0,315.5714285714286,0.3571428571428896
66.60000000000001,315.5714285714286,100.0,0.0,315.92857142857144,0.3571428571428328
66.7,315.92857142857144,100.0,0.0,316.4444447999999,0.5158733714284836
66.8,316.4444447999999,100.0,0.0,317.0000003555556,0.5555555555556566
66.9,317.0000003555556,100.0,0.0,317.5555559111111,0.5555555555555429
67.0,317.5555559111111,100.0,0.0,318.0,0.4444440888888721
67.10000000000001,318.0,100.0,0.0,318.0,0.0
67.2,318.0,100.0,0.0,318.0,0.0
67.3,318.0,100.0,0.0,318.66666666666674,0.6666666666667425
67.4,318.66666666666674,100.0,0.0,319.5,0.8333333333332575
67.5,319.5,100.0,0.0,320.0,0.5
67.60000000000001,320.0,100.0,0.0,320.0,0.0
67.7,320.0,100.0,0.0,320.0,0.0
67.8,320.0,100.0,0.0,320.0,0.0
67.9,320.0,100.0,0.0,320.11111111111114,0.11111111111114269
68.0,320.11111111111114,100.0,0.0,320.3888888888889,0.27777777777777146
68.10000000000001,320.3888888888889,100.0,0.0,320.6666666666667,0.27777777777777146
68.2,320.6666666666667,100.0,0.0,320.94444444444446,0.27777777777777146
68.3,320.94444444444446,100.0,0.0,321.2,0.25555555555553156
68.4,321.2,100.0,0.0,321.45,0.25
68.5,321.45,100.0,0.0,321.7,0.25
68.60000000000001,321.7,100.0,0.0,321.95,0.25
68.7,321.95,100.0,0.0,322.5,0.5500000000000114
68.8,322.5,100.0,0.0,323.12500000000006,0.6250000000000568
68.9,323.12500000000006,100.0,0.0,323.75,0.6249999999999432
69.0,323.75,100.0,0.0,324.0,0.25
69.10000000000001,324.0,100.0,0.0,324.0,0.0
69.2,324.0,100.0,0.0,324.0,0.0
69.3,324.0,100.0,0.0,324.0,0.0
69.4,324.0,100.0,0.0,324.0,0.0
69.5,324.0,100.0,0.0,324.0,0.0
69.60000000000001,324.0,100.0,0.0,324.0,0.0
69.7,324.0,100.0,0.0,324.0,0.0
69.8,324.0,100.0,0.0,324.0,0.0
69.9,324.0,100.0,0.0,324.0,0.0
70.0,324.0,100.0,0.0,324.0,0.0
70.10000000000001,324.0,100.0,0.0,324.0,0.0
70.2,324.0,100.0,0.0,324.0,0.0
70.3,324.0,100.0,0.0,324.0,0.0
70.4,324.0,100.0,0.0,324.0,0.0
70.5,324.0,100.0,0.0,324.0,0.0
70.60000000000001,324.0,100.0,0.0,324.0,0.0
70.7,324.0,100.0,0.0,324.0,0.0
70.8,324.0,100.0,0.0,322.3124945999996,-1.6875054000004184
70.9,322.3124945999996,93.74997999999844,0.0,313.8749946000002,-8.437499999999375
71.0,313.8749946000002,62.49998000000083,0.0,305.43749459999964,-8.437500000000568
71.10000000000001,305.43749459999964,31.249979999998786,0.0,297.0,-8.437494599999638
71.2,297.0,0.0,1.0,281.37500000000057,-15.624999999999432
71.3,281.37500000000057,0.0,1.0,270.7142836571427,-10.660716342857882
71.4,270.7142836571427,0.0,1.0,267.4999979428571,-3.2142857142856087
71.5,267.4999979428571,0.0,1.0,264.28571340092134,-3.21428454193574
71.60000000000001,264.28571340092134,0.0,1.0,255.49999999999955,-8.785713400921793
71.7,255.49999999999955,0.0,1.0,243.0,-12.499999999999545
71.8,243.0,0.0,1.0,239.66666666666669,-3.3333333333333144
71.9,239.66666666666669,0.4166666666666625,1.0,236.33333333333354,-3.333333333333144
72.0,236.33333333333354,0.8333333333333067,1.0,232.3749999999996,-3.9583333333339397
72.10000000000001,232.3749999999996,5.125000000000651,0.7575757575756858,228.0,-4.374999999999602
72.2,228.0,12.0,0.0,225.14285714285742,-2.857142857142577
72.3,225.14285714285742,13.785714285714118,0.0,222.28571428571428,-2.8571428571431454
72.4,222.28571428571428,15.571428571428578,0.0,219.6818174276095,-2.6038968581047754
72.5,219.6818174276095,19.772733845117187,0.0,218.0909086608695,-1.5909087667400001
72.60000000000001,218.0909086608695,33.63636738385131,0.0,216.50000000000006,-1.5909086608694452
72.7,216.50000000000006,47.49999999999953,0.0,214.90909090909105,-1.5909090909090082
72.8,214.90909090909105,61.36363636363518,0.0,213.31818181818178,-1.590909090909264
72.9,213.31818181818178,75.22727272727298,0.0,213.0,-0.3181818181817846
73.0,213.0,80.39999999999992,0.0,213.0,0.0
73.10000000000001,213.0,83.40000000000013,0.0,214.2000000000001,1.2000000000001023
73.2,214.2000000000001,86.80000000000021,0.0,215.70000000000005,1.4999999999999432
73.3,215.70000000000005,90.30000000000013,0.0,217.0000000000001,1.3000000000000682
73.4,217.0000000000001,92.00000000000011,0.0,218.0,0.9999999999998863
73.5,218.0,93.87500052336432,0.0,218.0,0.0
73.60000000000001,218.0,98.2500021132078,0.0,219.5,1.5
73.7,219.5,95.0,0.0,221.9999999999999,2.4999999999998863
73.8,221.9999999999999,86.66666666666698,0.0,224.2500000000001,2.2500000000002274
73.9,224.2500000000001,81.00000000000048,0.0,225.49999999999997,1.249999999999858
74.0,225.49999999999997,85.99999999999984,0.0,226.64285714285717,1.1428571428571956
74.10000000000001,226.64285714285717,90.57142857142868,0.0,227.7142857142857,1.0714285714285268
74.2,227.7142857142857,94.85714285714276,0.0,228.7857142857143,1.071428571428612
74.3,228.7857142857143,99.14285714285718,0.0,231.3333350498087,2.547620764094404
74.4,231.3333350498087,100.0,0.0,234.25000073202614,2.9166656822174275
74.5,234.25000073202614,100.0,0.0,236.80000000000015,2.549999267974016
74.60000000000001,236.80000000000015,100.0,0.0,238.8,1.999999999999858
74.7,238.8,100.0,0.0,240.69999999999987,1.8999999999998636
74.8,240.69999999999987,100.0,0.0,242.45000000000007,1.750000000000199
74.9,242.45000000000007,100.0,0.0,244.2,1.7499999999999147
75.0,244.2,100.0,0.0,245.9500000000002,1.750000000000199
75.10000000000001,245.9500000000002,100.0,0.0,247.60000000000008,1.649999999999892
75.2,247.60000000000008,100.0,0.0,249.09999999999997,1.4999999999998863
75.3,249.09999999999997,100.0,0.0,250.80000000000013,1.7000000000001592
75.4,250.80000000000013,100.0,0.0,252.79999999999998,1.999999999999858
75.5,252.79999999999998,100.0,0.0,254.0,1.200000000000017
75.60000000000001,254.0,100.0,0.0,254.0,0.0
75.7,254.0,100.0,0.0,256.5,2.5
75.8,256.5,100.0,0.0,259.27777777777794,2.777777777777942
75.9,259.27777777777794,100.0,0.0,260.6666666666667,1.3888888888887436
76.0,260.6666666666667,100.0,0.0,262.0555555555557,1.3888888888890278
76.10000000000001,262.0555555555557,100.0,0.0,263.4444444444445,1.3888888888888005
76.2,263.4444444444445,100.0,0.0,264.8571428571428,1.412698412698262
76.3,264.8571428571428,100.0,0.0,266.28571428571433,1.4285714285715585
76.4,266.28571428571433,100.0,0.0,267.7142857142858,1.4285714285714448
76.5,267.7142857142858,100.0,0.0,268.0,0.28571428571422075
76.60000000000001,268.0,100.0,0.0,268.52500000000015,0.5250000000001478
76.7,268.52500000000015,100.0,0.0,271.02500000000043,2.500000000000284
76.80000000000001,271.02500000000043,100.0,0.0,273.52500000000026,2.4999999999998295
76.9,273.52500000000026,100.0,0.0,276.0149253731344,2.489925373134156
77.0,276.0149253731344,100.0,0.0,277.5074626865673,1.4925373134328765
77.10000000000001,277.5074626865673,100.0,0.0,279.0,1.492537313432706
77.2,279.0,100.0,0.0,280.25000080000007,1.2500008000000662
77.30000000000001,280.25000080000007,100.0,0.0,281.5000008,1.2499999999999432
77.4,281.5000008,100.0,0.0,282.75000079999995,1.2499999999999432
77.5,282.75000079999995,100.0,0.0,284.00000000000017,1.249999200000218
77.60000000000001,284.00000000000017,100.0,0.0,285.25,1.2499999999998295
77.7,285.25,100.0,0.0,286.50000021768716,1.250000217687159
77.80000000000001,286.50000021768716,100.0,0.0,287.75000076190486,1.2500005442176985
77.9,287.75000076190486,100.0,0.0,289.0,1.2499992380951426
78.0,289.0,100.0,0.0,289.7142857142858,0.7142857142857792
78.10000000000001,289.7142857142858,100.0,0.0,290.42857142857144,0.7142857142856656
78.2,290.42857142857144,100.0,0.0,291.2222223856961,0.7936509571246688
78.30000000000001,291.2222223856961,100.0,0.0,292.33333392769487,1.1111115419987527
78.4,292.33333392769487,100.0,0.0,293.44444468501933,1.111110757324468
78.5,293.44444468501933,100.0,0.0,294.55555555555566,1.1111108705363222
78.60000000000001,294.55555555555566,100.0,0.0,295.6,1.0444444444443661
78.7,295.6,100.0,0.0,296.6000000000001,1.0000000000000568
78.80000000000001,296.6000000000001,100.0,0.0,297.50000029906545,0.9000002990653684
78.9,297.50000029906545,100.0,0.0,298.3333336541353,0.8333333550698399
79.0,298.3333336541353,100.0,0.0,299.12500000000006,0.791666345864769
79.10000000000001,299.12500000000006,100.0,0.0,299.75,0.6249999999999432
79.2,299.75,100.0,0.0,300.5000000000001,0.7500000000001137
79.30000000000001,300.5000000000001,100.0,0.0,301.3333333333334,0.8333333333333144
79.4,301.3333333333334,100.0,0.0,302.1666671386431,0.8333338053096782
79.5,302.1666671386431,100.0,0.0,303.0000000000001,0.8333328613570075
79.60000000000001,303.0000000000001,100.0,0.0,303.93750000000006,0.9374999999999432
79.7,303.93750000000006,100.0,0.0,304.8750000000001,0.9375000000000568
79.80000000000001,304.8750000000001,100.0,0.0,305.8125,0.9374999999998863
79.9,305.8125,100.0,0.0,306.57142882021384,0.7589288202138391
80.0,306.57142882021384,100.0,0.0,307.2857146294308,0.7142858092169604
80.10000000000001,307.2857146294308,100.0,0.0,308.0,0.7142853705692005
80.2,308.0,100.0,0.0,308.7142857142858,0.7142857142857792
80.30000000000001,308.7142857142858,100.0,0.0,309.4285714285715,0.7142857142857224
80.4,309.4285714285715,100.0,0.0,310.1111111111111,0.6825396825395842
80.5,310.1111111111111,100.0,0.0,310.6666666666667,0.5555555555555998
80.60000000000001,310.6666666666667,100.0,0.0,311.22222222222223,0.5555555555555429
80.7,311.22222222222223,100.0,0.0,311.7777777777778,0.5555555555555998
80.80000000000001,311.7777777777778,100.0,0.0,312.500000477612,0.7222226998341625
80.9,312.500000477612,100.0,0.0,313.3333338666667,0.833333389054701
0.0,314.6375008,100.0,0.0,315.0541672,0.4166663999999969
0.1,315.0541672,100.0,0.0,315.4708338666667,0.4166666666666856
0.2,315.4708338666667,100.0,0.0,315.88750015319147,0.4166662865247872
0.30000000000000004,315.88750015319147,100.0,0.0,316.60833371132685,0.7208335581353822
0.4,316.60833371132685,100.0,0.0,317.44166756245954,0.8333338511326929
0.5,317.44166756245954,100.0,0.0,318.1833334287263,0.7416658662667714
0.6000000000000001,318.1833334287263,100.0,0.0,318.7388892733514,0.5555558446250757
0.7000000000000001,318.7388892733514,100.0,0.0,319.2944451179765,0.5555558446251325
0.8,319.2944451179765,100.0,0.0,319.85000016842105,0.555555050444525
0.9,319.85000016842105,100.0,0.0,320.0,0.14999983157895258
1.0,320.0,100.0,0.0,320.0464285714286,0.046428571428577925
1.1,320.0464285714286,100.0,0.0,320.4035714285714,0.3571428571428328
1.2000000000000002,320.4035714285714,100.0,0.0,320.7607142857143,0.3571428571428896
1.3,320.7607142857143,100.0,0.0,321.3300004911628,0.5692862054485204
1.4000000000000001,321.3300004911628,100.0,0.0,322.3300007522807,1.0000002611178616
1.5,322.3300007522807,100.0,0.0,323.41250080000003,1.0825000477193498
1.6,323.41250080000003,100.0,0.0,324.66250045957446,1.2499996595744278
1.7000000000000002,324.66250045957446,100.0,0.0,325.54750026345863,0.8849998038841704
1.8,325.54750026345863,100.0,0.0,326.2975006243609,0.750000360902277
1.9000000000000001,326.2975006243609,100.0,0.0,327.0475009098508,0.7500002854898753
2.0,327.0475009098508,100.0,0.0,327.7975001934328,0.7499992835820422
2.1,327.7975001934328,100.0,0.0,328.30416703396224,0.5066668405294195
2.2,328.30416703396224,100.0,0.0,328.7208336,0.41666656603774754
2.3000000000000003,328.7208336,100.0,0.0,329.0,0.27916640000000825
2.4000000000000004,329.0,100.0,0.0,329.0,0.0
2.5,329.0,100.0,0.0,329.2062502490566,0.20625024905660894
2.6,329.2062502490566,100.0,0.0,329.8312506990654,0.6250004500087698
2.7,329.8312506990654,100.0,0.0,330.4562503252336,0.6249996261682327
2.8000000000000003,330.4562503252336,100.0,0.0,331.13928581013823,0.6830354849046216
2.9000000000000004,331.13928581013823,100.0,0.0,332.21071511889403,1.0714293087557962
3.0,332.21071511889403,100.0,0.0,333.28214383465047,1.07142871575644
3.1,333.28214383465047,100.0,0.0,334.1375002112,0.8553563765495369
3.2,334.1375002112,100.0,0.0,334.5541674110145,0.4166671998144693
3.3000000000000003,334.5541674110145,100.0,0.0,334.970833382029,0.4166659710145382
3.4000000000000004,334.970833382029,100.0,0.0,335.2583335357823,0.2875001537532853
3.5,335.2583335357823,100.0,0.0,335.5361115312472,0.2777779954648736
3.6,335.5361115312472,100.0,0.0,335.8138891996135,0.27777766836635465
3.7,335.8138891996135,100.0,0.0,336.2357145978325,0.4218253982189708
3.8000000000000003,336.2357145978325,100.0,0.0,336.95000125793104,0.7142866600985371
3.9000000000000004,336.95000125793104,100.0,0.0,337.66428619174604,0.7142849338150086
4.0,337.66428619174604,100.0,0.0,338.0,0.33571380825395636
4.1000000000000005,338.0,100.0,0.0,338.0,0.0
4.2,338.0,100.0,0.0,338.3785723155067,0.3785723155066876
4.3,338.3785723155067,100.0,0.0,339.092857639072,0.7142853235653206
4.4,339.092857639072,100.0,0.0,339.8071429626374,0.7142853235653774
4.5,339.8071429626374,100.0,0.0,340.45625067906974,0.6491077164323542
4.6000000000000005,340.45625067906974,100.0,0.0,341.0812505025641,0.6249998234943632
4.7,341.0812505025641,100.0,0.0,341.70625016068374,0.6249996581196342
4.800000000000001,341.70625016068374,100.0,0.0,342.0,0.29374983931626275
4.9,342.0,100.0,0.0,342.0,0.0
5.0,342.0,100.0,0.0,342.0,0.0
5.1000000000000005,342.0,100.0,0.0,342.13750040615383,0.1375004061538334
5.2,342.13750040615383,100.0,0.0,342.5541671558095,0.4166667496556897
5.300000000000001,342.5541671558095,100.0,0.0,342.97083336533336,0.41666620952383937
5.4,342.97083336533336,100.0,0.0,343.33214351472526,0.36131014939189754
5.5,343.33214351472526,100.0,0.0,343.68928602021975,0.3571425054944939
5.6000000000000005,343.68928602021975,100.0,0.0,344.0,0.31071397978024606
5.7,344.0,100.0,0.0,344.0,0.0
5.800000000000001,344.0,100.0,0.0,344.0,0.0
5.9,344.0,100.0,0.0,344.0,0.0
6.0,344.0,100.0,0.0,344.0,0.0
6.1000000000000005,344.0,100.0,0.0,344.0,0.0
6.2,344.0,100.0,0.0,344.0,0.0
6.300000000000001,344.0,100.0,0.0,344.0,0.0
6.4,344.0,100.0,0.0,344.0325000392453,0.0325000392452921
6.5,344.0325000392453,100.0,0.0,344.28250032,0.2500002807547048
6.6000000000000005,344.28250032,100.0,0.0,344.53250032,0.25
6.7,344.53250032,100.0,0.0,344.78250024421055,0.24999992421055595
6.800000000000001,344.78250024421055,100.0,0.0,344.9638888727273,0.18138862851674276
6.9,344.9638888727273,100.0,0.0,344.6861109706294,-0.27777790209790965
7.0,344.6861109706294,100.0,0.0,344.4083330685315,-0.27777790209790965
7.1000000000000005,344.4083330685315,100.0,0.0,344.1305553297297,-0.2777777388017739
7.2,344.1305553297297,100.0,0.0,344.0,-0.1305553297297024
7.300000000000001,344.0,100.0,0.0,344.0,0.0
7.4,344.0,100.0,0.0,344.0,0.0
7.5,344.0,100.0,0.0,344.0,0.0
7.6000000000000005,344.0,100.0,0.0,344.0,0.0
7.7,344.0,100.0,0.0,344.0,0.0
7.800000000000001,344.0,100.0,0.0,344.0,0.0
7.9,344.0,100.0,0.0,344.0,0.0
8.0,344.0,100.0,0.0,340.5549922806417,-3.445007719358273
8.1,340.5549922806417,86.74997031016059,0.07219251336898218,334.0549945052406,-6.499997775401141
8.200000000000001,334.0549945052406,61.74997886630989,0.3395721925133719,327.5549967298395,-6.499997775401084
8.3,327.5549967298395,36.749987422459625,0.6069518716577569,321.0549989544384,-6.499997775401084
8.4,321.0549989544384,11.749995978609363,0.8743315508021419,310.9333196945868,-10.12167925985159
8.5,310.9333196945868,0.0,1.0,297.5999936547008,-13.333326039886003
8.6,297.5999936547008,0.0,1.0,285.0249981090908,-12.574995545610022
8.700000000000001,285.0249981090908,0.0,1.0,277.5249937671642,-7.500004341926626
8.8,277.5249937671642,0.0,1.0,268.205,-9.319993767164192
8.9,268.205,0.0,1.0,246.705,-21.49999999999997
9.0,246.705,0.0,1.0,225.99581360000005,-20.709186399999965
9.1,225.99581360000005,0.0,1.0,210.57914693333322,-15.416666666666828
9.200000000000001,210.57914693333322,0.0,1.0,195.16248026666662,-15.4166666666666
9.3,195.16248026666662,0.0,1.0,188.49062327311827,-6.671856993548346
9.4,188.49062327311827,0.0,1.0,185.05312090752687,-3.437502365591399
9.5,185.05312090752687,0.0,1.0,181.61562345671638,-3.437497450810497
9.600000000000001,181.61562345671638,0.0,1.0,170.4599999999998,-11.155623456716569
9.700000000000001,170.4599999999998,0.0,1.0,152.4599999999998,-18.0
9.8,152.4599999999998,0.0,1.0,140.6874904510638,-11.772509548936
9.9,140.6874904510638,0.0,1.0,134.4374955574468,-6.249994893617014
10.0,134.4374955574468,0.0,1.0,128.25714239556163,-6.180353161885165
10.100000000000001,128.25714239556163,0.0,1.0,122.54285313065178,-5.714289264909851
10.200000000000001,122.54285313065178,0.0,1.0,116.82856480617754,-5.714288324474239
10.3,116.82856480617754,0.0,1.0,112.00999931870969,-4.8185654874678505
10.4,112.00999931870969,0.0,1.0,109.00999725419356,-3.0000020645161243
10.5,109.00999725419356,0.0,1.0,106.00999570653264,-3.000001547660929
10.600000000000001,106.00999570653264,0.0,1.0,103.00999474170852,-3.0000009648241104
10.700000000000001,103.00999474170852,0.0,1.0,99.67999999999995,-3.3299947417085747
10.8,99.67999999999995,0.0,1.0,95.67999999999999,-3.9999999999999574
10.9,95.67999999999999,0.0,1.0,92.31249935609758,-3.3675006439024173
11.0,92.31249935609758,0.0,1.0,90.2291640715447,-2.0833352845528736
11.100000000000001,90.2291640715447,0.0,1.0,88.14583253333332,-2.0833315382113824
11.200000000000001,88.14583253333332,0.0,1.0,83.93124510608696,-4.214587427246357
11.3,83.93124510608696,0.0,0.5826086956521743,80.54166582857142,-3.389579277515537
11.4,80.54166582857142,0.09166683428571401,0.0,79.15277526570047,-1.3888905628709551
11.5,79.15277526570047,0.3694449468599049,0.0,77.76388692891646,-1.3888883367840066
11.600000000000001,77.76388692891646,0.6472226142167073,0.0,76.37499948936168,-1.3888874395547788
11.700000000000001,76.37499948936168,0.9250001021276626,0.0,76.68437538761063,0.30937589824894474
11.8,76.68437538761063,5.7906277132743815,0.0,77.62187591858408,0.9375005309734519
11.9,77.62187591858408,12.353131430088544,0.0,78.55937560000001,0.9374996814159289
12.0,78.55937560000001,18.9156292,0.0,79.44166694110034,0.882291341100327
12.100000000000001,79.44166694110034,17.36249711844652,0.0,80.27500079223302,0.8333338511326787
12.200000000000001,80.27500079223302,8.612491681553326,0.0,80.90714285714286,0.6321420649098428
12.3,80.90714285714286,0.9535714285714288,0.0,80.19285714285715,-0.7142857142857082
12.4,80.19285714285715,0.5964285714285722,0.0,79.47857142857143,-0.7142857142857224
12.5,79.47857142857143,0.23928571428571543,0.0,78.44999696500916,-1.028574463562265
12.600000000000001,78.44999696500916,0.0,0.0,76.78333088766112,-1.6666660773480402
12.700000000000001,76.78333088766112,0.0,0.0,75.11666639012346,-1.666664497537667
12.8,75.11666639012346,0.0,0.0,73.33928267755103,-1.7773837125724299
12.9,73.33928267755103,1.6607173224489722,0.0,71.55356972408164,-1.7857129534693854
13.0,71.55356972408164,3.4464302759183623,0.0,69.91874977391304,-1.6348199501686054
13.100000000000001,69.91874977391304,5.0,0.0,69.29374967017543,-0.6250001037376052
13.200000000000001,69.29374967017543,5.0,0.0,69.49687538313253,0.20312571295710313
13.3,69.49687538313253,8.478127681927758,0.0,70.4343761060241,0.9375007228915706
13.4,70.4343761060241,15.040632742168683,0.0,71.37187552207793,0.937499416053825
13.5,71.37187552207793,21.60312865454544,0.0,72.5892863129252,1.2174107908472678
13.600000000000001,72.5892863129252,27.060715363265352,0.0,74.3750021818182,1.785715868893007
13.700000000000001,74.3750021818182,30.275003927272774,0.0,76.16071498330243,1.7857128014842232
13.8,76.16071498330243,33.48928696994438,0.0,79.20833458407083,3.0476196007683996
13.9,79.20833458407083,37.20833458407082,0.0,83.37500361061947,4.166669026548647
14.0,83.37500361061947,41.375003610619466,0.0,87.54167092537318,4.16666731475371
14.100000000000001,87.54167092537318,45.541670925373175,0.0,91.70833361194032,4.166662686567136
14.200000000000001,91.70833361194032,49.70833361194031,0.0,93.55000146542056,1.8416678534802458
14.3,93.55000146542056,53.487503297196284,0.0,95.2166671352025,1.6666656697819349
14.4,95.2166671352025,57.23750105420564,0.0,98.50278263164984,3.286115496447337
14.5,98.50278263164984,62.82778520134681,0.0,103.22500604444451,4.722223412794676
14.600000000000001,103.22500604444451,70.05000924444457,0.0,107.94722789551663,4.722221851072121
14.700000000000001,107.94722789551663,77.27223089902544,0.0,112.66944481559456,4.722216920077926
14.8,112.66944481559456,84.49444501208579,0.0,118.8125,6.143055184405441
14.9,118.8125,89.06875,0.0,124.65000113548385,5.837501135483848
15.0,124.65000113548385,92.33000022709678,0.0,129.65000457634414,5.000003440860297
15.100000000000001,129.65000457634414,93.33000091526883,0.0,133.47142905034016,3.821424473996018
15.200000000000001,133.47142905034016,94.11785726258503,0.0,134.90000174545457,1.4285726951144113
15.3,134.90000174545457,94.47500043636364,0.0,136.32857198664195,1.4285702411873729
15.4,136.32857198664195,94.8321429966605,0.0,141.92143288610572,5.592860899463773
15.5,141.92143288610572,95.94642940117419,0.0,151.20715412196174,9.285721235856016
15.600000000000001,151.20715412196174,97.7321450234542,0.0,160.49285953773995,9.28570541577821
15.700000000000001,160.49285953773995,99.51785760341153,0.0,165.83889084253286,5.346031304792916
15.8,165.83889084253286,100.0,0.0,169.72778240764637,3.8888915651135108
15.9,169.72778240764637,100.0,0.0,173.61666915555557,3.888886747909197
16.0,173.61666915555557,100.0,0.0,177.68847380785357,4.071804652297999
16.1,177.68847380785357,100.0,0.0,182.98442617595703,5.295952368103457
16.2,182.98442617595703,100.0,0.0,188.28037386345247,5.295947687495442
16.3,188.28037386345247,100.0,0.0,193.5763238794159,5.295950015963427
16.400000000000002,193.5763238794159,100.0,0.0,197.23618205433974,3.6598581749238406
16.5,197.23618205433974,100.0,0.0,200.753768941945,3.517586887605262
16.6,200.753768941945,100.0,0.0,203.7125053109677,2.9587363690227164
16.7,203.7125053109677,100.0,0.0,206.62916836473119,2.9166630537634717
16.8,206.62916836473119,100.0,0.0,209.5458353802299,2.9166670154987173
16.900000000000002,209.5458353802299,100.0,0.0,212.46250512842104,2.91666974819114
17.0,212.46250512842104,100.0,0.0,215.41785769615768,2.9553525677366395
17.1,215.41785769615768,100.0,0.0,218.63214766660096,3.214289970443275
17.2,218.63214766660096,100.0,0.0,221.84643163428572,3.2142839676847643
17.3,221.84643163428572,100.0,0.0,224.82500352000005,2.978571885714331
17.400000000000002,224.82500352000005,100.0,0.0,227.32500421576765,2.5000006957675964
17.5,227.32500421576765,100.0,0.0,229.82500355186727,2.49999933609962
17.6,229.82500355186727,100.0,0.0,232.32500116756756,2.4999976157002948
17.7,232.32500116756756,100.0,0.0,235.08571640453513,2.7607152369675703
17.8,235.08571640453513,100.0,0.0,237.942859683859,2.8571432793238785
17.900000000000002,237.942859683859,100.0,0.0,240.80000016623373,2.8571404823747173
18.0,240.80000016623373,100.0,0.0,244.25500285369867,3.4550026874649404
18.1,244.25500285369867,100.0,0.0,247.7550005807407,3.499997727042029
18.2,247.7550005807407,100.0,0.0,249.395,1.6399994192593113
18.3,249.395,100.0,0.0,250.89500000000004,1.5000000000000284
18.400000000000002,250.89500000000004,100.0,0.0,252.9928598857143,2.097859885714257
18.5,252.9928598857143,100.0,0.0,255.13571702857146,2.142857142857167
18.6,255.13571702857146,100.0,0.0,257.22750009516335,2.091783066591887
18.7,257.22750009516335,100.0,0.0,258.97750082718954,1.7500007320261943
18.8,258.97750082718954,100.0,0.0,260.72750155921574,1.7500007320261943
18.900000000000002,260.72750155921574,100.0,0.0,262.4775020731915,1.750000513975749
19.0,262.4775020731915,100.0,0.0,264.2527779093045,1.7752758361129963
19.1,264.2527779093045,100.0,0.0,266.1972233654924,1.944445456187907
19.200000000000003,266.1972233654924,100.0,0.0,268.14166882168024,1.9444454561878501
19.3,268.14166882168024,100.0,0.0,270.086112137232,1.94444331555178
19.400000000000002,270.086112137232,100.0,0.0,271.8833342306878,1.7972220934557868
19.5,271.8833342306878,100.0,0.0,273.55000162807016,1.666667397382355
19.6,273.55000162807016,100.0,0.0,275.1625001424658,1.612498514395611
19.700000000000003,275.1625001424658,100.0,0.0,276.4125012383562,1.2500010958904113
19.8,276.4125012383562,100.0,0.0,277.6625004595745,1.2499992212183315
19.900000000000002,277.6625004595745,100.0,0.0,279.09500084433733,1.4325003847628182
20.0,279.09500084433733,100.0,0.0,280.5950019537689,1.5000011094315369
20.1,280.5950019537689,100.0,0.0,282.09500243618095,1.5000004824120765
20.200000000000003,282.09500243618095,100.0,0.0,283.59500222171425,1.499999785533305
20.3,283.59500222171425,100.0,0.0,284.0,0.4049977782857468
20.400000000000002,284.0,100.0,0.0,284.16250160000004,0.16250160000004144
20.5,284.16250160000004,100.0,0.0,285.41250160000004,1.25
20.6,285.41250160000004,100.0,0.0,286.66250160000004,1.25
20.700000000000003,286.66250160000004,100.0,0.0,287.9125010519685,1.2499994519684492
20.8,287.9125010519685,100.0,0.0,289.1625004220473,1.2499993700787968
20.900000000000002,289.1625004220473,100.0,0.0,290.6187509209302,1.4562504988829232
21.0,290.6187509209302,100.0,0.0,292.4937508756757,1.8749999547454763
21.1,292.4937508756757,100.0,0.0,293.30416693333336,0.810416057657676
21.200000000000003,293.30416693333336,100.0,0.0,293.7208338666667,0.4166669333333175
21.3,293.7208338666667,100.0,0.0,294.13750053333337,0.4166666666666856
21.400000000000002,294.13750053333337,100.0,0.0,294.5541672,0.41666666666662877
21.5,294.5541672,100.0,0.0,294.9708336,0.4166663999999969
21.6,294.9708336,100.0,0.0,296.1625008963856,1.1916672963856172
21.700000000000003,296.1625008963856,100.0,0.0,297.41250131948055,1.2500004230949457
21.8,297.41250131948055,100.0,0.0,298.6625002805195,1.2499989610389548
21.900000000000002,298.6625002805195,100.0,0.0,299.3041671193798,0.6416668388603171
22.0,299.3041671193798,100.0,0.0,299.72083356536797,0.41666644598814173
22.1,299.72083356536797,100.0,0.0,300.2357143991407,0.514880833772736
22.200000000000003,300.2357143991407,100.0,0.0,300.9500004571429,0.7142860580021875
22.3,300.9500004571429,100.0,0.0,301.664286515145,0.7142860580021306
22.400000000000002,301.664286515145,100.0,0.0,302.5678577197279,0.9035712045828745
22.5,302.5678577197279,100.0,0.0,303.639286845269,1.0714291255411013
22.6,303.639286845269,100.0,0.0,304.71071452615956,1.0714276808905652
22.700000000000003,304.71071452615956,100.0,0.0,305.2597866130673,0.5490720869077563
22.8,305.2597866130673,100.0,0.0,305.6156584850407,0.35587187197336334
22.900000000000002,305.6156584850407,100.0,0.0,305.9715302581512,0.35587177311049345
23.0,305.9715302581512,100.0,0.0,306.76666626188035,0.7951360037291693
23.1,306.76666626188035,100.0,0.0,307.599999868718,0.8333336068376411
23.200000000000003,307.599999868718,100.0,0.0,308.0,0.40000013128201317
23.3,308.0,100.0,0.0,308.0,0.0
23.400000000000002,308.0,100.0,0.0,308.0928572810631,0.09285728106311808
23.5,308.0928572810631,100.0,0.0,308.80714364418264,0.7142863631195269
23.6,308.80714364418264,100.0,0.0,309.5214288871871,0.71428524300444
23.700000000000003,309.5214288871871,100.0,0.0,310.41250121846156,0.8910723312744722
23.8,310.41250121846156,100.0,0.0,311.6625006821053,1.2499994636437464
23.900000000000002,311.6625006821053,100.0,0.0,312.0,0.33749931789469656
24.0,312.0,100.0,0.0,312.0,0.0
24.1,312.0,100.0,0.0,312.3650005432558,0.3650005432558032
24.200000000000003,312.3650005432558,100.0,0.0,312.86500015157895,0.4999996083231508
24.3,312.86500015157895,100.0,0.0,313.36500060656715,0.5000004549881965
24.400000000000002,313.36500060656715,100.0,0.0,313.8650001289552,0.499999522388066
24.5,313.8650001289552,100.0,0.0,314.4562512,0.5912510710447805
24.6,314.4562512,100.0,0.0,315.0812512,0.625
24.700000000000003,315.0812512,100.0,0.0,315.7062512,0.625
24.8,315.7062512,100.0,0.0,316.265,0.5587487999999894
24.900000000000002,316.265,100.0,0.0,316.765,0.5
25.0,316.765,100.0,0.0,317.0,0.23500000000001364
25.1,317.0,100.0,0.0,317.0,0.0
25.200000000000003,317.0,100.0,0.0,317.09285805714285,0.09285805714284834
25.3,317.09285805714285,100.0,0.0,317.80714377142857,0.7142857142857224
25.400000000000002,317.80714377142857,100.0,0.0,318.5214293992278,0.7142856277992564
25.5,318.5214293992278,100.0,0.0,319.18333333333334,0.66190393410551
25.6,319.18333333333334,100.0,0.0,319.7388888888889,0.5555555555555429
25.700000000000003,319.7388888888889,100.0,0.0,320.2944444444444,0.5555555555555429
25.8,320.2944444444444,100.0,0.0,320.85,0.5555555555555998
25.900000000000002,320.85,100.0,0.0,321.3041672351773,0.4541672351772945
26.0,321.3041672351773,100.0,0.0,321.72083356141843,0.41666632624111344
26.1,321.72083356141843,100.0,0.0,321.834999296,0.11416573458154744
26.200000000000003,321.834999296,100.0,0.0,321.3349995850323,-0.4999997109676997
26.3,321.3349995850323,100.0,0.0,321.1375001427027,-0.1974994423295584
26.400000000000002,321.1375001427027,100.0,0.0,321.5541672418018,0.4166670990990724
26.5,321.5541672418018,100.0,0.0,321.9708334351515,0.41666619334972665
26.6,321.9708334351515,100.0,0.0,321.70937483539825,-0.2614585997532686
26.700000000000003,321.70937483539825,100.0,0.0,321.39687465840706,-0.31250017699119326
26.8,321.39687465840706,100.0,0.0,321.0843748851064,-0.31249977330065803
26.900000000000002,321.0843748851064,100.0,0.0,321.0,-0.08437488510639923
27.0,321.0,100.0,0.0,321.0,0.0
27.1,321.0,100.0,0.0,321.0,0.0
27.200000000000003,321.0,100.0,0.0,321.0,0.0
27.3,321.0,100.0,0.0,321.1375000778761,0.13750007787609775
27.400000000000002,321.1375000778761,100.0,0.0,321.55416698053097,0.4166669026548675
27.5,321.55416698053097,100.0,0.0,321.9708336,0.4166666194690265
27.6,321.9708336,100.0,0.0,322.0,0.029166400000008252
27.700000000000003,322.0,100.0,0.0,322.0,0.0
27.8,322.0,100.0,0.0,322.0,0.0
27.900000000000002,322.0,100.0,0.0,318.65416408674696,-3.3458359132530404
28.0,318.65416408674696,69.58330987951797,0.0,314.0708280216216,-4.583336065125366
28.1,314.0708280216216,27.91661837837784,0.09459459459461211,304.5649971199997,-9.505830901621891
28.200000000000003,304.5649971199997,0.0,1.0,285.06498839272723,-19.500008727272473
28.3,285.06498839272723,0.0,1.0,265.5649796654541,-19.500008727273155
28.400000000000002,265.5649796654541,0.0,1.0,246.06497740108082,-19.50000226437325
28.5,246.06497740108082,0.0,1.0,230.85499926588227,-15.209978135198554
28.6,230.85499926588227,0.0,1.0,224.3549970412833,-6.500002224598973
28.700000000000003,224.3549970412833,0.0,1.0,217.8549999999999,-6.499997041283393
28.8,217.8549999999999,0.0,1.0,211.3549999999998,-6.500000000000114
28.900000000000002,211.3549999999998,0.0,1.0,198.3374681552235,-13.0175318447763
29.0,198.3374681552235,0.0,1.0,172.08749322985005,-26.249974925373436
29.1,172.08749322985005,0.0,1.0,161.04582744806189,-11.041665781788168
29.200000000000003,161.04582744806189,0.0,1.0,155.62916365021647,-5.416663797845416
29.3,155.62916365021647,0.0,1.0,149.33540372670794,-6.2937599235085315
29.400000000000002,149.33540372670794,0.0,1.0,141.26086956521732,-8.074534161490618
29.5,141.26086956521732,0.0,1.0,137.19999999999993,-4.060869565217388
29.6,137.19999999999993,0.0,1.0,134.6999999999999,-2.5000000000000284
29.700000000000003,134.6999999999999,0.0,1.0,132.19999999999996,-2.499999999999943
29.8,132.19999999999996,0.0,1.0,128.90954954128634,-3.2904504587136216
29.900000000000002,128.90954954128634,0.0,1.0,124.88944781252016,-4.020101728766178
30.0,124.88944781252016,0.0,1.0,121.40999763348832,-3.4794501790318435
30.1,121.40999763348832,0.0,1.0,118.409998416842,-2.999999216646316
30.200000000000003,118.409998416842,0.0,1.0,116.11666598554216,-2.293332431299845
30.3,116.11666598554216,0.2208335036144608,1.0,114.4499980337349,-1.6666679518072556
30.400000000000002,114.4499980337349,0.6375004915662731,1.0,112.67499999999995,-1.7749980337349456
30.5,112.67499999999995,1.3250000000000417,0.0,110.17499999999993,-2.5000000000000284
30.6,110.17499999999993,3.8250000000000752,0.0,108.7349994860606,-1.4400005139393244
30.700000000000003,108.7349994860606,10.830011306666929,0.0,108.2349997755224,-0.499999710538205
30.8,108.2349997755224,21.83000493850741,0.0,109.03055635020081,0.7955565746784146
30.900000000000002,109.03055635020081,32.59444875823301,0.0,110.97500229397588,1.9444459437750652
31.0,110.97500229397588,43.15001245301187,0.0,112.91944581718214,1.9444435232062602
31.1,112.91944581718214,53.70556300756015,0.0,114.86388897869419,1.944443161512055
31.200000000000003,114.86388897869419,64.26111159862565,0.0,118.3214341060198,3.457545127325602
31.3,118.3214341060198,50.05354652291095,0.0,121.89286342255649,3.571429316536694
31.400000000000002,121.89286342255649,33.98211459849579,0.0,125.0,3.1071365774435122
31.5,125.0,19.349999999999927,0.0,125.0,0.0
31.6,125.0,14.349999999999925,0.0,124.83749954782607,-0.16250045217392994
31.700000000000003,124.83749954782607,10.243750678260904,0.0,123.58749934035089,-1.250000207475182
31.8,123.58749934035089,12.118750989473678,0.0,123.37857212081633,-0.20892721953455862
31.900000000000002,123.37857212081633,20.19287029551029,0.0,124.09285813812244,0.7142860173061081
32.0,124.09285813812244,33.76430462432627,0.0,124.80714306873469,0.7142849306122514
32.1,124.80714306873469,47.33571830595906,0.0,126.64250144,1.8353583712653148
32.2,126.64250144,55.19750368,0.0,128.89250288000005,2.250001440000048
32.300000000000004,128.89250288000005,60.947507360000095,0.0,131.14250287999997,2.2499999999999147
32.4,131.14250287999997,66.69750735999989,0.0,133.39250082723402,2.24999794723405
32.5,133.39250082723402,72.4475021140425,0.0,139.11000000000013,5.717499172766111
32.6,139.11000000000013,83.49000000000025,0.0,146.11000000000038,7.000000000000256
32.7,146.11000000000038,96.49000000000072,0.0,148.0,1.8899999999996169
32.800000000000004,148.0,100.0,0.0,148.5849999999999,0.5849999999998943
32.9,148.5849999999999,100.0,0.0,153.0849999999999,4.5
33.0,153.0849999999999,100.0,0.0,157.60357745173738,4.518577451737485
33.1,157.60357745173738,100.0,0.0,162.24643574186442,4.642858290127037
33.2,162.24643574186442,100.0,0.0,166.88929403199145,4.642858290127037
33.300000000000004,166.88929403199145,100.0,0.0,171.7875015253334,4.898207493341943
33.4,171.7875015253334,100.0,0.0,177.20417281422232,5.416671288888921
33.5,177.20417281422232,100.0,0.0,182.6208381866668,5.41666537244447
33.6,182.6208381866668,100.0,0.0,186.48750305753435,3.8666648708675666
33.7,186.48750305753435,100.0,0.0,190.23750480000018,3.7500017424658267
33.800000000000004,190.23750480000018,100.0,0.0,193.98750480000007,3.7499999999998863
33.9,193.98750480000007,100.0,0.0,197.7375003574469,3.749995557446823
34.0,197.7375003574469,100.0,0.0,199.74375000000003,2.0062496425531435
34.1,199.74375000000003,100.0,0.0,202.65000199245287,2.9062519924528374
34.2,202.65000199245287,100.0,0.0,207.65000320000019,5.000001207547314
34.300000000000004,207.65000320000019,100.0,0.0,212.28499999999997,4.634996799999783
34.4,212.28499999999997,100.0,0.0,216.78499999999997,4.5
34.5,216.78499999999997,100.0,0.0,220.19000192,3.405001920000018
34.6,220.19000192,100.0,0.0,223.1900019200001,3.0000000000001137
34.7,223.1900019200001,100.0,0.0,225.09500000000008,1.9049980799999844
34.800000000000004,225.09500000000008,100.0,0.0,226.595,1.4999999999999147
34.9,226.595,100.0,0.0,228.8250032,2.2300031999999987
35.0,228.8250032,100.0,0.0,231.32500320000003,2.5000000000000284
35.1,231.32500320000003,100.0,0.0,234.0857152893663,2.7607120893662795
35.2,234.0857152893663,100.0,0.0,236.94285952137494,2.857144232008636
35.300000000000004,236.94285952137494,100.0,0.0,239.80000182857142,2.857142307196483
35.4,239.80000182857142,100.0,0.0,240.93000064,1.1299988114285782
35.5,240.93000064,100.0,0.0,241.93000064,1.0
35.6,241.93000064,100.0,0.0,243.86000128000006,1.9300006400000598
35.7,243.86000128000006,100.0,0.0,245.86000128000006,2.0
35.800000000000004,245.86000128000006,100.0,0.0,247.98576480097725,2.1257635209771877
35.9,247.98576480097725,100.0,0.0,250.12099576977013,2.1352309687928823
36.0,250.12099576977013,100.0,0.0,252.3,2.1790042302298787
36.1,252.3,100.0,0.0,254.8000000000001,2.5000000000000853
36.2,254.8000000000001,100.0,0.0,256.65000000000003,1.8499999999999375
36.300000000000004,256.65000000000003,100.0,0.0,257.9,1.2499999999999432
36.4,257.9,100.0,0.0,258.76666666666665,0.8666666666666742
36.5,258.76666666666665,66.65000000000073,0.0,259.59999999999997,0.8333333333333144
36.6,259.59999999999997,30.400000000000517,0.0,257.6066926380125,-1.9933073619874904
36.7,257.6066926380125,10.171545844923884,0.0,253.00418292400576,-4.602509714006715
36.800000000000004,253.00418292400576,4.732216182915919,0.5028571428571565,248.08999905556772,-4.9141838684380446
36.9,248.08999905556772,0.0,1.0,241.08999179070284,-7.000007264864877
37.0,241.08999179070284,0.0,1.0,234.1062500000001,-6.983741790702737
37.1,234.1062500000001,0.0,1.0,227.23124999999987,-6.875000000000227
37.2,227.23124999999987,0.0,1.0,222.01249412923053,-5.218755870769343
37.300000000000004,222.01249412923053,0.6625019569231548,1.0,218.26249642057147,-3.749997708659066
37.4,218.26249642057147,1.9125011931428424,1.0,214.53570971428576,-3.726786706285708
37.5,214.53570971428576,3.1857161142856865,1.0,210.9642811428571,-3.571428571428669
37.6,210.9642811428571,4.6142875428571655,1.0,207.3928525714284,-3.5714285714286973
37.7,207.3928525714284,6.042858971428645,1.0,204.25749913599998,-3.1353534354284136
37.800000000000004,204.25749913599998,10.547504128000153,0.0,202.00749651781828,-2.2500026181816963
37.9,202.00749651781828,21.297516637090506,0.0,199.75749628819884,-2.2500002296194452
38.0,199.75749628819884,32.0475177341612,0.0,197.5074973924325,-2.249998895766339
38.1,197.5074973924325,42.79751245837817,0.0,195.66999977290322,-1.8374976195292732
38.2,195.66999977290322,54.62000317935502,0.0,194.66999908473116,-1.000000688172065
38.300000000000004,194.66999908473116,68.62001281376382,0.0,194.30937523855428,-0.36062384617687826
38.400000000000006,194.30937523855428,79.23750095421715,0.0,195.24687596144577,0.9375007228914853
38.5,195.24687596144577,82.98750384578311,0.0,196.18437567792208,0.9374997164763101
38.6,196.18437567792208,86.73750271168838,0.0,197.27857142857155,1.094195750649476
38.7,197.27857142857155,90.4642857142859,0.0,199.4214285714287,2.142857142857139
38.800000000000004,199.4214285714287,94.0357142857145,0.0,201.56428571428586,2.142857142857167
38.900000000000006,201.56428571428586,97.60714285714312,0.0,204.10000629399593,2.5357205797100733
39.0,204.10000629399593,100.0,0.0,207.43333830227755,3.333332008281616
39.1,207.43333830227755,100.0,0.0,210.76666721975317,3.333328917475626
39.2,210.76666721975317,100.0,0.0,212.93750133333342,2.1708341135802414
39.300000000000004,212.93750133333342,100.0,0.0,215.02083565432108,2.0833343209876602
39.400000000000006,215.02083565432108,100.0,0.0,217.15937672558135,2.1385410712602777
39.5,217.15937672558135,100.0,0.0,219.34687699829058,2.1875002727092294
39.6,219.34687699829058,100.0,0.0,221.53437580170942,2.1874988034188334
39.7,221.53437580170942,100.0,0.0,224.03125286956526,2.4968770678558485
39.800000000000004,224.03125286956526,100.0,0.0,227.1562509473686,3.124998077803326
39.900000000000006,227.1562509473686,100.0,0.0,229.59687639999999,2.4406254526313944
40.0,229.59687639999999,100.0,0.0,231.78437736551726,2.1875009655172732
40.1,231.78437736551726,100.0,0.0,233.9718757563219,2.187498390804649
40.2,233.9718757563219,100.0,0.0,236.3250028182742,2.353127061952307
40.300000000000004,236.3250028182742,100.0,0.0,238.82500200609152,2.499999187817309
40.400000000000006,238.82500200609152,100.0,0.0,241.32500119390863,2.49999918781711
40.5,241.32500119390863,100.0,0.0,243.82500038172594,2.499999187817309
40.6,243.82500038172594,100.0,0.0,245.9636386909091,2.1386383091831647
40.7,245.9636386909091,100.0,0.0,247.78182050909095,1.8181818181818414
40.800000000000004,247.78182050909095,100.0,0.0,249.60000232727282,1.8181818181818699
40.900000000000006,249.60000232727282,100.0,0.0,251.41818414545452,1.8181818181816993
41.0,251.41818414545452,100.0,0.0,253.19500007656438,1.7768159311098657
41.1,253.19500007656438,100.0,0.0,254.6950006655215,1.500000588957107
41.2,254.6950006655215,100.0,0.0,256.1950012544786,1.500000588957107
41.300000000000004,256.1950012544786,100.0,0.0,257.6950018434357,1.500000588957107
41.400000000000006,257.6950018434357,100.0,0.0,259.1950001980952,1.4999983546595104
41.5,259.1950001980952,100.0,0.0,260.69500172190476,1.5000015238095443
41.6,260.69500172190476,100.0,0.0,262.162500111828,1.4674983899232643
41.7,262.162500111828,96.74999776343955,0.0,263.4125009720431,1.2500008602150956
41.800000000000004,263.4125009720431,71.74998055913812,0.0,264.6625013981309,1.2500004260878086
41.900000000000006,264.6625013981309,46.749972037381326,0.12616822429910002,265.9125006504673,1.2499992523363517
42.0,265.9125006504673,21.74998699065445,0.5934579439252292,265.0499976452832,-0.8625030051840668
42.1,265.0499976452832,0.0,1.0,250.04998328888817,-15.000014356395042
42.2,250.04998328888817,0.0,1.0,237.1699999999996,-12.879983288888582
42.300000000000004,237.1699999999996,0.0,1.0,226.1699999999996,-11.0
42.400000000000006,226.1699999999996,0.0,1.0,219.24066317756296,-6.929336822436625
42.5,219.24066317756296,0.0,1.0,215.92116088334126,-3.3195022942217065
42.6,215.92116088334126,0.0,1.0,212.0000009846153,-3.9211598987259606
42.7,212.0000009846153,0.049999950769234414,1.0,203.66667056761864,-8.33333041699666
42.800000000000004,203.66667056761864,0.46666647161906805,1.0,195.333334186666,-8.33333638095263
42.900000000000006,195.333334186666,0.8833332906666997,1.0,190.4800015778617,-4.853332608804294
43.0,190.4800015778617,2.0799993237735452,1.0,186.98000016905664,-3.500001408805076
43.1,186.98000016905664,3.5799999275471617,1.0,185.01594489991209,-1.964055269144552
43.2,185.01594489991209,15.972670384403003,0.0,183.64920170534558,-1.36674319456651
43.300000000000004,183.64920170534558,32.601379251629,0.0,182.28245888757962,-1.366742817765953
43.400000000000006,182.28245888757962,49.230083534447864,0.0,180.91571703872958,-1.3667418488500402
43.5,180.91571703872958,65.85877602879006,0.0,181.23750226285722,0.32178522412763755
43.6,181.23750226285722,80.91875716571455,0.0,184.98750353454568,3.750001271688461
43.7,184.98750353454568,92.79376119272797,0.0,187.21666827770125,2.2291647431555646
43.800000000000004,187.21666827770125,96.81111218513416,0.0,188.88333611658925,1.666667838888003
43.900000000000006,188.88333611658925,97.92222407772616,0.0,190.55000129488369,1.666665178294437
44.0,190.55000129488369,99.03333419658912,0.0,192.4694464474074,1.919445152523707
44.1,192.4694464474074,100.0,0.0,196.08056099216947,3.6111145447620743
44.2,196.08056099216947,100.0,0.0,199.69166990222237,3.6111089100529057
44.300000000000004,199.69166990222237,100.0,0.0,203.30277881227528,3.6111089100529057
44.400000000000006,203.30277881227528,100.0,0.0,207.31875684923074,4.01597803695546
44.5,207.31875684923074,100.0,0.0,211.69375061894746,4.374993769716724
44.6,211.69375061894746,100.0,0.0,213.80833457777783,2.114583958830366
44.7,213.80833457777783,100.0,0.0,215.75278016653903,1.944445588761198
44.800000000000004,215.75278016653903,100.0,0.0,217.6972231805876,1.9444430140485736
44.900000000000006,217.6972231805876,100.0,0.0,220.237500700885,2.540277520297394
45.0,220.237500700885,100.0,0.0,223.9875028247789,3.7500021238938928
45.1,223.9875028247789,100.0,0.0,227.73750240000012,3.7499995752212385
45.2,227.73750240000012,100.0,0.0,229.7437500000001,2.0062475999999663
45.300000000000004,229.7437500000001,100.0,0.0,231.91666844444464,2.172918444444548
45.400000000000006,231.91666844444464,100.0,0.0,234.69444900093373,2.777780556489091
45.5,234.69444900093373,100.0,0.0,237.4722260926985,2.7777770917647615
45.6,237.4722260926985,100.0,0.0,240.2500008228573,2.7777747301587965
45.7,240.2500008228573,100.0,0.0,242.14062790588238,1.8906270830250946
45.800000000000004,242.14062790588238,100.0,0.0,243.70312672941185,1.5624988235294666
45.900000000000006,243.70312672941185,100.0,0.0,245.2656255529412,1.5624988235293529
46.0,245.2656255529412,100.0,0.0,247.70357315918375,2.4379476062425454
46.1,247.70357315918375,100.0,0.0,250.9178605358071,3.2142873766233606
46.2,250.9178605358071,100.0,0.0,254.13214357847883,3.214283042671724
46.300000000000004,254.13214357847883,100.0,0.0,255.9125009038962,1.7803573254173557
46.400000000000006,255.9125009038962,100.0,0.0,257.32500028493143,1.4124993810352464
46.5,257.32500028493143,100.0,0.0,259.8250024767123,2.5000021917808795
46.6,259.8250024767123,100.0,0.0,262.3250032000001,2.5000007232877692
46.7,262.3250032000001,100.0,0.0,264.55000064,2.2249974399999246
46.800000000000004,264.55000064,100.0,0.0,266.21666924606063,1.6666686060606253
46.900000000000006,266.21666924606063,100.0,0.0,267.883333632,1.6666643859393844
47.0,267.883333632,100.0,0.0,269.74375134457836,1.8604177125783394
47.1,269.74375134457836,100.0,0.0,271.6187519792208,1.875000634642447
47.2,271.6187519792208,100.0,0.0,273.4937504207793,1.874998441558489
47.300000000000004,273.4937504207793,100.0,0.0,275.36875159272745,1.8750011719481563
47.400000000000006,275.36875159272745,100.0,0.0,277.24375341419363,1.875001821466185
47.5,277.24375341419363,100.0,0.0,279.118751091613,1.8749976774193442
47.6,279.118751091613,100.0,0.0,280.9275021957063,1.8087511040933464
47.7,280.9275021957063,100.0,0.0,282.677501562938,1.7499993672316805
47.800000000000004,282.677501562938,100.0,0.0,284.42750093016963,1.7499993672316236
47.900000000000006,284.42750093016963,100.0,0.0,286.1775002974012,1.7499993672315668
48.0,286.1775002974012,100.0,0.0,287.66250160000004,1.485001302598846
48.1,287.66250160000004,100.0,0.0,288.91250160000004,1.25
48.2,288.91250160000004,100.0,0.0,290.16250114042555,1.249999540425506
48.300000000000004,290.16250114042555,100.0,0.0,291.55000081860476,1.3874996781792106
48.400000000000006,291.55000081860476,100.0,0.0,293.2166688,1.6666679813952214
48.5,293.2166688,100.0,0.0,294.88333546666667,1.6666666666666856
48.6,294.88333546666667,100.0,0.0,296.5500007783785,1.6666653117118244
48.7,296.5500007783785,100.0,0.0,297.3041670339623,0.7541662555838116
48.800000000000004,297.3041670339623,100.0,0.0,297.72083360000005,0.41666656603774754
48.900000000000006,297.72083360000005,100.0,0.0,298.41121506782787,0.6903814678278195
49.0,298.41121506782787,100.0,0.0,299.6573213339728,1.2461062661449205
49.1,299.6573213339728,100.0,0.0,300.9034270461389,1.246105712166127
49.2,300.9034270461389,100.0,0.0,302.22500000000014,1.3215729538612209
49.300000000000004,302.22500000000014,100.0,0.0,304.10000000000014,1.875
49.400000000000006,304.10000000000014,100.0,0.0,305.65000000000003,1.5499999999998977
49.5,305.65000000000003,100.0,0.0,306.90000000000003,1.25
49.6,306.90000000000003,100.0,0.0,307.91999952896003,1.0199995289599997
49.7,307.91999952896003,100.0,0.0,308.9199999317334,1.0000004027733667
49.800000000000004,308.9199999317334,100.0,0.0,309.7666666666667,0.8466667349333079
49.900000000000006,309.7666666666667,100.0,0.0,310.6,0.8333333333333144
50.0,310.6,100.0,0.0,311.48902850750306,0.889028507503042
50.1,311.48902850750306,100.0,0.0,312.4294677053458,0.9404391978427498
50.2,312.4294677053458,100.0,0.0,313.36990687050724,0.9404391651614219
50.300000000000004,313.36990687050724,100.0,0.0,314.30937519223306,0.9394683217258262
50.400000000000006,314.30937519223306,100.0,0.0,315.2468757747573,0.9375005825242511
50.5,315.2468757747573,100.0,0.0,316.18437591578953,0.937500141032217
50.6,316.18437591578953,100.0,0.0,317.13000189452737,0.9456259787378372
50.7,317.13000189452737,100.0,0.0,318.1300015761194,0.999999681592044
50.800000000000004,318.1300015761194,100.0,0.0,319.1300012338145,0.9999996576950707
50.900000000000006,319.1300012338145,100.0,0.0,320.1300005740206,0.9999993402061023
51.0,320.1300005740206,100.0,0.0,321.0812507636363,0.9512501896157346
51.1,321.0812507636363,100.0,0.0,321.70625024415585,0.6249994805195342
51.2,321.70625024415585,100.0,0.0,322.56785882021984,0.8616085760639862
51.300000000000004,322.56785882021984,100.0,0.0,323.6392869294353,1.0714281092154465
51.400000000000006,323.6392869294353,100.0,0.0,324.71071454405313,1.0714276146178463
51.5,324.71071454405313,100.0,0.0,325.0,0.2892854559468674
51.6,325.0,100.0,0.0,325.12187522285717,0.12187522285717023
51.7,325.12187522285717,100.0,0.0,326.05937673302327,0.9375015101661006
51.800000000000004,326.05937673302327,100.0,0.0,326.996875895814,0.9374991627907434
51.900000000000006,326.996875895814,100.0,0.0,327.93437505860464,0.9374991627906297
52.0,327.93437505860464,100.0,0.0,328.69750107018467,0.7631260115800274
52.1,328.69750107018467,100.0,0.0,329.4475011968338,0.7500001266491267
52.2,329.4475011968338,100.0,0.0,330.19750132348287,0.7500001266490699
52.300000000000004,330.19750132348287,100.0,0.0,330.94750067200005,0.7499993485171785
52.400000000000006,330.94750067200005,100.0,0.0,331.58125,0.6337493279999649
52.5,331.58125,100.0,0.0,332.20625018082194,0.6250001808219281
52.6,332.20625018082194,100.0,0.0,332.8312507287671,0.6250005479451488
52.7,332.8312507287671,100.0,0.0,333.0,0.16874927123291172
52.800000000000004,333.0,100.0,0.0,333.0,0.0
52.900000000000006,333.0,100.0,0.0,333.6083344,0.6083343999999897
53.0,333.6083344,100.0,0.0,334.44166773333336,0.8333333333333712
53.1,334.44166773333336,100.0,0.0,335.0916667373494,0.6499990040160242
53.2,335.0916667373494,100.0,0.0,335.3694447293173,0.2777779919679233
53.300000000000004,335.3694447293173,100.0,0.0,335.64722245498285,0.27777772566554404
53.400000000000006,335.64722245498285,100.0,0.0,335.92500004948454,0.2777775945016856
53.5,335.92500004948454,100.0,0.0,336.36500032000004,0.4400002705154975
53.6,336.36500032000004,100.0,0.0,336.86500032000004,0.5
53.7,336.86500032000004,100.0,0.0,337.22812523174605,0.3631249117460129
53.800000000000004,337.22812523174605,100.0,0.0,337.5406254,0.3125001682539619
53.900000000000006,337.5406254,100.0,0.0,337.8531254,0.3125
54.0,337.8531254,100.0,0.0,338.0,0.14687459999998964
54.1,338.0,100.0,0.0,338.0,0.0
54.2,338.0,100.0,0.0,338.0406250252427,0.04062502524271849
54.300000000000004,338.0406250252427,100.0,0.0,338.3531252194175,0.31250019417478825
54.400000000000006,338.3531252194175,100.0,0.0,338.6656253754386,0.3125001560210876
54.5,338.6656253754386,100.0,0.0,338.9781250245614,0.31249964912279893
54.6,338.9781250245614,100.0,0.0,339.0,0.021874975438606725
54.7,339.0,100.0,0.0,339.0,0.0
54.800000000000004,339.0,100.0,0.0,339.0,0.0
54.900000000000006,339.0,100.0,0.0,339.0,0.0
55.0,339.0,82.15555052452297,0.0,339.0,0.0
55.1,339.0,57.711099188252845,0.0,339.0,0.0
55.2,339.0,33.26665643308249,0.0,337.64583249190883,-1.354167508091166
55.300000000000004,337.64583249190883,11.349999596116254,0.0,327.2291593527503,-10.416673139158547
55.400000000000006,327.2291593527503,6.349996489320141,0.0,316.8124894117649,-10.4166699409854
55.5,316.8124894117649,1.3499949176471535,0.20588235294112114,303.5389364399456,-13.2735529718193
55.6,303.5389364399456,0.0,1.0,289.20871701665624,-14.33021942328935
55.7,289.20871701665624,0.0,1.0,274.8785028162123,-14.330214200443947
55.800000000000004,274.8785028162123,0.0,1.0,261.760005663463,-13.118497152749285
55.900000000000006,261.760005663463,0.0,1.0,249.7600013729606,-12.000004290502403
56.0,249.7600013729606,0.0,1.0,239.28749999999997,-10.472501372960636
56.1,239.28749999999997,0.0,1.0,230.22499999999968,-9.062500000000284
56.2,230.22499999999968,0.0,1.0,221.1624999999994,-9.062500000000284
56.300000000000004,221.1624999999994,0.0,1.0,213.13333333333307,-8.029166666666328
56.400000000000006,213.13333333333307,0.1777777777778045,1.0,207.29999999999987,-5.833333333333201
56.5,207.29999999999987,0.7333333333333474,1.0,201.46666666666655,-5.833333333333314
56.6,201.46666666666655,1.288888888888901,1.0,195.63333333333324,-5.833333333333314
56.7,195.63333333333324,1.8444444444444545,1.0,192.6499999999999,-2.9833333333333485
56.800000000000004,192.6499999999999,2.9000000000000683,0.564102564102529,190.77358490566024,-1.8764150943396487
56.900000000000006,190.77358490566024,5.056603773585579,0.0,188.88679245283015,-1.8867924528300932
57.0,188.88679245283015,13.861635220126018,0.0,186.40999675586204,-2.476795696968111
57.1,186.40999675586204,28.335021086896766,0.0,183.40999896275852,-2.9999977931035176
57.2,183.40999896275852,47.83500674206952,0.0,182.75714529882362,-0.6528536639349056
57.300000000000004,182.75714529882362,63.435735040000665,0.0,184.18571565176478,1.4285703529411649
57.400000000000006,184.18571565176478,75.57858304000072,0.0,185.61428600470586,1.4285703529410796
57.5,185.61428600470586,87.72143103999991,0.0,188.88959069767438,3.2753046929685183
57.6,188.88959069767438,92.36875348837208,0.0,192.84792318936888,3.958332491694506
57.7,192.84792318936888,94.24375308970104,0.0,196.80625568106336,3.9583324916944775
57.800000000000004,196.80625568106336,96.11875269103,0.0,200.7645873791048,3.958331698041434
57.900000000000006,200.7645873791048,97.99375191641806,0.0,204.72291693134338,3.958329552238581
58.0,204.72291693134338,99.86875012537317,0.0,207.32500437569067,2.6020874443472906
58.1,207.32500437569067,100.0,0.0,209.82500349171283,2.499999116022167
58.2,209.82500349171283,100.0,0.0,212.32500247074844,2.4999989790356096
58.300000000000004,212.32500247074844,100.0,0.0,214.82500138231308,2.4999989115646315
58.400000000000006,214.82500138231308,100.0,0.0,217.32500029387754,2.499998911564461
58.5,217.32500029387754,100.0,0.0,219.41944553895584,2.0944452450783047
58.6,219.41944553895584,100.0,0.0,221.3638912879726,1.9444457490167508
58.7,221.3638912879726,100.0,0.0,223.30833444948462,1.9444431615120266
58.800000000000004,223.30833444948462,100.0,0.0,225.26591298747007,1.9575785379854551
58.900000000000006,225.26591298747007,100.0,0.0,227.3113671490269,2.045454161556819
59.0,227.3113671490269,100.0,0.0,229.35682131058388,2.0454541615569894
59.1,229.35682131058388,100.0,0.0,231.40227547214087,2.0454541615569894
59.2,231.40227547214087,100.0,0.0,233.44772802475836,2.0454525526174905
59.300000000000004,233.44772802475836,100.0,0.0,236.190001507097,2.7422734823386463
59.400000000000006,236.190001507097,100.0,0.0,239.19000357161295,3.0000020645159395
59.5,239.19000357161295,100.0,0.0,241.82500189405405,2.634998322441106
59.6,241.82500189405405,100.0,0.0,244.32500448864863,2.5000025945945765
59.7,244.32500448864863,100.0,0.0,246.82500125591417,2.499996767265543
59.800000000000004,246.82500125591417,100.0,0.0,249.3250029763443,2.5000017204301344
59.900000000000006,249.3250029763443,100.0,0.0,250.30416666666667,0.9791636903223662
60.0,250.30416666666667,100.0,0.0,250.72083333333333,0.4166666666666572
60.1,250.72083333333333,100.0,0.0,251.61875000000003,0.8979166666667027
60.2,251.61875000000003,100.0,0.0,253.4937500000001,1.8750000000000568
60.300000000000004,253.4937500000001,100.0,0.0,254.49772727272733,1.0039772727272407
60.400000000000006,254.49772727272733,100.0,0.0,255.17954545454546,0.6818181818181301
60.5,255.17954545454546,100.0,0.0,255.86136363636365,0.681818181818187
60.6,255.86136363636365,100.0,0.0,256.54318181818184,0.681818181818187
60.7,256.54318181818184,100.0,0.0,257.82500000000005,1.2818181818182097
60.800000000000004,257.82500000000005,100.0,0.0,260.32500000000016,2.5000000000001137
60.900000000000006,260.32500000000016,100.0,0.0,261.6083339513228,1.2833339513226178
61.0,261.6083339513228,100.0,0.0,262.44166729356726,0.8333333422444866
61.1,262.44166729356726,100.0,0.0,263.5775011200001,1.1358338264328154
61.2,263.5775011200001,100.0,0.0,265.3275022400001,1.7500011200000358
61.300000000000004,265.3275022400001,100.0,0.0,267.0775022400002,1.7500000000000568
61.400000000000006,267.0775022400002,100.0,0.0,268.82750224000006,1.7499999999998863
61.5,268.82750224000006,100.0,0.0,270.6750002360656,1.847497996065556
61.6,270.6750002360656,100.0,0.0,272.7204554968704,2.045455260804772
61.7,272.7204554968704,100.0,0.0,274.76591075767516,2.045455260804772
61.800000000000004,274.76591075767516,100.0,0.0,276.81136601848,2.045455260804829
61.900000000000006,276.81136601848,100.0,0.0,278.85681842948406,2.045452411004078
62.0,278.85681842948406,100.0,0.0,280.3950016845283,1.5381832550442596
62.1,280.3950016845283,100.0,0.0,281.89500014297874,1.4999984584504205
62.2,281.89500014297874,100.0,0.0,283.0304714128927,1.1354712699139782
62.300000000000004,283.0304714128927,100.0,0.0,284.13850414092263,1.1080327280299116
62.400000000000006,284.13850414092263,100.0,0.0,285.2465364935693,1.10803235264666
62.5,285.2465364935693,100.0,0.0,286.34285714285716,1.0963206492878612
62.6,286.34285714285716,100.0,0.0,287.4142857142857,1.0714285714285552
62.7,287.4142857142857,100.0,0.0,288.4857142857143,1.071428571428612
62.800000000000004,288.4857142857143,100.0,0.0,289.72222222222234,1.2365079365080192
62.900000000000006,289.72222222222234,100.0,0.0,291.11111111111114,1.3888888888888005
63.0,291.11111111111114,100.0,0.0,292.50000000000006,1.3888888888889142
63.1,292.50000000000006,100.0,0.0,293.88888888888897,1.3888888888889142
63.2,293.88888888888897,100.0,0.0,294.92,1.031111111111045
63.300000000000004,294.92,100.0,0.0,295.92,1.0
63.400000000000006,295.92,100.0,0.0,296.575,0.6549999999999727
63.5,296.575,100.0,0.0,297.3009406200019,0.725940620001893
63.6,297.3009406200019,100.0,0.0,298.2413800575078,0.9404394375059155
63.7,298.2413800575078,100.0,0.0,299.18181949501366,0.9404394375058587
63.800000000000004,299.18181949501366,100.0,0.0,300.13000023771434,0.9481807427006856
63.900000000000006,300.13000023771434,100.0,0.0,301.1300017583158,1.0000015206014723
64.0,301.1300017583158,100.0,0.0,302.16250006797395,1.0324983096581377
64.10000000000001,302.16250006797395,100.0,0.0,303.4125005908497,1.2500005228757232
64.2,303.4125005908497,100.0,0.0,304.66250111372545,1.25000052287578
64.3,304.66250111372545,100.0,0.0,305.9125008000001,1.2499996862746343
64.4,305.9125008000001,100.0,0.0,306.3321432969458,0.41964249694569844
64.5,306.3321432969458,100.0,0.0,306.6892861561905,0.3571428592447319
64.60000000000001,306.6892861561905,100.0,0.0,307.1625000000001,0.47321384380956033
64.7,307.1625000000001,100.0,0.0,308.4125,1.2499999999999432
64.8,308.4125,100.0,0.0,309.2208340275482,0.8083340275481987
64.9,309.2208340275482,100.0,0.0,309.63750053333337,0.41666650578514464
65.0,309.63750053333337,100.0,0.0,310.05416720000005,0.4166666666666856
65.10000000000001,310.05416720000005,100.0,0.0,310.4708338666667,0.41666666666662877
65.2,310.4708338666667,100.0,0.0,310.88750015319147,0.4166662865247872
65.3,310.88750015319147,100.0,0.0,311.3650009031112,0.47750074991972724
65.4,311.3650009031112,100.0,0.0,311.865000192,0.49999928888883005
65.5,311.865000192,100.0,0.0,312.456250604138,0.5912504121379811
65.60000000000001,312.456250604138,100.0,0.0,313.16250014246583,0.7062495383278247
65.7,313.16250014246583,100.0,0.0,314.4125012383561,1.2500010958902976
65.8,314.4125012383561,100.0,0.0,315.0,0.5874987616438716
65.9,315.0,100.0,0.0,315.0,0.0
66.0,315.0,100.0,0.0,315.05416670032366,0.05416670032366255
66.10000000000001,315.05416670032366,100.0,0.0,315.47083362588995,0.4166669255662896
66.2,315.47083362588995,100.0,0.0,315.8875004235294,0.4166667976394365
66.3,315.8875004235294,100.0,0.0,316.73000075762167,0.8425003340922785
66.4,316.73000075762167,100.0,0.0,317.7300017954595,1.0000010378378192
66.5,317.7300017954595,100.0,0.0,318.30416666666673,0.5741648712072447
66.60000000000001,318.30416666666673,100.0,0.0,318.72083333333336,0.41666666666662877
66.7,318.72083333333336,100.0,0.0,319.10312544000004,0.38229210666668223
66.8,319.10312544000004,100.0,0.0,319.4156255325671,0.31250009256706335
66.9,319.4156255325671,100.0,0.0,319.7281254559387,0.3124999233716039
67.0,319.7281254559387,100.0,0.0,320.08125,0.353124544061302
67.10000000000001,320.08125,100.0,0.0,320.70625,0.625
67.2,320.70625,100.0,0.0,321.2208338474226,0.5145838474226139
67.3,321.2208338474226,100.0,0.0,321.63750023917527,0.4166663917526421
67.4,321.63750023917527,100.0,0.0,322.08125012093024,0.4437498817549681
67.5,322.08125012093024,100.0,0.0,322.70625050810816,0.62500038717792
67.60000000000001,322.70625050810816,100.0,0.0,323.2208333333333,0.5145828252251476
67.7,323.2208333333333,100.0,0.0,323.6375,0.4166666666666856
67.8,323.6375,100.0,0.0,324.0406250604651,0.4031250604651291
67.9,324.0406250604651,100.0,0.0,324.35312535384617,0.31250029338104923
68.0,324.35312535384617,100.0,0.0,324.665625182906,0.3124998290598455
68.10000000000001,324.665625182906,100.0,0.0,324.97812501196586,0.3124998290598455
68.2,324.97812501196586,100.0,0.0,325.0,0.021874988034142007
68.3,325.0,100.0,0.0,325.0,0.0
68.4,325.0,100.0,0.0,325.0,0.0
68.5,325.0,100.0,0.0,325.0,0.0
68.60000000000001,325.0,100.0,0.0,325.3321430017493,0.332143001749273
68.7,325.3321430017493,100.0,0.0,325.6892858638023,0.35714286205302415
68.8,325.6892858638023,100.0,0.0,326.06467665139763,0.37539078759533595
68.9,326.06467665139763,100.0,0.0,326.56218922928235,0.49751257788472003
69.0,326.56218922928235,100.0,0.0,327.0,0.43781077071764685
69.10000000000001,327.0,100.0,0.0,327.0,0.0
69.2,327.0,100.0,0.0,327.0,0.0
69.3,327.0,100.0,0.0,327.0,0.0
69.4,327.0,100.0,0.0,327.0,0.0
69.5,327.0,100.0,0.0,327.0,0.0
69.60000000000001,327.0,100.0,0.0,327.0,0.0
69.7,327.0,100.0,0.0,327.0,0.0
69.8,327.0,100.0,0.0,327.0,0.0
69.9,327.0,100.0,0.0,327.0,0.0
70.0,327.0,100.0,0.0,327.0,0.0
70.10000000000001,327.0,100.0,0.0,327.0,0.0
70.2,327.0,100.0,0.0,327.0,0.0
70.3,327.0,100.0,0.0,327.0,0.0
70.4,327.0,100.0,0.0,327.0,0.0
70.5,327.0,100.0,0.0,327.0,0.0
70.60000000000001,327.0,100.0,0.0,327.0,0.0
70.7,327.0,98.94374999999955,0.0,327.0,0.0
70.8,327.0,90.81874999999984,0.0,323.0249999999993,-3.975000000000705
70.9,323.0249999999993,67.78749999999657,0.22083333333337282,315.525,-7.499999999999318
71.0,315.525,31.5375,0.6375000000000001,307.24499481599923,-8.280005184000743
71.10000000000001,307.24499481599923,0.0,1.0,293.744983296,-13.500011519999248
71.2,293.744983296,0.0,1.0,280.57812411650576,-13.166859179494224
71.3,280.57812411650576,0.0,1.0,269.6406173203877,-10.937506796118043
71.4,269.6406173203877,0.0,1.0,258.7031118596486,-10.937505460739146
71.5,258.7031118596486,0.0,1.0,247.76562414034984,-10.93748771929873
71.60000000000001,247.76562414034984,0.0,1.0,242.64062304895089,-5.125001091398957
71.7,242.64062304895089,0.2906251300699397,1.0,237.95312095104907,-4.687502097901813
71.8,237.95312095104907,0.6031252699300603,1.0,233.26562023529394,-4.687500715755135
71.9,233.26562023529394,0.9156253176470706,1.0,229.62749867965238,-3.638121555641561
72.0,229.62749867965238,1.9125005078260062,1.0,226.37749687095643,-3.2500018086959415
72.10000000000001,226.37749687095643,3.162501203478291,1.0,223.12749506226095,-3.2500018086954867
72.2,223.12749506226095,4.4125018991303975,1.0,219.87749693672743,-3.249998125533523
72.3,219.87749693672743,5.66250117818176,0.49090909090917545,217.17499839999982,-2.702498536727603
72.4,217.17499839999982,7.825001600000178,0.0,214.7562499999999,-2.418748399999913
72.5,214.7562499999999,10.0,0.0,212.88124999999988,-1.8750000000000284
72.60000000000001,212.88124999999988,10.0,0.0,211.70555516567052,-1.175694834329363
72.7,211.70555516567052,20.747236453026563,0.0,211.14999896844998,-0.5555561972205396
72.8,211.14999896844998,41.02503765157655,0.0,210.5944438766169,-0.555555091833071
72.9,210.5944438766169,61.30279850348278,0.0,210.03888885174132,-0.5555550248755878
73.0,210.03888885174132,81.58055691144178,0.0,211.16250101917814,1.1236121674368178
73.10000000000001,211.16250101917814,89.39375560547965,0.0,212.75000026229512,1.58749924311698
73.2,212.75000026229512,94.45000015737706,0.0,215.02272832985582,2.2727280675607062
73.3,215.02272832985582,95.8136369979135,0.0,217.2954563974169,2.2727280675610757
73.4,217.2954563974169,97.17727383845013,0.0,219.5681844649776,2.2727280675607062
73.5,219.5681844649776,98.54091067898658,0.0,221.84090936609357,2.2727249011159643
73.60000000000001,221.84090936609357,99.90454561965615,0.0,223.3950016845284,1.55409231843484
73.7,223.3950016845284,100.0,0.0,224.89500014297866,1.49999845845025
73.8,224.89500014297866,100.0,0.0,227.32500203835622,2.4300018953775577
73.9,227.32500203835622,100.0,0.0,229.8250004148147,2.4999983764584783
74.0,229.8250004148147,100.0,0.0,231.2916677990868,1.4666673842721138
74.10000000000001,231.2916677990868,100.0,0.0,232.68055694288677,1.3888891437999575
74.2,232.68055694288677,100.0,0.0,234.0694450010383,1.3888880581515366
74.3,234.0694450010383,100.0,0.0,235.67500257391313,1.6055575728748295
74.4,235.67500257391313,100.0,0.0,237.7204564869565,2.04545391304336
74.5,237.7204564869565,100.0,0.0,239.76591040000014,2.0454539130436444
74.60000000000001,239.76591040000014,100.0,0.0,241.8113643130435,2.04545391304336
74.7,241.8113643130435,100.0,0.0,243.85681822608686,2.04545391304336
74.8,243.85681822608686,100.0,0.0,245.62750050318851,1.7706822771016562
74.9,245.62750050318851,100.0,0.0,247.3775010442513,1.750000541062775
75.0,247.3775010442513,100.0,0.0,249.1275006209329,1.7499995766816028
75.10000000000001,249.1275006209329,100.0,0.0,250.87750004062192,1.7499994196890327
75.2,250.87750004062192,100.0,0.0,251.99642958367346,1.1189295430515358
75.3,251.99642958367346,100.0,0.0,253.06785791762533,1.0714283339518715
75.4,253.06785791762533,100.0,0.0,254.21606658657436,1.1482086689490245
75.5,254.21606658657436,100.0,0.0,255.87811725253036,1.6620506659560021
75.60000000000001,255.87811725253036,100.0,0.0,257.54016696655077,1.6620497140204122
75.7,257.54016696655077,100.0,0.0,259.2022164907878,1.662049524237034
75.8,259.2022164907878,100.0,0.0,260.8272727272728,1.6250562364850225
75.9,260.8272727272728,100.0,0.0,262.4181818181818,1.5909090909089514
76.0,262.4181818181818,100.0,0.0,264.009090909091,1.5909090909092356
76.10000000000001,264.009090909091,100.0,0.0,265.6000000000001,1.590909090909065
76.2,265.6000000000001,100.0,0.0,267.1499998870588,1.549999887058732
76.3,267.1499998870588,100.0,0.0,268.39999929037657,1.2499994033177586
76.4,268.39999929037657,100.0,0.0,269.6499996251046,1.2500003347280426
76.5,269.6499996251046,100.0,0.0,270.8999999598328,1.2500003347282131
76.60000000000001,270.8999999598328,100.0,0.0,272.24,1.3400000401671832
76.7,272.24,100.0,0.0,274.2400000000001,2.0000000000001137
76.80000000000001,274.2400000000001,100.0,0.0,276.17999990784,1.9399999078398764
76.9,276.17999990784,100.0,0.0,277.6799991398399,1.4999992319998796
77.0,277.6799991398399,100.0,0.0,279.16713090673477,1.4871317668948905
77.10000000000001,279.16713090673477,100.0,0.0,280.5598884731499,1.3927575664151277
77.2,280.5598884731499,100.0,0.0,281.9526461763282,1.3927577031782903
77.30000000000001,281.9526461763282,100.0,0.0,283.3454038795063,1.3927577031781198
77.4,283.3454038795063,100.0,0.0,284.56785827904065,1.2224543995343424
77.5,284.56785827904065,100.0,0.0,285.6392863499479,1.0714280709072455
77.60000000000001,285.6392863499479,100.0,0.0,286.710714420855,1.0714280709071318
77.7,286.710714420855,100.0,0.0,288.0950012569073,1.384286836052297
77.80000000000001,288.0950012569073,100.0,0.0,289.5950002672165,1.4999990103091818
77.9,289.5950002672165,100.0,0.0,290.7300015731613,1.1350013059447974
78.0,290.7300015731613,100.0,0.0,291.73000033445174,0.999998761290442
78.10000000000001,291.73000033445174,100.0,0.0,292.73000127999995,1.0000009455482086
78.2,292.73000127999995,100.0,0.0,293.73000128000007,1.0000000000001137
78.30000000000001,293.73000128000007,100.0,0.0,294.7300016301887,1.0000003501886567
78.4,294.7300016301887,100.0,0.0,295.7300009425455,0.9999993123567492
78.5,295.7300009425455,100.0,0.0,296.7300000000001,0.9999990574546018
78.60000000000001,296.7300000000001,100.0,0.0,297.73,0.9999999999999432
78.7,297.73,100.0,0.0,298.45625110743805,0.7262511074380313
78.80000000000001,298.45625110743805,100.0,0.0,299.0812507636364,0.6249996561983266
78.9,299.0812507636364,100.0,0.0,299.70625024415585,0.6249994805194774
79.0,299.70625024415585,100.0,0.0,300.7950009600001,1.0887507158442418
79.10000000000001,300.7950009600001,100.0,0.0,302.29500096000004,1.4999999999999432
79.2,302.29500096000004,100.0,0.0,303.3785716429837,1.083570682983634
79.30000000000001,303.3785716429837,100.0,0.0,304.09285776182054,0.714286118836867
79.4,304.09285776182054,100.0,0.0,304.8071433142857,0.714285552465185
79.5,304.8071433142857,100.0,0.0,305.5615391396227,0.7543958253369851
79.60000000000001,305.5615391396227,100.0,0.0,306.3307702153847,0.7692310757619794
79.7,306.3307702153847,100.0,0.0,307.10000098461546,0.7692307692307736
79.80000000000001,307.10000098461546,100.0,0.0,307.8692317538462,0.7692307692307168
79.9,307.8692317538462,100.0,0.0,308.63846203076923,0.7692302769230537
80.0,308.63846203076923,100.0,0.0,309.29444462740025,0.65598259663102
80.10000000000001,309.29444462740025,100.0,0.0,309.85000052815536,0.5555559007551096
80.2,309.85000052815536,100.0,0.0,310.4055560496393,0.5555555214839387
80.30000000000001,310.4055560496393,100.0,0.0,310.9611111434344,0.5555550937950784
80.4,310.9611111434344,100.0,0.0,311.4650008766284,0.5038897331940007
80.5,311.4650008766284,100.0,0.0,311.96500075402304,0.49999987739465723
80.60000000000001,311.96500075402304,100.0,0.0,312.4650006007018,0.4999998466787474
80.7,312.4650006007018,100.0,0.0,312.9650000392983,0.49999943859648965
80.80000000000001,312.9650000392983,100.0,0.0,313.66428636835167,0.6992863290533933
0.0,316.50999936,100.0,0.0,317.00833332877494,0.4983339687749435
0.1,317.00833332877494,100.0,0.0,317.42499976752134,0.41666643874640386
0.2,317.42499976752134,100.0,0.0,317.8416665842818,0.41666681676048256
0.30000000000000004,317.8416665842818,100.0,0.0,318.31,0.46833341571817755
0.4,318.31,100.0,0.0,318.81,0.5
0.5,318.81,100.0,0.0,319.25833312047837,0.4483331204783667
0.6000000000000001,319.25833312047837,100.0,0.0,319.67499990672644,0.4166667862480722
0.7000000000000001,319.67499990672644,100.0,0.0,320.0916666165242,0.41666670979776654
0.8,320.0916666165242,100.0,0.0,320.5083330775068,0.416666460982583
0.9,320.5083330775068,100.0,0.0,320.9249999609756,0.41666688346879255
1.0,320.9249999609756,100.0,0.0,321.0,0.07500003902441676
1.1,321.0,100.0,0.0,321.0,0.0
1.2000000000000002,321.0,100.0,0.0,321.0,0.0
1.3,321.0,100.0,0.0,321.18333328767835,0.18333328767835155
1.4000000000000001,321.18333328767835,100.0,0.0,322.01666641348896,0.8333331258106114
1.5,322.01666641348896,100.0,0.0,322.84999953929963,0.8333331258106682
1.6,322.84999953929963,100.0,0.0,323.6833329554559,0.8333334161562789
1.7000000000000002,323.6833329554559,100.0,0.0,324.51666652795217,0.8333335724962581
1.8,324.51666652795217,100.0,0.0,325.26249987737225,0.7458333494200815
1.9000000000000001,325.26249987737225,100.0,0.0,325.8874996869565,0.624999809584267
2.0,325.8874996869565,100.0,0.0,326.0,0.1125003130434834
2.1,326.0,100.0,0.0,326.0,0.0
2.2,326.0,100.0,0.0,326.3149999215564,0.31499992155642076
2.3000000000000003,326.3149999215564,100.0,0.0,327.064999734786,0.7499998132295786
2.4000000000000004,327.064999734786,100.0,0.0,327.8149995480156,0.7499998132295786
2.5,327.8149995480156,100.0,0.0,328.5649998053147,0.7500002572991207
2.6,328.5649998053147,100.0,0.0,329.14999990303033,0.5850000977156355
2.7,329.14999990303033,100.0,0.0,329.50714252929293,0.3571426262626005
2.8000000000000003,329.50714252929293,100.0,0.0,329.86428550243903,0.35714297314609667
2.9000000000000004,329.86428550243903,100.0,0.0,330.3099997954639,0.44571429302487786
3.0,330.3099997954639,100.0,0.0,330.80999988194174,0.5000000864778258
3.1,330.80999988194174,100.0,0.0,331.2214283312349,0.4114284492931688
3.2,331.2214283312349,100.0,0.0,331.57857109559086,0.35714276435595593
3.3000000000000003,331.57857109559086,100.0,0.0,331.9357142349206,0.3571431393297644
3.4000000000000004,331.9357142349206,100.0,0.0,332.3402493554889,0.404535120568255
3.5,332.3402493554889,100.0,0.0,332.75518686776,0.4149375122711376
3.6,332.75518686776,100.0,0.0,333.0931821320574,0.33799526429737625
3.7,333.0931821320574,100.0,0.0,333.3204547938461,0.2272726617887315
3.8000000000000003,333.3204547938461,100.0,0.0,333.54772729734265,0.22727250349652195
3.9000000000000004,333.54772729734265,100.0,0.0,333.7749998829268,0.22727258558415997
4.0,333.7749998829268,100.0,0.0,334.0035714317314,0.2285715488046094
4.1000000000000005,334.0035714317314,100.0,0.0,334.36071460487165,0.3571431731402299
4.2,334.36071460487165,100.0,0.0,334.7178577780119,0.3571431731402299
4.3,334.7178577780119,100.0,0.0,335.0875,0.3696422219881015
4.4,335.0875,100.0,0.0,335.50416666666666,0.4166666666666856
4.5,335.50416666666666,100.0,0.0,335.92083333333335,0.4166666666666856
4.6000000000000005,335.92083333333335,100.0,0.0,336.40499976638034,0.4841664330469939
4.7,336.40499976638034,100.0,0.0,336.9049999626994,0.5000001963190357
4.800000000000001,336.9049999626994,100.0,0.0,337.0,0.0950000373006219
4.9,337.0,100.0,0.0,337.06562496410254,0.0656249641025397
5.0,337.06562496410254,100.0,0.0,337.37812481777775,0.31249985367520594
5.1000000000000005,337.37812481777775,100.0,0.0,337.6906252622222,0.3125004444444812
5.2,337.6906252622222,100.0,0.0,338.00357142857143,0.3129461663492066
5.300000000000001,338.00357142857143,100.0,0.0,338.36071428571427,0.3571428571428328
5.4,338.36071428571427,100.0,0.0,338.71785714285716,0.3571428571428896
5.5,338.71785714285716,100.0,0.0,339.0,0.28214285714284415
5.6000000000000005,339.0,100.0,0.0,339.0,0.0
5.7,339.0,100.0,0.0,339.3836476638575,0.38364766385751636
5.800000000000001,339.3836476638575,100.0,0.0,340.0,0.6163523361424836
5.9,340.0,100.0,0.0,340.0,0.0
6.0,340.0,100.0,0.0,340.0,0.0
6.1000000000000005,340.0,100.0,0.0,340.0,0.0
6.2,340.0,100.0,0.0,340.0,0.0
6.300000000000001,340.0,100.0,0.0,340.0785714030457,0.0785714030457143
6.4,340.0785714030457,100.0,0.0,340.43571414416243,0.35714274111671784
6.5,340.43571414416243,100.0,0.0,340.79285698313254,0.35714283897010546
6.6000000000000005,340.79285698313254,100.0,0.0,340.88333338783457,0.09047640470203078
6.7,340.88333338783457,100.0,0.0,340.6055557382443,-0.2777776495902913
6.800000000000001,340.6055557382443,100.0,0.0,340.3277780586863,-0.27777767955797117
6.9,340.3277780586863,100.0,0.0,340.05000015238096,-0.2777779063053458
7.0,340.05000015238096,100.0,0.0,340.0,-0.05000015238096012
7.1000000000000005,340.0,100.0,0.0,339.8900001805128,-0.10999981948720006
7.2,339.8900001805128,100.0,0.0,339.39000040918035,-0.49999977133245466
7.300000000000001,339.39000040918035,100.0,0.0,339.0,-0.3900004091803453
7.4,339.0,100.0,0.0,339.0,0.0
7.5,339.0,100.0,0.0,339.0,0.0
7.6000000000000005,339.0,100.0,0.0,339.0,0.0
7.7,339.0,100.0,0.0,339.0,0.0
7.800000000000001,339.0,100.0,0.0,339.0,0.0
7.9,339.0,100.0,0.0,339.0,0.0
8.0,339.0,100.0,0.0,338.57999888879124,-0.42000111120876227
8.1,338.57999888879124,100.0,0.0,337.5799995920879,-0.9999992967033222
8.200000000000001,337.5799995920879,100.0,0.0,337.0,-0.5799995920879155
8.3,337.0,78.99998052173859,0.0,337.0,0.0
8.4,337.0,28.999940129032463,0.0645161290322516,330.28000000000003,-6.71999999999997
8.5,330.28000000000003,0.0,1.0,314.28000000000003,-16.0
8.6,314.28000000000003,0.0,1.0,297.9125045818179,-16.367495418182102
8.700000000000001,297.9125045818179,0.0,1.0,281.03751549090896,-16.87498909090897
8.8,281.03751549090896,0.0,1.0,264.16251822978717,-16.87499726112179
8.9,264.16251822978717,0.0,1.0,247.28751057021276,-16.875007659574408
9.0,247.28751057021276,0.0,1.0,230.41250291063835,-16.875007659574408
9.1,230.41250291063835,0.0,1.0,216.71500790237278,-13.697495008265577
9.200000000000001,216.71500790237278,0.0,1.0,204.96501269333328,-11.749995209039497
9.3,204.96501269333328,0.0,1.0,193.21500736,-11.750005333333291
9.4,193.21500736,0.0,1.0,181.4650020266667,-11.750005333333291
9.5,181.4650020266667,0.0,1.0,171.1100038861854,-10.354998140481285
9.600000000000001,171.1100038861854,0.0,1.0,161.61000224310666,-9.500001643078747
9.700000000000001,161.61000224310666,0.0,1.0,152.42000360727263,-9.18999863583403
9.8,152.42000360727263,0.0,1.0,143.4200094254545,-8.999994181818124
9.9,143.4200094254545,0.0,1.0,137.17012448132783,-6.249884944126677
10.0,137.17012448132783,0.0,1.0,132.60580912863065,-4.564315352697179
10.100000000000001,132.60580912863065,0.0,1.0,127.55623716923068,-5.0495719593999695
10.200000000000001,127.55623716923068,0.0,1.0,120.68124639999996,-6.87499076923072
10.3,120.68124639999996,0.0,1.0,115.71249999999996,-4.968746400000001
10.4,115.71249999999996,0.0,1.0,111.96250000000002,-3.749999999999943
10.5,111.96250000000002,0.0,1.0,108.21249999999996,-3.750000000000057
10.600000000000001,108.21249999999996,0.0,1.0,104.46249999999998,-3.749999999999986
10.700000000000001,104.46249999999998,0.0,1.0,100.7125,-3.7499999999999716
10.8,100.7125,0.0,1.0,96.96249574306569,-3.750004256934318
10.9,96.96249574306569,0.0,1.0,93.21249453114751,-3.7500012119181747
11.0,93.21249453114751,0.0,1.0,89.46249846557369,-3.749996065573825
11.100000000000001,89.46249846557369,0.0,1.0,86.98333417835495,-2.4791642872187367
11.200000000000001,86.98333417835495,0.0,1.0,85.31666718364006,-1.6666669947148876
11.3,85.31666718364006,0.0,1.0,83.59166630537634,-1.725000878263728
11.4,83.59166630537634,1.6916681634409203,1.0,81.64722014050179,-1.9444461648745488
11.5,81.64722014050179,9.747230846492588,1.0,79.70277414887332,-1.94444599162847
11.600000000000001,79.70277414887332,17.802792811810516,0.9720279720279629,77.7583323151515,-1.944441833721811
11.700000000000001,77.7583323151515,25.85833755151519,0.2727272727272694,77.38125000000001,-0.3770823151514975
11.8,77.38125000000001,31.668750000000024,0.0,78.03125000000004,0.6500000000000341
11.9,78.03125000000004,36.05000000000006,0.0,81.15624999999999,3.124999999999943
12.0,81.15624999999999,41.049999999999976,0.0,82.8975,1.741250000000008
12.100000000000001,82.8975,39.48999999999977,0.10250000000000527,82.6475,-0.25
12.200000000000001,82.6475,28.489999999999817,0.35250000000000414,82.3975,-0.25
12.3,82.3975,17.489999999999867,0.602500000000003,82.1475,-0.25
12.4,82.1475,6.489999999999917,0.8525000000000019,81.17587939698491,-0.9716206030150829
12.5,81.17587939698491,0.0,0.7939698492462292,79.16582914572861,-2.0100502512563025
12.600000000000001,79.16582914572861,0.0,0.2914572864321513,77.73750021818181,-1.4283289275468007
12.700000000000001,77.73750021818181,1.3124989090909593,0.0,77.11250008674698,-0.625000131434831
12.8,77.11250008674698,4.437499566265096,0.0,75.29166508212559,-1.8208350046213866
12.9,75.29166508212559,5.683333967149765,0.0,73.20833181699346,-2.0833332651321257
13.0,73.20833181699346,6.516667273202617,0.0,72.1049999425641,-1.103331874429358
13.100000000000001,72.1049999425641,8.889998966153904,0.0,72.35499984,0.2499998974358988
13.200000000000001,72.35499984,13.389997120000022,0.0,72.60499984,0.25
13.3,72.60499984,17.88999712000003,0.0,72.85499985269841,0.25000001269840766
13.4,72.85499985269841,22.38999734857146,0.0,73.34999985732485,0.49500000462643357
13.5,73.34999985732485,26.866665905732475,0.0,74.18333285095542,0.8333329936305773
13.600000000000001,74.18333285095542,31.31110853842893,0.0,75.01666635665026,0.8333335056948385
13.700000000000001,75.01666635665026,35.75555390213469,0.0,75.84999995270937,0.8333335960591057
13.8,75.84999995270937,40.199999747783295,0.0,79.27999744,3.4299974872906347
13.9,79.27999744,44.68999712000001,0.0,83.27999799652176,4.000000556521755
14.0,83.27999799652176,49.18999774608697,0.0,86.86999896225993,3.59000096573817
14.100000000000001,86.86999896225993,54.09999851751417,0.0,90.36999824695656,3.499999284696628
14.200000000000001,90.36999824695656,59.09999749565222,0.0,93.92857414492757,3.5585758979710107
14.3,93.92857414492757,64.6857186318841,0.0,97.5000031549296,3.571429010002035
14.4,97.5000031549296,70.40000504788736,0.0,101.11250000000004,3.6124968450704387
14.5,101.11250000000004,76.03750000000001,0.0,106.73750000000011,5.625000000000071
14.600000000000001,106.73750000000011,77.91250000000004,0.0,112.20499691845308,5.467496918452966
14.700000000000001,112.20499691845308,80.57499779889505,0.0,117.45500248751385,5.250005569060775
14.8,117.45500248751385,84.32500177679562,0.0,122.7050058338462,5.250003346332349
14.9,122.7050058338462,88.075004167033,0.0,127.95500214153847,5.249996307692271
15.0,127.95500214153847,91.82500152967035,0.0,132.31250171428576,4.357499572747287
15.100000000000001,132.31250171428576,95.5750020571429,0.0,135.43750116129036,3.1249994470045976
15.200000000000001,135.43750116129036,99.32500139354842,0.0,140.0240764368332,4.586575275542856
15.3,140.0240764368332,100.0,0.0,144.9314867256541,4.907410288820898
15.4,144.9314867256541,100.0,0.0,149.83889151569022,4.907404790036111
15.5,149.83889151569022,100.0,0.0,154.74629321266,4.907401696969771
15.600000000000001,154.74629321266,100.0,0.0,159.65369829135807,4.907405078698076
15.700000000000001,159.65369829135807,100.0,0.0,164.56110767407412,4.907409382716054
15.8,164.56110767407412,100.0,0.0,169.4685153777778,4.907407703703683
15.9,169.4685153777778,100.0,0.0,174.37592278518522,4.907407407407419
16.0,174.37592278518522,100.0,0.0,179.28333026995085,4.907407484765628
16.1,179.28333026995085,100.0,0.0,184.1907392245211,4.907408954570258
16.2,184.1907392245211,100.0,0.0,189.04999983157902,4.859260607057905
16.3,189.04999983157902,100.0,0.0,191.5499968000001,2.4999969684210726
16.400000000000002,191.5499968000001,100.0,0.0,194.04999690491806,2.500000104917973
16.5,194.04999690491806,100.0,0.0,196.54999952786892,2.500002622950859
16.6,196.54999952786892,100.0,0.0,201.34268214806403,4.792682620195109
16.7,201.34268214806403,100.0,0.0,206.63863598716654,5.295953839102509
16.8,206.63863598716654,100.0,0.0,211.93458532207137,5.295949334904833
16.900000000000002,211.93458532207137,100.0,0.0,215.14375,3.2091646779286407
17.0,215.14375,100.0,0.0,217.03750000000005,1.8937500000000398
17.1,217.03750000000005,100.0,0.0,220.7875,3.749999999999943
17.2,220.7875,100.0,0.0,224.31785671472082,3.530356714720824
17.3,224.31785671472082,100.0,0.0,227.53214138477165,3.21428467005083
17.400000000000002,227.53214138477165,100.0,0.0,230.74642760481925,3.2142862200475975
17.5,230.74642760481925,100.0,0.0,233.525,2.7785723951807597
17.6,233.525,100.0,0.0,236.02499999999995,2.499999999999943
17.7,236.02499999999995,100.0,0.0,238.08928568271506,2.0642856827151093
17.8,238.08928568271506,100.0,0.0,239.87499933701662,1.78571365430156
17.900000000000002,239.87499933701662,100.0,0.0,241.66071378073093,1.785714443714312
18.0,241.66071378073093,100.0,0.0,244.0250028379563,2.3642890572253634
18.1,244.0250028379563,100.0,0.0,246.52500144761902,2.4999986096627254
18.2,246.52500144761902,100.0,0.0,248.73571772135497,2.2107162737359545
18.3,248.73571772135497,100.0,0.0,250.87857365433263,2.1428559329776533
18.400000000000002,250.87857365433263,100.0,0.0,253.02187500000002,2.143301345667396
18.5,253.02187500000002,100.0,0.0,255.20937500000005,2.1875000000000284
18.6,255.20937500000005,100.0,0.0,257.396875,2.1874999999999716
18.7,257.396875,100.0,0.0,259.584375,2.1875
18.8,259.584375,100.0,0.0,261.68750000000006,2.103125000000034
18.900000000000002,261.68750000000006,100.0,0.0,263.7708333333333,2.0833333333332575
19.0,263.7708333333333,100.0,0.0,265.58781348523274,1.816980151899429
19.1,265.58781348523274,100.0,0.0,267.0215049126297,1.4336914273969796
19.200000000000003,267.0215049126297,100.0,0.0,268.4551968375003,1.4336919248705726
19.3,268.4551968375003,100.0,0.0,270.0333326515464,1.5781358140461066
19.400000000000002,270.0333326515464,100.0,0.0,271.6999991969582,1.666666545411772
19.5,271.6999991969582,100.0,0.0,273.3666662692015,1.6666670722433423
19.6,273.3666662692015,100.0,0.0,275.0249999835052,1.6583337143036943
19.700000000000003,275.0249999835052,100.0,0.0,276.27499918190045,1.249999198395244
19.8,276.27499918190045,100.0,0.0,277.52499881990957,1.2499996380091147
19.900000000000002,277.52499881990957,100.0,0.0,278.77499845791857,1.249999638009001
20.0,278.77499845791857,100.0,0.0,280.03000000000003,1.2550015420814589
20.1,280.03000000000003,100.0,0.0,281.5300000000001,1.5000000000000568
20.200000000000003,281.5300000000001,100.0,0.0,283.0166666598726,1.486666659872526
20.3,283.0166666598726,100.0,0.0,283.84999965350323,0.83333299363062
20.400000000000002,283.84999965350323,100.0,0.0,284.68333308915663,0.833333435653401
20.5,284.68333308915663,100.0,0.0,286.03333305428976,1.3499999651331223
20.6,286.03333305428976,100.0,0.0,287.69999927088617,1.6666662165964112
20.700000000000003,287.69999927088617,100.0,0.0,289.2062499523466,1.5062506814604149
20.8,289.2062499523466,100.0,0.0,290.1437497357401,0.9374997833934913
20.900000000000002,290.1437497357401,100.0,0.0,291.08124951913356,0.9374997833934913
21.0,291.08124951913356,100.0,0.0,292.0142857064713,0.9330361873377342
21.1,292.0142857064713,100.0,0.0,292.7285710300367,0.7142853235653774
21.200000000000003,292.7285710300367,100.0,0.0,293.4428569241017,0.7142858940650285
21.3,293.4428569241017,100.0,0.0,294.1499999388535,0.7071430147518072
21.400000000000002,294.1499999388535,100.0,0.0,294.8318178427331,0.681817903879562
21.5,294.8318178427331,100.0,0.0,295.51363639738827,0.6818185546551945
21.6,295.51363639738827,100.0,0.0,296.1954553024611,0.6818189050728165
21.700000000000003,296.1954553024611,100.0,0.0,296.87727288128343,0.6818175788223471
21.8,296.87727288128343,100.0,0.0,297.7687493772152,0.8914764959317836
21.900000000000002,297.7687493772152,100.0,0.0,298.70624897777776,0.9374996005625462
22.0,298.70624897777776,100.0,0.0,299.6437497185185,0.9375007407407452
22.1,299.6437497185185,100.0,0.0,300.5166670382023,0.8729173196837792
22.200000000000003,300.5166670382023,100.0,0.0,301.35000097078654,0.833333932584253
22.3,301.35000097078654,100.0,0.0,302.0,0.6499990292134612
22.400000000000002,302.0,100.0,0.0,302.0,0.0
22.5,302.0,100.0,0.0,302.38750022752293,0.3875002275229349
22.6,302.38750022752293,100.0,0.0,303.01250059449546,0.6250003669725288
22.700000000000003,303.01250059449546,100.0,0.0,303.63750045490195,0.6249998604064899
22.8,303.63750045490195,100.0,0.0,304.2624998564103,0.6249994015083189
22.900000000000002,304.2624998564103,100.0,0.0,304.8874996492611,0.6249997928508151
23.0,304.8874996492611,100.0,0.0,305.51249984630545,0.6250001970443577
23.1,305.51249984630545,100.0,0.0,306.13664586882567,0.6241460225202218
23.200000000000003,306.13664586882567,100.0,0.0,306.7577635183252,0.6211176494995243
23.3,306.7577635183252,100.0,0.0,307.38125,0.6234864816748313
23.400000000000002,307.38125,100.0,0.0,308.00625,0.625
23.5,308.00625,100.0,0.0,308.63125,0.625
23.6,308.63125,100.0,0.0,309.1708330719212,0.5395830719211858
23.700000000000003,309.1708330719212,100.0,0.0,309.58749986995076,0.41666679802955287
23.8,309.58749986995076,100.0,0.0,310.00357142560296,0.416071555652195
23.900000000000002,310.00357142560296,100.0,0.0,310.3607140841661,0.3571426585631343
24.0,310.3607140841661,100.0,0.0,310.7178570539057,0.35714296973958426
24.1,310.7178570539057,100.0,0.0,311.0,0.282142946094325
24.200000000000003,311.0,100.0,0.0,311.0,0.0
24.3,311.0,100.0,0.0,311.5083346176383,0.5083346176382975
24.400000000000002,311.5083346176383,100.0,0.0,312.3416672334828,0.8333326158444834
24.5,312.3416672334828,100.0,0.0,313.065625,0.7239577665172305
24.6,313.065625,100.0,0.0,313.378125,0.3125
24.700000000000003,313.378125,100.0,0.0,313.690625,0.3125
24.8,313.690625,100.0,0.0,314.00416666666666,0.3135416666666515
24.900000000000002,314.00416666666666,100.0,0.0,314.42083333333335,0.4166666666666856
25.0,314.42083333333335,100.0,0.0,314.83750000000003,0.4166666666666856
25.1,314.83750000000003,100.0,0.0,315.38125,0.5437499999999886
25.200000000000003,315.38125,100.0,0.0,316.0022727272727,0.6210227272727025
25.3,316.0022727272727,100.0,0.0,316.2295454545455,0.22727272727274794
25.400000000000002,316.2295454545455,100.0,0.0,316.4568182270841,0.2272727725386403
25.5,316.4568182270841,100.0,0.0,316.68409113542054,0.2272729083364311
25.6,316.68409113542054,100.0,0.0,316.91136404375703,0.22727290833648794
25.700000000000003,316.91136404375703,100.0,0.0,317.38125,0.46988595624299023
25.8,317.38125,100.0,0.0,318.00418409929796,0.622934099297936
25.900000000000002,318.00418409929796,100.0,0.0,318.42259402909616,0.4184099297982016
26.0,318.42259402909616,100.0,0.0,318.8410041040775,0.4184100749813524
26.1,318.8410041040775,100.0,0.0,319.0,0.1589958959224873
26.200000000000003,319.0,100.0,0.0,319.0,0.0
26.3,319.0,100.0,0.0,319.0,0.0
26.400000000000002,319.0,100.0,0.0,319.0,0.0
26.5,319.0,100.0,0.0,318.8277781333333,-0.17222186666668904
26.6,318.8277781333333,100.0,0.0,318.55000035555554,-0.27777777777777146
26.700000000000003,318.55000035555554,100.0,0.0,318.27222257777777,-0.27777777777777146
26.8,318.27222257777777,100.0,0.0,318.00999999452995,-0.26222258324781933
26.900000000000002,318.00999999452995,100.0,0.0,318.5099997210256,0.49999972649567326
27.0,318.5099997210256,100.0,0.0,319.0,0.49000027897437803
27.1,319.0,100.0,0.0,319.0,0.0
27.200000000000003,319.0,100.0,0.0,318.991666668917,-0.008333331083008488
27.3,318.991666668917,100.0,0.0,318.57500011476793,-0.4166665541490602
27.400000000000002,318.57500011476793,100.0,0.0,318.15833356061887,-0.4166665541490602
27.5,318.15833356061887,100.0,0.0,318.25833351910114,0.09999995848227172
27.6,318.25833351910114,100.0,0.0,318.67500048539324,0.4166669662920981
27.700000000000003,318.67500048539324,100.0,0.0,318.862500386014,0.1874999006207645
27.8,318.862500386014,99.86250038601399,0.0,318.2375001062937,-0.6250002797203251
27.900000000000002,318.2375001062937,99.2375001062937,0.0,314.6785714285714,-3.5589286777222924
28.0,314.6785714285714,77.07857142857111,0.2214285714285747,309.32142857142844,-5.3571428571429465
28.1,309.32142857142844,41.72142857142789,0.5785714285714355,303.96428571428555,-5.35714285714289
28.200000000000003,303.96428571428555,6.3642857142846765,0.9357142857142963,289.8799999999998,-14.084285714285727
28.3,289.8799999999998,0.0,1.0,273.87999999999954,-16.000000000000284
28.400000000000002,273.87999999999954,0.0,1.0,257.8799999999998,-15.999999999999716
28.5,257.8799999999998,0.0,1.0,241.87999999999954,-16.000000000000284
28.6,241.87999999999954,0.0,1.0,227.9300062547237,-13.949993745275833
28.700000000000003,227.9300062547237,0.0,1.0,214.4300009541105,-13.500005300613196
28.8,214.4300009541105,0.0,1.0,200.3833265125381,-14.046674441572407
28.900000000000002,200.3833265125381,0.0,1.0,186.21665152782893,-14.166674984709175
29.0,186.21665152782893,0.0,1.0,174.8500012840763,-11.366650243752616
29.1,174.8500012840763,0.0,1.0,167.35000434140105,-7.499996942675267
29.200000000000003,167.35000434140105,0.0,1.0,161.38749999999996,-5.962504341401086
29.3,161.38749999999996,0.0,1.0,155.2714275564874,-6.116072443512564
29.400000000000002,155.2714275564874,0.0,1.0,147.41428008597643,-7.8571474705109665
29.5,147.41428008597643,0.0,1.0,139.55713344884782,-7.857146637128608
29.6,139.55713344884782,0.0,1.0,133.60387861968707,-5.953254829160755
29.700000000000003,133.60387861968707,0.0,1.0,130.2797800951327,-3.3240985245543584
29.8,130.2797800951327,0.0,1.0,126.95568142988363,-3.324098665249082
29.900000000000002,126.95568142988363,0.0,1.0,123.63157938796458,-3.3241020419190477
30.0,123.63157938796458,0.0,1.0,120.4687499999999,-3.1628293879646776
30.1,120.4687499999999,0.0,1.0,117.56250075675669,-2.9062492432432094
30.200000000000003,117.56250075675669,0.34999939459464263,1.0,115.47916744827586,-2.0833333084808316
30.3,115.47916744827586,2.0166660413793083,0.5862068965517248,113.39583345812805,-2.083333990147807
30.400000000000002,113.39583345812805,3.6833332334975633,0.0935960591132926,111.55356962539682,-1.8422638327312342
30.5,111.55356962539682,10.075007573333345,0.0,109.76785787936505,-1.7857117460317653
30.6,109.76785787936505,17.574996906666797,0.0,108.00625000000001,-1.7616078793650445
30.700000000000003,108.00625000000001,25.11250000000014,0.0,108.63125,0.6249999999999858
30.8,108.63125,36.36249999999998,0.0,109.25625000000001,0.6250000000000142
30.900000000000002,109.25625000000001,47.61250000000025,0.0,109.88125000000001,0.625
31.0,109.88125000000001,58.86250000000015,0.0,114.30312400577633,4.421874005776317
31.1,114.30312400577633,60.49375011696749,0.0,119.61562277833956,5.312498772563231
31.200000000000003,119.61562277833956,59.868750261371815,0.0,124.92812191627915,5.3124991379395965
31.3,124.92812191627915,59.24375036279069,0.0,127.38125041355934,2.45312849728019
31.400000000000002,127.38125041355934,51.56561693559278,0.0,128.00625109152543,0.625000677966085
31.5,128.00625109152543,39.37810371525403,0.0,128.63125049510492,0.6249994035794941
31.6,128.63125049510492,27.19061534545421,0.0,128.48749999999995,-0.1437504951049675
31.700000000000003,128.48749999999995,27.431250000000702,0.0,127.23749999999998,-1.2499999999999716
31.8,127.23749999999998,45.556250000000304,0.0,127.81000000000002,0.5725000000000335
31.900000000000002,127.81000000000002,55.480000000000175,0.0,128.81,0.9999999999999858
32.0,128.81,63.48000000000011,0.0,131.0250000000001,2.2150000000000887
32.1,131.0250000000001,74.72000000000044,0.0,133.5250000000001,2.5
32.2,133.5250000000001,86.72000000000041,0.0,136.0250000000001,2.5
32.300000000000004,136.0250000000001,92.18214285714302,0.0,138.525,2.4999999999999147
32.4,138.525,96.11071428571427,0.0,141.07083333333318,2.545833333333178
32.5,141.07083333333318,100.0,0.0,148.15416666666675,7.08333333333357
32.6,148.15416666666675,100.0,0.0,155.23750000000035,7.083333333333599
32.7,155.23750000000035,100.0,0.0,160.68553180118408,5.448031801183731
32.800000000000004,160.68553180118408,100.0,0.0,165.0499999999999,4.364468198815814
32.9,165.0499999999999,100.0,0.0,167.54999999999998,2.5000000000000853
33.0,167.54999999999998,100.0,0.0,170.08749984864875,2.537499848648764
33.1,170.08749984864875,100.0,0.0,174.4624986796749,4.374998831026147
33.2,174.4624986796749,100.0,0.0,178.34999794285721,3.8874992631823204
33.300000000000004,178.34999794285721,100.0,0.0,181.56428365714282,3.2142857142856087
33.4,181.56428365714282,100.0,0.0,184.77856937142866,3.214285714285836
33.5,184.77856937142866,100.0,0.0,188.32500000000013,3.5464306285714713
33.6,188.32500000000013,100.0,0.0,192.07500000000013,3.75
33.7,192.07500000000013,100.0,0.0,195.82500000000013,3.75
33.800000000000004,195.82500000000013,100.0,0.0,199.57499999999987,3.749999999999744
33.9,199.57499999999987,100.0,0.0,203.17000339692302,3.595003396923147
34.0,203.17000339692302,100.0,0.0,206.6700009353847,3.4999975384616846
34.1,206.6700009353847,100.0,0.0,209.85999898256418,3.189998047179472
34.2,209.85999898256418,100.0,0.0,212.85999912096392,3.0000001383997414
34.300000000000004,212.85999912096392,100.0,0.0,215.5499974564103,2.6899983354463757
34.4,215.5499974564103,100.0,0.0,218.04999792941186,2.5000004730015633
34.5,218.04999792941186,100.0,0.0,220.54999965301207,2.5000017236002066
34.6,220.54999965301207,100.0,0.0,223.05000000000007,2.5000003469880028
34.7,223.05000000000007,100.0,0.0,225.55000000000015,2.5000000000000853
34.800000000000004,225.55000000000015,100.0,0.0,228.34285599658844,2.792855996588287
34.9,228.34285599658844,100.0,0.0,231.2000015829424,2.8571455863539654
35.0,231.2000015829424,100.0,0.0,234.05000000000007,2.8499984170576624
35.1,234.05000000000007,100.0,0.0,236.5500000000001,2.5000000000000284
35.2,236.5500000000001,100.0,0.0,239.05000000000013,2.5000000000000284
35.300000000000004,239.05000000000013,100.0,0.0,241.47142900869562,2.4214290086954975
35.4,241.47142900869562,100.0,0.0,243.61428813913045,2.142859130434829
35.5,243.61428813913045,100.0,0.0,245.75714441680677,2.142856277676316
35.6,245.75714441680677,100.0,0.0,247.6681821496829,1.9110377328761388
35.7,247.6681821496829,100.0,0.0,249.2590920298803,1.5909098801973869
35.800000000000004,249.2590920298803,100.0,0.0,250.85000191007754,1.5909098801972448
35.9,250.85000191007754,100.0,0.0,252.4409101874126,1.5909082773350747
36.0,252.4409101874126,100.0,0.0,254.041666962963,1.6007567755503942
36.1,254.041666962963,100.0,0.0,256.12500078957174,2.0833338266087367
36.2,256.12500078957174,100.0,0.0,258.2083321550388,2.0833313654670746
36.300000000000004,258.2083321550388,100.0,0.0,259.0,0.7916678449611823
36.4,259.0,77.93594306049897,0.22064056939501023,259.0,0.0
36.5,259.0,42.34875444839868,0.5765124555160133,259.0,0.0
36.6,259.0,6.761565836298374,0.9323843416370162,252.67186247422666,-6.328137525773343
36.7,252.67186247422666,0.0,1.0,244.85936933333306,-7.812493140893594
36.800000000000004,244.85936933333306,0.0,1.0,237.04687953488389,-7.812489798449178
36.9,237.04687953488389,0.0,1.0,231.60357273943828,-5.443306795445608
37.0,231.60357273943828,0.8714280947497139,1.0,227.67500183558272,-3.928570903855558
37.1,227.67500183558272,2.2999993325153802,1.0,223.74642886450474,-3.9285729710779833
37.2,223.74642886450474,3.7285713219982775,1.0,219.9624948663675,-3.783933998137229
37.300000000000004,219.9624948663675,5.68750285201805,1.0,216.2124980950674,-3.7499967713001183
37.4,216.2124980950674,7.770834391629235,1.0,212.7187519349594,-3.4937461601079747
37.5,212.7187519349594,14.893741099186686,0.9674796747967653,209.59375030894304,-3.1250016260163704
37.6,209.59375030894304,29.268748578861974,0.15447154471543678,206.97499519999997,-2.618755108943077
37.7,206.97499519999997,33.350003200000025,0.0,204.47499519999985,-2.5000000000001137
37.800000000000004,204.47499519999985,35.01666986666675,0.0,203.0,-1.474995199999853
37.9,203.0,41.637499999999555,0.0,203.0,0.0
38.0,203.0,55.38749999999974,0.0,203.0,0.0
38.1,203.0,69.13749999999993,0.0,203.1750015713005,0.17500157130049843
38.2,203.1750015713005,79.56249607174878,0.0,204.00833418714504,0.8333326158445402
38.300000000000004,204.00833418714504,77.47916453213737,0.0,204.8416668029896,0.8333326158445686
38.400000000000006,204.8416668029896,75.39583299252598,0.0,206.51875,1.677083197010404
38.5,206.51875,81.328125,0.0,208.39374999999998,1.8749999999999716
38.6,208.39374999999998,89.14062499999993,0.0,210.26875000000007,1.8750000000000853
38.7,210.26875000000007,96.9531250000003,0.0,212.10909090909104,1.840340909090969
38.800000000000004,212.10909090909104,99.72272727272724,0.0,213.92727272727288,1.8181818181818414
38.900000000000006,213.92727272727288,99.26818181818179,0.0,215.74545454545458,1.8181818181816993
39.0,215.74545454545458,98.81363636363636,0.0,217.5636363636364,1.818181818181813
39.1,217.5636363636364,98.35909090909091,0.0,219.31500000000005,1.7513636363636635
39.2,219.31500000000005,98.21000000000002,0.0,220.81500000000008,1.5000000000000284
39.300000000000004,220.81500000000008,99.21000000000005,0.0,222.40947067909173,1.5944706790916428
39.400000000000006,222.40947067909173,100.0,0.0,224.35933108139537,1.949860402303642
39.5,224.35933108139537,100.0,0.0,226.3091919715654,1.9498608901700436
39.6,226.3091919715654,100.0,0.0,228.25905286173546,1.9498608901700436
39.7,228.25905286173546,100.0,0.0,230.54999890349654,2.2909460417610887
39.800000000000004,230.54999890349654,100.0,0.0,233.05714284028974,2.5071439367931987
39.900000000000006,233.05714284028974,100.0,0.0,235.9142848547728,2.8571420144830597
40.0,235.9142848547728,100.0,0.0,238.77142686925606,2.8571420144832587
40.1,238.77142686925606,100.0,0.0,241.54999980113007,2.7785729318740096
40.2,241.54999980113007,100.0,0.0,244.04999889717533,2.499999096045258
40.300000000000004,244.04999889717533,100.0,0.0,246.54999909902932,2.500000201853993
40.400000000000006,246.54999909902932,100.0,0.0,248.26250000000002,1.7125009009706957
40.5,248.26250000000002,100.0,0.0,248.8875,0.6249999999999716
40.6,248.8875,100.0,0.0,250.27241280000007,1.3849128000000803
40.7,250.27241280000007,97.52586399999988,0.0,251.82413693793112,1.5517241379310462
40.800000000000004,251.82413693793112,94.50862262068952,0.0,253.37586107586213,1.5517241379310178
40.900000000000006,253.37586107586213,91.49138124137917,0.0,254.92758521379307,1.5517241379309326
41.0,254.92758521379307,88.47413986206902,0.0,256.47930921455514,1.5517240007620785
41.1,256.47930921455514,85.45689874947612,0.0,258.03103280381026,1.5517235892551184
41.2,258.03103280381026,82.43965843703558,0.0,259.582756743998,1.5517239401877418
41.300000000000004,259.582756743998,79.42241744222613,0.0,261.13448113082717,1.5517243868291644
41.400000000000006,261.13448113082717,76.40517557894721,0.0,262.6862055176562,1.5517243868290507
41.5,262.6862055176562,73.38793371566851,0.0,264.2379299044854,1.5517243868291644
41.6,264.2379299044854,70.37069185238958,0.0,265.7896545426409,1.5517246381555196
41.7,265.7896545426409,67.35344950042044,0.0,264.721428571428,-1.0682259712128825
41.800000000000004,264.721428571428,59.892857142855874,0.07857142857144815,254.36428571428505,-10.357142857142975
41.900000000000006,254.36428571428505,36.678571428569924,0.4357142857143089,244.0071428571428,-10.357142857142236
42.0,244.0071428571428,13.464285714285623,0.7928571428571444,235.3750043076923,-8.632138549450502
42.1,235.3750043076923,0.0,1.0,229.1250017560976,-6.250002551594719
42.2,229.1250017560976,0.0,1.0,220.21000503595926,-8.914996720138333
42.300000000000004,220.21000503595926,0.0,1.0,210.71001117737296,-9.499993858586294
42.400000000000006,210.71001117737296,0.0,1.0,204.38749999999996,-6.322511177373002
42.5,204.38749999999996,3.0750000000000246,1.0,198.76249999999987,-5.625000000000085
42.6,198.76249999999987,6.825000000000075,1.0,193.13749999999982,-5.625000000000057
42.7,193.13749999999982,10.575000000000124,1.0,190.06999999999994,-3.0674999999998818
42.800000000000004,190.06999999999994,15.410000000000212,0.6899999999999809,188.56999999999994,-1.5
42.900000000000006,188.56999999999994,20.91000000000021,0.18999999999998085,187.22821576763488,-1.3417842323650575
43.0,187.22821576763488,32.775933609958145,0.0,185.98340248962657,-1.2448132780083085
43.1,185.98340248962657,48.54356846473017,0.0,185.52500103917527,-0.458401450451305
43.2,185.52500103917527,62.890003741030974,0.0,188.02500368155347,2.500002642378206
43.300000000000004,188.02500368155347,71.89001325359243,0.0,190.1050002078351,2.079996526281633
43.400000000000006,190.1050002078351,79.52500103917545,0.0,190.6050007363107,0.5000005284755957
43.5,190.6050007363107,82.02500368155341,0.0,191.26250000000002,0.6574992636893171
43.6,191.26250000000002,85.05000000000003,0.0,192.51250000000005,1.2500000000000284
43.7,192.51250000000005,90.05000000000018,0.0,195.7450000000003,3.2325000000002433
43.800000000000004,195.7450000000003,94.44000000000025,0.0,200.2450000000003,4.5
43.900000000000006,200.2450000000003,98.44000000000025,0.0,203.08928468430335,2.8442846843030622
44.0,203.08928468430335,100.0,0.0,204.87499944032925,1.7857147560258966
44.1,204.87499944032925,100.0,0.0,206.66071419635512,1.7857147560258682
44.2,206.66071419635512,100.0,0.0,210.2906305813336,3.629916384978486
44.300000000000004,210.2906305813336,100.0,0.0,214.35312711466693,4.062496533333331
44.400000000000006,214.35312711466693,100.0,0.0,218.41562364799995,4.062496533333018
44.5,218.41562364799995,100.0,0.0,220.38125053430656,1.9656268863066089
44.6,220.38125053430656,100.0,0.0,221.02812500000013,0.6468744656935712
44.7,221.02812500000013,100.0,0.0,223.8406250000002,2.812500000000057
44.800000000000004,223.8406250000002,100.0,0.0,226.65312500000022,2.8125000000000284
44.900000000000006,226.65312500000022,100.0,0.0,229.46562500000005,2.8124999999998295
45.0,229.46562500000005,100.0,0.0,232.02500000000003,2.5593749999999886
45.1,232.02500000000003,100.0,0.0,234.52500000000003,2.5
45.2,234.52500000000003,100.0,0.0,237.0250040082475,2.5000040082474584
45.300000000000004,237.0250040082475,100.0,0.0,239.52500277386946,2.4999987656219673
45.400000000000006,239.52500277386946,100.0,0.0,242.02500036180902,2.4999975879395606
45.5,242.02500036180902,100.0,0.0,244.63000000000005,2.604999638191032
45.6,244.63000000000005,100.0,0.0,247.6300000000001,3.000000000000057
45.7,247.6300000000001,100.0,0.0,250.26250000000002,2.632499999999908
45.800000000000004,250.26250000000002,100.0,0.0,251.51250000000007,1.2500000000000568
45.900000000000006,251.51250000000007,100.0,0.0,252.76250000000002,1.2499999999999432
46.0,252.76250000000002,100.0,0.0,255.53125000000003,2.7687500000000114
46.1,255.53125000000003,100.0,0.0,258.2635982557729,2.7323482557728482
46.2,258.2635982557729,100.0,0.0,259.5188282669504,1.2552300111775025
46.300000000000004,259.5188282669504,100.0,0.0,260.7740585491959,1.2552302822455204
46.400000000000006,260.7740585491959,100.0,0.0,263.04999939539175,2.2759408461958515
46.5,263.04999939539175,100.0,0.0,265.54999865806457,2.499999262672816
46.6,265.54999865806457,100.0,0.0,267.52500000000003,1.9750013419354673
46.7,267.52500000000003,100.0,0.0,268.7750000000001,1.2500000000000568
46.800000000000004,268.7750000000001,100.0,0.0,271.04999886636784,2.2749988663677527
46.900000000000006,271.04999886636784,100.0,0.0,273.5499995838565,2.5000007174886605
47.0,273.5499995838565,100.0,0.0,275.52500000000003,1.97500041614353
47.1,275.52500000000003,100.0,0.0,276.775,1.2499999999999432
47.2,276.775,100.0,0.0,278.1714277985273,1.396427798527327
47.300000000000004,278.1714277985273,100.0,0.0,279.6000005338067,1.4285727352793742
47.400000000000006,279.6000005338067,100.0,0.0,281.0374999889401,1.437499455133434
47.5,281.0374999889401,100.0,0.0,282.9124994359447,1.8749994470045976
47.6,282.9124994359447,100.0,0.0,284.7874988829493,1.8749994470045976
47.7,284.7874988829493,100.0,0.0,286.66249979029135,1.8750009073420415
47.800000000000004,286.66249979029135,100.0,0.0,288.0250000000001,1.3625002097087417
47.900000000000006,288.0250000000001,100.0,0.0,289.27500000000003,1.2499999999999432
48.0,289.27500000000003,100.0,0.0,290.5250006857143,1.2500006857142694
48.1,290.5250006857143,100.0,0.0,291.77500046451615,1.2499997788018504
48.2,291.77500046451615,100.0,0.0,293.13888815263755,1.3638876881213946
48.300000000000004,293.13888815263755,100.0,0.0,294.52777614365897,1.38888799102142
48.400000000000006,294.52777614365897,100.0,0.0,295.9166658106996,1.3888896670406439
48.5,295.9166658106996,100.0,0.0,297.275,1.3583341893003649
48.6,297.275,100.0,0.0,298.52500000000003,1.2500000000000568
48.7,298.52500000000003,100.0,0.0,299.3874996813009,0.8624996813008465
48.800000000000004,299.3874996813009,100.0,0.0,300.0199999907914,0.6325003094905242
48.900000000000006,300.0199999907914,100.0,0.0,301.01999953035966,0.9999995395682504
49.0,301.01999953035966,100.0,0.0,302.019999069928,0.9999995395683641
49.1,302.019999069928,100.0,0.0,303.01999897180326,0.9999999018752419
49.2,303.01999897180326,100.0,0.0,304.03333336425123,1.0133343924479732
49.300000000000004,304.03333336425123,100.0,0.0,305.7000015768117,1.6666682125604666
49.400000000000006,305.7000015768117,100.0,0.0,307.36666746143794,1.6666658846262408
49.5,307.36666746143794,100.0,0.0,308.0,0.6333325385620583
49.6,308.0,100.0,0.0,308.0,0.0
49.7,308.0,100.0,0.0,308.0,0.0
49.800000000000004,308.0,100.0,0.0,308.81000000000006,0.8100000000000591
49.900000000000006,308.81000000000006,100.0,0.0,309.81,0.9999999999999432
50.0,309.81,100.0,0.0,311.12500222680416,1.315002226804154
50.1,311.12500222680416,100.0,0.0,312.5138907038446,1.3888884770404388
50.2,312.5138907038446,100.0,0.0,313.9027785787918,1.3888878749472156
50.300000000000004,313.9027785787918,100.0,0.0,315.08749997637136,1.1847213975795512
50.400000000000006,315.08749997637136,100.0,0.0,315.5041665305204,0.4166665541490602
50.5,315.5041665305204,100.0,0.0,315.9208330846695,0.4166665541490602
50.6,315.9208330846695,100.0,0.0,316.81,0.8891669153305202
50.7,316.81,100.0,0.0,317.81,1.0
50.800000000000004,317.81,100.0,0.0,318.40500000000003,0.5950000000000273
50.900000000000006,318.40500000000003,100.0,0.0,318.90500000000003,0.5
51.0,318.90500000000003,100.0,0.0,320.0125,1.107499999999959
51.1,320.0125,100.0,0.0,321.1312504421053,1.118750442105295
51.2,321.1312504421053,100.0,0.0,321.75625101670647,0.625000574601188
51.300000000000004,321.75625101670647,100.0,0.0,322.3812507303103,0.6249997136038132
51.400000000000006,322.3812507303103,100.0,0.0,323.0062504439141,0.6249997136038132
51.5,323.0062504439141,100.0,0.0,323.6312501575179,0.6249997136038132
51.6,323.6312501575179,100.0,0.0,324.38437500000003,0.7531248424821229
51.7,324.38437500000003,100.0,0.0,325.321875,0.9374999999999432
51.800000000000004,325.321875,100.0,0.0,326.25937500000003,0.9375000000000568
51.900000000000006,326.25937500000003,100.0,0.0,327.0,0.7406249999999659
52.0,327.0,100.0,0.0,327.0,0.0
52.1,327.0,100.0,0.0,327.38125,0.38125000000002274
52.2,327.38125,100.0,0.0,328.00625,0.625
52.300000000000004,328.00625,100.0,0.0,328.63125,0.625
52.400000000000006,328.63125,100.0,0.0,329.0931818181818,0.46193181818176754
52.5,329.0931818181818,100.0,0.0,329.32045454545454,0.22727272727274794
52.6,329.32045454545454,100.0,0.0,329.5477272727273,0.22727272727274794
52.7,329.5477272727273,100.0,0.0,329.775,0.2272727272726911
52.800000000000004,329.775,100.0,0.0,330.0025062652622,0.22750626526220685
52.900000000000006,330.0025062652622,100.0,0.0,330.2531327914774,0.2506265262152283
53.0,330.2531327914774,100.0,0.0,330.5037593356749,0.2506265441974733
53.1,330.5037593356749,100.0,0.0,330.75438593381887,0.250626598143981
53.2,330.75438593381887,100.0,0.0,331.009090903214,0.2547049693951067
53.300000000000004,331.009090903214,100.0,0.0,331.46363606391185,0.45454516069787587
53.400000000000006,331.46363606391185,100.0,0.0,331.91818124598046,0.45454518206861394
53.5,331.91818124598046,100.0,0.0,332.3727269409467,0.4545456949662139
53.6,332.3727269409467,100.0,0.0,332.8272726359129,0.4545456949662139
53.7,332.8272726359129,100.0,0.0,333.0,0.17272736408710898
53.800000000000004,333.0,100.0,0.0,333.0083333019608,0.008333301960817607
53.900000000000006,333.0083333019608,100.0,0.0,333.4250000716418,0.4166667696810009
54.0,333.4250000716418,100.0,0.0,333.84166713631845,0.4166670646766306
54.1,333.84166713631845,100.0,0.0,334.0,0.15833286368155086
54.2,334.0,100.0,0.0,334.0,0.0
54.300000000000004,334.0,100.0,0.0,334.0,0.0
54.400000000000006,334.0,100.0,0.0,334.0,0.0
54.5,334.0,100.0,0.0,333.8899993740659,-0.11000062593410576
54.6,333.8899993740659,100.0,0.0,333.38999972571423,-0.4999996483516611
54.7,333.38999972571423,100.0,0.0,333.0,-0.38999972571423314
54.800000000000004,333.0,100.0,0.0,333.0,0.0
54.900000000000006,333.0,100.0,0.0,333.0,0.0
55.0,333.0,90.83334327683642,0.0,333.0,0.0
55.1,333.0,49.16671825136418,0.03278688524593983,333.0,0.0
55.2,333.0,7.500007868852315,0.8524590163934455,325.82499999999976,-7.175000000000239
55.300000000000004,325.82499999999976,0.0,1.0,315.70000107208045,-10.124998927919307
55.400000000000006,315.70000107208045,0.0,1.0,300.7000059451779,-14.999995126902547
55.5,300.7000059451779,0.0,1.0,285.7000076487806,-14.99999829639728
55.6,285.7000076487806,0.0,1.0,270.6833343999996,-15.016673248781046
55.7,270.6833343999996,0.0,1.0,254.85001384554369,-15.833320554455895
55.800000000000004,254.85001384554369,0.0,1.0,239.01667047920725,-15.833343366336436
55.900000000000006,239.01667047920725,0.0,1.0,228.04000872296288,-10.976661756244368
56.0,228.04000872296288,0.0,1.0,220.04000240197507,-8.000006320987808
56.1,220.04000240197507,0.0,1.0,213.71651563706538,-6.323486764909688
56.2,213.71651563706538,0.0,1.0,208.42056451589102,-5.295951121174369
56.300000000000004,208.42056451589102,0.0,1.0,203.1246117565619,-5.295952759329111
56.400000000000006,203.1246117565619,0.0,1.0,199.12142857142862,-4.003183185133281
56.5,199.12142857142862,2.782142857142719,1.0,196.97857142857137,-2.1428571428572525
56.6,196.97857142857137,9.56785714285729,1.0,194.83571428571418,-2.1428571428571956
56.7,194.83571428571418,16.353571428571815,0.6093749999999115,193.04687499999991,-1.7888392857142605
56.800000000000004,193.04687499999991,27.38750000000082,0.0,191.48437499999991,-1.5625
56.900000000000006,191.48437499999991,41.13750000000077,0.0,189.921875,-1.5624999999999147
57.0,189.921875,54.88749999999997,0.0,189.0,-0.921875
57.1,189.0,69.91876369484594,0.0,189.0,0.0
57.2,189.0,86.79375977142897,0.0,190.6200000000001,1.6200000000000898
57.300000000000004,190.6200000000001,94.05000000000024,0.0,192.62000000000018,2.0000000000000853
57.400000000000006,192.62000000000018,99.05000000000042,0.0,195.02500265174825,2.4050026517480774
57.5,195.02500265174825,100.0,0.0,197.96249968730967,2.937497035561421
57.6,197.96249968730967,100.0,0.0,202.5458315316413,4.583331844331639
57.7,202.5458315316413,100.0,0.0,207.1291653705427,4.583333838901382
57.800000000000004,207.1291653705427,100.0,0.0,210.7000037839417,3.5708384133990023
57.900000000000006,210.7000037839417,100.0,0.0,214.03333699935274,3.333333215411045
58.0,214.03333699935274,100.0,0.0,216.51250000000005,2.479163000647304
58.1,216.51250000000005,100.0,0.0,217.76250000000002,1.2499999999999716
58.2,217.76250000000002,100.0,0.0,220.02500000000012,2.2625000000001023
58.300000000000004,220.02500000000012,100.0,0.0,222.5250000000002,2.5000000000000853
58.400000000000006,222.5250000000002,100.0,0.0,223.81,1.2849999999997976
58.5,223.81,100.0,0.0,224.81,1.0
58.6,224.81,100.0,0.0,227.53125113924048,2.7212511392404792
58.7,227.53125113924048,100.0,0.0,230.65625000000006,3.1249988607595753
58.800000000000004,230.65625000000006,100.0,0.0,233.78125000000017,3.1250000000001137
58.900000000000006,233.78125000000017,100.0,0.0,236.0166666666667,2.235416666666538
59.0,236.0166666666667,100.0,0.0,237.68333333333337,1.6666666666666572
59.1,237.68333333333337,100.0,0.0,239.60000000000002,1.9166666666666572
59.2,239.60000000000002,100.0,0.0,242.45714285714297,2.8571428571429465
59.300000000000004,242.45714285714297,100.0,0.0,245.3142857142859,2.857142857142918
59.400000000000006,245.3142857142859,100.0,0.0,247.51410647992844,2.1998207656425564
59.5,247.51410647992844,100.0,0.0,248.76802472365648,1.2539182437280374
59.6,248.76802472365648,100.0,0.0,250.02194301572837,1.2539182920718872
59.7,250.02194301572837,100.0,0.0,251.13749984561406,1.1155568298856906
59.800000000000004,251.13749984561406,100.0,0.0,251.76249985242723,0.6250000068131669
59.900000000000006,251.76249985242723,100.0,0.0,252.77500101224487,1.0125011598176457
60.0,252.77500101224487,100.0,0.0,254.02500126092716,1.2500002486822837
60.1,254.02500126092716,100.0,0.0,255.27500073112586,1.249999470198702
60.2,255.27500073112586,100.0,0.0,256.52500020132453,1.2499994701986736
60.300000000000004,256.52500020132453,100.0,0.0,257.9299996208918,1.4049994195672753
60.400000000000006,257.9299996208918,100.0,0.0,259.42999915162795,1.4999995307361473
60.5,259.42999915162795,100.0,0.0,260.77499979071735,1.3450006390893918
60.6,260.77499979071735,100.0,0.0,262.02499945316464,1.2499996624472942
60.7,262.02499945316464,100.0,0.0,263.23571421619494,1.2107147630302961
60.800000000000004,263.23571421619494,100.0,0.0,264.30714247162615,1.071428255431215
60.900000000000006,264.30714247162615,100.0,0.0,265.37857079727894,1.0714283256527892
61.0,265.37857079727894,100.0,0.0,266.89999970761426,1.5214289103353167
61.1,266.89999970761426,100.0,0.0,269.04285615431473,2.1428564467004776
61.2,269.04285615431473,100.0,0.0,271.1857136578314,2.142857503516666
61.300000000000004,271.1857136578314,100.0,0.0,273.0849982194873,1.899284561655918
61.400000000000006,273.0849982194873,100.0,0.0,274.8349977600001,1.7499995405127606
61.5,274.8349977600001,100.0,0.0,276.5849977600001,1.75
61.6,276.5849977600001,100.0,0.0,278.33499776000014,1.7500000000000568
61.7,278.33499776000014,100.0,0.0,279.7749996840765,1.4400019240763413
61.800000000000004,279.7749996840765,100.0,0.0,281.02499922453995,1.2499995404634774
61.900000000000006,281.02499922453995,100.0,0.0,282.2749997153374,1.2500004907974471
62.0,282.2749997153374,100.0,0.0,283.52499949850744,1.2499997831700398
62.1,283.52499949850744,100.0,0.0,284.77500069253733,1.2500011940298918
62.2,284.77500069253733,100.0,0.0,286.02500122352944,1.2500005309921107
62.300000000000004,286.02500122352944,100.0,0.0,287.23571403002427,1.2107128064948256
62.400000000000006,287.23571403002427,100.0,0.0,288.3071415195767,1.071427489552434
62.5,288.3071415195767,100.0,0.0,289.3785709375661,1.0714294179894068
62.6,289.3785709375661,100.0,0.0,290.1742737387308,0.7957028011646798
62.7,290.1742737387308,100.0,0.0,290.58921200461646,0.4149382658856666
62.800000000000004,290.58921200461646,100.0,0.0,291.01071428571436,0.4215022810979008
62.900000000000006,291.01071428571436,100.0,0.0,292.08214285714286,1.0714285714284983
63.0,292.08214285714286,100.0,0.0,293.1535714285714,1.0714285714285552
63.1,293.1535714285714,100.0,0.0,294.2625,1.108928571428578
63.2,294.2625,100.0,0.0,295.51250000000005,1.2500000000000568
63.300000000000004,295.51250000000005,100.0,0.0,296.7625000000001,1.2500000000000568
63.400000000000006,296.7625000000001,100.0,0.0,297.86785714285713,1.1053571428570308
63.5,297.86785714285713,100.0,0.0,298.93928571428575,1.071428571428612
63.6,298.93928571428575,100.0,0.0,300.0083333387206,1.0690476244348588
63.7,300.0083333387206,100.0,0.0,300.84166721077446,0.8333338720538563
63.800000000000004,300.84166721077446,100.0,0.0,301.6750010828283,0.8333338720538563
63.900000000000006,301.6750010828283,100.0,0.0,302.508334831746,0.8333337489177097
64.0,302.508334831746,100.0,0.0,303.41000057459866,0.9016657428526287
64.10000000000001,303.41000057459866,100.0,0.0,304.41000179809527,1.0000012234966107
64.2,304.41000179809527,100.0,0.0,305.25624985982904,0.8462480617337746
64.3,305.25624985982904,100.0,0.0,305.88124960000005,0.6249997401710061
64.4,305.88124960000005,100.0,0.0,306.5062496,0.6249999999999432
64.5,306.5062496,100.0,0.0,307.19687500000015,0.6906254000001582
64.60000000000001,307.19687500000015,100.0,0.0,308.1343750000001,0.9374999999999432
64.7,308.1343750000001,100.0,0.0,309.071875,0.9374999999998863
64.8,309.071875,100.0,0.0,310.00416666666666,0.9322916666666856
64.9,310.00416666666666,100.0,0.0,310.4208333333333,0.41666666666662877
65.0,310.4208333333333,100.0,0.0,310.83750000000003,0.41666666666674246
65.10000000000001,310.83750000000003,100.0,0.0,311.3388888888889,0.5013888888888687
65.2,311.3388888888889,100.0,0.0,311.89444444444445,0.5555555555555429
65.3,311.89444444444445,100.0,0.0,312.45000000000005,0.5555555555555998
65.4,312.45000000000005,100.0,0.0,313.00625,0.5562499999999773
65.5,313.00625,100.0,0.0,313.63125,0.625
65.60000000000001,313.63125,100.0,0.0,314.0,0.36874999999997726
65.7,314.0,100.0,0.0,314.0,0.0
65.8,314.0,100.0,0.0,314.40500000000003,0.40500000000002956
65.9,314.40500000000003,100.0,0.0,314.905,0.49999999999994316
66.0,314.905,100.0,0.0,315.40500000000003,0.5000000000000568
66.10000000000001,315.40500000000003,100.0,0.0,315.90500000000003,0.5
66.2,315.90500000000003,100.0,0.0,316.50783688870985,0.6028368887098168
66.3,316.50783688870985,100.0,0.0,317.1347960105739,0.6269591218640471
66.4,317.1347960105739,100.0,0.0,317.76175517909525,0.6269591685213527
66.5,317.76175517909525,100.0,0.0,318.0,0.23824482090475385
66.60000000000001,318.0,100.0,0.0,318.0099999918988,0.009999991898780536
66.7,318.0099999918988,100.0,0.0,318.5099995868355,0.4999995949366962
66.8,318.5099995868355,100.0,0.0,319.01250000000005,0.5025004131645687
66.9,319.01250000000005,100.0,0.0,319.6375,0.6249999999999432
67.0,319.6375,100.0,0.0,320.0,0.36250000000001137
67.10000000000001,320.0,100.0,0.0,320.0,0.0
67.2,320.0,100.0,0.0,320.21,0.20999999999997954
67.3,320.21,100.0,0.0,320.71000000000004,0.5000000000000568
67.4,320.71000000000004,100.0,0.0,321.0,0.2899999999999636
67.5,321.0,100.0,0.0,321.0,0.0
67.60000000000001,321.0,100.0,0.0,321.3416666666667,0.341666666666697
67.7,321.3416666666667,100.0,0.0,321.7583333333333,0.41666666666662877
67.8,321.7583333333333,100.0,0.0,322.0,0.24166666666667425
67.9,322.0,100.0,0.0,322.0,0.0
68.0,322.0,100.0,0.0,322.01250000000005,0.012500000000045475
68.10000000000001,322.01250000000005,100.0,0.0,322.63750000000005,0.625
68.2,322.63750000000005,100.0,0.0,323.1312502933333,0.493750293333278
68.3,323.1312502933333,100.0,0.0,323.4437498488889,0.3124995555555756
68.4,323.4437498488889,100.0,0.0,323.7562497442623,0.31249989537337797
68.5,323.7562497442623,100.0,0.0,324.0,0.2437502557377229
68.60000000000001,324.0,100.0,0.0,324.0,0.0
68.7,324.0,100.0,0.0,324.0,0.0
68.8,324.0,100.0,0.0,324.0,0.0
68.9,324.0,100.0,0.0,324.0,0.0
69.0,324.0,100.0,0.0,324.0,0.0
69.10000000000001,324.0,100.0,0.0,324.0,0.0
69.2,324.0,100.0,0.0,324.0,0.0
69.3,324.0,100.0,0.0,324.0,0.0
69.4,324.0,100.0,0.0,323.9534090256138,-0.04659097438621984
69.5,323.9534090256138,100.0,0.0,323.8397725090909,-0.11363651652288809
69.60000000000001,323.8397725090909,100.0,0.0,323.7261361454545,-0.11363636363637397
69.7,323.7261361454545,100.0,0.0,323.6124997818182,-0.11363636363631713
69.8,323.6124997818182,100.0,0.0,323.4988634181818,-0.11363636363637397
69.9,323.4988634181818,100.0,0.0,323.38522705454545,-0.11363636363637397
70.0,323.38522705454545,100.0,0.0,323.2715906909091,-0.11363636363637397
70.10000000000001,323.2715906909091,100.0,0.0,323.1579543983838,-0.11363629252525698
70.2,323.1579543983838,100.0,0.0,323.04431819636363,-0.11363620202018865
70.3,323.04431819636363,100.0,0.0,322.7458333333333,-0.29848486303035315
70.4,322.7458333333333,100.0,0.0,322.32916666666665,-0.41666666666662877
70.5,322.32916666666665,100.0,0.0,321.6062506810809,-0.7229159855857574
70.60000000000001,321.6062506810809,86.8750227026955,0.0,319.73125038048784,-1.875000300593058
70.7,319.73125038048784,24.375012682926823,0.6829268292682926,313.77142289975825,-5.959827480729587
70.8,313.77142289975825,0.0,1.0,305.1999850305078,-8.571437869250474
70.9,305.1999850305078,0.0,1.0,296.6285683927881,-8.571416637719665
71.0,296.6285683927881,0.0,1.0,284.36872895669995,-12.259839436088157
71.10000000000001,284.36872895669995,0.0,1.0,272.68749999999994,-11.68122895670001
71.2,272.68749999999994,0.0,1.0,266.4375000000002,-6.249999999999716
71.3,266.4375000000002,0.0,1.0,260.18749999999955,-6.250000000000682
71.4,260.18749999999955,0.0,1.0,254.13999999999987,-6.047499999999673
71.5,254.13999999999987,2.025000000000048,1.0,248.13999999999945,-6.000000000000426
71.60000000000001,248.13999999999945,4.525000000000226,1.0,243.28749265154602,-4.852507348453429
71.7,243.28749265154602,5.67500133608254,1.0,238.7041630358973,-4.583329615648722
71.8,238.7041630358973,6.508333993473217,1.0,234.77000067282023,-3.934162363077064
71.9,234.77000067282023,9.459998654359541,1.0,231.77000136481922,-2.9999993080010086
72.0,231.77000136481922,15.459997270361526,0.7108433734939594,228.87249999999972,-2.8975013648195045
72.10000000000001,228.87249999999972,20.537500000000396,0.0,226.1224999999999,-2.7499999999998295
72.2,226.1224999999999,24.287500000000144,0.0,223.3725000000001,-2.749999999999801
72.3,223.3725000000001,28.037499999999874,0.0,220.6224999999999,-2.750000000000199
72.4,220.6224999999999,31.787500000000133,0.0,218.74375,-1.878749999999883
72.5,218.74375,49.37499999999913,0.0,218.11874999999995,-0.6250000000000568
72.60000000000001,218.11874999999995,86.87500000000313,0.0,218.0,-0.11874999999994884
72.7,218.0,96.02500000000025,0.0,218.375,0.375
72.8,218.375,97.85,0.0,220.16071428571445,1.7857142857144481
72.9,220.16071428571445,97.13571428571423,0.0,221.9464285714286,1.785714285714164
73.0,221.9464285714286,96.42142857142855,0.0,223.4568259698725,1.5103973984438994
73.10000000000001,223.4568259698725,95.88579350753187,0.0,224.57103157833765,1.1142056084651415
73.2,224.57103157833765,95.6072421054156,0.0,225.68523641077414,1.114204832436485
73.3,225.68523641077414,95.32869089730646,0.0,226.7994423214683,1.114205910694153
73.4,226.7994423214683,95.05013941963293,0.0,229.39166554939152,2.5922232279232276
73.5,229.39166554939152,96.70833253527967,0.0,232.30833228220075,2.916666732809233
73.60000000000001,232.30833228220075,98.79166591585769,0.0,234.6124997503185,2.304167468117754
73.7,234.6124997503185,100.0,0.0,236.07083248917195,1.4583327388534428
73.8,236.07083248917195,100.0,0.0,237.52916524057983,1.4583327514078803
73.9,237.52916524057983,100.0,0.0,238.98749840987654,1.4583331692967079
74.0,238.98749840987654,100.0,0.0,240.44583289547333,1.4583344855967937
74.10000000000001,240.44583289547333,100.0,0.0,242.03333291210188,1.5875000166285531
74.2,242.03333291210188,100.0,0.0,243.69999895960584,1.666666047503952
74.3,243.69999895960584,100.0,0.0,245.3666661517242,1.6666671921183536
74.4,245.3666661517242,100.0,0.0,247.03571426903017,1.6690481173059766
74.5,247.03571426903017,100.0,0.0,248.8214277205423,1.7857134515121231
74.60000000000001,248.8214277205423,100.0,0.0,250.60714223376618,1.785714513223894
74.7,250.60714223376618,100.0,0.0,252.13749993576636,1.530357702000174
74.8,252.13749993576636,100.0,0.0,252.76249964379562,0.6249997080292644
74.9,252.76249964379562,100.0,0.0,254.24000089168536,1.4775012478897338
75.0,254.24000089168536,100.0,0.0,256.24000232988783,2.0000014382024744
75.10000000000001,256.24000232988783,100.0,0.0,257.3875,1.147497670112159
75.2,257.3875,100.0,0.0,258.03571453968243,0.6482145396824421
75.3,258.03571453968243,100.0,0.0,259.82142904582224,1.7857145061398114
75.4,259.82142904582224,100.0,0.0,261.6071419916783,1.785712945856062
75.5,261.6071419916783,100.0,0.0,263.2993196075995,1.6921776159211959
75.60000000000001,263.2993196075995,100.0,0.0,264.65986336576026,1.360543758160759
75.7,264.65986336576026,100.0,0.0,266.0204087817561,1.36054541599583
75.8,266.0204087817561,100.0,0.0,267.3809541977521,1.3605454159960004
75.9,267.3809541977521,100.0,0.0,268.74149734894416,1.3605431511920756
76.0,268.74149734894416,100.0,0.0,270.21500170277375,1.4735043538295827
76.10000000000001,270.21500170277375,100.0,0.0,271.71500288,1.5000011772262383
76.2,271.71500288,100.0,0.0,273.21500288,1.5
76.3,273.21500288,100.0,0.0,274.71500086857156,1.4999979885715788
76.4,274.71500086857156,100.0,0.0,275.81,1.0949991314284375
76.5,275.81,100.0,0.0,276.8100000000001,1.0000000000001137
76.60000000000001,276.8100000000001,100.0,0.0,278.2149996052792,1.4049996052791016
76.7,278.2149996052792,100.0,0.0,279.7149991179697,1.499999512690465
76.80000000000001,279.7149991179697,100.0,0.0,281.2656275636364,1.550628445666689
76.9,281.2656275636364,100.0,0.0,282.8281257454545,1.562498181818114
77.0,282.8281257454545,100.0,0.0,284.39062409302335,1.5624983475688623
77.10000000000001,284.39062409302335,100.0,0.0,285.38125,0.9906259069766747
77.2,285.38125,100.0,0.0,286.01666665987267,0.6354166598726465
77.30000000000001,286.01666665987267,100.0,0.0,287.68333264713374,1.6666659872610694
77.4,287.68333264713374,100.0,0.0,289.3499994987951,1.6666668516613754
77.5,289.3499994987951,100.0,0.0,290.5718761319589,1.221876633163788
77.60000000000001,290.5718761319589,100.0,0.0,291.50937628340813,0.9375001514492283
77.7,291.50937628340813,100.0,0.0,292.44687547623334,0.9374991928252143
77.80000000000001,292.44687547623334,100.0,0.0,293.34166666666664,0.8947911904332955
77.9,293.34166666666664,100.0,0.0,294.17499999999995,0.8333333333333144
78.0,294.17499999999995,100.0,0.0,295.0111111111112,0.8361111111112223
78.10000000000001,295.0111111111112,100.0,0.0,296.1222222222222,1.111111111111029
78.2,296.1222222222222,100.0,0.0,297.23333333333346,1.1111111111112564
78.30000000000001,297.23333333333346,100.0,0.0,298.34444444444455,1.1111111111110858
78.4,298.34444444444455,100.0,0.0,299.4392857142857,1.0948412698411403
78.5,299.4392857142857,100.0,0.0,300.51071428571436,1.0714285714286689
78.60000000000001,300.51071428571436,100.0,0.0,301.58214285714286,1.0714285714284983
78.7,301.58214285714286,100.0,0.0,302.91499923948066,1.332856382337809
78.80000000000001,302.91499923948066,100.0,0.0,304.4149996956099,1.5000004561292144
78.9,304.4149996956099,100.0,0.0,305.1694443517569,0.7544446561470295
79.0,305.1694443517569,100.0,0.0,305.4472220771734,0.277777725416513
79.10000000000001,305.4472220771734,100.0,0.0,305.7249999293352,0.277777852161762
79.2,305.7249999293352,100.0,0.0,306.01250000000005,0.28750007066486205
79.30000000000001,306.01250000000005,100.0,0.0,307.2625,1.2499999999999432
79.4,307.2625,100.0,0.0,308.5125,1.25
79.5,308.5125,100.0,0.0,309.3050006037114,0.7925006037114031
79.60000000000001,309.3050006037114,100.0,0.0,309.80500036349514,0.4999997597837478
79.7,309.80500036349514,100.0,0.0,310.30653256473335,0.5015322012382057
79.80000000000001,310.30653256473335,100.0,0.0,310.80904516889177,0.5025126041584258
79.9,310.80904516889177,100.0,0.0,311.0,0.19095483110822897
80.0,311.0,100.0,0.0,311.0,0.0
80.10000000000001,311.0,100.0,0.0,311.4428569989848,0.44285699898478015
80.2,311.4428569989848,100.0,0.0,312.1571424812184,0.7142854822336062
80.30000000000001,312.1571424812184,100.0,0.0,312.87142847228915,0.7142859910707671
80.4,312.87142847228915,100.0,0.0,313.2277777093375,0.35634923704833454
80.5,313.2277777093375,100.0,0.0,313.50555540365156,0.27777769431406796
0.0,315.825,100.0,0.0,316.762498944,0.9374989440000263
0.1,316.762498944,100.0,0.0,317.699999744,0.9375008000000093
0.2,317.699999744,100.0,0.0,318.37777724049386,0.6777774964938317
0.30000000000000004,318.37777724049386,100.0,0.0,318.9333322666667,0.5555550261728399
0.4,318.9333322666667,100.0,0.0,319.48888782222224,0.5555555555555429
0.5,319.48888782222224,100.0,0.0,320.02499998254547,0.5361121603232277
0.6000000000000001,320.02499998254547,100.0,0.0,320.33749976436366,0.3124997818181896
0.7000000000000001,320.33749976436366,100.0,0.0,320.6499995461818,0.31249978181813276
0.8,320.6499995461818,100.0,0.0,320.96249984,0.31250029381823197
0.9,320.96249984,100.0,0.0,321.275,0.3125001599999564
1.0,321.275,100.0,0.0,321.5875,0.3125
1.1,321.5875,100.0,0.0,321.9,0.3125
1.2000000000000002,321.9,100.0,0.0,322.84999999999997,0.9499999999999886
1.3,322.84999999999997,100.0,0.0,324.1,1.2500000000000568
1.4000000000000001,324.1,100.0,0.0,325.35,1.25
1.5,325.35,100.0,0.0,326.14999983542856,0.7999998354285367
1.6,326.14999983542856,100.0,0.0,326.4624994925714,0.3124996571428369
1.7000000000000002,326.4624994925714,100.0,0.0,326.77499925544555,0.31249976287415393
1.8,326.77499925544555,100.0,0.0,327.116666540113,0.34166728466743734
1.9000000000000001,327.116666540113,100.0,0.0,327.53333275480225,0.4166662146892577
2.0,327.53333275480225,100.0,0.0,327.9499989694915,0.4166662146892577
2.1,327.9499989694915,100.0,0.0,329.1,1.1500010305085198
2.2,329.1,100.0,0.0,330.11666657134754,1.016666571347514
2.3000000000000003,330.11666657134754,100.0,0.0,330.53333289758865,0.41666632624111344
2.4000000000000004,330.53333289758865,100.0,0.0,330.9499992238298,0.4166663262411703
2.5,330.9499992238298,100.0,0.0,331.3674322975929,0.4174330737631067
2.6,331.3674322975929,100.0,0.0,331.784968999403,0.41753670181009284
2.7,331.784968999403,100.0,0.0,332.2025057012131,0.41753670181009284
2.8000000000000003,332.2025057012131,100.0,0.0,332.62004240302326,0.4175367018101497
2.9000000000000004,332.62004240302326,100.0,0.0,333.0281249935018,0.408082590478557
3.0,333.0281249935018,100.0,0.0,333.34062492129965,0.3124999277978304
3.1,333.34062492129965,100.0,0.0,333.6531248490975,0.3124999277978304
3.2,333.6531248490975,100.0,0.0,333.9656249488372,0.31250009973973647
3.3000000000000003,333.9656249488372,100.0,0.0,334.5527950310559,0.5871700822186767
3.4000000000000004,334.5527950310559,100.0,0.0,335.0,0.44720496894410644
3.5,335.0,100.0,0.0,335.0,0.0
3.6,335.0,100.0,0.0,335.56666541609195,0.5666654160919506
3.7,335.56666541609195,100.0,0.0,336.39999876129036,0.8333333451984117
3.8000000000000003,336.39999876129036,100.0,0.0,337.0,0.6000012387096376
3.9000000000000004,337.0,100.0,0.0,337.0,0.0
4.0,337.0,100.0,0.0,337.0,0.0
4.1000000000000005,337.0,100.0,0.0,337.0,0.0
4.2,337.0,100.0,0.0,337.23333333333335,0.2333333333333485
4.3,337.23333333333335,100.0,0.0,338.06666666666666,0.8333333333333144
4.4,338.06666666666666,100.0,0.0,338.9,0.8333333333333144
4.5,338.9,100.0,0.0,339.44,0.5400000000000205
4.6000000000000005,339.44,100.0,0.0,339.94,0.5
4.7,339.94,100.0,0.0,340.0,0.060000000000002274
4.800000000000001,340.0,100.0,0.0,340.0999996631579,0.09999966315791653
4.9,340.0999996631579,100.0,0.0,340.45714220698414,0.3571425438262281
5.0,340.45714220698414,100.0,0.0,340.8142855720635,0.3571433650793665
5.1000000000000005,340.8142855720635,100.0,0.0,341.0,0.18571442793648885
5.2,341.0,100.0,0.0,341.0,0.0
5.300000000000001,341.0,100.0,0.0,341.0,0.0
5.4,341.0,100.0,0.0,341.0,0.0
5.5,341.0,100.0,0.0,341.04,0.040000000000020464
5.6000000000000005,341.04,100.0,0.0,341.54,0.5
5.7,341.54,100.0,0.0,342.02222222222224,0.48222222222221944
5.800000000000001,342.02222222222224,100.0,0.0,342.3,0.27777777777777146
5.9,342.3,100.0,0.0,342.5777777777778,0.27777777777777146
6.0,342.5777777777778,100.0,0.0,342.85555555555555,0.27777777777777146
6.1000000000000005,342.85555555555555,100.0,0.0,343.0,0.1444444444444457
6.2,343.0,100.0,0.0,343.0,0.0
6.300000000000001,343.0,100.0,0.0,343.0,0.0
6.4,343.0,100.0,0.0,343.0,0.0
6.5,343.0,100.0,0.0,343.0,0.0
6.6000000000000005,343.0,100.0,0.0,343.0,0.0
6.7,343.0,100.0,0.0,343.0,0.0
6.800000000000001,343.0,100.0,0.0,343.0,0.0
6.9,343.0,100.0,0.0,342.82857158166115,-0.1714284183388486
7.0,342.82857158166115,100.0,0.0,342.47142904345515,-0.3571425382060056
7.1000000000000005,342.47142904345515,100.0,0.0,342.11428605186813,-0.35714299158701124
7.2,342.11428605186813,100.0,0.0,342.0,-0.11428605186813456
7.300000000000001,342.0,100.0,0.0,342.0,0.0
7.4,342.0,100.0,0.0,342.0,0.0
7.5,342.0,100.0,0.0,342.0,0.0
7.6000000000000005,342.0,100.0,0.0,342.0,0.0
7.7,342.0,100.0,0.0,342.0,0.0
7.800000000000001,342.0,100.0,0.0,342.0,0.0
7.9,342.0,100.0,0.0,341.78000048,-0.21999951999998757
8.0,341.78000048,90.1000216,0.0,341.53000048,-0.25
8.1,341.53000048,78.85002160000003,0.0,341.28000048,-0.25
8.200000000000001,341.28000048,67.60002159999988,0.0,341.0300000886154,-0.25000039138461716
8.3,341.0300000886154,56.35000398769217,0.8153846153846342,331.76,-9.270000088615404
8.4,331.76,30.799999999999915,1.0,321.26000000000005,-10.499999999999943
8.5,321.26000000000005,3.3000000000001233,1.0,305.9750114587235,-15.284988541276562
8.6,305.9750114587235,0.0,1.0,290.03752447999983,-15.937486978723655
8.700000000000001,290.03752447999983,0.0,1.0,274.10001151999995,-15.937512959999879
8.8,274.10001151999995,0.0,1.0,255.68333333333334,-18.416678186666616
8.9,255.68333333333334,0.0,1.0,236.09999999999997,-19.58333333333337
9.0,236.09999999999997,0.0,1.0,218.0000027927272,-18.099997207272764
9.1,218.0000027927272,0.0,1.0,203.71429848103872,-14.285704311688477
9.200000000000001,203.71429848103872,0.0,1.0,189.42859416935048,-14.28570431168825
9.3,189.42859416935048,0.0,1.0,177.2,-12.228594169350487
9.4,177.2,0.0,1.0,167.2,-10.0
9.5,167.2,0.0,1.0,158.6573798279022,-8.542620172097799
9.600000000000001,158.6573798279022,0.0,1.0,151.6935878026987,-6.963792025203503
9.700000000000001,151.6935878026987,0.0,1.0,144.72979577749518,-6.963792025203503
9.8,144.72979577749518,0.0,1.0,137.76601569485692,-6.963780082638266
9.9,137.76601569485692,0.0,1.0,132.11720028489827,-5.648815409958644
10.0,132.11720028489827,0.0,1.0,126.63092330409651,-5.486276980801762
10.100000000000001,126.63092330409651,0.0,1.0,121.14464632329484,-5.4862769808016765
10.200000000000001,121.14464632329484,0.0,1.0,115.6583576299135,-5.48628869338134
10.3,115.6583576299135,0.0,1.0,110.04999999999995,-5.608357629913542
10.4,110.04999999999995,0.0,1.0,105.0375,-5.01249999999996
10.5,105.0375,0.0,1.0,101.60000351999997,-3.4374964800000214
10.600000000000001,101.60000351999997,0.0,1.0,98.16250840888887,-3.4374951111111045
10.700000000000001,98.16250840888887,0.0,1.0,94.79999999999998,-3.3625084088888855
10.8,94.79999999999998,0.0,1.0,92.29999999999998,-2.5
10.9,92.29999999999998,0.0,1.0,90.04000211862069,-2.2599978813792916
11.0,90.04000211862069,0.0,1.0,88.04000316952377,-1.9999989490969199
11.100000000000001,88.04000316952377,0.0,0.619047619047596,86.1272727272727,-1.9127304422510747
11.200000000000001,86.1272727272727,0.2181818181818248,0.0,84.3090909090909,-1.8181818181817988
11.3,84.3090909090909,0.6727272727272747,0.0,82.4909090909091,-1.8181818181817988
11.4,82.4909090909091,1.1272727272727272,0.0,80.67272727272729,-1.818181818181813
11.5,80.67272727272729,1.5818181818181798,0.0,78.96,-1.7127272727272924
11.600000000000001,78.96,2.480000000000061,0.0,78.46,-0.5
11.700000000000001,78.46,8.480000000000079,0.0,78.11428571428573,-0.34571428571426566
11.8,78.11428571428573,14.828571428571514,0.0,79.54285714285713,1.4285714285714022
11.9,79.54285714285713,25.18571428571426,0.0,80.97142857142856,1.4285714285714306
12.0,80.97142857142856,35.542857142857144,0.0,82.31111085252527,1.3396822810967137
12.100000000000001,82.31111085252527,39.65555833535326,0.0,83.42222112114698,1.111110268621701
12.200000000000001,83.42222112114698,27.711122947670056,0.0,84.53333146762246,1.1111103464754848
12.3,84.53333146762246,15.766686723058463,0.0,85.64444181409796,1.111110346475499
12.4,85.64444181409796,3.8222504984468664,0.0,84.58333333333334,-1.0611084807646165
12.5,84.58333333333334,0.0,0.0,82.49999999999999,-2.083333333333357
12.600000000000001,82.49999999999999,0.0,0.0,80.30000497777776,-2.1999950222222253
12.700000000000001,80.30000497777776,0.2999978666666751,0.0,77.80000398688523,-2.5000009908925307
12.8,77.80000398688523,1.3714268627634725,0.0,75.30000136393441,-2.5000026229508165
12.9,75.30000136393441,2.442856558313821,0.0,74.0,-1.3000013639344132
13.0,74.0,4.799995392000018,0.0,74.0,0.0
13.100000000000001,74.0,8.549995985454611,0.0,74.03333329676191,0.03333329676190999
13.200000000000001,74.03333329676191,12.499999451428625,0.0,74.4499995062857,0.41666620952379674
13.3,74.4499995062857,18.74999259428572,0.0,74.86666627282051,0.41666676653480295
13.4,74.86666627282051,24.999994092307677,0.0,76.85454341984415,1.9878771470236387
13.5,76.85454341984415,29.93636041475325,0.0,79.58181315490914,2.7272697350649935
13.600000000000001,79.58181315490914,34.25453749527282,0.0,82.30908751039455,2.727274355485406
13.700000000000001,82.30908751039455,38.572721891458045,0.0,85.03636221365355,2.727274703258999
13.8,85.03636221365355,42.89090683828478,0.0,87.85555256888891,2.8191903552353637
13.9,87.85555256888891,47.47777261898993,0.0,90.91110524444446,3.055552675555546
14.0,90.91110524444446,52.75554542222224,0.0,93.96666080000004,3.0555555555555856
14.100000000000001,93.96666080000004,58.03332320000008,0.0,97.02221933401714,3.055558534017095
14.200000000000001,97.02221933401714,63.31110612239324,0.0,101.40000000000006,4.377780665982925
14.3,101.40000000000006,68.40000000000006,0.0,106.44999944258069,5.049999442580628
14.4,106.44999944258069,73.24999969032261,0.0,112.0749924748387,5.624993032258004
14.5,112.0749924748387,76.37499581935484,0.0,116.71428571428578,4.639293239447085
14.600000000000001,116.71428571428578,80.05714285714292,0.0,120.28571428571432,3.571428571428541
14.700000000000001,120.28571428571432,84.34285714285718,0.0,123.85714285714286,3.571428571428541
14.8,123.85714285714286,88.62857142857143,0.0,128.825,4.967857142857127
14.9,128.825,91.0625,0.0,134.449996544,5.624996543999998
15.0,134.449996544,92.62499903999999,0.0,140.07499174400007,5.624995200000086
15.100000000000001,140.07499174400007,94.18749770666669,0.0,145.69998694400007,5.624995200000001
15.200000000000001,145.69998694400007,95.74999637333335,0.0,151.32499136000007,5.625004415999996
15.3,151.32499136000007,97.31249760000001,0.0,156.94999936000005,5.62500799999998
15.4,156.94999936000005,98.87499982222224,0.0,162.16666500740743,5.216665647407382
15.5,162.16666500740743,100.0,0.0,166.33332574814824,4.166660740740809
15.600000000000001,166.33332574814824,100.0,0.0,170.49999908571434,4.166673337566095
15.700000000000001,170.49999908571434,100.0,0.0,176.49999217777784,5.999993092063505
15.8,176.49999217777784,100.0,0.0,182.19999341714288,5.7000012393650366
15.9,182.19999341714288,100.0,0.0,186.48570918064138,4.2857157634985015
16.0,186.48570918064138,100.0,0.0,190.77142682495628,4.2857176443149
16.1,190.77142682495628,100.0,0.0,194.65516975721377,3.8837429322574906
16.2,194.65516975721377,100.0,0.0,198.1034428678257,3.4482731106119218
16.3,198.1034428678257,100.0,0.0,201.5517218924891,3.4482790246634067
16.400000000000002,201.5517218924891,100.0,0.0,204.54037384658918,2.988651954100078
16.5,204.54037384658918,100.0,0.0,206.40372741915738,1.8633535725682009
16.6,206.40372741915738,100.0,0.0,209.76249999999993,3.3587725808425546
16.7,209.76249999999993,100.0,0.0,213.82500000000005,4.062500000000114
16.8,213.82500000000005,100.0,0.0,217.8874945920001,4.062494592000064
16.900000000000002,217.8874945920001,100.0,0.0,221.02857008513118,3.141075493131069
17.0,221.02857008513118,100.0,0.0,223.17142442915454,2.1428543440233625
17.1,223.17142442915454,100.0,0.0,225.3142836244898,2.1428591953352623
17.2,225.3142836244898,100.0,0.0,228.00908904558634,2.6948054210965324
17.3,228.00908904558634,100.0,0.0,230.9636317596839,2.954542714097556
17.400000000000002,230.9636317596839,100.0,0.0,233.91817447378133,2.9545427140974425
17.5,233.91817447378133,100.0,0.0,236.87272395210647,2.9545494783251343
17.6,236.87272395210647,100.0,0.0,239.62221779753088,2.7494938454244107
17.7,239.62221779753088,100.0,0.0,241.84443875555561,2.222220958024735
17.8,241.84443875555561,100.0,0.0,244.06666208780496,2.2222233322493423
17.900000000000002,244.06666208780496,100.0,0.0,246.2888877788618,2.222225691056849
18.0,246.2888877788618,100.0,0.0,248.5583331657143,2.2694453868524818
18.1,248.5583331657143,100.0,0.0,250.84999843555553,2.2916652698412463
18.2,250.84999843555553,100.0,0.0,253.14166370539684,2.291665269841303
18.3,253.14166370539684,100.0,0.0,255.43332897523814,2.291665269841303
18.400000000000002,255.43332897523814,100.0,0.0,257.72499424507936,2.291665269841218
18.5,257.72499424507936,100.0,0.0,259.375,1.6500057549206417
18.6,259.375,100.0,0.0,260.9375,1.5625
18.7,260.9375,100.0,0.0,262.5,1.5625
18.8,262.5,100.0,0.0,264.2142822857143,1.7142822857143187
18.900000000000002,264.2142822857143,100.0,0.0,265.9999965714286,1.7857142857142776
19.0,265.9999965714286,100.0,0.0,267.7857138938776,1.7857173224489884
19.1,267.7857138938776,100.0,0.0,269.14782367808243,1.362109784204847
19.200000000000003,269.14782367808243,100.0,0.0,270.4521722385822,1.3043485604997613
19.3,270.4521722385822,100.0,0.0,271.756520799082,1.3043485604998182
19.400000000000002,271.756520799082,100.0,0.0,273.0608693595818,1.3043485604997613
19.5,273.0608693595818,100.0,0.0,274.3652173913044,1.3043480317226113
19.6,274.3652173913044,100.0,0.0,275.6695652173913,1.3043478260869392
19.700000000000003,275.6695652173913,100.0,0.0,276.97391304347826,1.3043478260869392
19.8,276.97391304347826,100.0,0.0,278.27826086956526,1.304347826086996
19.900000000000002,278.27826086956526,100.0,0.0,279.5826086956522,1.3043478260869392
20.0,279.5826086956522,100.0,0.0,281.08181738364556,1.4992086879933595
20.1,281.08181738364556,100.0,0.0,282.6727249396072,1.5909075559616213
20.200000000000003,282.6727249396072,100.0,0.0,284.2636340286061,1.5909090889988988
20.3,284.2636340286061,100.0,0.0,285.85454447709094,1.5909104484848626
20.400000000000002,285.85454447709094,100.0,0.0,287.28,1.4254555229090329
20.5,287.28,100.0,0.0,288.28000000000003,1.0000000000000568
20.6,288.28000000000003,100.0,0.0,289.26923008000006,0.9892300800000271
20.700000000000003,289.26923008000006,100.0,0.0,290.23076738461543,0.9615373046153763
20.8,290.23076738461543,100.0,0.0,291.1923058461539,0.9615384615384528
20.900000000000002,291.1923058461539,100.0,0.0,292.1538443076923,0.961538461538396
21.0,292.1538443076923,100.0,0.0,293.11538325661536,0.9615389489230779
21.1,293.11538325661536,100.0,0.0,294.0666664339394,0.9512831773240578
21.200000000000003,294.0666664339394,100.0,0.0,294.89999867803283,0.8333322440934126
21.3,294.89999867803283,100.0,0.0,295.7333325359563,0.8333338579234919
21.400000000000002,295.7333325359563,100.0,0.0,296.5666663938798,0.8333338579234919
21.5,296.5666663938798,100.0,0.0,297.3599988551553,0.7933324612754973
21.6,297.3599988551553,100.0,0.0,298.10999974956525,0.7500008944099363
21.700000000000003,298.10999974956525,100.0,0.0,298.86,0.7500002504347663
21.8,298.86,100.0,0.0,299.61,0.75
21.900000000000002,299.61,100.0,0.0,300.3272723218768,0.7172723218768056
22.0,300.3272723218768,100.0,0.0,301.00908965912026,0.6818173372434444
22.1,301.00908965912026,100.0,0.0,301.69090845444504,0.681818795324773
22.200000000000003,301.69090845444504,100.0,0.0,302.3727272727273,0.6818188182822382
22.3,302.3727272727273,100.0,0.0,303.04,0.6672727272727457
22.400000000000002,303.04,100.0,0.0,303.54,0.5
22.5,303.54,100.0,0.0,304.0399996455385,0.4999996455384803
22.6,304.0399996455385,100.0,0.0,304.5399991532308,0.4999995076922801
22.700000000000003,304.5399991532308,100.0,0.0,305.09999999999997,0.560000846769185
22.8,305.09999999999997,100.0,0.0,306.35,1.2500000000000568
22.900000000000002,306.35,100.0,0.0,307.3,0.9499999999999886
23.0,307.3,100.0,0.0,307.925,0.625
23.1,307.925,100.0,0.0,308.55,0.625
23.200000000000003,308.55,100.0,0.0,309.08749970526316,0.5374997052631443
23.3,309.08749970526316,100.0,0.0,309.3999993704918,0.3124996652286427
23.400000000000002,309.3999993704918,100.0,0.0,309.71249969836066,0.31250032786886095
23.5,309.71249969836066,100.0,0.0,310.02857142857147,0.31607173021080825
23.6,310.02857142857147,100.0,0.0,310.3857142857143,0.3571428571428328
23.700000000000003,310.3857142857143,100.0,0.0,310.74285714285713,0.3571428571428328
23.8,310.74285714285713,100.0,0.0,311.1749987555556,0.43214161269844453
23.900000000000002,311.1749987555556,100.0,0.0,311.79999896615385,0.625000210598273
24.0,311.79999896615385,100.0,0.0,312.4249995815385,0.6250006153846357
24.1,312.4249995815385,100.0,0.0,313.03333333333336,0.6083337517948735
24.200000000000003,313.03333333333336,100.0,0.0,313.45,0.41666666666662877
24.3,313.45,100.0,0.0,313.8666666666667,0.4166666666666856
24.400000000000002,313.8666666666667,100.0,0.0,314.28333308031006,0.41666641364338375
24.5,314.28333308031006,100.0,0.0,314.6999993748837,0.4166662945736448
24.6,314.6999993748837,100.0,0.0,315.14,0.4400006251162836
24.700000000000003,315.14,100.0,0.0,315.64,0.5
24.8,315.64,100.0,0.0,316.0,0.36000000000001364
24.900000000000002,316.0,100.0,0.0,316.0,0.0
25.0,316.0,100.0,0.0,316.2833333333333,0.283333333333303
25.1,316.2833333333333,100.0,0.0,316.7,0.4166666666666856
25.200000000000003,316.7,100.0,0.0,317.1749997511111,0.47499975111111326
25.3,317.1749997511111,100.0,0.0,317.79999886222225,0.6249991111111513
25.400000000000002,317.79999886222225,100.0,0.0,318.4249988,0.6249999377777726
25.5,318.4249988,100.0,0.0,319.0499988,0.625
25.6,319.0499988,100.0,0.0,319.6749995008,0.6250007008000011
25.700000000000003,319.6749995008,100.0,0.0,320.0,0.3250004991999731
25.8,320.0,100.0,0.0,320.0,0.0
25.900000000000002,320.0,100.0,0.0,320.0,0.0
26.0,320.0,100.0,0.0,320.0,0.0
26.1,320.0,100.0,0.0,319.6333338548148,-0.36666614518520646
26.200000000000003,319.6333338548148,100.0,0.0,319.21666706285714,-0.41666679195765255
26.3,319.21666706285714,100.0,0.0,319.23999965866665,0.02333259580950653
26.400000000000002,319.23999965866665,100.0,0.0,319.739999232,0.4999995733333549
26.5,319.739999232,100.0,0.0,319.80000017860465,0.06000094660464583
26.6,319.80000017860465,100.0,0.0,319.383333884031,-0.4166662945736448
26.700000000000003,319.383333884031,100.0,0.0,319.0249999795745,-0.35833390445651503
26.8,319.0249999795745,100.0,0.0,319.33749972425534,0.3124997446808493
26.900000000000002,319.33749972425534,100.0,0.0,319.64999946893613,0.31249974468079245
27.0,319.64999946893613,100.0,0.0,319.96249991529413,0.3125004463580012
27.1,319.96249991529413,100.0,0.0,320.0,0.03750008470586863
27.200000000000003,320.0,100.0,0.0,320.0,0.0
27.3,320.0,100.0,0.0,320.0,0.0
27.400000000000002,320.0,100.0,0.0,320.0,0.0
27.5,320.0,100.0,0.0,320.0,0.0
27.6,320.0,100.0,0.0,320.0,0.0
27.700000000000003,320.0,100.0,0.0,317.8000044463157,-2.199995553684289
27.8,317.8000044463157,81.08003823831535,0.0,315.30000054857135,-2.5000038977443637
27.900000000000002,315.30000054857135,59.58000471771361,0.8857142857143157,297.4000218012903,-17.899978747281068
28.0,297.4000218012903,36.10002588903218,1.0,277.4000234917645,-19.99999830952578
28.1,277.4000234917645,12.350027896470369,1.0,260.60002397658513,-16.799999515179366
28.200000000000003,260.60002397658513,0.0,1.0,247.2666781554471,-13.333345821138039
28.3,247.2666781554471,0.0,1.0,233.65001727999962,-13.61666087544748
28.400000000000002,233.65001727999962,0.0,1.0,216.7750116193103,-16.87500566068931
28.5,216.7750116193103,0.0,1.0,202.96000390981817,-13.815007709492136
28.6,202.96000390981817,0.0,1.0,192.46001612799978,-10.49998778181839
28.700000000000003,192.46001612799978,0.0,1.0,181.9600249131707,-10.499991214829066
28.8,181.9600249131707,0.0,1.0,171.46000852292673,-10.500016390243985
28.900000000000002,171.46000852292673,0.0,1.0,164.05000000000007,-7.41000852292666
29.0,164.05000000000007,0.0,1.0,159.98749999999998,-4.062500000000085
29.1,159.98749999999998,0.0,1.0,155.92499999999987,-4.062500000000114
29.200000000000003,155.92499999999987,0.0,1.0,153.0,-2.9249999999998693
29.3,153.0,0.0,1.0,153.0,0.0
29.400000000000002,153.0,0.0,1.0,143.65002393600017,-9.349976063999833
29.5,143.65002393600017,0.0,1.0,130.71428571428564,-12.93573822171453
29.6,130.71428571428564,0.0,1.0,127.14285714285707,-3.5714285714285694
29.700000000000003,127.14285714285707,0.0,1.0,123.57142857142857,-3.5714285714284983
29.8,123.57142857142857,0.0,1.0,120.5333335302564,-3.03809504117217
29.900000000000002,120.5333335302564,0.07777774495726648,1.0,118.8666685046154,-1.6666650256409952
30.0,118.8666685046154,0.35555524923076703,1.0,117.20000347897434,-1.6666650256410662
30.1,117.20000347897434,0.6333327535042773,1.0,115.53333495873011,-1.6666685202442295
30.200000000000003,115.53333495873011,0.9111108402116497,0.38095238095234074,113.3000018488889,-2.2333331098412117
30.3,113.3000018488889,2.133332100740735,0.0,110.8000054044444,-2.4999964444444913
30.400000000000002,110.8000054044444,3.7999963970370576,0.0,109.34999999999998,-1.4500054044444255
30.5,109.34999999999998,8.219999999999857,0.0,110.60000000000001,1.2500000000000284
30.6,110.60000000000001,19.72000000000004,0.0,111.85000000000002,1.2500000000000142
30.700000000000003,111.85000000000002,31.220000000000233,0.0,113.10000000000001,1.2499999999999858
30.8,113.10000000000001,42.720000000000034,0.0,115.49999753846167,2.399997538461662
30.900000000000002,115.49999753846167,54.59999409230801,0.0,120.85713160439566,5.357134065933991
31.0,120.85713160439566,67.4571158505496,0.0,126.21427996313372,5.357148358738058
31.1,126.21427996313372,80.31427191152092,0.0,129.39999865263158,3.185718689497861
31.200000000000003,129.39999865263158,77.8000309894734,0.0,130.23333174084505,0.8333330882134646
31.3,130.23333174084505,58.633369960563485,0.0,131.06666582535212,0.8333340845070722
31.400000000000002,131.06666582535212,39.466686016901164,0.0,131.89999990985916,0.8333340845070438
31.5,131.89999990985916,20.300002073239533,0.0,132.24444376615384,0.34444385629467433
31.6,132.24444376615384,25.57775675076928,0.0,132.5222218174359,0.2777780512820698
31.700000000000003,132.5222218174359,34.18887634051306,0.0,132.79999986871795,0.27777805128204136
31.8,132.79999986871795,42.79999593025653,0.0,133.5249991384616,0.7249992697436483
31.900000000000002,133.5249991384616,51.27499626666687,0.0,135.3999960615385,1.8749969230769068
32.0,135.3999960615385,59.399982933333426,0.0,138.4285692598008,3.0285731982623076
32.1,138.4285692598008,71.22856318724305,0.0,141.9999946418606,3.5714253820598003
32.2,141.9999946418606,84.79997963907027,0.0,145.57142730549472,3.5714326636341127
32.300000000000004,145.57142730549472,98.37142376087996,0.0,149.57500000000005,4.003572694505323
32.4,149.57500000000005,100.0,0.0,153.6375000000001,4.062500000000057
32.5,153.6375000000001,100.0,0.0,157.70000000000016,4.062500000000057
32.6,157.70000000000016,100.0,0.0,162.39999312842133,4.69999312842117
32.7,162.39999312842133,100.0,0.0,167.39999523310374,5.000002104682409
32.800000000000004,167.39999523310374,100.0,0.0,172.31249541818175,4.912500185078017
32.9,172.31249541818175,100.0,0.0,176.99999100000008,4.687495581818325
33.0,176.99999100000008,100.0,0.0,181.68749428965532,4.68750328965524
33.1,181.68749428965532,100.0,0.0,186.24999972881363,4.562505439158315
33.2,186.24999972881363,100.0,0.0,189.3749963389832,3.1249966101695748
33.300000000000004,189.3749963389832,100.0,0.0,192.49999294915256,3.1249966101693474
33.4,192.49999294915256,100.0,0.0,195.62499885714286,3.1250059079902996
33.5,195.62499885714286,100.0,0.0,200.03333333333333,4.4083344761904755
33.6,200.03333333333333,100.0,0.0,204.6166666666667,4.583333333333371
33.7,204.6166666666667,100.0,0.0,208.43999526745952,3.82332860079282
33.800000000000004,208.43999526745952,100.0,0.0,211.43999838097295,3.0000031135134293
33.9,211.43999838097295,100.0,0.0,214.37142687262678,2.9314284916538327
34.0,214.37142687262678,100.0,0.0,217.22856619059914,2.8571393179723543
34.1,217.22856619059914,100.0,0.0,220.08571288137153,2.857146690772396
34.2,220.08571288137153,100.0,0.0,222.01999829704354,1.934285415672008
34.300000000000004,222.01999829704354,100.0,0.0,223.51999891576466,1.500000618721117
34.4,223.51999891576466,100.0,0.0,226.125,2.60500108423534
34.5,226.125,100.0,0.0,229.20000000000007,3.075000000000074
34.6,229.20000000000007,100.0,0.0,231.70000000000007,2.5
34.7,231.70000000000007,100.0,0.0,234.0999992888889,2.3999992888888357
34.800000000000004,234.0999992888889,100.0,0.0,235.34999716226412,1.2499978733752073
34.9,235.34999716226412,100.0,0.0,236.59999829333333,1.2500011310692116
35.0,236.59999829333333,100.0,0.0,238.69999789419367,2.099999600860343
35.1,238.69999789419367,100.0,0.0,241.19999569920014,2.4999978050064726
35.2,241.19999569920014,100.0,0.0,243.69999953920018,2.5000038400000335
35.300000000000004,243.69999953920018,100.0,0.0,244.43999951725715,0.7399999780569715
35.4,244.43999951725715,100.0,0.0,244.9399995392,0.5000000219428387
35.5,244.9399995392,100.0,0.0,247.56666666666666,2.626667127466675
35.6,247.56666666666666,100.0,0.0,250.48333333333335,2.9166666666666856
35.7,250.48333333333335,100.0,0.0,252.6857127724138,2.2023794390804596
35.800000000000004,252.6857127724138,100.0,0.0,254.11428277073168,1.4285699983178688
35.9,254.11428277073168,100.0,0.0,255.5428564292683,1.428573658536635
36.0,255.5428564292683,100.0,0.0,256.7068608009129,1.1640043716446087
36.1,256.7068608009129,100.0,0.0,257.746361978726,1.0395011778130652
36.2,257.746361978726,100.0,0.0,258.7858625275463,1.0395005488203424
36.300000000000004,258.7858625275463,100.0,0.0,259.8253624957579,1.039499968211544
36.4,259.8253624957579,100.0,0.0,260.86486427030763,1.0395017745497626
36.5,260.86486427030763,100.0,0.7111111111111181,253.51612852123134,-7.3487357490762975
36.6,253.51612852123134,68.81720217179723,1.0,244.91397739621007,-8.602151125021265
36.7,244.91397739621007,32.97490581754202,1.0,236.63999999999987,-8.2739773962102
36.800000000000004,236.63999999999987,0.0,1.0,232.14,-4.499999999999886
36.9,232.14,0.0,1.0,227.66666702824847,-4.473332971751518
37.0,227.66666702824847,0.06666659435030356,1.0,223.50000488135584,-4.166662146892634
37.1,223.50000488135584,0.8999990237288317,1.0,219.3333427344632,-4.166662146892634
37.2,219.3333427344632,1.7333314531073598,1.0,215.1666711397847,-4.1666715946784905
37.300000000000004,215.1666711397847,2.5666657720430566,1.0,211.50000331034485,-3.6666678294398594
37.4,211.50000331034485,4.199997351724114,1.0,208.37500218181822,-3.125001128526634
37.5,208.37500218181822,6.699998254545422,0.27272727272730213,206.01999999999998,-2.355002181818236
37.6,206.01999999999998,20.64000000000008,0.0,203.76999999999995,-2.2500000000000284
37.7,203.76999999999995,36.14000000000022,0.0,201.5199999999999,-2.250000000000057
37.800000000000004,201.5199999999999,51.64000000000057,0.0,199.27,-2.2499999999998863
37.9,199.27,67.1399999999999,0.0,200.40000000000003,1.1300000000000239
38.0,200.40000000000003,75.20000000000017,0.0,201.99090909090916,1.590909090909122
38.1,201.99090909090916,82.24545454545479,0.0,203.58181818181825,1.5909090909090935
38.2,203.58181818181825,89.29090909090941,0.0,205.1727272727274,1.5909090909091503
38.300000000000004,205.1727272727274,96.33636363636413,0.0,207.1999985135486,2.027271240821193
38.400000000000006,207.1999985135486,100.0,0.0,209.69999541677424,2.49999690322565
38.5,209.69999541677424,100.0,0.0,212.20000000000002,2.500004583225774
38.6,212.20000000000002,100.0,0.0,214.70000000000005,2.5000000000000284
38.7,214.70000000000005,100.0,0.0,217.0666661925926,2.366666192592561
38.800000000000004,217.0666661925926,100.0,0.0,217.89999861960789,0.8333324270152787
38.900000000000006,217.89999861960789,100.0,0.0,218.73333299869284,0.8333343790849597
39.0,218.73333299869284,100.0,0.0,220.9833293249123,2.2499963262194456
39.1,220.9833293249123,100.0,0.0,223.89999721931042,2.916667894398131
39.2,223.89999721931042,100.0,0.0,226.69999845517256,2.8000012358621404
39.300000000000004,226.69999845517256,100.0,0.0,229.199994219355,2.4999957641824437
39.400000000000006,229.199994219355,100.0,0.0,231.69999938064515,2.5000051612901473
39.5,231.69999938064515,100.0,0.0,234.75000000000009,3.0500006193549325
39.6,234.75000000000009,100.0,0.0,237.69999883130447,2.9499988313043843
39.7,237.69999883130447,100.0,0.0,240.19999593411777,2.499997102813296
39.800000000000004,240.19999593411777,100.0,0.0,242.61249957236376,2.412503638245994
39.900000000000006,242.61249957236376,100.0,0.0,244.79999804509092,2.1874984727271567
40.0,244.79999804509092,100.0,0.0,246.98749651781824,2.1874984727273272
40.1,246.98749651781824,100.0,0.0,249.0999992888889,2.112502771070666
40.2,249.0999992888889,100.0,0.0,250.3499979294118,1.2499986405229038
40.300000000000004,250.3499979294118,100.0,0.0,251.59999949803927,1.2500015686274537
40.400000000000006,251.59999949803927,100.0,0.0,253.01999630027393,1.4199968022346638
40.5,253.01999630027393,100.0,0.0,254.51999673863017,1.5000004383562384
40.6,254.51999673863017,100.0,0.0,256.019997378207,1.5000006395768253
40.7,256.019997378207,100.0,0.0,257.5199993644139,1.5000019862068825
40.800000000000004,257.5199993644139,100.0,0.0,258.72856950447766,1.2085701400637845
40.900000000000006,258.72856950447766,100.0,0.0,259.7999990993603,1.0714295948826589
41.0,259.7999990993603,100.0,0.0,260.87142857142857,1.071429472068246
41.1,260.87142857142857,100.0,0.0,262.32000000000005,1.4485714285714835
41.2,262.32000000000005,100.0,0.0,263.8200000000001,1.5000000000000568
41.300000000000004,263.8200000000001,100.0,0.0,264.3666664770371,0.5466664770369789
41.400000000000006,264.3666664770371,98.16666761481474,0.0,264.7833325511111,0.41666607407398715
41.5,264.7833325511111,96.08333724444448,0.0,260.1999999999999,-4.583332551111198
41.6,260.1999999999999,75.99999999999943,1.0,250.1999999999998,-10.000000000000085
41.7,250.1999999999998,36.41666666666587,1.0,240.1199999999996,-10.080000000000183
41.800000000000004,240.1199999999996,0.0,1.0,229.1199999999992,-11.000000000000398
41.900000000000006,229.1199999999992,0.0,1.0,218.60000065641015,-10.519999343589063
42.0,218.60000065641015,0.09090894172496865,1.0,213.60000886153847,-4.999991794871676
42.1,213.60000886153847,1.2272707132867133,1.0,208.6000114016807,-4.999997459857781
42.2,208.6000114016807,2.3636337723452985,1.0,203.60000767999992,-5.00000372168077
42.300000000000004,203.60000767999992,3.4999982545454706,1.0,198.60000186181801,-5.000005818181904
42.400000000000006,198.60000186181801,4.636363213223179,1.0,195.3000034357895,-3.299998426028509
42.5,195.3000034357895,6.699996564210492,1.0,192.63999999999987,-2.6600034357896334
42.6,192.63999999999987,9.160000000000052,0.9599999999999872,188.13999999999987,-4.5
42.7,188.13999999999987,11.160000000000052,0.4599999999999872,184.0796015787218,-4.06039842127808
42.800000000000004,184.0796015787218,15.507449729736319,0.0,185.07462585748448,0.9950242787626848
42.900000000000006,185.07462585748448,46.850714510760994,0.0,186.10971797399785,1.0350921165133684
43.0,186.10971797399785,76.46081549079095,0.0,187.67711665412082,1.5673986801229773
43.1,187.67711665412082,83.04388994730738,0.0,189.24451445878086,1.5673978046600325
43.2,189.24451445878086,89.62696072687959,0.0,190.8119122634409,1.5673978046600325
43.300000000000004,190.8119122634409,96.21003150645178,0.0,193.82857142857156,3.016659165130676
43.400000000000006,193.82857142857156,97.94285714285718,0.0,197.04285714285717,3.2142857142856087
43.5,197.04285714285717,99.01428571428572,0.0,200.2399996865307,3.1971425436735217
43.6,200.2399996865307,100.0,0.0,203.23999576816342,2.9999960816327302
43.7,203.23999576816342,100.0,0.0,206.2400000000001,3.0000042318366695
43.800000000000004,206.2400000000001,100.0,0.0,209.24000000000018,3.0000000000000853
43.900000000000006,209.24000000000018,100.0,0.0,212.13333333333333,2.893333333333146
44.0,212.13333333333333,100.0,0.0,213.8,1.6666666666666856
44.1,213.8,100.0,0.0,215.46666666666673,1.666666666666714
44.2,215.46666666666673,100.0,0.0,219.40000000000023,3.9333333333335077
44.300000000000004,219.40000000000023,100.0,0.0,224.4000000000003,5.000000000000057
44.400000000000006,224.4000000000003,100.0,0.0,228.57272727272724,4.172727272726945
44.5,228.57272727272724,100.0,0.0,230.6181818181818,2.045454545454561
44.6,230.6181818181818,100.0,0.0,232.66363636363636,2.045454545454561
44.7,232.66363636363636,100.0,0.0,234.70909090909097,2.045454545454618
44.800000000000004,234.70909090909097,100.0,0.0,236.7545454545456,2.045454545454618
44.900000000000006,236.7545454545456,100.0,0.0,239.2,2.445454545454396
45.0,239.2,100.0,0.0,241.70000000000002,2.5000000000000284
45.1,241.70000000000002,100.0,0.0,244.20000000000007,2.500000000000057
45.2,244.20000000000007,100.0,0.0,246.69999913290337,2.499999132903298
45.300000000000004,246.69999913290337,100.0,0.0,249.1999960361292,2.4999969032258207
45.400000000000006,249.1999960361292,100.0,0.0,251.35999831535477,2.16000227922558
45.5,251.35999831535477,100.0,0.0,253.35999726933332,1.9999989539785474
45.6,253.35999726933332,100.0,0.0,255.4571404243479,2.097143155014578
45.7,255.4571404243479,100.0,0.0,257.59999720727285,2.1428567829249516
45.800000000000004,257.59999720727285,100.0,0.0,259.7428568436365,2.142859636363653
45.900000000000006,259.7428568436365,100.0,0.0,261.25714173448506,1.5142848908485576
46.0,261.25714173448506,100.0,0.0,262.68571188730897,1.4285701528239088
46.1,262.68571188730897,100.0,0.0,264.17499970782615,1.489287820517177
46.2,264.17499970782615,100.0,0.0,266.36249605565223,2.187496347826084
46.300000000000004,266.36249605565223,100.0,0.0,268.54999675586225,2.1875007002100233
46.400000000000006,268.54999675586225,100.0,0.0,270.7374996524138,2.187502896551564
46.5,270.7374996524138,100.0,0.0,272.88570992138915,2.1482102689753333
46.6,272.88570992138915,100.0,0.0,275.028566306551,2.142856385161849
46.7,275.028566306551,100.0,0.0,277.0999998693878,2.0714335628367735
46.800000000000004,277.0999998693878,100.0,0.0,278.3499982367348,1.2499983673470183
46.900000000000006,278.3499982367348,100.0,0.0,279.5999976727273,1.2499994359924926
47.0,279.5999976727273,100.0,0.0,281.35999866092317,1.760000988195884
47.1,281.35999866092317,100.0,0.0,283.35999669169246,1.9999980307692908
47.2,283.35999669169246,100.0,0.0,285.0624989538462,1.7025022621537573
47.300000000000004,285.0624989538462,100.0,0.0,286.6249974153847,1.562498461538496
47.400000000000006,286.6249974153847,100.0,0.0,288.187498752,1.5625013366152984
47.5,288.187498752,100.0,0.0,289.6,1.4125012480000123
47.6,289.6,100.0,0.0,290.85,1.25
47.7,290.85,100.0,0.0,292.0909089616162,1.240908961616185
47.800000000000004,292.0909089616162,100.0,0.0,293.22727098181826,1.136362020202057
47.900000000000006,293.22727098181826,100.0,0.0,294.3636339415878,1.1363629597695422
48.0,294.3636339415878,100.0,0.0,295.49999724886874,1.1363633072809307
48.1,295.49999724886874,100.0,0.0,296.6363612059839,1.1363639571151793
48.2,296.6363612059839,100.0,0.0,297.68000000000006,1.0436387940161467
48.300000000000004,297.68000000000006,100.0,0.0,298.68000000000006,1.0
48.400000000000006,298.68000000000006,100.0,0.0,299.9444425356725,1.2644425356724582
48.5,299.9444425356725,100.0,0.0,301.33333140125785,1.3888888655853293
48.6,301.33333140125785,100.0,0.0,302.7222212964361,1.388889895178238
48.7,302.7222212964361,100.0,0.0,304.05,1.3277787035639221
48.800000000000004,304.05,100.0,0.0,304.67500000000007,0.6250000000000568
48.900000000000006,304.67500000000007,100.0,0.0,305.6,0.9249999999999545
49.0,305.6,100.0,0.0,306.85,1.25
49.1,306.85,100.0,0.0,308.4666627121951,1.6166627121950796
49.2,308.4666627121951,100.0,0.0,310.13333198048787,1.6666692682927646
49.300000000000004,310.13333198048787,100.0,0.0,311.1495321419628,1.0162001614749556
49.400000000000006,311.1495321419628,100.0,0.0,311.4610586838248,0.3115265418619515
49.5,311.4610586838248,100.0,0.0,311.7725852256867,0.3115265418619515
49.6,311.7725852256867,100.0,0.0,312.225,0.45241477431329713
49.7,312.225,100.0,0.0,313.0583333333334,0.8333333333333712
49.800000000000004,313.0583333333334,100.0,0.0,313.89166666666677,0.8333333333333712
49.900000000000006,313.89166666666677,100.0,0.0,314.9354820945255,1.0438154278587604
50.0,314.9354820945255,100.0,0.0,316.01075137090555,1.075269276380027
50.1,316.01075137090555,100.0,0.0,317.07999956114287,1.0692481902373174
50.2,317.07999956114287,100.0,0.0,318.07999769388437,0.9999981327414957
50.300000000000004,318.07999769388437,100.0,0.0,319.0857142857143,1.0057165918299233
50.400000000000006,319.0857142857143,100.0,0.0,320.15714285714284,1.0714285714285552
50.5,320.15714285714284,100.0,0.0,321.22857142857146,1.071428571428612
50.6,321.22857142857146,100.0,0.0,322.23333333333335,1.0047619047618923
50.7,322.23333333333335,100.0,0.0,323.0666666666667,0.8333333333333712
50.800000000000004,323.0666666666667,100.0,0.0,323.90000000000003,0.8333333333333144
50.900000000000006,323.90000000000003,100.0,0.0,324.3666666666667,0.46666666666664014
51.0,324.3666666666667,100.0,0.0,324.78333333333336,0.4166666666666856
51.1,324.78333333333336,100.0,0.0,325.2666666666667,0.4833333333333485
51.2,325.2666666666667,100.0,0.0,325.8222218113581,0.5555551446913682
51.300000000000004,325.8222218113581,100.0,0.0,326.3777765767902,0.5555547654321344
51.400000000000006,326.3777765767902,100.0,0.0,326.93333313015876,0.5555565533685467
51.5,326.93333313015876,100.0,0.0,327.43999945496773,0.5066663248089753
51.6,327.43999945496773,100.0,0.0,327.939999744,0.5000002890322435
51.7,327.939999744,100.0,0.0,328.3666663392248,0.4266665952248445
51.800000000000004,328.3666663392248,100.0,0.0,328.78333263379847,0.4166662945736448
51.900000000000006,328.78333263379847,100.0,0.0,329.2666663740952,0.48333374029675724
52.0,329.2666663740952,100.0,0.0,329.82222132012697,0.5555549460317479
52.1,329.82222132012697,100.0,0.0,330.377777132012,0.5555558118850286
52.2,330.377777132012,100.0,0.0,330.93333326414415,0.5555561321321534
52.300000000000004,330.93333326414415,100.0,0.0,331.55,0.6166667358558584
52.400000000000006,331.55,100.0,0.0,332.09999965090907,0.5499996509090579
52.5,332.09999965090907,100.0,0.0,332.45714239390475,0.35714274299567705
52.6,332.45714239390475,100.0,0.0,332.81428555580953,0.3571431619047871
52.7,332.81428555580953,100.0,0.0,333.0,0.18571444419046657
52.800000000000004,333.0,100.0,0.0,333.0,0.0
52.900000000000006,333.0,100.0,0.0,333.0499999288889,0.049999928888894374
53.0,333.0499999288889,100.0,0.0,333.67499904,0.6249991111110944
53.1,333.67499904,100.0,0.0,334.0,0.3250009600000112
53.2,334.0,100.0,0.0,334.0,0.0
53.300000000000004,334.0,100.0,0.0,334.0,0.0
53.400000000000006,334.0,100.0,0.0,334.28333272177775,0.2833327217777537
53.5,334.28333272177775,100.0,0.0,334.699999744,0.4166670222222706
53.6,334.699999744,100.0,0.0,334.9222223794152,0.2222226354151644
53.7,334.9222223794152,100.0,0.0,334.64444497777777,-0.27777740163742237
53.800000000000004,334.64444497777777,100.0,0.0,334.3666672,-0.27777777777777146
53.900000000000006,334.3666672,100.0,0.0,334.08888926814814,-0.2777779318518583
54.0,334.08888926814814,100.0,0.0,334.0,-0.08888926814813658
54.1,334.0,100.0,0.0,334.04999982545456,0.04999982545456305
54.2,334.04999982545456,100.0,0.0,334.67499940571435,0.6249995802597823
54.300000000000004,334.67499940571435,100.0,0.0,335.0,0.32500059428565464
54.400000000000006,335.0,100.0,0.0,335.0,0.0
54.5,335.0,100.0,0.0,335.0,0.0
54.6,335.0,100.0,0.0,335.0,0.0
54.7,335.0,100.0,0.0,335.0,0.0
54.800000000000004,335.0,94.27999999999982,0.4400000000000142,335.0,0.0
54.900000000000006,335.0,87.77999999999959,0.9400000000000319,321.06670423414624,-13.933295765853757
55.0,321.06670423414624,55.10008600975596,1.0,305.2333461853657,-15.833358048780553
55.1,305.2333461853657,18.850029424389923,1.0,289.9999999999995,-15.233346185366202
55.2,289.9999999999995,0.0,1.0,275.416666666666,-14.583333333333485
55.300000000000004,275.416666666666,0.0,1.0,261.23333401798425,-14.183332648681755
55.400000000000006,261.23333401798425,0.0,1.0,251.65000924279082,-9.583324775193432
55.5,251.65000924279082,0.0,1.0,242.0666844675967,-9.583324775194114
55.6,242.0666844675967,0.0,1.0,233.0499999999997,-9.016684467597003
55.7,233.0499999999997,0.0,1.0,224.61904756376185,-8.430952436237845
55.800000000000004,224.61904756376185,0.14512473761453884,1.0,219.85714277050675,-4.761904793255098
55.900000000000006,219.85714277050675,1.9591837064736233,0.7835294117646907,215.09523803461897,-4.761904735887782
56.0,215.09523803461897,3.7732426534784858,0.5482352941176436,210.33333329873088,-4.761904735888095
56.1,210.33333329873088,5.587301600483477,0.31294117647057995,205.57142856284278,-4.761904735888095
56.2,205.57142856284278,7.401360547488468,0.07764705882351619,202.1575049969848,-3.4139235658579707
56.300000000000004,202.1575049969848,12.689987280402281,0.0,199.40750411256263,-2.750000884422178
56.400000000000006,199.40750411256263,19.689989531658732,0.0,196.65750282024095,-2.7500012923216843
56.5,196.65750282024095,26.689992821204854,0.0,193.90750069975905,-2.750002120481895
56.6,193.90750069975905,33.68999821879515,0.0,193.42138268613854,-0.4861180136205121
56.7,193.42138268613854,46.955949839601935,0.0,194.20000000000007,0.7786173138615311
56.800000000000004,194.20000000000007,63.65000000000063,0.0,196.7000000000002,2.5000000000001137
56.900000000000006,196.7000000000002,84.27500000000147,0.0,199.20000000000005,2.499999999999858
57.0,199.20000000000005,95.85714285714289,0.0,201.70000000000007,2.5000000000000284
57.1,201.70000000000007,97.6428571428572,0.0,204.2000000000001,2.5000000000000284
57.2,204.2000000000001,99.42857142857149,0.0,207.55000000000018,3.3500000000000796
57.300000000000004,207.55000000000018,100.0,0.0,211.3000000000002,3.7500000000000284
57.400000000000006,211.3000000000002,100.0,0.0,215.05,3.749999999999801
57.5,215.05,100.0,0.0,217.8,2.75
57.6,217.8,100.0,0.0,219.4666666666667,1.6666666666666856
57.7,219.4666666666667,100.0,0.0,221.13333162666672,1.6666649600000198
57.800000000000004,221.13333162666672,100.0,0.0,222.79999592296303,1.666664296296318
57.900000000000006,222.79999592296303,100.0,0.0,224.79999951392406,2.000003590961029
58.0,224.79999951392406,100.0,0.0,226.84545350701958,2.0454539930955207
58.1,226.84545350701958,100.0,0.0,228.89090693670892,2.0454534296893314
58.2,228.89090693670892,100.0,0.0,230.93635982508636,2.04545288837744
58.300000000000004,230.93635982508636,100.0,0.0,232.90000000000015,1.9636401749137917
58.400000000000006,232.90000000000015,100.0,0.0,234.775,1.874999999999858
58.5,234.775,100.0,0.0,236.31999842583852,1.5449984258385143
58.6,236.31999842583852,100.0,0.0,237.82,1.5000015741614732
58.7,237.82,100.0,0.0,240.93333011504768,3.113330115047688
58.800000000000004,240.93333011504768,100.0,0.0,244.26666154666685,3.333331431619172
58.900000000000006,244.26666154666685,100.0,0.0,246.8399990784,2.5733375317331593
59.0,246.8399990784,100.0,0.0,248.5899971584,1.7499980799999832
59.1,248.5899971584,100.0,0.0,250.33999773013338,1.7500005717333806
59.2,250.33999773013338,100.0,0.0,252.08999922346678,1.7500014933334
59.300000000000004,252.08999922346678,100.0,0.0,253.48000000000008,1.3900007765332987
59.400000000000006,253.48000000000008,100.0,0.0,254.48000000000002,0.9999999999999432
59.5,254.48000000000002,100.0,0.0,255.17142857142858,0.6914285714285597
59.6,255.17142857142858,100.0,0.0,255.52857142857144,0.3571428571428612
59.7,255.52857142857144,100.0,0.0,255.8857142857143,0.3571428571428612
59.800000000000004,255.8857142857143,100.0,0.0,256.0,0.11428571428569967
59.900000000000006,256.0,100.0,0.0,256.0,0.0
60.0,256.0,100.0,0.0,256.0,0.0
60.1,256.0,100.0,0.0,256.0,0.0
60.2,256.0,100.0,0.0,258.0777731923373,2.077773192337304
60.300000000000004,258.0777731923373,100.0,0.0,261.13332607920563,3.055552886868327
60.400000000000006,261.13332607920563,100.0,0.0,264.18888272725013,3.055556648044501
60.5,264.18888272725013,100.0,0.0,267.1499998774469,2.961117150196742
60.6,267.1499998774469,100.0,0.0,269.02499834553197,1.8749984680850957
60.7,269.02499834553197,100.0,0.0,270.8999968136171,1.8749984680851526
60.800000000000004,270.8999968136171,100.0,0.0,272.77499949176485,1.8750026781477231
60.900000000000006,272.77499949176485,100.0,0.0,274.31999812266673,1.5449986309018868
61.0,274.31999812266673,100.0,0.0,275.8199994683077,1.5000013456409533
61.1,275.8199994683077,100.0,0.0,278.1999972748387,2.379997806531037
61.2,278.1999972748387,100.0,0.0,280.175,1.9750027251612892
61.300000000000004,280.175,100.0,0.0,280.80000000000007,0.6250000000000568
61.400000000000006,280.80000000000007,100.0,0.0,281.425,0.6249999999999432
61.5,281.425,100.0,0.0,282.14285664415587,0.7178566441558587
61.6,282.14285664415587,100.0,0.0,283.9285688076191,1.785712163463245
61.7,283.9285688076191,100.0,0.0,285.71428461714294,1.785715809523822
61.800000000000004,285.71428461714294,100.0,0.0,287.3111111111112,1.5968264939682513
61.900000000000006,287.3111111111112,100.0,0.0,288.42222222222216,1.1111111111109722
62.0,288.42222222222216,100.0,0.0,289.5333333333333,1.1111111111111427
62.1,289.5333333333333,100.0,0.0,290.6444444444445,1.1111111111111995
62.2,290.6444444444445,100.0,0.0,291.8500000000001,1.205555555555577
62.300000000000004,291.8500000000001,100.0,0.0,293.03319484746373,1.1831948474636533
62.400000000000006,293.03319484746373,100.0,0.0,293.4481322906211,0.4149374431573847
62.5,293.4481322906211,100.0,0.0,293.8630704179737,0.4149381273525705
62.6,293.8630704179737,100.0,0.0,294.6699988410811,0.8069284231074221
62.7,294.6699988410811,100.0,0.0,295.669999664762,1.000000823680864
62.800000000000004,295.669999664762,100.0,0.0,296.372221600773,0.7022219360110284
62.900000000000006,296.372221600773,100.0,0.0,296.9277767111111,0.5555551103381049
63.0,296.9277767111111,100.0,0.0,297.48333226666665,0.5555555555555429
63.1,297.48333226666665,100.0,0.0,298.1050000000001,0.6216677333334246
63.2,298.1050000000001,100.0,0.0,299.6050000000001,1.5
63.300000000000004,299.6050000000001,100.0,0.0,301.07526874456823,1.470268744568159
63.400000000000006,301.07526874456823,100.0,0.0,302.1505365241137,1.0752677795454701
63.5,302.1505365241137,100.0,0.0,303.2258052135378,1.0752686894240924
63.6,303.2258052135378,100.0,0.0,304.175,0.9491947864622148
63.7,304.175,100.0,0.0,304.8,0.625
63.800000000000004,304.8,100.0,0.0,305.5666666666667,0.7666666666667084
63.900000000000006,305.5666666666667,100.0,0.0,306.4,0.8333333333332575
64.0,306.4,100.0,0.0,307.28000000000003,0.8800000000000523
64.10000000000001,307.28000000000003,100.0,0.0,308.28,0.9999999999999432
64.2,308.28,100.0,0.0,309.19999990025974,0.9199999002597679
64.3,309.19999990025974,100.0,0.0,309.9142847833767,0.7142848831169317
64.4,309.9142847833767,100.0,0.0,310.62856966649355,0.7142848831168749
64.5,310.62856966649355,100.0,0.0,311.23999960615384,0.6114299396602974
64.60000000000001,311.23999960615384,100.0,0.0,311.73999878564103,0.4999991794871903
64.7,311.73999878564103,100.0,0.0,312.0,0.26000121435896517
64.8,312.0,100.0,0.0,312.0,0.0
64.9,312.0,100.0,0.0,312.5499994041379,0.5499994041379068
65.0,312.5499994041379,100.0,0.0,313.2800000000001,0.7300005958621796
65.10000000000001,313.2800000000001,100.0,0.0,314.28000000000003,0.9999999999999432
65.2,314.28000000000003,100.0,0.0,315.0,0.7199999999999704
65.3,315.0,100.0,0.0,315.0,0.0
65.4,315.0,100.0,0.0,315.0,0.0
65.5,315.0,100.0,0.0,315.55000000000007,0.5500000000000682
65.60000000000001,315.55000000000007,100.0,0.0,316.175,0.6249999999999432
65.7,316.175,100.0,0.0,316.79999999999995,0.6249999999999432
65.8,316.79999999999995,100.0,0.0,317.42499972338993,0.6249997233899762
65.9,317.42499972338993,100.0,0.0,318.0499993166102,0.6249995932202523
66.0,318.0499993166102,100.0,0.0,318.6749989098306,0.6249995932204229
66.10000000000001,318.6749989098306,100.0,0.0,319.0,0.32500109016939405
66.2,319.0,100.0,0.0,319.0,0.0
66.3,319.0,100.0,0.0,319.02857127183677,0.028571271836767664
66.4,319.02857127183677,100.0,0.0,319.3857138043149,0.35714253247812167
66.5,319.3857138043149,100.0,0.0,319.74285694134113,0.3571431370262417
66.60000000000001,319.74285694134113,100.0,0.0,320.0,0.257143058658869
66.7,320.0,100.0,0.0,320.0,0.0
66.8,320.0,100.0,0.0,320.0,0.0
66.9,320.0,100.0,0.0,320.3142851769096,0.3142851769096069
67.0,320.3142851769096,100.0,0.0,320.6714283139359,0.3571431370262985
67.10000000000001,320.6714283139359,100.0,0.0,321.0499998989474,0.3785715850115139
67.2,321.0499998989474,100.0,0.0,321.67499903999993,0.6249991410525126
67.3,321.67499903999993,100.0,0.0,322.0,0.32500096000006806
67.4,322.0,100.0,0.0,322.0,0.0
67.5,322.0,100.0,0.0,322.2399995149474,0.23999951494738525
67.60000000000001,322.2399995149474,100.0,0.0,322.73999952457143,0.5000000096240456
67.7,322.73999952457143,100.0,0.0,323.0,0.2600004754285692
67.8,323.0,100.0,0.0,323.0,0.0
67.9,323.0,100.0,0.0,323.0,0.0
68.0,323.0,100.0,0.0,323.0,0.0
68.10000000000001,323.0,100.0,0.0,323.01666665178294,0.016666651782941244
68.2,323.01666665178294,100.0,0.0,323.2249997990698,0.20833314728685082
68.3,323.2249997990698,100.0,0.0,323.4333329463566,0.20833314728679397
68.4,323.4333329463566,100.0,0.0,323.641666407044,0.2083334606874132
68.5,323.641666407044,100.0,0.0,323.84999989132075,0.20833348427674991
68.60000000000001,323.84999989132075,100.0,0.0,324.0,0.15000010867925084
68.7,324.0,100.0,0.0,324.0,0.0
68.8,324.0,100.0,0.0,324.0,0.0
68.9,324.0,100.0,0.0,323.9715302426261,-0.02846975737389812
69.0,323.9715302426261,100.0,0.0,323.6156582754524,-0.35587196717369807
69.10000000000001,323.6156582754524,100.0,0.0,323.2597864213724,-0.3558718540800214
69.2,323.2597864213724,100.0,0.0,323.0,-0.2597864213723824
69.3,323.0,100.0,0.0,323.0,0.0
69.4,323.0,100.0,0.0,323.0,0.0
69.5,323.0,100.0,0.0,323.0,0.0
69.60000000000001,323.0,100.0,0.0,323.0,0.0
69.7,323.0,100.0,0.0,323.0,0.0
69.8,323.0,100.0,0.0,323.0,0.0
69.9,323.0,100.0,0.0,323.0,0.0
70.0,323.0,100.0,0.0,323.0,0.0
70.10000000000001,323.0,100.0,0.0,322.5628147525005,-0.4371852474994853
70.2,322.5628147525005,100.0,0.0,322.0603018389893,-0.5025129135112252
70.3,322.0603018389893,100.0,0.7272727272726979,318.9199999999996,-3.1403018389896715
70.4,318.9199999999996,77.99999999999729,1.0,315.41999999999985,-3.4999999999997726
70.5,315.41999999999985,52.99999999999881,1.0,311.9199999999997,-3.5000000000001705
70.60000000000001,311.9199999999997,27.999999999997627,1.0,308.42,-3.499999999999659
70.7,308.42,3.0,1.0,296.44999999999976,-11.970000000000255
70.8,296.44999999999976,0.0,1.0,283.3249999999988,-13.125000000000966
70.9,283.3249999999988,0.0,1.0,270.2000093046152,-13.124990695383588
71.0,270.2000093046152,0.0,1.0,257.07502222769125,-13.124987076923958
71.10000000000001,257.07502222769125,0.0,1.0,244.71999999999966,-12.355022227691592
71.2,244.71999999999966,0.16000000000019327,1.0,241.2199999999999,-3.499999999999744
71.3,241.2199999999999,2.160000000000051,1.0,237.71999999999966,-3.500000000000256
71.4,237.71999999999966,4.160000000000193,1.0,234.2199999999999,-3.499999999999744
71.5,234.2199999999999,6.160000000000051,1.0,230.8250006109089,-3.3949993890910264
71.60000000000001,230.8250006109089,8.0499998254546,1.0,228.63750493465352,-2.1874956762553666
71.7,228.63750493465352,8.674998590098996,1.0,226.45000382439042,-2.1875011102630992
71.8,226.45000382439042,9.299998907317024,0.6829268292683413,224.26250040975611,-2.187503414634307
71.9,224.26250040975611,9.924999882926826,0.07317073170731914,221.1714285714287,-3.091071838327423
72.0,221.1714285714287,13.457142857142726,0.0,217.95714285714254,-3.2142857142861487
72.10000000000001,217.95714285714254,17.385714285714673,0.0,215.0444438755556,-2.912698981586942
72.2,215.0444438755556,22.222206577779225,0.0,215.59999893333332,0.555555057777724
72.3,215.59999893333332,37.49997066666636,0.0,216.1555544888889,0.5555555555555713
72.4,216.1555544888889,52.777748444444526,0.0,216.71111004444444,0.5555555555555429
72.5,216.71111004444444,68.05552622222208,0.0,217.89999932235298,1.1888892779085438
72.60000000000001,217.89999932235298,79.59999728941196,0.0,219.7749979105882,1.8749985882352291
72.7,219.7749979105882,87.09999164235285,0.0,221.6499964988234,1.8749985882352007
72.8,221.6499964988234,94.59998599529374,0.0,223.4999994514287,1.85000295260528
72.9,223.4999994514287,100.0,0.0,225.28571177795922,1.785712326530529
73.0,225.28571177795922,100.0,0.0,227.07142687346956,1.7857150955103407
73.10000000000001,227.07142687346956,100.0,0.0,228.79999720727287,1.7285703338033045
73.2,228.79999720727287,100.0,0.0,230.46666346666672,1.6666662593938497
73.3,230.46666346666672,100.0,0.0,232.13333013333352,1.6666666666667993
73.4,232.13333013333352,100.0,0.0,233.79999846400003,1.6666683306665107
73.5,233.79999846400003,100.0,0.0,235.46666666666684,1.6666682026668127
73.60000000000001,235.46666666666684,100.0,0.0,237.13333333333347,1.6666666666666288
73.7,237.13333333333347,100.0,0.0,239.05,1.9166666666665435
73.8,239.05,100.0,0.0,241.2375000000001,2.1875000000000853
73.9,241.2375000000001,100.0,0.0,243.42499999999993,2.1874999999998295
74.0,243.42499999999993,100.0,0.0,245.0,1.575000000000074
74.10000000000001,245.0,100.0,0.0,245.0,0.0
74.2,245.0,100.0,0.0,247.1249969777776,2.124996977777613
74.3,247.1249969777776,100.0,0.0,250.07500000000007,2.950003022222461
74.4,250.07500000000007,100.0,0.0,251.01249999999996,0.9374999999998863
74.5,251.01249999999996,100.0,0.0,251.95000000000005,0.9375000000000853
74.60000000000001,251.95000000000005,100.0,0.0,252.8875,0.9374999999999432
74.7,252.8875,100.0,0.0,254.42999687999992,1.5424968799999306
74.8,254.42999687999992,100.0,0.0,256.0549968800001,1.6250000000001705
74.9,256.0549968800001,100.0,0.0,257.67999688000003,1.6249999999999432
75.0,257.67999688000003,100.0,0.0,259.30499688000015,1.6250000000001137
75.10000000000001,259.30499688000015,100.0,0.0,260.9299968800001,1.6249999999999432
75.2,260.9299968800001,100.0,0.0,262.5549973002449,1.6250004202448167
75.3,262.5549973002449,100.0,0.0,264.1799985737144,1.6250012734694792
75.4,264.1799985737144,100.0,0.0,265.8049998471837,1.6250012734693087
75.5,265.8049998471837,100.0,0.0,267.32000000000005,1.5150001528163557
75.60000000000001,267.32000000000005,100.0,0.0,268.82,1.4999999999999432
75.7,268.82,100.0,0.0,270.46260090959845,1.6426009095984568
75.8,270.46260090959845,100.0,0.0,272.12465038843277,1.6620494788343194
75.9,272.12465038843277,100.0,0.0,273.7867010302989,1.6620506418661307
76.0,273.7867010302989,100.0,0.0,275.48214246322215,1.6954414329232463
76.10000000000001,275.48214246322215,100.0,0.0,277.26785528996965,1.785712826747499
76.2,277.26785528996965,100.0,0.0,279.05356811671714,1.785712826747499
76.3,279.05356811671714,100.0,0.0,280.19583317333337,1.1422650566162247
76.4,280.19583317333337,100.0,0.0,280.6124994995745,0.41666632624111344
76.5,280.6124994995745,100.0,0.0,281.1166667093334,0.5041672097589185
76.60000000000001,281.1166667093334,100.0,0.0,282.7833339855238,1.6666672761904238
76.7,282.7833339855238,100.0,0.0,284.45000054153866,1.6666665560148317
76.80000000000001,284.45000054153866,100.0,0.0,285.8410029171347,1.391002375596031
76.9,285.8410029171347,100.0,0.0,287.0962317973032,1.255228880168488
77.0,287.0962317973032,100.0,0.0,288.17500000000007,1.0787682026968923
77.10000000000001,288.17500000000007,100.0,0.0,288.8,0.6249999999999432
77.2,288.8,100.0,0.0,289.8500000000002,1.050000000000182
77.30000000000001,289.8500000000002,100.0,0.0,291.10000000000014,1.2499999999999432
77.4,291.10000000000014,100.0,0.0,292.34999999999997,1.2499999999998295
77.5,292.34999999999997,100.0,0.0,293.6000000000001,1.2500000000001137
77.60000000000001,293.6000000000001,100.0,0.0,294.34000000000003,0.7399999999999523
77.7,294.34000000000003,100.0,0.0,294.8400000000001,0.5000000000000568
77.80000000000001,294.8400000000001,100.0,0.0,295.7727271631799,0.932727163179834
77.9,295.7727271631799,100.0,0.0,296.90908988664887,1.1363627234689488
78.0,296.90908988664887,100.0,0.0,298.04545261011805,1.1363627234691762
78.10000000000001,298.04545261011805,100.0,0.0,299.18181709843265,1.136364488314598
78.2,299.18181709843265,100.0,0.0,300.25454513923756,1.0727280408049182
78.30000000000001,300.25454513923756,100.0,0.0,301.1636349222287,0.9090897829911455
78.4,301.1636349222287,100.0,0.0,302.07272552727267,0.9090906050439571
78.5,302.07272552727267,100.0,0.0,302.98181643636366,0.9090909090909918
78.60000000000001,302.98181643636366,100.0,0.0,303.8909087686713,0.9090923323076368
78.7,303.8909087686713,100.0,0.0,304.43999902896553,0.5490902602942356
78.80000000000001,304.43999902896553,100.0,0.0,304.93999981714285,0.5000007881773172
78.9,304.93999981714285,100.0,0.0,306.09999863741933,1.1599988202764848
79.0,306.09999863741933,100.0,0.0,307.2624997873418,1.162501149922491
79.10000000000001,307.2624997873418,100.0,0.0,308.1999990278481,0.9374992405062699
79.2,308.1999990278481,100.0,0.0,309.1374982683545,0.9374992405063836
79.30000000000001,309.1374982683545,100.0,0.0,310.039999980557,0.902501712202536
79.4,310.039999980557,100.0,0.0,310.539999737519,0.4999997569619836
79.5,310.539999737519,100.0,0.0,311.03999949448104,0.49999975696204046
79.60000000000001,311.03999949448104,100.0,0.0,311.539999251443,0.4999997569619836
79.7,311.539999251443,100.0,0.0,312.02857142857147,0.4885721771284466
79.80000000000001,312.02857142857147,100.0,0.0,312.3857142857143,0.3571428571428328
79.9,312.3857142857143,100.0,0.0,312.74285714285713,0.3571428571428328
80.0,312.74285714285713,100.0,0.0,313.0999999182979,0.35714277544076367
80.10000000000001,313.0999999182979,100.0,0.0,313.45714248364743,0.3571425653495339
80.2,313.45714248364743,100.0,0.0,313.814285048997,0.35714256534959077
