Time,Speed,Throttle,Brake,Next_Speed,Delta_Speed
0.0,314.7285705142857,100.0,0.0,315.0857136282504,0.3571431139646961
0.05,315.0857136282504,100.0,0.0,315.4428567422151,0.3571431139646961
0.1,315.4428567422151,100.0,0.0,315.7999998561798,0.3571431139646961
0.15000000000000002,315.7999998561798,100.0,0.0,316.0612813698218,0.2612815136420181
0.2,316.0612813698218,100.0,0.0,316.2005572103259,0.1392758405040695
0.25,316.2005572103259,100.0,0.0,316.33983305082995,0.1392758405040695
0.30000000000000004,316.33983305082995,100.0,0.0,316.479108891334,0.1392758405040695
0.35000000000000003,316.479108891334,100.0,0.0,316.6183847318381,0.1392758405040695
0.4,316.6183847318381,100.0,0.0,316.75766057234216,0.1392758405040695
0.45,316.75766057234216,100.0,0.0,316.89693641284623,0.1392758405040695
0.5,316.89693641284623,100.0,0.0,317.0,0.10306358715376973
0.55,317.0,100.0,0.0,317.0,0.0
0.6000000000000001,317.0,100.0,0.0,317.0,0.0
0.65,317.0,100.0,0.0,317.02500004752477,0.025000047524770252
0.7000000000000001,317.02500004752477,100.0,0.0,317.4416675062706,0.41666745874584876
0.75,317.4416675062706,100.0,0.0,317.8583349333333,0.41666742706269133
0.8,317.8583349333333,100.0,0.0,318.2750016,0.4166666666666856
0.8500000000000001,318.2750016,100.0,0.0,318.6916682666666,0.41666666666662877
0.9,318.6916682666666,100.0,0.0,319.1083349333333,0.4166666666666856
0.9500000000000001,319.1083349333333,100.0,0.0,319.5250016,0.4166666666666856
1.0,319.5250016,100.0,0.0,319.94166695384615,0.416665353846156
1.05,319.94166695384615,100.0,0.0,320.215,0.27333304615382303
1.1,320.215,100.0,0.0,320.465,0.25
1.1500000000000001,320.465,100.0,0.0,320.715,0.25
1.2000000000000002,320.715,100.0,0.0,320.965,0.25
1.25,320.965,100.0,0.0,321.1535717925926,0.18857179259259738
1.3,321.1535717925926,100.0,0.0,321.3321435015075,0.17857170891494434
1.35,321.3321435015075,100.0,0.0,321.51071475778895,0.17857125628142967
1.4000000000000001,321.51071475778895,100.0,0.0,321.6892860140703,0.17857125628137283
1.4500000000000002,321.6892860140703,100.0,0.0,321.86785727035175,0.17857125628142967
1.5,321.86785727035175,100.0,0.0,322.05416716190473,0.1863098915529804
1.55,322.05416716190473,100.0,0.0,322.2625007910615,0.2083336291567548
1.6,322.2625007910615,100.0,0.0,322.4708339009311,0.2083331098696135
1.6500000000000001,322.4708339009311,100.0,0.0,322.67916701080077,0.20833310986967035
1.7000000000000002,322.67916701080077,100.0,0.0,322.8875001206704,0.2083331098696135
1.75,322.8875001206704,100.0,0.0,323.19166756422766,0.3041674435572759
1.8,323.19166756422766,100.0,0.0,323.6083346760469,0.4166671118192653
1.85,323.6083346760469,100.0,0.0,324.02500094070353,0.4166662646566124
1.9000000000000001,324.02500094070353,100.0,0.0,324.44166720536015,0.4166662646566124
1.9500000000000002,324.44166720536015,100.0,0.0,324.85833347001676,0.4166662646566124
2.0,324.85833347001676,100.0,0.0,325.275,0.4166665299832175
2.0500000000000003,325.275,100.0,0.0,325.69166666666666,0.4166666666666856
2.1,325.69166666666666,100.0,0.0,326.10833333333335,0.4166666666666856
2.15,326.10833333333335,100.0,0.0,326.525,0.41666666666662877
2.2,326.525,100.0,0.0,326.94166666666666,0.4166666666666856
2.25,326.94166666666666,100.0,0.0,327.0,0.05833333333333712
2.3000000000000003,327.0,100.0,0.0,327.0,0.0
2.35,327.0,100.0,0.0,327.0,0.0
2.4000000000000004,327.0,100.0,0.0,327.0,0.0
2.45,327.0,100.0,0.0,327.0,0.0
2.5,327.0,100.0,0.0,327.12187517333336,0.12187517333336473
2.5500000000000003,327.12187517333336,100.0,0.0,327.59062584000003,0.468750666666665
2.6,327.59062584000003,100.0,0.0,328.0593765066667,0.468750666666665
2.6500000000000004,328.0593765066667,100.0,0.0,328.52812717333336,0.468750666666665
2.7,328.52812717333336,100.0,0.0,328.99687683428573,0.46874966095236914
2.75,328.99687683428573,100.0,0.0,329.46562597714285,0.46874914285712066
2.8000000000000003,329.46562597714285,100.0,0.0,329.93437512,0.4687491428571775
2.85,329.93437512,100.0,0.0,330.0,0.06562487999997302
2.9000000000000004,330.0,100.0,0.0,330.0,0.0
2.95,330.0,100.0,0.0,330.0,0.0
3.0,330.0,100.0,0.0,330.0,0.0
3.0500000000000003,330.0,100.0,0.0,330.35833333333335,0.3583333333333485
3.1,330.35833333333335,100.0,0.0,330.775,0.41666666666662877
3.1500000000000004,330.775,100.0,0.0,331.19166666666666,0.4166666666666856
3.2,331.19166666666666,100.0,0.0,331.60833333333335,0.4166666666666856
3.25,331.60833333333335,100.0,0.0,332.0,0.3916666666666515
3.3000000000000003,332.0,100.0,0.0,332.0,0.0
3.35,332.0,100.0,0.0,332.0,0.0
3.4000000000000004,332.0,100.0,0.0,332.0,0.0
3.45,332.0,100.0,0.0,332.0,0.0
3.5,332.0,100.0,0.0,332.0,0.0
3.5500000000000003,332.0,100.0,0.0,332.0,0.0
3.6,332.0,100.0,0.0,332.40000025858586,0.4000002585858624
3.6500000000000004,332.40000025858586,100.0,0.0,333.02500066262627,0.6250004040404065
3.7,333.02500066262627,100.0,0.0,333.6500003672131,0.6249997045868554
3.75,333.6500003672131,100.0,0.0,334.0,0.34999963278687574
3.8000000000000003,334.0,100.0,0.0,334.0,0.0
3.85,334.0,100.0,0.0,334.0,0.0
3.9000000000000004,334.0,100.0,0.0,334.0,0.0
3.95,334.0,100.0,0.0,334.0,0.0
4.0,334.0,100.0,0.0,334.0,0.0
4.05,334.0,100.0,0.0,334.00909089442325,0.009090894423252394
4.1000000000000005,334.00909089442325,100.0,0.0,334.2363632550038,0.22727236058057088
4.15,334.2363632550038,100.0,0.0,334.4636356155844,0.22727236058057088
4.2,334.4636356155844,100.0,0.0,334.69090830790145,0.22727269231705804
4.25,334.69090830790145,100.0,0.0,334.918181171113,0.22727286321156726
4.3,334.918181171113,100.0,0.0,335.14545403432453,0.2272728632115104
4.3500000000000005,335.14545403432453,100.0,0.0,335.3727268975361,0.22727286321156726
4.4,335.3727268975361,100.0,0.0,335.59999976074766,0.22727286321156726
4.45,335.59999976074766,100.0,0.0,335.82727262395923,0.22727286321156726
4.5,335.82727262395923,100.0,0.0,336.0,0.17272737604076838
4.55,336.0,100.0,0.0,336.0,0.0
4.6000000000000005,336.0,100.0,0.0,336.0,0.0
4.65,336.0,100.0,0.0,336.0,0.0
4.7,336.0,100.0,0.0,336.10000010847455,0.10000010847454632
4.75,336.10000010847455,100.0,0.0,336.51666720000003,0.41666709152548265
4.800000000000001,336.51666720000003,100.0,0.0,336.93333386666666,0.41666666666662877
4.8500000000000005,336.93333386666666,100.0,0.0,337.35000053333334,0.4166666666666856
4.9,337.35000053333334,100.0,0.0,337.7666672,0.41666666666662877
4.95,337.7666672,100.0,0.0,338.0,0.23333280000002787
5.0,338.0,100.0,0.0,338.0,0.0
5.050000000000001,338.0,100.0,0.0,338.0,0.0
5.1000000000000005,338.0,100.0,0.0,338.0499997538462,0.04999975384617983
5.15,338.0499997538462,100.0,0.0,338.25833262487566,0.2083328710294836
5.2,338.25833262487566,100.0,0.0,338.4666661572139,0.20833353233825846
5.25,338.4666661572139,100.0,0.0,338.67499968955224,0.2083335323383153
5.300000000000001,338.67499968955224,100.0,0.0,338.88333322189055,0.2083335323383153
5.3500000000000005,338.88333322189055,100.0,0.0,339.0,0.11666677810944748
5.4,339.0,100.0,0.0,339.0,0.0
5.45,339.0,100.0,0.0,339.0,0.0
5.5,339.0,100.0,0.0,339.0,0.0
5.550000000000001,339.0,100.0,0.0,339.0,0.0
5.6000000000000005,339.0,100.0,0.0,339.0,0.0
5.65,339.0,100.0,0.0,339.0,0.0
5.7,339.0,100.0,0.0,339.05,0.05000000000001137
5.75,339.05,100.0,0.0,339.2583333333333,0.20833333333331439
5.800000000000001,339.2583333333333,100.0,0.0,339.46666666666664,0.20833333333331439
5.8500000000000005,339.46666666666664,100.0,0.0,339.675,0.20833333333337123
5.9,339.675,100.0,0.0,339.8833333333333,0.20833333333331439
5.95,339.8833333333333,100.0,0.0,340.0,0.11666666666667425
6.0,340.0,100.0,0.0,340.0,0.0
6.050000000000001,340.0,100.0,0.0,340.0,0.0
6.1000000000000005,340.0,100.0,0.0,340.0,0.0
6.15,340.0,100.0,0.0,340.0,0.0
6.2,340.0,100.0,0.0,340.0,0.0
6.25,340.0,100.0,0.0,340.0,0.0
6.300000000000001,340.0,100.0,0.0,340.0,0.0
6.3500000000000005,340.0,100.0,0.0,340.0,0.0
6.4,340.0,100.0,0.0,340.0,0.0
6.45,340.0,100.0,0.0,340.0,0.0
6.5,340.0,100.0,0.0,340.05,0.05000000000001137
6.550000000000001,340.05,100.0,0.0,340.2583333333333,0.20833333333331439
6.6000000000000005,340.2583333333333,100.0,0.0,340.46666666666664,0.20833333333331439
6.65,340.46666666666664,100.0,0.0,340.675,0.20833333333337123
6.7,340.675,100.0,0.0,340.8833333333333,0.20833333333331439
6.75,340.8833333333333,100.0,0.0,341.0,0.11666666666667425
6.800000000000001,341.0,100.0,0.0,341.0,0.0
6.8500000000000005,341.0,100.0,0.0,341.0,0.0
6.9,341.0,100.0,0.0,341.0,0.0
6.95,341.0,100.0,0.0,341.0,0.0
7.0,341.0,100.0,0.0,341.0,0.0
7.050000000000001,341.0,100.0,0.0,341.0,0.0
7.1000000000000005,341.0,100.0,0.0,341.0,0.0
7.15,341.0,100.0,0.0,341.0,0.0
7.2,341.0,100.0,0.0,341.0,0.0
7.25,341.0,100.0,0.0,341.0,0.0
7.300000000000001,341.0,100.0,0.0,341.0,0.0
7.3500000000000005,341.0,100.0,0.0,341.0,0.0
7.4,341.0,100.0,0.0,340.79374904150944,-0.20625095849055697
7.45,340.79374904150944,100.0,0.0,340.48124941886795,-0.31249962264149644
7.5,340.48124941886795,100.0,0.0,340.1687497962264,-0.3124996226415533
7.550000000000001,340.1687497962264,100.0,0.0,340.0,-0.1687497962263933
7.6000000000000005,340.0,100.0,0.0,340.0,0.0
7.65,340.0,100.0,0.0,340.0,0.0
7.7,340.0,100.0,0.0,340.0,0.0
7.75,340.0,100.0,0.0,340.0,0.0
7.800000000000001,340.0,100.0,0.0,339.835,-0.16500000000002046
7.8500000000000005,339.835,100.0,0.0,339.585,-0.25
7.9,339.585,100.0,0.0,339.335,-0.25
7.95,339.335,100.0,0.0,339.085,-0.25
8.0,339.085,100.0,0.0,339.0,-0.08499999999997954
8.05,339.0,100.0,0.0,339.0,0.0
8.1,339.0,100.0,0.0,339.0,0.0
8.15,339.0,100.0,0.0,339.0,0.0
8.200000000000001,339.0,86.91874999999918,0.14375000000000904,339.0,0.0
8.25,339.0,58.481249999999804,0.4562500000000021,339.0,0.0
8.3,339.0,30.04374999999942,0.7687500000000063,337.69998811428576,-1.300011885714241
8.35,337.69998811428576,8.414994651428598,1.0,332.69998530502795,-5.000002809257808
8.4,332.69998530502795,6.164993387262582,1.0,327.6999906681564,-4.999994636871577
8.450000000000001,327.6999906681564,3.914995800670374,1.0,322.69999603128497,-4.999994636871406
8.5,322.69999603128497,1.6649982140782464,1.0,316.5083333333333,-6.191662697951642
8.55,316.5083333333333,0.0,1.0,306.9250000000001,-9.5833333333332
8.6,306.9250000000001,0.0,1.0,297.34166666666664,-9.583333333333485
8.65,297.34166666666664,0.0,1.0,287.7583333333331,-9.583333333333542
8.700000000000001,287.7583333333331,0.0,1.0,278.1749999999999,-9.5833333333332
8.75,278.1749999999999,0.0,1.0,270.22083333333313,-7.954166666666765
8.8,270.22083333333313,0.0,1.0,264.1791666666666,-6.041666666666515
8.85,264.1791666666666,0.0,1.0,258.1374999999999,-6.0416666666667425
8.9,258.1374999999999,0.0,1.0,252.09583333333313,-6.0416666666667425
8.950000000000001,252.09583333333313,0.0,1.0,246.0541666666666,-6.0416666666665435
9.0,246.0541666666666,0.0,1.0,240.08124999999995,-5.9729166666666345
9.05,240.08124999999995,0.0,1.0,234.14375000000007,-5.937499999999886
9.1,234.14375000000007,0.0,1.0,228.20624999999998,-5.937500000000085
9.15,228.20624999999998,0.0,1.0,222.26874999999987,-5.937500000000114
9.200000000000001,222.26874999999987,0.0,1.0,216.33124999999998,-5.937499999999886
9.25,216.33124999999998,0.0,1.0,210.3937499999999,-5.937500000000085
9.3,210.3937499999999,0.0,1.0,204.76500000000001,-5.628749999999883
9.35,204.76500000000001,0.0,1.0,200.01499999999996,-4.750000000000057
9.4,200.01499999999996,0.0,1.0,195.2649999999999,-4.750000000000057
9.450000000000001,195.2649999999999,0.0,1.0,190.51500000000004,-4.749999999999858
9.5,190.51500000000004,0.0,1.0,185.83,-4.685000000000031
9.55,185.83,0.0,1.0,181.3299999999999,-4.500000000000114
9.600000000000001,181.3299999999999,0.0,1.0,176.82999999999996,-4.499999999999943
9.65,176.82999999999996,0.0,1.0,172.32998348799995,-4.500016512000002
9.700000000000001,172.32998348799995,0.0,1.0,167.99501295001875,-4.3349705379812065
9.75,167.99501295001875,0.0,1.0,164.12967814239843,-3.8653348076203145
9.8,164.12967814239843,0.0,1.0,160.26434333477812,-3.8653348076203145
9.850000000000001,160.26434333477812,0.0,1.0,156.39900852715797,-3.865334807620144
9.9,156.39900852715797,0.0,1.0,152.53367371953766,-3.8653348076203145
9.950000000000001,152.53367371953766,0.0,1.0,148.6683389119175,-3.8653348076201723
10.0,148.6683389119175,0.0,1.0,144.80300005623747,-3.8653388556800223
10.05,144.80300005623747,0.0,1.0,140.93765911519336,-3.86534094104411
10.100000000000001,140.93765911519336,0.0,1.0,137.3399996961151,-3.597659419078269
10.15,137.3399996961151,0.0,1.0,134.589998429928,-2.7500012661870983
10.200000000000001,134.589998429928,0.0,1.0,131.83999716374097,-2.750001266187013
10.25,131.83999716374097,0.0,1.0,129.08999780721305,-2.7499993565279226
10.3,129.08999780721305,0.0,1.0,126.31428637587928,-2.775711431333775
10.350000000000001,126.31428637587928,0.0,1.0,123.45714627537684,-2.857140100502434
10.4,123.45714627537684,0.0,1.0,120.60000617487432,-2.8571401005025194
10.450000000000001,120.60000617487432,0.0,1.0,117.74286607437189,-2.857140100502434
10.5,117.74286607437189,0.0,1.0,114.8857234962963,-2.857142578075596
10.55,114.8857234962963,0.0,1.0,112.0285738666666,-2.8571496296296885
10.600000000000001,112.0285738666666,0.0,1.0,109.26666946330532,-2.761904403361285
10.65,109.26666946330532,0.0,1.0,106.55834049971983,-2.708328963585487
10.700000000000001,106.55834049971983,0.0,1.0,103.85000928264463,-2.708331217075198
10.75,103.85000928264463,0.0,1.0,101.14167165179062,-2.708337630854018
10.8,101.14167165179062,0.0,1.0,98.43333402093658,-2.7083376308540323
10.850000000000001,98.43333402093658,0.0,1.0,96.68750211764706,-1.7458319032895275
10.9,96.68750211764706,0.0,1.0,95.12500463865544,-1.5624974789916166
10.950000000000001,95.12500463865544,0.0,1.0,93.56250497777779,-1.5624996608776485
11.0,93.56250497777779,0.0,1.0,92.00000275555554,-1.5625022222222498
11.05,92.00000275555554,0.0,1.0,90.43750053333329,-1.5625022222222498
11.100000000000001,90.43750053333329,0.0,1.0,88.87499831111111,-1.5625022222221787
11.15,88.87499831111111,0.0,1.0,87.33999976402234,-1.534998547088776
11.200000000000001,87.33999976402234,0.0,1.0,85.83999922770951,-1.5000005363128253
11.25,85.83999922770951,0.0,1.0,84.33999869139663,-1.500000536312882
11.3,84.33999869139663,0.0,1.0,82.83999815508375,-1.500000536312882
11.350000000000001,82.83999815508375,0.0,1.0,81.81666666666666,-1.0233314884170852
11.4,81.81666666666666,0.0,0.0,81.39999999999999,-0.4166666666666714
11.450000000000001,81.39999999999999,0.0,0.0,80.98333333333333,-0.4166666666666572
11.5,80.98333333333333,0.0,0.0,80.56666666666666,-0.4166666666666714
11.55,80.56666666666666,0.0,0.0,80.14999999999999,-0.4166666666666714
11.600000000000001,80.14999999999999,0.0,0.0,79.46666642110311,-0.6833335788968782
11.65,79.46666642110311,1.2000005525179924,0.0,78.63333270407672,-0.8333337170263917
11.700000000000001,78.63333270407672,3.0750014158273804,0.0,77.79999898705036,-0.8333337170263633
11.75,77.79999898705036,4.950002279136702,0.0,76.9666660541254,-0.8333329329249608
11.8,76.9666660541254,6.825001378217847,0.0,76.13333324884486,-0.8333328052805342
11.850000000000001,76.13333324884486,8.700000190099045,0.0,76.15000009696969,0.016666848124827993
11.9,76.15000009696969,11.100001357575744,0.0,76.32857164098124,0.17857154401154673
11.950000000000001,76.32857164098124,13.60000297373739,0.0,76.50714303141278,0.1785713904315429
12.0,76.50714303141278,16.10000243977898,0.0,76.68571439684294,0.17857136543015883
12.05,76.68571439684294,18.600001555801125,0.0,76.86428576227308,0.17857136543014462
12.100000000000001,76.86428576227308,21.10000067182327,0.0,76.93333310877193,0.06904734649884858
12.15,76.93333310877193,22.23333075087717,0.0,76.65555525079364,-0.27777785797829324
12.200000000000001,76.65555525079364,19.03888538412692,0.0,76.37777753207826,-0.2777777187153845
12.25,76.37777753207826,15.844441618899967,0.0,76.09999981336287,-0.2777777187153845
12.3,76.09999981336287,12.649997853672904,0.0,75.82222209464747,-0.2777777187153987
12.350000000000001,75.82222209464747,9.45555408844584,0.0,75.54444437593209,-0.2777777187153845
12.4,75.54444437593209,6.2611103232188885,0.0,75.26666665721669,-0.2777777187153987
12.450000000000001,75.26666665721669,3.0666665579918266,0.0,74.98571428571428,-0.2809523715024085
12.5,74.98571428571428,0.0,1.0,74.62857142857142,-0.3571428571428612
12.55,74.62857142857142,0.0,1.0,74.27142857142856,-0.3571428571428612
12.600000000000001,74.27142857142856,0.0,1.0,73.91428571428571,-0.357142857142847
12.65,73.91428571428571,0.0,1.0,73.55714285714285,-0.3571428571428612
12.700000000000001,73.55714285714285,0.0,0.9749999999999917,73.2,-0.357142857142847
12.75,73.2,0.0,0.35000000000000553,72.78,-0.4200000000000017
12.8,72.78,0.0,0.0,72.27999999999999,-0.5000000000000142
12.850000000000001,72.27999999999999,0.0,0.0,71.78,-0.4999999999999858
12.9,71.78,0.0,0.0,71.27999999999999,-0.5000000000000142
12.950000000000001,71.27999999999999,0.0,0.0,70.58749999999999,-0.6924999999999955
13.0,70.58749999999999,0.5500000000000038,0.0,69.64999999999999,-0.9375
13.05,69.64999999999999,1.8000000000000165,0.0,68.71249999999998,-0.9375000000000142
13.100000000000001,68.71249999999998,3.050000000000029,0.0,67.89999999999999,-0.8124999999999858
13.15,67.89999999999999,4.250000000000009,0.0,67.48333333333332,-0.4166666666666714
13.200000000000001,67.48333333333332,5.291666666666686,0.0,67.06666666666666,-0.4166666666666572
13.25,67.06666666666666,6.333333333333326,0.0,66.64999999999999,-0.4166666666666714
13.3,66.64999999999999,7.375000000000007,0.0,66.23333333333332,-0.4166666666666714
13.350000000000001,66.23333333333332,8.416666666666693,0.0,66.31428571428572,0.08095238095239665
13.4,66.31428571428572,10.492857142857163,0.0,67.02857142857144,0.7142857142857224
13.450000000000001,67.02857142857144,13.88571428571436,0.0,67.74285714285715,0.7142857142857082
13.5,67.74285714285715,17.27857142857144,0.0,68.45714285714287,0.7142857142857224
13.55,68.45714285714287,20.671428571428642,0.0,69.17142857142859,0.7142857142857224
13.600000000000001,69.17142857142859,24.064285714285838,0.0,69.8857142857143,0.7142857142857082
13.65,69.8857142857143,27.457142857142916,0.0,70.84000000000003,0.9542857142857315
13.700000000000001,70.84000000000003,29.89000000000007,0.0,71.84,0.9999999999999716
13.75,71.84,32.140000000000015,0.0,72.84,1.0
13.8,72.84,34.39000000000003,0.0,73.84000000000002,1.0000000000000142
13.850000000000001,73.84000000000002,36.64000000000004,0.0,75.26633165829145,1.4263316582914314
13.9,75.26633165829145,38.68844221105527,0.0,76.77386934673369,1.5075376884422411
13.950000000000001,76.77386934673369,40.698492462311584,0.0,78.28140703517586,1.50753768844217
14.0,78.28140703517586,42.70854271356782,0.0,79.7889447236181,1.5075376884422411
14.05,79.7889447236181,44.71859296482413,0.0,81.07500170578514,1.2860569821670396
14.100000000000001,81.07500170578514,45.7818194223892,0.0,82.32500368925619,1.2500019834710514
14.15,82.32500368925619,46.6909117740045,0.0,83.57500446896553,1.2500007797093389
14.200000000000001,83.57500446896553,47.600003250156746,0.0,84.8250037166144,1.2499992476488728
14.25,84.8250037166144,48.509093612083205,0.0,86.07500296426333,1.2499992476489297
14.3,86.07500296426333,49.41818397400969,0.0,87.32500221191225,1.2499992476489155
14.350000000000001,87.32500221191225,50.32727433593618,0.0,88.57500145956114,1.249999247648887
14.4,88.57500145956114,51.23636469786264,0.0,89.82500070721005,1.2499992476489155
14.450000000000001,89.82500070721005,52.14545505978913,0.0,91.10000023703704,1.2749995298269852
14.5,91.10000023703704,53.11250026666667,0.0,92.76667085432103,1.666670617283998
14.55,92.76667085432103,54.98750471111116,0.0,94.43333884779881,1.6666679934777733
14.600000000000001,94.43333884779881,56.862506203773655,0.0,96.10000350188682,1.6666646540880095
14.65,96.10000350188682,58.73750393962266,0.0,97.76666815597488,1.6666646540880663
14.700000000000001,97.76666815597488,60.61250167547174,0.0,99.75834026666669,1.991672110691809
14.75,99.75834026666669,62.86667459047622,0.0,102.67501120000007,2.9166709333333785
14.8,102.67501120000007,66.20001280000008,0.0,105.59167786666676,2.9166666666666856
14.850000000000001,105.59167786666676,69.53334613333344,0.0,108.50834453333333,2.916666666666572
14.9,108.50834453333333,72.86667946666667,0.0,111.42500775384619,2.9166632205128593
14.950000000000001,111.42500775384619,76.20000886153849,0.0,113.86250100363635,2.4374932497901654
15.0,113.86250100363635,78.57500066909091,0.0,115.73750318545457,1.8750021818182177
15.05,115.73750318545457,79.82500212363638,0.0,117.61250536727279,1.8750021818182177
15.100000000000001,117.61250536727279,81.07500357818186,0.0,119.48750754909094,1.8750021818181466
15.15,119.48750754909094,82.3250050327273,0.0,121.36250816000006,1.875000610909126
15.200000000000001,121.36250816000006,83.57500544000004,0.0,123.85624999999997,2.493741839999913
15.25,123.85624999999997,84.61874999999999,0.0,126.66875,2.8125000000000284
15.3,126.66875,85.55625,0.0,129.48125000000005,2.8125000000000426
15.350000000000001,129.48125000000005,86.49375000000002,0.0,131.95833333333331,2.477083333333269
15.4,131.95833333333331,87.83055555555555,0.0,134.04166666666669,2.0833333333333712
15.450000000000001,134.04166666666669,89.63611111111112,0.0,136.12499999999997,2.083333333333286
15.5,136.12499999999997,91.44166666666663,0.0,138.20833333333331,2.083333333333343
15.55,138.20833333333331,93.24722222222222,0.0,140.29166666666669,2.0833333333333712
15.600000000000001,140.29166666666669,95.0527777777778,0.0,142.375,2.0833333333333144
15.65,142.375,96.85833333333332,0.0,144.45833333333337,2.0833333333333712
15.700000000000001,144.45833333333337,98.66388888888892,0.0,146.65,2.1916666666666345
15.75,146.65,100.0,0.0,149.15000000000003,2.5000000000000284
15.8,149.15000000000003,100.0,0.0,151.65000000000006,2.5000000000000284
15.850000000000001,151.65000000000006,100.0,0.0,154.15,2.499999999999943
15.9,154.15,100.0,0.0,156.65000000000003,2.5000000000000284
15.950000000000001,156.65000000000003,100.0,0.0,159.14999999999998,2.499999999999943
16.0,159.14999999999998,100.0,0.0,161.65,2.5000000000000284
16.05,161.65,100.0,0.0,164.15000000000006,2.500000000000057
16.1,164.15000000000006,100.0,0.0,166.6035714285715,2.4535714285714505
16.150000000000002,166.6035714285715,100.0,0.0,168.92499999999998,2.32142857142847
16.2,168.92499999999998,100.0,0.0,171.2464285714286,2.321428571428612
16.25,171.2464285714286,100.0,0.0,173.5678571428572,2.321428571428612
16.3,173.5678571428572,100.0,0.0,175.88928571428582,2.321428571428612
16.35,175.88928571428582,100.0,0.0,178.21071428571437,2.321428571428555
16.400000000000002,178.21071428571437,100.0,0.0,179.92523364485976,1.7145193591453847
16.45,179.92523364485976,100.0,0.0,181.32710280373828,1.401869158878526
16.5,181.32710280373828,100.0,0.0,182.7289719626168,1.401869158878526
16.55,182.7289719626168,100.0,0.0,184.13084112149537,1.4018691588785543
16.6,184.13084112149537,100.0,0.0,185.5327102803739,1.401869158878526
16.650000000000002,185.5327102803739,100.0,0.0,186.93457943925233,1.4018691588784407
16.7,186.93457943925233,100.0,0.0,188.55000059661018,1.6154211573578436
16.75,188.55000059661018,100.0,0.0,190.84166940444445,2.29166880783427
16.8,190.84166940444445,100.0,0.0,193.1333328118519,2.291663407407441
16.85,193.1333328118519,100.0,0.0,195.42499621925933,2.291663407407441
16.900000000000002,195.42499621925933,100.0,0.0,197.71665962666663,2.291663407407299
16.95,197.71665962666663,100.0,0.0,199.550000196648,1.8333405699813738
17.0,199.550000196648,100.0,0.0,200.80000064357543,1.2500004469274302
17.05,200.80000064357543,100.0,0.0,202.05000109050283,1.2500004469274018
17.1,202.05000109050283,100.0,0.0,203.30000153743023,1.2500004469274018
17.150000000000002,203.30000153743023,100.0,0.0,204.5500009188119,1.249999381381656
17.2,204.5500009188119,100.0,0.0,205.8000001267327,1.2499992079208084
17.25,205.8000001267327,100.0,0.0,207.866667127928,2.066667001195299
17.3,207.866667127928,100.0,0.0,210.08888989927078,2.2222227713427856
17.35,210.08888989927078,100.0,0.0,212.3111126706136,2.222222771342814
17.400000000000002,212.3111126706136,100.0,0.0,214.53333544195624,2.2222227713426435
17.45,214.53333544195624,100.0,0.0,216.75555821329903,2.2222227713427856
17.5,216.75555821329903,100.0,0.0,218.97777969284934,2.2222214795503135
17.55,218.97777969284934,100.0,0.0,221.20000050693082,2.2222208140814814
17.6,221.20000050693082,100.0,0.0,223.20000000000013,1.9999994930693106
17.650000000000002,223.20000000000013,100.0,0.0,225.07500000000002,1.8749999999998863
17.7,225.07500000000002,100.0,0.0,226.95000000000005,1.8750000000000284
17.75,226.95000000000005,100.0,0.0,228.6599992030189,1.7099992030188673
17.8,228.6599992030189,100.0,0.0,230.15999739169817,1.4999981886792568
17.85,230.15999739169817,100.0,0.0,231.6599955803774,1.4999981886792284
17.900000000000002,231.6599955803774,100.0,0.0,233.1599960663414,1.5000004859639944
17.95,233.1599960663414,100.0,0.0,234.2749995563025,1.1150034899611114
18.0,234.2749995563025,100.0,0.0,234.89999854789914,0.624998991596641
18.05,234.89999854789914,100.0,0.0,235.52499777560976,0.6249992277106173
18.1,235.52499777560976,100.0,0.0,236.34999943529414,0.825001659684375
18.150000000000002,236.34999943529414,100.0,0.0,237.8083304156862,1.458330980392077
18.2,237.8083304156862,100.0,0.0,239.26666139607838,1.4583309803921622
18.25,239.26666139607838,100.0,0.0,240.72499639008262,1.4583349940042467
18.3,240.72499639008262,100.0,0.0,242.1833320374656,1.4583356473829667
18.35,242.1833320374656,100.0,0.0,243.4124989974684,1.2291669600028001
18.400000000000002,243.4124989974684,100.0,0.0,244.3499967189873,0.9374977215189233
18.45,244.3499967189873,100.0,0.0,245.2874983111111,0.9375015921237946
18.5,245.2874983111111,100.0,0.0,246.3374994554622,1.0500011443510857
18.55,246.3374994554622,100.0,0.0,247.74374718655466,1.4062477310924635
18.6,247.74374718655466,100.0,0.0,249.14999491764712,1.4062477310924635
18.650000000000002,249.14999491764712,100.0,0.0,250.55624575522384,1.4062508375767209
18.7,250.55624575522384,100.0,0.0,251.96249709850744,1.4062513432836
18.75,251.96249709850744,100.0,0.0,253.36874844179104,1.4062513432836
18.8,253.36874844179104,100.0,0.0,254.77499978507464,1.4062513432836
18.85,254.77499978507464,100.0,0.0,255.60000000000002,0.8250002149253817
18.900000000000002,255.60000000000002,100.0,0.0,256.3142857142857,0.7142857142856656
18.95,256.3142857142857,100.0,0.0,257.0285714285714,0.7142857142857224
19.0,257.0285714285714,100.0,0.0,257.74285714285713,0.7142857142857224
19.05,257.74285714285713,100.0,0.0,258.45714285714286,0.7142857142857224
19.1,258.45714285714286,100.0,0.0,259.15000000000003,0.6928571428571786
19.150000000000002,259.15000000000003,100.0,0.0,259.77500000000003,0.625
19.200000000000003,259.77500000000003,100.0,0.0,260.40000000000003,0.625
19.25,260.40000000000003,100.0,0.0,261.02500000000003,0.625
19.3,261.02500000000003,100.0,0.0,261.65000000000003,0.625
19.35,261.65000000000003,100.0,0.0,262.66,1.009999999999991
19.400000000000002,262.66,100.0,0.0,264.16,1.5
19.450000000000003,264.16,100.0,0.0,265.65999999999997,1.4999999999999432
19.5,265.65999999999997,100.0,0.0,267.16,1.5000000000000568
19.55,267.16,100.0,0.0,268.11,0.9499999999999886
19.6,268.11,100.0,0.0,268.36,0.25
19.650000000000002,268.36,100.0,0.0,268.61,0.25
19.700000000000003,268.61,100.0,0.0,268.86,0.25
19.75,268.86,100.0,0.0,269.45833333333337,0.5983333333333576
19.8,269.45833333333337,100.0,0.0,270.50000000000006,1.0416666666666856
19.85,270.50000000000006,100.0,0.0,271.54166666666674,1.0416666666666856
19.900000000000002,271.54166666666674,100.0,0.0,272.58333333333337,1.0416666666666288
19.950000000000003,272.58333333333337,100.0,0.0,273.625,1.0416666666666288
20.0,273.625,100.0,0.0,274.57142857142856,0.9464285714285552
20.05,274.57142857142856,100.0,0.0,275.4642857142857,0.8928571428571672
20.1,275.4642857142857,100.0,0.0,276.3571428571429,0.8928571428571672
20.150000000000002,276.3571428571429,100.0,0.0,277.25000000000006,0.8928571428571672
20.200000000000003,277.25000000000006,100.0,0.0,278.14285714285717,0.8928571428571104
20.25,278.14285714285717,100.0,0.0,279.02500000000003,0.8821428571428669
20.3,279.02500000000003,100.0,0.0,279.65000000000003,0.625
20.35,279.65000000000003,100.0,0.0,280.27500000000003,0.625
20.400000000000002,280.27500000000003,100.0,0.0,280.90000000000003,0.625
20.450000000000003,280.90000000000003,100.0,0.0,281.63316582914575,0.7331658291457188
20.5,281.63316582914575,100.0,0.0,282.38693467336685,0.7537688442210992
20.55,282.38693467336685,100.0,0.0,283.14070351758795,0.7537688442210992
20.6,283.14070351758795,100.0,0.0,283.89447236180905,0.7537688442210992
20.650000000000002,283.89447236180905,100.0,0.0,284.3071428571429,0.4126704953338276
20.700000000000003,284.3071428571429,100.0,0.0,284.6642857142857,0.3571428571428328
20.75,284.6642857142857,100.0,0.0,285.0214285714286,0.3571428571428896
20.8,285.0214285714286,100.0,0.0,285.37857142857143,0.3571428571428328
20.85,285.37857142857143,100.0,0.0,285.73571428571427,0.3571428571428328
20.900000000000002,285.73571428571427,100.0,0.0,286.19500000000005,0.4592857142857838
20.950000000000003,286.19500000000005,100.0,0.0,286.945,0.7499999999999432
21.0,286.945,100.0,0.0,287.695,0.75
21.05,287.695,100.0,0.0,288.445,0.75
21.1,288.445,100.0,0.0,289.0855264177836,0.640526417783633
21.150000000000002,289.0855264177836,100.0,0.0,289.41447417848974,0.3289477607061144
21.200000000000003,289.41447417848974,100.0,0.0,289.74342193919585,0.3289477607061144
21.25,289.74342193919585,100.0,0.0,290.07236968421057,0.328947745014716
21.3,290.07236968421057,100.0,0.0,290.4013170526316,0.32894736842104066
21.35,290.4013170526316,100.0,0.0,290.73026442105265,0.32894736842104066
21.400000000000002,290.73026442105265,100.0,0.0,291.0592117894737,0.32894736842104066
21.450000000000003,291.0592117894737,100.0,0.0,291.38815915789473,0.32894736842104066
21.5,291.38815915789473,100.0,0.0,291.7171065263158,0.32894736842104066
21.55,291.7171065263158,100.0,0.0,292.0460538947369,0.3289473684210975
21.6,292.0460538947369,100.0,0.0,292.3750012631579,0.32894736842104066
21.650000000000002,292.3750012631579,100.0,0.0,292.70394863157895,0.32894736842104066
21.700000000000003,292.70394863157895,100.0,0.0,293.0328960363499,0.3289474047709291
21.75,293.0328960363499,100.0,0.0,293.36184355622873,0.3289475198788523
21.8,293.36184355622873,100.0,0.0,293.69079107610753,0.32894751987879545
21.85,293.69079107610753,100.0,0.0,294.0428572038096,0.3520661277020736
21.900000000000002,294.0428572038096,100.0,0.0,294.7571439339683,0.7142867301586762
21.950000000000003,294.7571439339683,100.0,0.0,295.471430664127,0.714286730158733
22.0,295.471430664127,100.0,0.0,296.1857173942857,0.7142867301586762
22.05,296.1857173942857,100.0,0.0,296.900002816,0.714285421714294
22.1,296.900002816,100.0,0.0,297.6142867017143,0.7142838857143374
22.150000000000002,297.6142867017143,100.0,0.0,298.0,0.3857132982856797
22.200000000000003,298.0,100.0,0.0,298.0,0.0
22.25,298.0,100.0,0.0,298.0,0.0
22.3,298.0,100.0,0.0,298.0975,0.09750000000002501
22.35,298.0975,100.0,0.0,298.4725,0.375
22.400000000000002,298.4725,100.0,0.0,298.8475,0.375
22.450000000000003,298.8475,100.0,0.0,299.22249999999997,0.37499999999994316
22.5,299.22249999999997,100.0,0.0,299.59749999999997,0.375
22.55,299.59749999999997,100.0,0.0,299.97249999999997,0.375
22.6,299.97249999999997,100.0,0.0,300.34749999999997,0.375
22.650000000000002,300.34749999999997,100.0,0.0,300.7225,0.37500000000005684
22.700000000000003,300.7225,100.0,0.0,301.12187512,0.39937512000000197
22.75,301.12187512,100.0,0.0,301.59062558153846,0.46875046153843414
22.8,301.59062558153846,100.0,0.0,302.05937604307695,0.468750461538491
22.85,302.05937604307695,100.0,0.0,302.52812650461544,0.468750461538491
22.900000000000002,302.52812650461544,100.0,0.0,302.9968769661539,0.46875046153843414
22.950000000000003,302.9968769661539,100.0,0.0,303.46562728000004,0.46875031384615795
23.0,303.46562728000004,100.0,0.0,303.93437528000004,0.46874800000000505
23.05,303.93437528000004,100.0,0.0,304.13395630616947,0.19958102616942597
23.1,304.13395630616947,100.0,0.0,304.2897194528781,0.15576314670863667
23.150000000000002,304.2897194528781,100.0,0.0,304.44548270149045,0.15576324861234525
23.200000000000003,304.44548270149045,100.0,0.0,304.6012460697289,0.1557633682384676
23.25,304.6012460697289,100.0,0.0,304.7570094379673,0.15576336823841075
23.3,304.7570094379673,100.0,0.0,304.9127728062058,0.1557633682384676
23.35,304.9127728062058,100.0,0.0,305.16499980075474,0.25222699454894837
23.400000000000002,305.16499980075474,100.0,0.0,305.53999934792455,0.3749995471698071
23.450000000000003,305.53999934792455,100.0,0.0,305.91499889509436,0.3749995471698071
23.5,305.91499889509436,100.0,0.0,306.2899986376764,0.37499974258201973
23.55,306.2899986376764,100.0,0.0,306.6649989364316,0.3750002987551966
23.6,306.6649989364316,100.0,0.0,307.03999923518677,0.3750002987551966
23.650000000000002,307.03999923518677,100.0,0.0,307.4149995339419,0.37500029875513974
23.700000000000003,307.4149995339419,100.0,0.0,307.7899998326971,0.3750002987551966
23.75,307.7899998326971,100.0,0.0,308.21999946531645,0.42999963261934226
23.8,308.21999946531645,100.0,0.0,308.7199982501266,0.4999987848101455
23.85,308.7199982501266,100.0,0.0,309.2199991808,0.5000009306734228
23.900000000000002,309.2199991808,100.0,0.0,309.7200004608,0.5000012799999922
23.950000000000003,309.7200004608,100.0,0.0,310.0785714285714,0.3585709677714135
24.0,310.0785714285714,100.0,0.0,310.25714285714287,0.1785714285714448
24.05,310.25714285714287,100.0,0.0,310.4357142857143,0.1785714285714448
24.1,310.4357142857143,100.0,0.0,310.6142857142857,0.17857142857138797
24.150000000000002,310.6142857142857,100.0,0.0,310.79285714285714,0.1785714285714448
24.200000000000003,310.79285714285714,100.0,0.0,310.9714285714286,0.1785714285714448
24.25,310.9714285714286,100.0,0.0,311.23333368888893,0.2619051174603442
24.3,311.23333368888893,100.0,0.0,311.5111114666667,0.27777777777777146
24.35,311.5111114666667,100.0,0.0,311.7888892444445,0.27777777777777146
24.400000000000002,311.7888892444445,100.0,0.0,312.06666702222225,0.27777777777777146
24.450000000000003,312.06666702222225,100.0,0.0,312.3444448,0.27777777777777146
24.5,312.3444448,100.0,0.0,312.6222225777778,0.27777777777777146
24.55,312.6222225777778,100.0,0.0,312.90000030476193,0.2777777269841408
24.6,312.90000030476193,100.0,0.0,313.13333320469013,0.23333289992820028
24.650000000000002,313.13333320469013,100.0,0.0,313.3416663370184,0.20833313232827777
24.700000000000003,313.3416663370184,100.0,0.0,313.54999946934674,0.2083331323283346
24.75,313.54999946934674,100.0,0.0,313.758332601675,0.20833313232827777
24.8,313.758332601675,100.0,0.0,313.9666665105691,0.2083339088940761
24.85,313.9666665105691,100.0,0.0,314.2099997464151,0.2433332358460234
24.900000000000002,314.2099997464151,100.0,0.0,314.4599994445283,0.2499996981131858
24.950000000000003,314.4599994445283,100.0,0.0,314.7099991426415,0.2499996981131858
25.0,314.7099991426415,100.0,0.0,314.95999923200003,0.25000008935853657
25.05,314.95999923200003,100.0,0.0,315.20999952290913,0.2500002909090995
25.1,315.20999952290913,100.0,0.0,315.45999981381823,0.2500002909090995
25.150000000000002,315.45999981381823,100.0,0.0,315.7100001047273,0.2500002909090995
25.200000000000003,315.7100001047273,100.0,0.0,315.9600001219048,0.2500000171774559
25.25,315.9600001219048,100.0,0.0,316.0,0.03999987809521599
25.3,316.0,100.0,0.0,316.0,0.0
25.35,316.0,100.0,0.0,316.0,0.0
25.400000000000002,316.0,100.0,0.0,316.0,0.0
25.450000000000003,316.0,100.0,0.0,316.0,0.0
25.5,316.0,100.0,0.0,316.0,0.0
25.55,316.0,100.0,0.0,316.0,0.0
25.6,316.0,100.0,0.0,316.2666666666667,0.26666666666670835
25.650000000000002,316.2666666666667,100.0,0.0,316.6833333333334,0.4166666666666856
25.700000000000003,316.6833333333334,100.0,0.0,317.1,0.41666666666662877
25.75,317.1,100.0,0.0,317.5166666666667,0.4166666666666856
25.8,317.5166666666667,100.0,0.0,317.93333333333334,0.41666666666662877
25.85,317.93333333333334,100.0,0.0,318.35,0.4166666666666856
25.900000000000002,318.35,100.0,0.0,318.7666666666667,0.4166666666666856
25.950000000000003,318.7666666666667,100.0,0.0,319.0,0.23333333333329165
26.0,319.0,100.0,0.0,319.0,0.0
26.05,319.0,100.0,0.0,319.0,0.0
26.1,319.0,100.0,0.0,319.04285714285714,0.04285714285714448
26.150000000000002,319.04285714285714,100.0,0.0,319.2214285714286,0.1785714285714448
26.200000000000003,319.2214285714286,100.0,0.0,319.40000000000003,0.1785714285714448
26.25,319.40000000000003,100.0,0.0,319.5785714285714,0.17857142857138797
26.3,319.5785714285714,100.0,0.0,319.75714285714287,0.1785714285714448
26.35,319.75714285714287,100.0,0.0,319.9357142857143,0.1785714285714448
26.400000000000002,319.9357142857143,100.0,0.0,320.20000000000005,0.2642857142857338
26.450000000000003,320.20000000000005,100.0,0.0,320.5125,0.31249999999994316
26.5,320.5125,100.0,0.0,320.825,0.3125
26.55,320.825,100.0,0.0,321.0,0.17500000000001137
26.6,321.0,100.0,0.0,321.0,0.0
26.650000000000002,321.0,100.0,0.0,321.0,0.0
26.700000000000003,321.0,100.0,0.0,321.0,0.0
26.75,321.0,100.0,0.0,321.0916666666667,0.09166666666669698
26.8,321.0916666666667,100.0,0.0,321.3,0.20833333333331439
26.85,321.3,100.0,0.0,321.5083333333334,0.20833333333337123
26.900000000000002,321.5083333333334,100.0,0.0,321.7166666666667,0.20833333333331439
26.950000000000003,321.7166666666667,100.0,0.0,321.925,0.20833333333331439
27.0,321.925,100.0,0.0,322.0,0.07499999999998863
27.05,322.0,100.0,0.0,322.0,0.0
27.1,322.0,100.0,0.0,322.0,0.0
27.150000000000002,322.0,100.0,0.0,322.0,0.0
27.200000000000003,322.0,100.0,0.0,322.0,0.0
27.25,322.0,100.0,0.0,322.0,0.0
27.3,322.0,100.0,0.0,322.0,0.0
27.35,322.0,100.0,0.0,322.0,0.0
27.400000000000002,322.0,100.0,0.0,322.0,0.0
27.450000000000003,322.0,100.0,0.0,322.0,0.0
27.5,322.0,100.0,0.0,322.0,0.0
27.55,322.0,100.0,0.0,322.0,0.0
27.6,322.0,100.0,0.0,322.0,0.0
27.650000000000002,322.0,100.0,0.0,322.0,0.0
27.700000000000003,322.0,100.0,0.0,322.0,0.0
27.75,322.0,100.0,0.0,321.8849991461306,-0.11500085386938963
27.8,321.8849991461306,100.0,0.0,321.6349993873367,-0.24999975879393332
27.85,321.6349993873367,100.0,0.0,321.3849996285427,-0.24999975879399017
27.900000000000002,321.3849996285427,100.0,0.0,321.13499986974875,-0.24999975879393332
27.950000000000003,321.13499986974875,100.0,0.0,321.0,-0.13499986974875355
28.0,321.0,90.41659403068394,0.09205020920501557,321.0,0.0
28.05,321.0,69.58327743375173,0.3012552301255231,321.0,0.0
28.1,321.0,48.74996083681954,0.5104602510460305,321.0,0.0
28.150000000000002,321.0,27.916644239887333,0.7196652719665381,321.0,0.0
28.200000000000003,321.0,7.08332764295514,0.9288702928870456,315.2249731622641,-5.775026837735879
28.25,315.2249731622641,0.0,1.0,306.47498372830165,-8.749989433962469
28.3,306.47498372830165,0.0,1.0,297.72499429433924,-8.749989433962412
28.35,297.72499429433924,0.0,1.0,288.97499999999945,-8.749994294339785
28.400000000000002,288.97499999999945,0.0,1.0,280.2249999999994,-8.750000000000057
28.450000000000003,280.2249999999994,0.0,1.0,271.560713482449,-8.664286517550408
28.5,271.560713482449,0.0,1.0,264.2392715232652,-7.321441959183801
28.55,264.2392715232652,0.0,1.0,256.91782956408144,-7.321441959183744
28.6,256.91782956408144,0.0,1.0,249.59639456653036,-7.32143499755108
28.650000000000002,249.59639456653036,0.0,1.0,242.27497938285683,-7.321415183673537
28.700000000000003,242.27497938285683,0.0,1.0,234.9535641991838,-7.321415183673025
28.75,234.9535641991838,0.0,1.0,229.131245216,-5.822318983183806
28.8,229.131245216,0.0,1.0,225.06873481599985,-4.06251040000015
28.85,225.06873481599985,0.0,1.0,221.00623717333315,-4.062497642666699
28.900000000000002,221.00623717333315,0.0,1.0,216.5699999999998,-4.436237173333353
28.950000000000003,216.5699999999998,0.0,1.0,211.06999999999996,-5.4999999999998295
29.0,211.06999999999996,0.0,1.0,205.56999999999988,-5.500000000000085
29.05,205.56999999999988,0.0,1.0,200.06999999999985,-5.500000000000028
29.1,200.06999999999985,0.0,1.0,194.4562499999998,-5.613750000000039
29.150000000000002,194.4562499999998,0.0,1.0,188.51874999999973,-5.937500000000085
29.200000000000003,188.51874999999973,0.0,1.0,182.58125000000007,-5.937499999999659
29.25,182.58125000000007,0.0,1.0,176.86875,-5.7125000000000625
29.3,176.86875,0.0,1.0,174.68124999999998,-2.1875000000000284
29.35,174.68124999999998,0.0,1.0,172.49374999999998,-2.1875
29.400000000000002,172.49374999999998,0.0,1.0,170.30624999999992,-2.187500000000057
29.450000000000003,170.30624999999992,0.0,1.0,166.43153158744616,-3.8747184125537615
29.5,166.43153158744616,0.0,1.0,162.28214971238344,-4.149381875062716
29.55,162.28214971238344,0.0,1.0,158.13276845032473,-4.149381262058711
29.6,158.13276845032473,0.0,1.0,153.9833967919957,-4.149371658329045
29.650000000000002,153.9833967919957,0.0,1.0,149.89285727223705,-4.090539519758636
29.700000000000003,149.89285727223705,0.0,1.0,147.21428907816713,-2.678568194069925
29.75,147.21428907816713,0.0,1.0,144.535720884097,-2.678568194070124
29.8,144.535720884097,0.0,1.0,141.85715269002685,-2.6785681940701522
29.85,141.85715269002685,0.0,1.0,139.17857805903176,-2.6785746309950866
29.900000000000002,139.17857805903176,0.0,1.0,136.5000023801652,-2.678575678866565
29.950000000000003,136.5000023801652,0.0,1.0,134.17499946666672,-2.32500291349848
30.0,134.17499946666672,0.0,1.0,132.2999982545455,-1.8750012121212194
30.05,132.2999982545455,0.0,1.0,130.42499799148936,-1.8750002630561369
30.1,130.42499799148936,0.0,1.0,128.54999884255315,-1.8749991489362117
30.150000000000002,128.54999884255315,0.0,1.0,126.67499969361693,-1.8749991489362259
30.200000000000003,126.67499969361693,0.0,1.0,125.03999937939393,-1.6350003142229923
30.25,125.03999937939393,0.0,1.0,123.53999840969695,-1.500000969696984
30.3,123.53999840969695,0.0,1.0,122.03999870732669,-1.4999997023702605
30.35,122.03999870732669,0.0,1.0,120.5399996578217,-1.4999990495049929
30.400000000000002,120.5399996578217,0.0,1.0,118.99999999999989,-1.5399996578218094
30.450000000000003,118.99999999999989,0.0,1.0,117.43749999999999,-1.5624999999999005
30.5,117.43749999999999,0.0,1.0,115.87499999999996,-1.5625000000000284
30.55,115.87499999999996,0.0,1.0,114.90833307028657,-0.9666669297133836
30.6,114.90833307028657,0.0,0.9864253393665153,114.69999979728506,-0.20833327300151439
30.650000000000002,114.69999979728506,0.0,0.7601809954751095,114.49166652428354,-0.20833327300151439
30.700000000000003,114.49166652428354,0.0,0.5339366515837036,114.28333325128206,-0.20833327300148596
30.75,114.28333325128206,0.0,0.3076923076923139,114.07499997828054,-0.20833327300151439
30.8,114.07499997828054,0.0,0.08144796380090802,113.04000154890755,-1.0349984293729904
30.85,113.04000154890755,1.1199981929411795,0.0,111.5400039690756,-1.4999975798319554
30.900000000000002,111.5400039690756,2.869995369411796,0.0,110.04000483555551,-1.4999991335200917
30.950000000000003,110.04000483555551,4.61999435851858,0.0,108.54000128000003,-1.5000035555554803
31.0,108.54000128000003,6.369998506666639,0.0,107.86666732307691,-0.6733339569231163
31.05,107.86666732307691,9.93331889230785,0.0,107.6583338785185,-0.20833344455840574
31.1,107.6583338785185,14.516654672592857,0.0,107.45000024888887,-0.2083336296296352
31.150000000000002,107.45000024888887,19.09999452444478,0.0,107.24166661925923,-0.2083336296296352
31.200000000000003,107.24166661925923,23.683334376296706,0.0,107.03333323174603,-0.20833338751320696
31.25,107.03333323174603,28.266668901587412,0.0,107.87500000000003,0.8416667682540009
31.3,107.87500000000003,31.625000000000078,0.0,108.9166666666667,1.0416666666666714
31.35,108.9166666666667,34.7500000000001,0.0,109.95833333333337,1.0416666666666714
31.400000000000002,109.95833333333337,37.875000000000114,0.0,111.00000000000004,1.0416666666666714
31.450000000000003,111.00000000000004,41.000000000000135,0.0,112.06111096258788,1.0611109625878328
31.5,112.06111096258788,43.844444822503604,0.0,113.58888502728549,1.52777406469761
31.55,113.58888502728549,39.95556538509148,0.0,115.11666128018979,1.527776252904303
31.6,115.11666128018979,36.06668037769871,0.0,116.64444010185846,1.5277788216686758
31.650000000000002,116.64444010185846,32.177788831633,0.0,118.17221892352714,1.5277788216686758
31.700000000000003,118.17221892352714,28.288897285567288,0.0,119.6999977451957,1.5277788216685622
31.75,119.6999977451957,24.400005739501857,0.0,121.22777656686438,1.5277788216686758
31.8,121.22777656686438,20.511114193436146,0.0,122.75555538853304,1.5277788216686616
31.85,122.75555538853304,16.622222647370435,0.0,122.76666666666665,0.01111127813361179
31.900000000000002,122.76666666666665,15.64999999999999,0.0,122.48888888888888,-0.27777777777777146
31.950000000000003,122.48888888888888,15.23333333333332,0.0,122.21111111111111,-0.27777777777777146
32.0,122.21111111111111,14.816666666666679,0.0,121.93333333333331,-0.2777777777777999
32.050000000000004,121.93333333333331,14.399999999999977,0.0,121.65555555555555,-0.27777777777775725
32.1,121.65555555555555,13.983333333333333,0.0,121.3777777777778,-0.27777777777775725
32.15,121.3777777777778,13.56666666666669,0.0,121.1,-0.2777777777777999
32.2,121.1,13.15,0.0,121.0,-0.09999999999999432
32.25,121.0,13.999999999999911,0.0,121.0,0.0
32.300000000000004,121.0,15.562500000000078,0.0,121.0,0.0
32.35,121.0,17.12500000000002,0.0,121.3142857142857,0.3142857142857025
32.4,121.3142857142857,20.907142857142716,0.0,122.02857142857148,0.7142857142857792
32.45,122.02857142857148,27.514285714286274,0.0,122.74285714285715,0.7142857142856656
32.5,122.74285714285715,34.1214285714287,0.0,123.45714285714293,0.7142857142857792
32.550000000000004,123.45714285714293,40.728571428572025,0.0,124.17142857142858,0.7142857142856514
32.6,124.17142857142858,47.33571428571442,0.0,124.88571428571424,0.7142857142856656
32.65,124.88571428571424,53.9428571428568,0.0,125.525,0.6392857142857622
32.7,125.525,58.325,0.0,126.14999999999996,0.6249999999999574
32.75,126.14999999999996,62.28333333333306,0.0,126.775,0.6250000000000426
32.800000000000004,126.775,66.24166666666673,0.0,127.39999999999998,0.6249999999999716
32.85,127.39999999999998,70.19999999999985,0.0,128.11428571428544,0.7142857142854666
32.9,128.11428571428544,74.12857142857114,0.0,130.9714285714288,2.8571428571433444
32.95,130.9714285714288,77.34285714285738,0.0,133.82857142857148,2.8571428571426907
33.0,133.82857142857148,80.55714285714292,0.0,136.68571428571454,2.85714285714306
33.050000000000004,136.68571428571454,83.77142857142887,0.0,139.5428571428573,2.8571428571427475
33.1,139.5428571428573,86.98571428571445,0.0,142.40000000000003,2.8571428571427475
33.15,142.40000000000003,90.20000000000005,0.0,144.0,1.599999999999966
33.2,144.0,93.10000000000028,0.0,144.0,0.0
33.25,144.0,95.60000000000012,0.0,144.0,0.0
33.300000000000004,144.0,98.10000000000032,0.0,144.60000000000002,0.6000000000000227
33.35,144.60000000000002,100.0,0.0,147.0999999999999,2.4999999999998863
33.4,147.0999999999999,100.0,0.0,149.60000000000014,2.5000000000002274
33.45,149.60000000000014,100.0,0.0,152.1,2.499999999999858
33.5,152.1,100.0,0.0,154.60000000000022,2.5000000000002274
33.550000000000004,154.60000000000022,100.0,0.0,157.1,2.4999999999997726
33.6,157.1,100.0,0.0,160.59999999999977,3.4999999999997726
33.65,160.59999999999977,100.0,0.0,164.6625000000002,4.062500000000426
33.7,164.6625000000002,100.0,0.0,168.72500000000005,4.062499999999858
33.75,168.72500000000005,100.0,0.0,171.99000000000026,3.2650000000002137
33.800000000000004,171.99000000000026,100.0,0.0,174.24000000000018,2.2499999999999147
33.85,174.24000000000018,100.0,0.0,176.49,2.2499999999998295
33.9,176.49,100.0,0.0,178.7400000000001,2.2500000000000853
33.95,178.7400000000001,100.0,0.0,180.88442296386538,2.1444229638652814
34.0,180.88442296386538,100.0,0.0,182.89447448811478,2.0100515242494055
34.050000000000004,182.89447448811478,100.0,0.0,184.90452390224277,2.010049414127991
34.1,184.90452390224277,100.0,0.0,186.9145733163708,2.0100494141280194
34.15,186.9145733163708,100.0,0.0,188.44722362987255,1.5326503135017617
34.2,188.44722362987255,100.0,0.0,189.419448027945,0.9722243980724556
34.25,189.419448027945,100.0,0.0,190.39166962586407,0.9722215979190594
34.300000000000004,190.39166962586407,100.0,0.0,191.363891223783,0.9722215979189457
34.35,191.363891223783,100.0,0.0,192.33611282170196,0.9722215979189457
34.4,192.33611282170196,100.0,0.0,193.30833441962102,0.9722215979190594
34.45,193.30833441962102,100.0,0.0,194.28055601753996,0.9722215979189457
34.5,194.28055601753996,100.0,0.0,195.650001540741,1.3694455232010228
34.550000000000004,195.650001540741,100.0,0.0,198.15000746666666,2.5000059259256773
34.6,198.15000746666666,100.0,0.0,200.65000959999986,2.500002133333197
34.65,200.65000959999986,100.0,0.0,203.15000960000015,2.500000000000284
34.7,203.15000960000015,100.0,0.0,205.65000960000003,2.4999999999998863
34.75,205.65000960000003,100.0,0.0,208.15000418461563,2.4999945846155924
34.800000000000004,208.15000418461563,100.0,0.0,209.92812500000002,1.7781208153843977
34.85,209.92812500000002,100.0,0.0,211.33437499999997,1.4062499999999432
34.9,211.33437499999997,100.0,0.0,212.74062500000008,1.4062500000001137
34.95,212.74062500000008,100.0,0.0,214.146875,1.4062499999999147
35.0,214.146875,100.0,0.0,215.5531250000001,1.4062500000001137
35.050000000000004,215.5531250000001,100.0,0.0,216.95937500000002,1.4062499999999147
35.1,216.95937500000002,100.0,0.0,218.35749999999996,1.3981249999999363
35.15,218.35749999999996,100.0,0.0,219.73250000000004,1.3750000000000853
35.2,219.73250000000004,100.0,0.0,221.10749999999996,1.3749999999999147
35.25,221.10749999999996,100.0,0.0,222.48250000000007,1.3750000000001137
35.300000000000004,222.48250000000007,100.0,0.0,223.85749999999996,1.3749999999998863
35.35,223.85749999999996,100.0,0.0,225.2324999999999,1.3749999999999432
35.4,225.2324999999999,100.0,0.0,226.60750000000004,1.375000000000142
35.45,226.60750000000004,100.0,0.0,227.98250000000002,1.3749999999999716
35.5,227.98250000000002,100.0,0.0,229.40625520000012,1.4237552000001017
35.550000000000004,229.40625520000012,100.0,0.0,230.9687555428571,1.5625003428569926
35.6,230.9687555428571,100.0,0.0,232.53125268571415,1.5624971428570404
35.65,232.53125268571415,100.0,0.0,234.0937504,1.562497714285854
35.7,234.0937504,100.0,0.0,235.6562570666667,1.5625066666667067
35.75,235.6562570666667,100.0,0.0,237.21875456000018,1.562497493333467
35.800000000000004,237.21875456000018,100.0,0.0,238.78125056000007,1.5624959999998964
35.85,238.78125056000007,100.0,0.0,239.89583715555548,1.1145865955554086
35.9,239.89583715555548,100.0,0.0,240.93750435555557,1.0416672000000915
35.95,240.93750435555557,100.0,0.0,241.9791695407407,1.0416651851851384
36.0,241.9791695407407,100.0,0.0,243.020834725926,1.0416651851852805
36.050000000000004,243.020834725926,100.0,0.0,244.0560749720673,1.0352402461413135
36.1,244.0560749720673,100.0,0.0,244.99065783985577,0.934582867788464
36.15,244.99065783985577,100.0,0.0,245.9252364869902,0.9345786471344297
36.2,245.9252364869902,100.0,0.0,246.8598144470413,0.9345779600510866
36.25,246.8598144470413,100.0,0.0,247.7943924070925,0.9345779600512003
36.300000000000004,247.7943924070925,100.0,0.0,248.72897036714355,0.9345779600510582
36.35,248.72897036714355,100.0,0.0,249.66354832719463,0.9345779600510866
36.4,249.66354832719463,100.0,0.0,250.500000178771,0.8364518515763564
36.45,250.500000178771,100.0,0.0,251.28125045810054,0.781250279329555
36.5,251.28125045810054,100.0,0.0,252.0625007374302,0.7812502793296687
36.550000000000004,252.0625007374302,100.0,0.0,252.8437509787234,0.7812502412931792
36.6,252.8437509787234,100.0,0.0,253.62500062411345,0.7812496453900621
36.65,253.62500062411345,100.0,0.0,254.4062502695036,0.7812496453901474
36.7,254.4062502695036,100.0,0.0,255.20000021694918,0.7937499474455763
36.75,255.20000021694918,100.0,0.0,256.03333438232056,0.833334165371383
36.800000000000004,256.03333438232056,100.0,0.0,256.86666742099453,0.8333330386739703
36.85,256.86666742099453,100.0,0.0,257.7000004596685,0.8333330386739703
36.9,257.7000004596685,100.0,0.0,258.5333334983426,0.833333038674084
36.95,258.5333334983426,100.0,0.0,257.77777721502804,-0.7555562833145473
37.0,257.77777721502804,93.88888607514014,0.0,254.99999815827312,-2.777779056754923
37.050000000000004,254.99999815827312,79.99999079136555,0.0,252.2222191015186,-2.7777790567545253
37.1,252.2222191015186,66.11109550759294,0.0,249.44444349629623,-2.7777756052223594
37.15,249.44444349629623,52.222217481481124,0.0,246.6666696691355,-2.777773827160729
37.2,246.6666696691355,38.33334834567745,0.0,243.88889584197514,-2.7777738271603596
37.25,243.88889584197514,24.444479209875745,0.0,241.1111209972896,-2.7777748446855526
37.300000000000004,241.1111209972896,10.555604986447943,0.07317073170748614,238.21249999999998,-2.898620997289612
37.35,238.21249999999998,0.0,1.0,234.93125000000015,-3.2812499999998295
37.4,234.93125000000015,0.0,1.0,231.6499999999999,-3.281250000000256
37.45,231.6499999999999,0.0,1.0,228.36875000000006,-3.2812499999998295
37.5,228.36875000000006,0.0,1.0,225.0874999999998,-3.281250000000256
37.550000000000004,225.0874999999998,0.0,1.0,221.80624999999998,-3.2812499999998295
37.6,221.80624999999998,0.0,1.0,218.52500000000018,-3.281249999999801
37.65,218.52500000000018,0.0,1.0,217.21249963741002,-1.312500362590157
37.7,217.21249963741002,0.0,1.0,216.27499920575536,-0.9375004316546551
37.75,216.27499920575536,0.0,1.0,215.33749897142843,-0.937500234326933
37.800000000000004,215.33749897142843,0.0,0.8571428571425188,214.06666623693036,-1.2708327344980717
37.85,214.06666623693036,0.4000001841726983,0.0,212.60833223213433,-1.4583340047960291
37.9,212.60833223213433,1.025000471942434,0.0,211.14999822733807,-1.4583340047962565
37.95,211.14999822733807,1.6500007597122583,0.0,209.6916655947195,-1.4583326326185784
38.0,209.6916655947195,2.275000459405936,0.0,208.23333318547841,-1.4583324092410805
38.050000000000004,208.23333318547841,2.900000063366391,0.0,206.73999954949718,-1.4933336359812301
38.1,206.73999954949718,3.420000150167609,0.0,205.23999901318442,-1.5000005363127684
38.15,205.23999901318442,3.920000328938525,0.0,203.73999847687148,-1.500000536312939
38.2,203.73999847687148,4.420000507709512,0.0,202.2399992685715,-1.4999992082999825
38.25,202.2399992685715,4.9200002438095005,0.0,201.08124999999995,-1.1587492685715404
38.300000000000004,201.08124999999995,5.26250000000001,0.0,199.98750000000004,-1.0937499999999147
38.35,199.98750000000004,5.574999999999992,0.0,198.89374999999993,-1.0937500000001137
38.400000000000006,198.89374999999993,5.887500000000018,0.0,197.8,-1.0937499999999147
38.45,197.8,6.2,0.0,196.70625000000007,-1.0937499999999432
38.5,196.70625000000007,6.5124999999999815,0.0,195.61249999999998,-1.0937500000000853
38.550000000000004,195.61249999999998,6.825000000000008,0.0,194.67000000000002,-0.942499999999967
38.6,194.67000000000002,7.0,0.0,193.91999999999993,-0.7500000000000853
38.650000000000006,193.91999999999993,7.0,0.0,193.16999999999996,-0.7499999999999716
38.7,193.16999999999996,7.0,0.0,192.42,-0.7499999999999716
38.75,192.42,7.0,0.0,192.20625000000004,-0.2137499999999477
38.800000000000004,192.20625000000004,12.087500000001285,0.0,192.675,0.4687499999999716
38.85,192.675,23.650000000000617,0.0,193.14375000000007,0.46875000000005684
38.900000000000006,193.14375000000007,35.2125000000016,0.0,193.61250000000004,0.4687499999999716
38.95,193.61250000000004,46.77500000000092,0.0,194.08125,0.4687499999999716
39.0,194.08125,58.33750000000026,0.0,194.55000000000004,0.4687500000000284
39.050000000000004,194.55000000000004,69.90000000000123,0.0,195.02,0.46999999999997044
39.1,195.02,81.01,0.0,195.52000000000007,0.5000000000000568
39.150000000000006,195.52000000000007,81.26000000000003,0.0,196.02,0.49999999999994316
39.2,196.02,81.51,0.0,196.51999999999998,0.4999999999999716
39.25,196.51999999999998,81.75999999999999,0.0,197.05000000000007,0.5300000000000864
39.300000000000004,197.05000000000007,82.02857142857147,0.0,198.3,1.2499999999999432
39.35,198.3,82.74285714285715,0.0,199.55000000000015,1.250000000000142
39.400000000000006,199.55000000000015,83.45714285714294,0.0,200.8000000000001,1.2499999999999432
39.45,200.8000000000001,84.17142857142863,0.0,202.05000000000007,1.2499999999999716
39.5,202.05000000000007,84.88571428571433,0.0,203.30000000000015,1.2500000000000853
39.550000000000004,203.30000000000015,85.60000000000008,0.0,204.27499999999998,0.9749999999998238
39.6,204.27499999999998,86.76999999999997,0.0,204.90000000000006,0.6250000000000853
39.650000000000006,204.90000000000006,88.52000000000015,0.0,205.52500000000003,0.6249999999999716
39.7,205.52500000000003,90.27000000000008,0.0,206.15,0.6249999999999716
39.75,206.15,92.02000000000002,0.0,206.77500000000006,0.6250000000000568
39.800000000000004,206.77500000000006,93.77000000000018,0.0,207.40000000000003,0.6249999999999716
39.85,207.40000000000003,95.52000000000005,0.0,208.02500000000006,0.6250000000000284
39.900000000000006,208.02500000000006,97.27000000000018,0.0,208.65000000000003,0.6249999999999716
39.95,208.65000000000003,99.02000000000007,0.0,209.54999999999998,0.8999999999999488
40.0,209.54999999999998,100.0,0.0,210.8000000000001,1.2500000000001137
40.050000000000004,210.8000000000001,100.0,0.0,212.05000000000007,1.2499999999999716
40.1,212.05000000000007,100.0,0.0,213.30000000000018,1.2500000000001137
40.150000000000006,213.30000000000018,100.0,0.0,214.55000000000013,1.2499999999999432
40.2,214.55000000000013,100.0,0.0,215.80000000000004,1.2499999999999147
40.25,215.80000000000004,100.0,0.0,217.05000000000015,1.2500000000001137
40.300000000000004,217.05000000000015,100.0,0.0,218.42000000000002,1.3699999999998624
40.35,218.42000000000002,100.0,0.0,220.17000000000021,1.750000000000199
40.400000000000006,220.17000000000021,100.0,0.0,221.92000000000016,1.7499999999999432
40.45,221.92000000000016,100.0,0.0,223.67000000000007,1.7499999999999147
40.5,223.67000000000007,100.0,0.0,225.30000000000015,1.6300000000000807
40.550000000000004,225.30000000000015,100.0,0.0,226.55000000000004,1.2499999999998863
40.6,226.55000000000004,100.0,0.0,227.80000000000013,1.2500000000000853
40.650000000000006,227.80000000000013,100.0,0.0,229.07547178924904,1.2754717892489111
40.7,229.07547178924904,100.0,0.0,230.9622665204727,1.8867947312236595
40.75,230.9622665204727,100.0,0.0,232.84905817793657,1.8867916574638741
40.800000000000004,232.84905817793657,100.0,0.0,234.7358492499221,1.8867910719855274
40.85,234.7358492499221,100.0,0.0,235.85104282553206,1.1151935756099647
40.900000000000006,235.85104282553206,100.0,0.0,236.84062750638307,0.98958468085101
40.95,236.84062750638307,100.0,0.0,237.8302121333334,0.9895846269503181
41.0,237.8302121333334,100.0,0.0,238.81979546666673,0.9895833333333428
41.050000000000004,238.81979546666673,100.0,0.0,239.80937879999996,0.9895833333332291
41.1,239.80937879999996,100.0,0.0,240.7989621333334,0.9895833333334281
41.150000000000006,240.7989621333334,100.0,0.0,241.78854546666665,0.9895833333332575
41.2,241.78854546666665,100.0,0.0,242.77812879999993,0.989583333333286
41.25,242.77812879999993,100.0,0.0,243.76771213333336,0.9895833333334281
41.300000000000004,243.76771213333336,100.0,0.0,244.75729546666662,0.9895833333332575
41.35,244.75729546666662,100.0,0.0,245.74687880000005,0.9895833333334281
41.400000000000006,245.74687880000005,100.0,0.0,246.73646199882006,0.9895831988200143
41.45,246.73646199882006,100.0,0.0,247.72604477168136,0.9895827728612971
41.5,247.72604477168136,100.0,0.0,248.71562754454283,0.9895827728614677
41.550000000000004,248.71562754454283,100.0,0.0,249.70521031740412,0.9895827728612971
41.6,249.70521031740412,100.0,0.0,250.69479309026556,0.9895827728614393
41.650000000000006,250.69479309026556,100.0,0.0,251.6843758631269,0.9895827728613256
41.7,251.6843758631269,100.0,0.0,252.67395863598819,0.9895827728612971
41.75,252.67395863598819,100.0,0.0,253.66354166666673,0.9895830306785456
41.800000000000004,253.66354166666673,100.0,0.0,254.58928571428572,0.9257440476189913
41.85,254.58928571428572,100.0,0.0,255.48214285714295,0.8928571428572241
41.900000000000006,255.48214285714295,100.0,0.0,256.37500000000006,0.8928571428571104
41.95,256.37500000000006,100.0,0.0,257.2678571428571,0.8928571428570535
42.0,257.2678571428571,100.0,0.0,258.16071428571433,0.8928571428572241
42.050000000000004,258.16071428571433,100.0,0.0,259.0428571927273,0.8821429070129625
42.1,259.0428571927273,100.0,0.0,259.75714373818187,0.7142865454545699
42.150000000000006,259.75714373818187,100.0,0.0,260.4714302836364,0.7142865454545131
42.2,260.4714302836364,100.0,0.0,261.1857168290909,0.7142865454545131
42.25,261.1857168290909,100.0,0.0,261.9000033745455,0.7142865454546268
42.300000000000004,261.9000033745455,100.0,0.0,262.61428736,0.7142839854544718
42.35,262.61428736,100.0,0.0,261.21110958459235,-1.4031777754076415
42.400000000000006,261.21110958459235,93.6111056592583,0.0,257.3222173771851,-3.8888922074072525
42.45,257.3222173771851,79.72220491851822,0.0,253.43332516977787,-3.888892207407224
42.5,253.43332516977787,65.83330417777813,0.0,249.5444329623701,-3.888892207407764
42.550000000000004,249.5444329623701,51.94440343703608,0.0,245.65554075496289,-3.888892207407224
42.6,245.65554075496289,38.055502696295996,0.0,241.7666485475551,-3.8888922074077925
42.650000000000006,241.7666485475551,24.166601955553944,0.0,237.87776549925908,-3.888883048296009
42.7,237.87776549925908,10.277733925925272,0.3833333333333728,233.54205694680726,-4.33570855245182
42.75,233.54205694680726,0.0,1.0,227.93458366529552,-5.607473281511744
42.800000000000004,227.93458366529552,0.0,1.0,222.32711038378454,-5.607473281510977
42.85,222.32711038378454,0.0,1.0,216.71963710227277,-5.607473281511773
42.900000000000006,216.71963710227277,0.0,1.0,211.11216382076182,-5.6074732815109485
42.95,211.11216382076182,0.0,1.0,205.50469053925084,-5.607473281510977
43.0,205.50469053925084,0.0,1.0,199.89719992654332,-5.607490612707522
43.050000000000004,199.89719992654332,0.0,1.0,197.63499951195527,-2.262200414588051
43.1,197.63499951195527,0.5250001877095111,1.0,196.00999893094956,-1.6250005810057075
43.150000000000006,196.00999893094956,1.1500004111732445,1.0,194.38499834994408,-1.6250005810054802
43.2,194.38499834994408,1.775000634636889,1.0,192.759998042353,-1.6250003075910797
43.25,192.759998042353,2.4000007529411556,0.9411764705882428,191.13499851294108,-1.624999529411923
43.300000000000004,191.13499851294108,3.0250005719457436,0.7149321266968174,189.50999898352936,-1.624999529411724
43.35,189.50999898352936,3.6500003909502423,0.4886877828054239,187.88499945411743,-1.624999529411923
43.400000000000006,187.88499945411743,4.275000209954831,0.26244343891399835,186.25999992470574,-1.6249995294116957
43.45,186.25999992470574,4.9000000289593295,0.03619909502260499,185.18333706666667,-1.0766628580390716
43.5,185.18333706666667,5.816662933333335,0.0,184.21111484444435,-0.9722222222223138
43.550000000000004,184.21111484444435,6.788885155555636,0.0,183.2388926222222,-0.9722222222221433
43.6,183.2388926222222,7.761107377777799,0.0,182.2666703999999,-0.9722222222223138
43.650000000000006,182.2666703999999,8.7333296000001,0.0,181.29444817777772,-0.9722222222221717
43.7,181.29444817777772,9.705551822222263,0.0,180.32222595555555,-0.9722222222221717
43.75,180.32222595555555,10.677774044444426,0.0,179.3500016390243,-0.9722243165312534
43.800000000000004,179.3500016390243,11.649998360975708,0.0,178.6000003859296,-0.7500012530946947
43.85,178.6000003859296,14.399997684422317,0.0,177.97500098894466,-0.624999396984947
43.900000000000006,177.97500098894466,18.149994066332088,0.0,177.35000159195977,-0.6249993969848902
43.95,177.35000159195977,21.899990448241326,0.0,176.7250021949749,-0.6249993969848617
44.0,176.7250021949749,25.64998683015056,0.0,176.10000046829262,-0.6250017266822852
44.050000000000004,176.10000046829262,29.39999719024419,0.0,176.35000022626267,0.2499997579700448
44.1,176.35000022626267,35.4250035070711,0.0,176.76666716228965,0.416666936026985
44.150000000000006,176.76666716228965,41.88334101548937,0.0,177.18333370401896,0.41666654172931317
44.2,177.18333370401896,48.341672412293754,0.0,177.6000001815603,0.4166664775413267
44.25,177.6000001815603,54.800002814184396,0.0,178.04375002014393,0.44374983858364203
44.300000000000004,178.04375002014393,61.212500097841996,0.0,179.13750052374104,1.0937505035971071
44.35,179.13750052374104,66.52500254388502,0.0,180.2312510273383,1.0937505035972492
44.400000000000006,180.2312510273383,71.8375049899288,0.0,181.32500129944762,1.0937502721093324
44.45,181.32500129944762,77.15000631160274,0.0,182.4187509127072,1.0937496132595754
44.5,182.4187509127072,82.46250443314926,0.0,183.51250052596694,1.093749613259746
44.550000000000004,183.51250052596694,87.77500255469654,0.0,184.60625013922652,1.0937496132595754
44.6,184.60625013922652,93.08750067624307,0.0,186.33333009282714,1.7270799536006223
44.650000000000006,186.33333009282714,95.66666504641357,0.0,188.41665881573502,2.083328722907879
44.7,188.41665881573502,96.70832940786751,0.0,190.49999463354035,2.0833358178053345
44.75,190.49999463354035,97.74999731677018,0.0,192.58333045134597,2.0833358178056187
44.800000000000004,192.58333045134597,98.79166522567299,0.0,194.6666662691513,2.0833358178053345
44.85,194.6666662691513,99.83333313457565,0.0,195.8166679111112,1.1500016419599035
44.900000000000006,195.8166679111112,100.0,0.0,196.78889013333338,0.9722222222221717
44.95,196.78889013333338,100.0,0.0,197.76111235555558,0.9722222222222001
45.0,197.76111235555558,100.0,0.0,198.7333345777779,0.9722222222223138
45.050000000000004,198.7333345777779,100.0,0.0,199.70555659700557,0.9722220192276723
45.1,199.70555659700557,100.0,0.0,200.67777837793548,0.9722217809299138
45.150000000000006,200.67777837793548,100.0,0.0,201.65000015886525,0.9722217809297717
45.2,201.65000015886525,100.0,0.0,204.00000000000003,2.3499998411347747
45.25,204.00000000000003,100.0,0.0,207.12500000000028,3.125000000000256
45.300000000000004,207.12500000000028,100.0,0.0,210.25000000000009,3.124999999999801
45.35,210.25000000000009,100.0,0.0,212.488888888889,2.2388888888889085
45.400000000000006,212.488888888889,100.0,0.0,213.60000000000005,1.1111111111110574
45.45,213.60000000000005,100.0,0.0,214.71111111111108,1.111111111111029
45.5,214.71111111111108,100.0,0.0,215.8222222222223,1.111111111111228
45.550000000000004,215.8222222222223,100.0,0.0,216.93333333333337,1.1111111111110574
45.6,216.93333333333337,100.0,0.0,218.04444444444457,1.1111111111111995
45.650000000000006,218.04444444444457,100.0,0.0,219.15555555555562,1.1111111111110574
45.7,219.15555555555562,100.0,0.0,220.41999999999993,1.2644444444443081
45.75,220.41999999999993,100.0,0.0,222.17000000000004,1.7500000000001137
45.800000000000004,222.17000000000004,100.0,0.0,223.91999999999996,1.7499999999999147
45.85,223.91999999999996,100.0,0.0,225.6700000000001,1.750000000000142
45.900000000000006,225.6700000000001,100.0,0.0,227.24,1.569999999999908
45.95,227.24,100.0,0.0,228.23999999999998,0.9999999999999716
46.0,228.23999999999998,100.0,0.0,229.24000000000007,1.0000000000000853
46.050000000000004,229.24000000000007,100.0,0.0,230.24000000000004,0.9999999999999716
46.1,230.24000000000004,100.0,0.0,231.1500000000001,0.9100000000000534
46.150000000000006,231.1500000000001,100.0,0.0,231.77500000000003,0.6249999999999432
46.2,231.77500000000003,100.0,0.0,232.39999999999998,0.6249999999999432
46.25,232.39999999999998,100.0,0.0,233.02500000000003,0.6250000000000568
46.300000000000004,233.02500000000003,100.0,0.0,233.65,0.6249999999999716
46.35,233.65,100.0,0.0,234.82500000000022,1.1750000000002103
46.400000000000006,234.82500000000022,100.0,0.0,236.7000000000001,1.8749999999998863
46.45,236.7000000000001,100.0,0.0,238.575,1.8749999999998863
46.5,238.575,100.0,0.0,240.45000000000013,1.875000000000142
46.550000000000004,240.45000000000013,100.0,0.0,242.325,1.874999999999858
46.6,242.325,100.0,0.0,243.5714285714287,1.2464285714287087
46.650000000000006,243.5714285714287,100.0,0.0,244.4642857142858,0.8928571428571104
46.7,244.4642857142858,100.0,0.0,245.3571428571429,0.892857142857082
46.75,245.3571428571429,100.0,0.0,246.25000000000006,0.8928571428571672
46.800000000000004,246.25000000000006,100.0,0.0,247.14285714285714,0.892857142857082
46.85,247.14285714285714,100.0,0.0,248.0583333333334,0.9154761904762552
46.900000000000006,248.0583333333334,100.0,0.0,249.51666666666668,1.458333333333286
46.95,249.51666666666668,100.0,0.0,250.97499999999997,1.458333333333286
47.0,250.97499999999997,100.0,0.0,252.43333333333345,1.458333333333485
47.050000000000004,252.43333333333345,100.0,0.0,253.89166666666674,1.458333333333286
47.1,253.89166666666674,100.0,0.0,255.25000000000017,1.3583333333334338
47.150000000000006,255.25000000000017,100.0,0.0,256.29166666666674,1.041666666666572
47.2,256.29166666666674,100.0,0.0,257.33333333333337,1.0416666666666288
47.25,257.33333333333337,100.0,0.0,258.3750000000001,1.0416666666667425
47.300000000000004,258.3750000000001,100.0,0.0,259.41666666666674,1.0416666666666288
47.35,259.41666666666674,100.0,0.0,260.4137933525027,0.9971266858359513
47.400000000000006,260.4137933525027,100.0,0.0,261.3542327900085,0.9404394375058018
47.45,261.3542327900085,100.0,0.0,262.2946722275143,0.9404394375058018
47.5,262.2946722275143,100.0,0.0,263.23511166502027,0.9404394375059724
47.550000000000004,263.23511166502027,100.0,0.0,264.1755510295708,0.9404393645505138
47.6,264.1755510295708,100.0,0.0,265.11598864319416,0.9404376136233736
47.650000000000006,265.11598864319416,100.0,0.0,266.0625,0.9465113568058428
47.7,266.0625,100.0,0.0,267.10416666666663,1.0416666666666288
47.75,267.10416666666663,100.0,0.0,268.1458333333334,1.0416666666667993
47.800000000000004,268.1458333333334,100.0,0.0,269.18750000000006,1.0416666666666288
47.85,269.18750000000006,100.0,0.0,270.2291666666668,1.0416666666667425
47.900000000000006,270.2291666666668,100.0,0.0,271.2321463386652,1.0029796719983892
47.95,271.2321463386652,100.0,0.0,272.1250037021511,0.8928573634859163
48.0,272.1250037021511,100.0,0.0,273.0178610656371,0.8928573634859731
48.050000000000004,273.0178610656371,100.0,0.0,273.91071842912294,0.8928573634858594
48.1,273.91071842912294,100.0,0.0,274.80357579260897,0.89285736348603
48.150000000000006,274.80357579260897,100.0,0.0,275.69643245714286,0.8928566645338947
48.2,275.69643245714286,100.0,0.0,276.675,0.9785675428571494
48.25,276.675,100.0,0.0,277.6977272727273,1.022727272727309
48.300000000000004,277.6977272727273,100.0,0.0,278.7204545454545,1.0227272727271952
48.35,278.7204545454545,100.0,0.0,279.7431822813987,1.0227277359441587
48.400000000000006,279.7431822813987,100.0,0.0,280.7659105611189,1.0227282797202406
48.45,280.7659105611189,100.0,0.0,281.7886388408391,1.0227282797201838
48.5,281.7886388408391,100.0,0.0,282.8113671205595,1.0227282797204111
48.550000000000004,282.8113671205595,100.0,0.0,283.83409540027975,1.0227282797202406
48.6,283.83409540027975,100.0,0.0,284.85682001454563,1.0227246142658828
48.650000000000006,284.85682001454563,100.0,0.0,285.5375000000001,0.6806799854544465
48.7,285.5375000000001,100.0,0.0,286.1625,0.6249999999999432
48.75,286.1625,100.0,0.0,286.7875000000001,0.6250000000000568
48.800000000000004,286.7875000000001,100.0,0.0,287.4125,0.6249999999999432
48.85,287.4125,100.0,0.0,288.0375000369232,0.6250000369231543
48.900000000000006,288.0375000369232,100.0,0.0,288.66250065230776,0.6250006153845789
48.95,288.66250065230776,100.0,0.0,289.28750126769233,0.6250006153845789
49.0,289.28750126769233,100.0,0.0,289.91250188307697,0.6250006153846357
49.050000000000004,289.91250188307697,100.0,0.0,290.5375024984616,0.6250006153846357
49.1,290.5375024984616,100.0,0.0,291.16250311384624,0.6250006153846357
49.150000000000006,291.16250311384624,100.0,0.0,291.7875009066667,0.6249977928204657
49.2,291.7875009066667,100.0,0.0,292.20625,0.4187490933333038
49.25,292.20625,100.0,0.0,292.51875,0.3125
49.300000000000004,292.51875,100.0,0.0,292.83125,0.3125
49.35,292.83125,100.0,0.0,293.34328388189516,0.5120338818951495
49.400000000000006,293.34328388189516,100.0,0.0,294.08955319036284,0.7462693084676744
49.45,294.08955319036284,100.0,0.0,294.8358224988305,0.7462693084676744
49.5,294.8358224988305,100.0,0.0,295.58209038989946,0.7462678910689533
49.550000000000004,295.58209038989946,100.0,0.0,296.44,0.8579096101005348
49.6,296.44,100.0,0.0,297.4400000000001,1.0000000000001137
49.650000000000006,297.4400000000001,100.0,0.0,298.44000000000005,0.9999999999999432
49.7,298.44000000000005,100.0,0.0,299.44,0.9999999999999432
49.75,299.44,100.0,0.0,300.0,0.5600000000000023
49.800000000000004,300.0,100.0,0.0,300.0,0.0
49.85,300.0,100.0,0.0,300.0,0.0
49.900000000000006,300.0,100.0,0.0,300.22499945316457,0.22499945316457115
49.95,300.22499945316457,100.0,0.0,301.1624971746835,0.9374977215189233
50.0,301.1624971746835,100.0,0.0,302.09999728,0.9375001053165306
50.050000000000004,302.09999728,100.0,0.0,303.0374986133333,0.9375013333332731
50.1,303.0374986133333,100.0,0.0,303.9749999466667,0.9375013333333868
50.150000000000006,303.9749999466667,100.0,0.0,304.9125011409836,0.9375011943168943
50.2,304.9125011409836,100.0,0.0,305.850000157377,0.9374990163934172
50.25,305.850000157377,100.0,0.0,306.2863639183217,0.4363637609446869
50.300000000000004,306.2863639183217,100.0,0.0,306.62727267356644,0.3409087552447545
50.35,306.62727267356644,100.0,0.0,306.96818142881125,0.34090875524481135
50.400000000000006,306.96818142881125,100.0,0.0,307.30909018405595,0.34090875524469766
50.45,307.30909018405595,100.0,0.0,307.6499989393007,0.3409087552447545
50.5,307.6499989393007,100.0,0.0,307.99090788752125,0.3409089482205445
50.550000000000004,307.99090788752125,100.0,0.0,308.33181738498024,0.3409094974589948
50.6,308.33181738498024,100.0,0.0,308.67272688243935,0.3409094974591085
50.650000000000006,308.67272688243935,100.0,0.0,309.01999995139244,0.3472730689530863
50.7,309.01999995139244,100.0,0.0,309.5199987362025,0.49999878481008864
50.75,309.5199987362025,100.0,0.0,310.0199984449587,0.49999970875614963
50.800000000000004,310.0199984449587,100.0,0.0,310.5199992383471,0.5000007933884376
50.85,310.5199992383471,100.0,0.0,311.0187500086331,0.49875077028599435
50.900000000000006,311.0187500086331,100.0,0.0,311.48750022446046,0.468750215827356
50.95,311.48750022446046,100.0,0.0,311.95625044028776,0.46875021582729914
51.0,311.95625044028776,100.0,0.0,312.4250005569061,0.4687501166183665
51.050000000000004,312.4250005569061,100.0,0.0,312.8937503911602,0.46874983425408345
51.1,312.8937503911602,100.0,0.0,313.3625002254144,0.46874983425419714
51.150000000000006,313.3625002254144,100.0,0.0,313.8312500596685,0.46874983425408345
51.2,313.8312500596685,100.0,0.0,314.2666669226667,0.4354168629981814
51.25,314.2666669226667,100.0,0.0,314.68333252266666,0.41666559999998753
51.300000000000004,314.68333252266666,100.0,0.0,315.0999985719008,0.41666604923415207
51.35,315.0999985719008,100.0,0.0,315.51666589972456,0.4166673278237454
51.400000000000006,315.51666589972456,100.0,0.0,315.93333322754825,0.41666732782368854
51.45,315.93333322754825,100.0,0.0,316.2625,0.3291667724517424
51.5,316.2625,100.0,0.0,316.57500000000005,0.31250000000005684
51.550000000000004,316.57500000000005,100.0,0.0,316.8875,0.31249999999994316
51.6,316.8875,100.0,0.0,317.34285545494515,0.4553554549451633
51.650000000000006,317.34285545494515,100.0,0.0,317.8785699208519,0.5357144659067217
51.7,317.8785699208519,100.0,0.0,318.41428484543036,0.5357149245784854
51.75,318.41428484543036,100.0,0.0,318.94999977000896,0.535714924578599
51.800000000000004,318.94999977000896,100.0,0.0,319.4857142857143,0.5357145157053651
51.85,319.4857142857143,100.0,0.0,320.01500000000004,0.5292857142857201
51.900000000000006,320.01500000000004,100.0,0.0,320.39000000000004,0.375
51.95,320.39000000000004,100.0,0.0,320.76500000000004,0.375
52.0,320.76500000000004,100.0,0.0,321.14000000000004,0.375
52.050000000000004,321.14000000000004,100.0,0.0,321.51500000000004,0.375
52.1,321.51500000000004,100.0,0.0,321.89000000000004,0.375
52.150000000000006,321.89000000000004,100.0,0.0,322.26500000000004,0.375
52.2,322.26500000000004,100.0,0.0,322.64,0.37499999999994316
52.25,322.64,100.0,0.0,323.01428571428573,0.3742857142857474
52.300000000000004,323.01428571428573,100.0,0.0,323.3714285714286,0.3571428571428896
52.35,323.3714285714286,100.0,0.0,323.7285714285715,0.3571428571428896
52.400000000000006,323.7285714285715,100.0,0.0,324.08571428571435,0.3571428571428328
52.45,324.08571428571435,100.0,0.0,324.4428571428572,0.3571428571428328
52.5,324.4428571428572,100.0,0.0,324.80000000000007,0.3571428571428896
52.550000000000004,324.80000000000007,100.0,0.0,325.11,0.30999999999994543
52.6,325.11,100.0,0.0,325.36,0.25
52.650000000000006,325.36,100.0,0.0,325.61,0.25
52.7,325.61,100.0,0.0,325.86,0.25
52.75,325.86,100.0,0.0,326.1571428571429,0.29714285714288735
52.800000000000004,326.1571428571429,100.0,0.0,326.5142857142857,0.35714285714277594
52.85,326.5142857142857,100.0,0.0,326.87142857142857,0.3571428571428896
52.900000000000006,326.87142857142857,100.0,0.0,327.2285714285714,0.3571428571428328
52.95,327.2285714285714,100.0,0.0,327.5857142857143,0.3571428571428896
53.0,327.5857142857143,100.0,0.0,327.9428571428572,0.3571428571428896
53.050000000000004,327.9428571428572,100.0,0.0,328.175,0.23214285714283278
53.1,328.175,100.0,0.0,328.3833333333334,0.20833333333337123
53.150000000000006,328.3833333333334,100.0,0.0,328.5916666666667,0.20833333333331439
53.2,328.5916666666667,100.0,0.0,328.8,0.20833333333331439
53.25,328.8,100.0,0.0,329.0125,0.21249999999997726
53.300000000000004,329.0125,100.0,0.0,329.325,0.3125
53.35,329.325,100.0,0.0,329.63750000000005,0.31250000000005684
53.400000000000006,329.63750000000005,100.0,0.0,329.95000000000005,0.3125
53.45,329.95000000000005,100.0,0.0,330.21,0.25999999999993406
53.5,330.21,100.0,0.0,330.46000000000004,0.25000000000005684
53.550000000000004,330.46000000000004,100.0,0.0,330.71,0.24999999999994316
53.6,330.71,100.0,0.0,330.96000000000004,0.25000000000005684
53.650000000000006,330.96000000000004,100.0,0.0,331.13125,0.17124999999998636
53.7,331.13125,100.0,0.0,331.2875,0.15625
53.75,331.2875,100.0,0.0,331.44375,0.15625
53.800000000000004,331.44375,100.0,0.0,331.6,0.15625
53.85,331.6,100.0,0.0,331.75625,0.15625
53.900000000000006,331.75625,100.0,0.0,331.9125,0.15625
53.95,331.9125,100.0,0.0,332.0612813698218,0.14878136982179058
54.0,332.0612813698218,100.0,0.0,332.2005572103259,0.1392758405040695
54.050000000000004,332.2005572103259,100.0,0.0,332.33983305082995,0.1392758405040695
54.1,332.33983305082995,100.0,0.0,332.479108891334,0.1392758405040695
54.150000000000006,332.479108891334,100.0,0.0,332.6183847318381,0.1392758405040695
54.2,332.6183847318381,100.0,0.0,332.75766057234216,0.1392758405040695
54.25,332.75766057234216,100.0,0.0,332.8969362134221,0.13927564107996204
54.300000000000004,332.8969362134221,100.0,0.0,333.0650000775155,0.16806386409336938
54.35,333.0650000775155,100.0,0.0,333.3150003756522,0.25000029813668334
54.400000000000006,333.3150003756522,100.0,0.0,333.5650006737888,0.2500002981366265
54.45,333.5650006737888,100.0,0.0,333.81500091076924,0.2500002369804406
54.5,333.81500091076924,100.0,0.0,334.0464285714286,0.2314276606593353
54.550000000000004,334.0464285714286,100.0,0.0,334.225,0.1785714285714448
54.6,334.225,100.0,0.0,334.4035714285714,0.17857142857138797
54.650000000000006,334.4035714285714,100.0,0.0,334.58214285714286,0.1785714285714448
54.7,334.58214285714286,100.0,0.0,334.76071428571424,0.17857142857138797
54.75,334.76071428571424,100.0,0.0,334.93928571428575,0.17857142857150166
54.800000000000004,334.93928571428575,100.0,0.0,335.20625,0.2669642857142662
54.85,335.20625,100.0,0.0,335.51875000000007,0.31250000000005684
54.900000000000006,335.51875000000007,100.0,0.0,335.83125,0.31249999999994316
54.95,335.83125,100.0,0.0,336.0,0.16874999999998863
55.0,336.0,100.0,0.0,336.0,0.0
55.050000000000004,336.0,100.0,0.0,336.0,0.0
55.1,336.0,100.0,0.0,336.0,0.0
55.150000000000006,336.0,100.0,0.0,336.0,0.0
55.2,336.0,100.0,0.0,336.0,0.0
55.25,336.0,100.0,0.0,336.0,0.0
55.300000000000004,336.0,100.0,0.0,336.0,0.0
55.35,336.0,100.0,0.0,336.0,0.0
55.400000000000006,336.0,100.0,0.0,336.0,0.0
55.45,336.0,100.0,0.0,336.0,0.0
55.5,336.0,100.0,0.0,336.0,0.0
55.550000000000004,336.0,100.0,0.0,336.0,0.0
55.6,336.0,100.0,0.0,336.0,0.0
55.650000000000006,336.0,100.0,0.0,336.0,0.0
55.7,336.0,100.0,0.0,336.0,0.0
55.75,336.0,100.0,0.0,336.0,0.0
55.800000000000004,336.0,100.0,0.0,336.0,0.0
55.85,336.0,100.0,0.0,336.0,0.0
55.900000000000006,336.0,100.0,0.0,335.74129267564734,-0.2587073243526561
55.95,335.74129267564734,93.53231689118417,0.0,334.74626478688543,-0.9950278887619106
56.0,334.74626478688543,68.65661967213542,0.021276595744681923,333.7512413133761,-0.9950234735093204
56.050000000000004,333.7512413133761,43.78103283440274,0.37588652482273077,332.75621783986696,-0.9950234735091499
56.1,332.75621783986696,18.905445996673585,0.7304964539007293,329.985717535653,-2.7705003042139538
56.150000000000006,329.985717535653,0.0,1.0,321.5928739342129,-8.39284360144012
56.2,321.5928739342129,0.0,1.0,313.20003033277277,-8.39284360144012
56.25,313.20003033277277,0.0,1.0,304.8071664780824,-8.392863854690347
56.300000000000004,304.8071664780824,0.0,1.0,296.4142993263527,-8.392867151729718
56.35,296.4142993263527,0.0,1.0,288.0214321746218,-8.392867151730911
56.400000000000006,288.0214321746218,0.0,1.0,280.2000077445373,-7.821424430084505
56.45,280.2000077445373,0.0,1.0,272.700019845378,-7.499987899159294
56.5,272.700019845378,0.0,1.0,265.20002417777704,-7.499995667600956
56.550000000000004,265.20002417777704,0.0,1.0,257.7000064,-7.500017777777032
56.6,257.7000064,0.0,1.0,249.99999999999935,-7.70000640000066
56.650000000000006,249.99999999999935,0.0,1.0,242.1874999999996,-7.812499999999744
56.7,242.1874999999996,0.0,1.0,234.3749999999999,-7.812499999999716
56.75,234.3749999999999,0.0,1.0,228.66428509928028,-5.7107149007196085
56.800000000000004,228.66428509928028,0.0,1.0,225.62856941582726,-3.03571568345302
56.85,225.62856941582726,0.0,1.0,222.59285373237384,-3.035715683453418
56.900000000000006,222.59285373237384,0.0,1.0,219.55713988085097,-3.035713851522871
56.95,219.55713988085097,0.0,1.0,216.52142697304967,-3.0357129078012974
57.0,216.52142697304967,0.0,1.0,213.48571406524798,-3.0357129078016953
57.050000000000004,213.48571406524798,0.0,1.0,213.0,-0.48571406524797567
57.1,213.0,0.0,1.0,213.0,0.0
57.150000000000006,213.0,0.0,1.0,213.0,0.0
57.2,213.0,0.0,1.0,208.40000742184924,-4.599992578150761
57.25,208.40000742184924,0.0,1.0,201.21251901848726,-7.187488403361982
57.300000000000004,201.21251901848726,0.0,1.0,194.0250188487806,-7.187500169706652
57.35,194.0250188487806,0.0,1.0,189.4500006641508,-4.575018184629812
57.400000000000006,189.4500006641508,0.0916665559748666,1.0,188.20000217358483,-1.2499984905659574
57.45,188.20000217358483,0.29999963773586247,1.0,186.95000368301885,-1.2499984905659858
57.5,186.95000368301885,0.5083327194968583,1.0,185.70000402962953,-1.2499996533893238
57.550000000000004,185.70000402962953,0.7166659950617482,0.8395061728394477,184.45000106666666,-1.250002962962867
57.6,184.45000106666666,0.9249998222222222,0.2222222222222222,183.5199998283798,-0.9300012382868488
57.650000000000006,183.5199998283798,1.6400002288269055,0.0,182.76999956022343,-0.7500002681563842
57.7,182.76999956022343,2.6400005863687763,0.0,182.019999292067,-0.7500002681564126
57.75,182.019999292067,3.640000943910647,0.0,181.26999917714275,-0.7500001149242621
57.800000000000004,181.26999917714275,4.640001097142999,0.0,180.1999996316546,-1.0699995454881446
57.85,180.1999996316546,5.0,0.0,178.94999905611493,-1.2500005755396728
57.900000000000006,178.94999905611493,5.0,0.0,177.69999848057546,-1.2500005755394739
57.95,177.69999848057546,5.0,0.0,176.9083332911271,-0.7916651894483664
58.0,176.9083332911271,9.858335570263597,0.0,176.69999986187048,-0.20833342925661213
58.050000000000004,176.69999986187048,20.90000732086439,0.0,176.4916664326139,-0.2083334292565837
58.1,176.4916664326139,31.941679071463618,0.0,176.28333315379535,-0.20833327881854302
58.150000000000006,176.28333315379535,42.98334284884628,0.0,176.07499995247525,-0.20833320132010158
58.2,176.07499995247525,54.025002518811974,0.0,176.93333333333328,0.8583333808580278
58.25,176.93333333333328,61.86666666666646,0.0,178.39166666666682,1.4583333333335418
58.300000000000004,178.39166666666682,67.90833333333399,0.0,179.85000000000008,1.4583333333332575
58.35,179.85000000000008,73.95000000000041,0.0,181.30833333333354,1.4583333333334565
58.400000000000006,181.30833333333354,79.99166666666757,0.0,182.7666666666668,1.4583333333332575
58.45,182.7666666666668,86.03333333333387,0.0,184.47000000000003,1.7033333333332337
58.5,184.47000000000003,89.73000000000006,0.0,186.22000000000017,1.750000000000142
58.550000000000004,186.22000000000017,92.9800000000003,0.0,187.97000000000003,1.749999999999858
58.6,187.97000000000003,96.23000000000006,0.0,189.72000000000017,1.750000000000142
58.650000000000006,189.72000000000017,99.4800000000003,0.0,191.6800000000001,1.9599999999999227
58.7,191.6800000000001,100.0,0.0,193.68000000000004,1.9999999999999432
58.75,193.68000000000004,100.0,0.0,195.68000000000023,2.000000000000199
58.800000000000004,195.68000000000023,100.0,0.0,197.68000000000018,1.9999999999999432
58.85,197.68000000000018,100.0,0.0,198.75000000000014,1.0699999999999648
58.900000000000006,198.75000000000014,100.0,0.0,199.64285714285722,0.892857142857082
58.95,199.64285714285722,100.0,0.0,200.5357142857143,0.892857142857082
59.0,200.5357142857143,100.0,0.0,201.42857142857153,0.8928571428572241
59.050000000000004,201.42857142857153,100.0,0.0,202.3214285714286,0.892857142857082
59.1,202.3214285714286,100.0,0.0,203.37500000000023,1.0535714285716153
59.150000000000006,203.37500000000023,100.0,0.0,204.9375000000001,1.5624999999998863
59.2,204.9375000000001,100.0,0.0,206.49999999999997,1.562499999999858
59.25,206.49999999999997,100.0,0.0,208.0750000000001,1.5750000000001307
59.300000000000004,208.0750000000001,100.0,0.0,209.95000000000002,1.8749999999999147
59.35,209.95000000000002,100.0,0.0,211.82500000000022,1.875000000000199
59.400000000000006,211.82500000000022,100.0,0.0,213.70000000000016,1.8749999999999432
59.45,213.70000000000016,100.0,0.0,214.0,0.29999999999984084
59.5,214.0,100.0,0.0,214.0,0.0
59.550000000000004,214.0,100.0,0.0,214.0,0.0
59.6,214.0,100.0,0.0,215.15555555555568,1.1555555555556793
59.650000000000006,215.15555555555568,100.0,0.0,216.96111111111114,1.8055555555554577
59.7,216.96111111111114,100.0,0.0,218.7666666666666,1.8055555555554577
59.75,218.7666666666666,100.0,0.0,220.57222222222228,1.805555555555685
59.800000000000004,220.57222222222228,100.0,0.0,222.37777777777774,1.8055555555554577
59.85,222.37777777777774,100.0,0.0,224.18333333333345,1.8055555555557135
59.900000000000006,224.18333333333345,100.0,0.0,225.9888888888889,1.8055555555554577
59.95,225.9888888888889,100.0,0.0,227.36666666666665,1.3777777777777374
60.0,227.36666666666665,100.0,0.0,228.20000000000005,0.8333333333333997
60.050000000000004,228.20000000000005,100.0,0.0,229.03333333333333,0.833333333333286
60.1,229.03333333333333,100.0,0.0,229.86666666666673,0.8333333333333997
60.150000000000006,229.86666666666673,100.0,0.0,230.70000000000002,0.833333333333286
60.2,230.70000000000002,100.0,0.0,231.5333333333333,0.833333333333286
60.25,231.5333333333333,100.0,0.0,232.36666666666673,0.8333333333334281
60.300000000000004,232.36666666666673,100.0,0.0,233.24,0.873333333333278
60.35,233.24,100.0,0.0,234.2400000000001,1.0000000000000853
60.400000000000006,234.2400000000001,100.0,0.0,235.24000000000004,0.9999999999999432
60.45,235.24000000000004,100.0,0.0,236.23999999999998,0.9999999999999432
60.5,236.23999999999998,100.0,0.0,237.45000000000027,1.2100000000002922
60.550000000000004,237.45000000000027,100.0,0.0,239.32500000000013,1.874999999999858
60.6,239.32500000000013,100.0,0.0,241.20000000000024,1.8750000000001137
60.650000000000006,241.20000000000024,100.0,0.0,243.02000000000004,1.8199999999997942
60.7,243.02000000000004,100.0,0.0,243.52,0.4999999999999716
60.75,243.52,100.0,0.0,244.02000000000007,0.5000000000000568
60.800000000000004,244.02000000000007,100.0,0.0,244.52000000000004,0.4999999999999716
60.85,244.52000000000004,100.0,0.0,245.03899723534118,0.5189972353411463
60.900000000000006,245.03899723534118,100.0,0.0,246.01392811886964,0.974930883528458
60.95,246.01392811886964,100.0,0.0,246.98885900239813,0.9749308835284864
61.0,246.98885900239813,100.0,0.0,247.96378938467353,0.974930382275403
61.050000000000004,247.96378938467353,100.0,0.0,248.93871948499392,0.9749301003203925
61.1,248.93871948499392,100.0,0.0,249.91364958531443,0.9749301003205062
61.150000000000006,249.91364958531443,100.0,0.0,250.8885796856348,0.9749301003203641
61.2,250.8885796856348,100.0,0.0,251.8635097859552,0.9749301003203925
61.25,251.8635097859552,100.0,0.0,252.0,0.13649021404481232
61.300000000000004,252.0,100.0,0.0,252.0,0.0
61.35,252.0,100.0,0.0,252.0,0.0
61.400000000000006,252.0,100.0,0.0,252.33,0.3300000000000125
61.45,252.33,100.0,0.0,252.83,0.5
61.5,252.83,100.0,0.0,253.33000000000007,0.5000000000000568
61.550000000000004,253.33000000000007,100.0,0.0,253.83000000000004,0.4999999999999716
61.6,253.83000000000004,100.0,0.0,254.45833333333343,0.6283333333333871
61.650000000000006,254.45833333333343,100.0,0.0,255.15277782626262,0.6944444929291933
61.7,255.15277782626262,100.0,0.0,255.84722307878783,0.6944452525252132
61.75,255.84722307878783,100.0,0.0,256.54166833131313,0.6944452525252984
61.800000000000004,256.54166833131313,100.0,0.0,257.23611358383835,0.6944452525252132
61.85,257.23611358383835,100.0,0.0,257.9305588363637,0.6944452525253269
61.900000000000006,257.9305588363637,100.0,0.0,258.6250016,0.6944427636363457
61.95,258.6250016,100.0,0.0,259.41071428571433,0.7857126857143157
62.0,259.41071428571433,100.0,0.0,260.30357142857156,0.8928571428572241
62.050000000000004,260.30357142857156,100.0,0.0,261.19642857142867,0.8928571428571104
62.1,261.19642857142867,100.0,0.0,262.08928571428584,0.8928571428571672
62.150000000000006,262.08928571428584,100.0,0.0,262.98214285714295,0.8928571428571104
62.2,262.98214285714295,100.0,0.0,263.87500000000006,0.8928571428571104
62.25,263.87500000000006,100.0,0.0,264.9214285714287,1.0464285714286348
62.300000000000004,264.9214285714287,100.0,0.0,265.99285714285713,1.0714285714284415
62.35,265.99285714285713,100.0,0.0,267.0642857142858,1.0714285714286689
62.400000000000006,267.0642857142858,100.0,0.0,268.13571428571436,1.0714285714285552
62.45,268.13571428571436,100.0,0.0,269.20714285714286,1.0714285714284983
62.5,269.20714285714286,100.0,0.0,270.2157674629571,1.0086246058142478
62.550000000000004,270.2157674629571,100.0,0.0,271.04564232048415,0.8298748575270452
62.6,271.04564232048415,100.0,0.0,271.8755171780113,0.8298748575271588
62.650000000000006,271.8755171780113,100.0,0.0,272.70539203553835,0.8298748575270452
62.7,272.70539203553835,100.0,0.0,273.5352668930654,0.8298748575270452
62.75,273.5352668930654,100.0,0.0,274.3300000964384,0.7947332033730277
62.800000000000004,274.3300000964384,100.0,0.0,275.0800003156165,0.7500002191780482
62.85,275.0800003156165,100.0,0.0,275.83000053479464,0.7500002191781618
62.900000000000006,275.83000053479464,100.0,0.0,276.5800007539726,0.7500002191779913
62.95,276.5800007539726,100.0,0.0,277.33000096,0.75000020602738
63.0,277.33000096,100.0,0.0,278.08000096000006,0.7500000000000568
63.050000000000004,278.08000096000006,100.0,0.0,278.83000096000006,0.75
63.1,278.83000096000006,100.0,0.0,279.5800009600002,0.7500000000001137
63.150000000000006,279.5800009600002,100.0,0.0,280.2750000803654,0.6949991203651962
63.2,280.2750000803654,100.0,0.0,280.90000026301374,0.625000182648364
63.25,280.90000026301374,100.0,0.0,281.5250004456622,0.6250001826484777
63.300000000000004,281.5250004456622,100.0,0.0,282.1500006283106,0.625000182648364
63.35,282.1500006283106,100.0,0.0,282.7750006857144,0.6250000574038381
63.400000000000006,282.7750006857144,100.0,0.0,283.59999927547176,0.8249985897573424
63.45,283.59999927547176,100.0,0.0,284.53749814339625,0.9374988679244893
63.5,284.53749814339625,100.0,0.0,285.47499701132085,0.937498867924603
63.550000000000004,285.47499701132085,100.0,0.0,286.3142853347709,0.8392883234500346
63.6,286.3142853347709,100.0,0.0,287.0285701865229,0.7142848517520406
63.650000000000006,287.0285701865229,100.0,0.0,287.7428550382749,0.7142848517519838
63.7,287.7428550382749,100.0,0.0,288.4571404089728,0.714285370697894
63.75,288.4571404089728,100.0,0.0,289.17142725667065,0.7142868476978492
63.800000000000004,289.17142725667065,100.0,0.0,289.8857141043684,0.7142868476977355
63.85,289.8857141043684,100.0,0.0,290.4199989792406,0.5342848748721849
63.900000000000006,290.4199989792406,100.0,0.0,290.919998286281,0.4999993070404116
63.95,290.919998286281,100.0,0.0,291.41999907966937,0.5000007933883808
64.0,291.41999907966937,100.0,0.0,291.91999987305775,0.5000007933883808
64.05,291.91999987305775,100.0,0.0,292.35,0.4300001269422751
64.10000000000001,292.35,100.0,0.0,292.76666666666665,0.41666666666662877
64.15,292.76666666666665,100.0,0.0,293.18333333333334,0.4166666666666856
64.2,293.18333333333334,100.0,0.0,293.59999999999997,0.41666666666662877
64.25,293.59999999999997,100.0,0.0,294.0166666261603,0.41666662616034955
64.3,294.0166666261603,100.0,0.0,294.4333322801689,0.41666565400856825
64.35000000000001,294.4333322801689,100.0,0.0,294.84999840000006,0.4166661198311772
64.4,294.84999840000006,100.0,0.0,295.2666650666667,0.41666666666662877
64.45,295.2666650666667,100.0,0.0,295.6833317333333,0.41666666666662877
64.5,295.6833317333333,100.0,0.0,296.15,0.46666826666665884
64.55,296.15,100.0,0.0,296.77500000000015,0.6250000000001705
64.60000000000001,296.77500000000015,100.0,0.0,297.4000000000001,0.6249999999999432
64.65,297.4000000000001,100.0,0.0,298.02500000000003,0.6249999999999432
64.7,298.02500000000003,100.0,0.0,298.65,0.6249999999999432
64.75,298.65,100.0,0.0,299.2749999999999,0.6249999999999432
64.8,299.2749999999999,100.0,0.0,299.90000000000003,0.6250000000001137
64.85000000000001,299.90000000000003,100.0,0.0,300.38181818181823,0.48181818181819835
64.9,300.38181818181823,100.0,0.0,300.83636363636367,0.45454545454543904
64.95,300.83636363636367,100.0,0.0,301.29090909090905,0.4545454545453822
65.0,301.29090909090905,100.0,0.0,301.7454545454545,0.45454545454543904
65.05,301.7454545454545,100.0,0.0,302.20000000000005,0.45454545454555273
65.10000000000001,302.20000000000005,100.0,0.0,302.6545454545455,0.45454545454543904
65.15,302.6545454545455,100.0,0.0,303.10909090909087,0.4545454545453822
65.2,303.10909090909087,100.0,0.0,303.5636363636363,0.45454545454543904
65.25,303.5636363636363,100.0,0.0,304.0125,0.44886363636368287
65.3,304.0125,100.0,0.0,304.32500000000005,0.31250000000005684
65.35000000000001,304.32500000000005,100.0,0.0,304.63750000000005,0.3125
65.4,304.63750000000005,100.0,0.0,304.95,0.31249999999994316
65.45,304.95,100.0,0.0,305.2625,0.3125
65.5,305.2625,100.0,0.0,305.575,0.3125
65.55,305.575,100.0,0.0,305.8875000000001,0.3125000000001137
65.60000000000001,305.8875000000001,100.0,0.0,306.4000000000001,0.5124999999999886
65.65,306.4000000000001,100.0,0.0,307.02500000000003,0.6249999999999432
65.7,307.02500000000003,100.0,0.0,307.65,0.6249999999999432
65.75,307.65,100.0,0.0,308.2749999999999,0.6249999999999432
65.8,308.2749999999999,100.0,0.0,308.90000000000003,0.6250000000001137
65.85000000000001,308.90000000000003,100.0,0.0,309.28636363636366,0.38636363636362603
65.9,309.28636363636366,100.0,0.0,309.6272727272727,0.34090909090906507
65.95,309.6272727272727,100.0,0.0,309.9681818181818,0.34090909090906507
66.0,309.9681818181818,100.0,0.0,310.30909090909086,0.34090909090906507
66.05,310.30909090909086,100.0,0.0,310.65000000000003,0.34090909090917876
66.10000000000001,310.65000000000003,100.0,0.0,310.9909090909091,0.34090909090906507
66.15,310.9909090909091,100.0,0.0,311.33181818181816,0.34090909090906507
66.2,311.33181818181816,100.0,0.0,311.6727272727273,0.3409090909091219
66.25,311.6727272727273,100.0,0.0,312.0249999999999,0.35227272727263426
66.3,312.0249999999999,100.0,0.0,312.6500000000001,0.6250000000001705
66.35000000000001,312.6500000000001,100.0,0.0,313.2750000000001,0.625
66.4,313.2750000000001,100.0,0.0,313.90000000000003,0.6249999999999432
66.45,313.90000000000003,100.0,0.0,314.15,0.24999999999994316
66.5,314.15,100.0,0.0,314.3285714285714,0.1785714285714448
66.55,314.3285714285714,100.0,0.0,314.50714285714287,0.1785714285714448
66.60000000000001,314.50714285714287,100.0,0.0,314.6857142857143,0.1785714285714448
66.65,314.6857142857143,100.0,0.0,314.8642857142857,0.17857142857138797
66.7,314.8642857142857,100.0,0.0,315.05,0.1857142857143117
66.75,315.05,100.0,0.0,315.2583333333333,0.20833333333331439
66.8,315.2583333333333,100.0,0.0,315.4666666666667,0.20833333333337123
66.85000000000001,315.4666666666667,100.0,0.0,315.67500000000007,0.20833333333337123
66.9,315.67500000000007,100.0,0.0,315.8833333333334,0.20833333333331439
66.95,315.8833333333334,100.0,0.0,316.0916666666667,0.20833333333331439
67.0,316.0916666666667,100.0,0.0,316.3,0.20833333333331439
67.05,316.3,100.0,0.0,316.5083333333334,0.20833333333337123
67.10000000000001,316.5083333333334,100.0,0.0,316.7166666666667,0.20833333333331439
67.15,316.7166666666667,100.0,0.0,316.925,0.20833333333331439
67.2,316.925,100.0,0.0,317.1142857142857,0.1892857142856883
67.25,317.1142857142857,100.0,0.0,317.29285714285714,0.1785714285714448
67.3,317.29285714285714,100.0,0.0,317.4714285714286,0.1785714285714448
67.35000000000001,317.4714285714286,100.0,0.0,317.65,0.17857142857138797
67.4,317.65,100.0,0.0,317.8285714285714,0.1785714285714448
67.45,317.8285714285714,100.0,0.0,318.0083682075594,0.17979677898796353
67.5,318.0083682075594,100.0,0.0,318.2175733965443,0.20920518898492446
67.55,318.2175733965443,100.0,0.0,318.4267785855293,0.2092051889849813
67.60000000000001,318.4267785855293,100.0,0.0,318.63598355848785,0.20920497295855967
67.65,318.63598355848785,100.0,0.0,318.84518840993167,0.20920485144381473
67.7,318.84518840993167,100.0,0.0,319.08125006933335,0.23606165940168466
67.75,319.08125006933335,100.0,0.0,319.393750336,0.3125002666666319
67.8,319.393750336,100.0,0.0,319.7062506026667,0.3125002666667456
67.85000000000001,319.7062506026667,100.0,0.0,320.01875086933336,0.3125002666666319
67.9,320.01875086933336,100.0,0.0,320.331251136,0.3125002666666319
67.95,320.331251136,100.0,0.0,320.6437514026667,0.31250026666668873
68.0,320.6437514026667,100.0,0.0,320.95625055999994,0.3124991573332636
68.05,320.95625055999994,100.0,0.0,321.0,0.043749440000055984
68.10000000000001,321.0,100.0,0.0,321.0,0.0
68.15,321.0,100.0,0.0,321.0,0.0
68.2,321.0,100.0,0.0,321.0,0.0
68.25,321.0,100.0,0.0,321.0187500342857,0.01875003428568789
68.3,321.0187500342857,100.0,0.0,321.3312506057144,0.3125005714286999
68.35000000000001,321.3312506057144,100.0,0.0,321.6437511771429,0.3125005714285294
68.4,321.6437511771429,100.0,0.0,321.95625056000006,0.3124993828571405
68.45,321.95625056000006,100.0,0.0,322.1194447502222,0.16319419022215698
68.5,322.1194447502222,100.0,0.0,322.25833399466666,0.13888924444444228
68.55,322.25833399466666,100.0,0.0,322.39722281572654,0.13888882105987932
68.60000000000001,322.39722281572654,100.0,0.0,322.53611156786326,0.13888875213672236
68.65,322.53611156786326,100.0,0.0,322.67500032000004,0.1388887521367792
68.7,322.67500032000004,100.0,0.0,322.81388907213676,0.13888875213672236
68.75,322.81388907213676,100.0,0.0,322.95277782427354,0.1388887521367792
68.8,322.95277782427354,100.0,0.0,323.0914126937639,0.1386348694903745
68.85000000000001,323.0914126937639,100.0,0.0,323.22991677522435,0.13850408146043947
68.9,323.22991677522435,100.0,0.0,323.3684208566848,0.13850408146043947
68.95,323.3684208566848,100.0,0.0,323.5069249381452,0.13850408146038262
69.0,323.5069249381452,100.0,0.0,323.6454290196056,0.13850408146043947
69.05,323.6454290196056,100.0,0.0,323.78393329007264,0.13850427046702407
69.10000000000001,323.78393329007264,100.0,0.0,323.92243759130815,0.13850430123551405
69.15,323.92243759130815,100.0,0.0,324.0916666666667,0.16922907535854392
69.2,324.0916666666667,100.0,0.0,324.3,0.20833333333331439
69.25,324.3,100.0,0.0,324.5083333333333,0.20833333333331439
69.3,324.5083333333333,100.0,0.0,324.7166666666667,0.20833333333337123
69.35000000000001,324.7166666666667,100.0,0.0,324.925,0.20833333333331439
69.4,324.925,100.0,0.0,325.1333334779661,0.20833347796610724
69.45,325.1333334779661,100.0,0.0,325.34166693333333,0.20833345536721026
69.5,325.34166693333333,100.0,0.0,325.5500002042553,0.20833327092196896
69.55,325.5500002042553,100.0,0.0,325.75833344302606,0.20833323877076282
69.60000000000001,325.75833344302606,100.0,0.0,325.9666666817967,0.20833323877064913
69.65,325.9666666817967,100.0,0.0,326.0,0.03333331820329022
69.7,326.0,100.0,0.0,326.0,0.0
69.75,326.0,100.0,0.0,326.0,0.0
69.8,326.0,100.0,0.0,326.0999999196653,0.09999991966532207
69.85000000000001,326.0999999196653,100.0,0.0,326.25624979414226,0.15624987447694139
69.9,326.25624979414226,100.0,0.0,326.41249966861926,0.15624987447699823
69.95,326.41249966861926,100.0,0.0,326.56874954309626,0.15624987447699823
70.0,326.56874954309626,100.0,0.0,326.72499941757326,0.15624987447699823
70.05,326.72499941757326,100.0,0.0,326.8812497185185,0.15625030094525982
70.10000000000001,326.8812497185185,100.0,0.0,327.075,0.19375028148147067
70.15,327.075,100.0,0.0,327.3875,0.3125
70.2,327.3875,100.0,0.0,327.7,0.3125
70.25,327.7,100.0,0.0,328.0,0.30000000000001137
70.3,328.0,100.0,0.0,328.0,0.0
70.35000000000001,328.0,100.0,0.0,328.0,0.0
70.4,328.0,100.0,0.0,328.0,0.0
70.45,328.0,100.0,0.0,328.0,0.0
70.5,328.0,100.0,0.0,328.0,0.0
70.55,328.0,100.0,0.0,328.0,0.0
70.60000000000001,328.0,100.0,0.0,328.0,0.0
70.65,328.0,100.0,0.0,328.0,0.0
70.7,328.0,100.0,0.0,328.0,0.0
70.75,328.0,100.0,0.0,327.90833348123255,-0.09166651876745391
70.8,327.90833348123255,100.0,0.0,327.7000004840336,-0.20833299719896559
70.85000000000001,327.7000004840336,100.0,0.0,327.49166744683197,-0.20833303720161211
70.9,327.49166744683197,100.0,0.0,327.2833337829201,-0.20833366391184427
70.95,327.2833337829201,100.0,0.0,327.0750001190083,-0.20833366391184427
71.0,327.0750001190083,100.0,0.0,326.88571423309355,-0.18928588591472817
71.05,326.88571423309355,100.0,0.0,326.70714272230214,-0.1785715107914143
71.10000000000001,326.70714272230214,100.0,0.0,326.5285712115108,-0.17857151079135747
71.15,326.5285712115108,100.0,0.0,326.3499998411347,-0.17857137037606208
71.2,326.3499998411347,100.0,0.0,326.17142849361704,-0.1785713475176749
71.25,326.17142849361704,100.0,0.0,326.0,-0.17142849361704293
71.3,326.0,100.0,0.0,326.0,0.0
71.35000000000001,326.0,100.0,0.0,326.0,0.0
71.4,326.0,100.0,0.0,326.0,0.0
71.45,326.0,100.0,0.0,326.0,0.0
71.5,326.0,100.0,0.0,326.0,0.0
71.55,326.0,100.0,0.0,326.0,0.0
71.60000000000001,326.0,100.0,0.0,326.0,0.0
71.65,326.0,100.0,0.0,325.825,-0.17500000000001137
71.7,325.825,82.49999999999862,0.0,325.6166666666667,-0.20833333333331439
71.75,325.6166666666667,61.66666666666561,0.0,325.4083333333333,-0.20833333333337123
71.8,325.4083333333333,40.833333333332604,0.0,325.19999999999993,-0.20833333333337123
71.85000000000001,325.19999999999993,19.999999999994078,0.20000000000023685,324.52499999999776,-0.6750000000021714
71.9,324.52499999999776,0.0,1.0,312.64999999999924,-11.874999999998522
71.95,312.64999999999924,0.0,1.0,300.7750000000007,-11.874999999998522
72.0,300.7750000000007,0.0,1.0,288.9000000000022,-11.874999999998522
72.05,288.9000000000022,0.0,1.0,282.79999999999944,-6.100000000002751
72.10000000000001,282.79999999999944,0.0,1.0,277.79999999999967,-4.999999999999773
72.15,277.79999999999967,0.0,1.0,272.79999999999995,-4.999999999999716
72.2,272.79999999999995,0.0,1.0,267.8000000000002,-4.999999999999773
72.25,267.8000000000002,0.0,1.0,262.75000000000057,-5.0499999999996135
72.3,262.75000000000057,0.0,1.0,256.49999999999903,-6.250000000001535
72.35000000000001,256.49999999999903,0.0,1.0,250.24999999999923,-6.249999999999801
72.4,250.24999999999923,0.0,1.0,243.99999999999946,-6.249999999999773
72.45,243.99999999999946,0.0,1.0,241.33749999999995,-2.662499999999511
72.5,241.33749999999995,0.0,1.0,239.3583333333334,-1.9791666666665435
72.55,239.3583333333334,0.0,1.0,237.37916666666632,-1.9791666666670835
72.60000000000001,237.37916666666632,0.0,1.0,235.39999999999978,-1.9791666666665435
72.65,235.39999999999978,0.0,1.0,233.42083333333323,-1.9791666666665435
72.7,233.42083333333323,0.0,1.0,231.4416666666667,-1.9791666666665435
72.75,231.4416666666667,0.0,1.0,229.46250000000018,-1.979166666666515
72.8,229.46250000000018,0.0,1.0,227.48333333333306,-1.979166666667112
72.85000000000001,227.48333333333306,0.0,1.0,225.50416666666652,-1.9791666666665435
72.9,225.50416666666652,0.0,1.0,223.62499999999997,-1.8791666666665492
72.95,223.62499999999997,0.18750000000000888,1.0,222.06250000000006,-1.5624999999999147
73.0,222.06250000000006,0.9687499999999718,1.0,220.50000000000014,-1.5624999999999147
73.05,220.50000000000014,1.7499999999999347,1.0,218.93749999999977,-1.5625000000003695
73.10000000000001,218.93749999999977,2.53125000000012,1.0,217.37499999999983,-1.5624999999999432
73.15,217.37499999999983,3.3125000000000826,1.0,215.81249999999991,-1.5624999999999147
73.2,215.81249999999991,4.093750000000045,1.0,214.24999999999991,-1.5625
73.25,214.24999999999991,4.875000000000044,0.3999999999998579,212.95000000000002,-1.2999999999998977
73.3,212.95000000000002,5.524999999999984,0.0,211.69999999999982,-1.250000000000199
73.35000000000001,211.69999999999982,6.150000000000084,0.0,210.45,-1.2499999999998295
73.4,210.45,6.775000000000007,0.0,209.20000000000005,-1.2499999999999432
73.45,209.20000000000005,9.666666666666526,0.0,207.95000000000005,-1.25
73.5,207.95000000000005,13.833333333333192,0.0,206.7000000000001,-1.2499999999999432
73.55,206.7000000000001,17.999999999999694,0.0,205.44999999999982,-1.2500000000002842
73.60000000000001,205.44999999999982,22.166666666667293,0.0,204.19999999999987,-1.2499999999999432
73.65,204.19999999999987,26.333333333333705,0.0,204.3,0.10000000000013642
73.7,204.3,35.10000000000027,0.0,204.65714285714284,0.3571428571428328
73.75,204.65714285714284,44.74285714285683,0.0,205.01428571428568,0.3571428571428328
73.8,205.01428571428568,54.385714285713384,0.0,205.37142857142862,0.35714285714294647
73.85000000000001,205.37142857142862,64.02857142857269,0.0,205.72857142857146,0.3571428571428328
73.9,205.72857142857146,73.67142857142923,0.0,206.07500000000002,0.34642857142856087
73.95,206.07500000000002,80.09999999999978,0.0,206.38750000000002,0.3125
74.0,206.38750000000002,76.3499999999999,0.0,206.7,0.3124999999999716
74.05,206.7,72.60000000000012,0.0,207.02500000000012,0.32500000000013074
74.10000000000001,207.02500000000012,69.10000000000046,0.0,207.65,0.6249999999998863
74.15,207.65,71.60000000000007,0.0,208.27500000000003,0.6250000000000284
74.2,208.27500000000003,74.10000000000014,0.0,208.90000000000003,0.625
74.25,208.90000000000003,76.6000000000002,0.0,209.2625001208633,0.3625001208632739
74.3,209.2625001208633,76.4749997582734,0.0,209.57500026474824,0.3125001438849324
74.35000000000001,209.57500026474824,75.84999947050352,0.0,209.88750034285715,0.31250007810891134
74.4,209.88750034285715,75.22499931428571,0.0,210.3565457211441,0.4690453782869497
74.45,210.3565457211441,77.22841075715066,0.0,210.9136484104318,0.5571026892876887
74.5,210.9136484104318,80.71030256519873,0.0,211.47075109971948,0.5571026892876887
74.55,211.47075109971948,84.19219437324679,0.0,212.02785409846246,0.5571029987429768
74.60000000000001,212.02785409846246,87.67408811539045,0.0,212.5849574604787,0.5571033620162495
74.65,212.5849574604787,91.15598412799197,0.0,213.14206082249495,0.5571033620162495
74.7,213.14206082249495,94.63788014059348,0.0,213.6991641845112,0.5571033620162495
74.75,213.6991641845112,98.119776153195,0.0,214.31944580740733,0.6202816228961296
74.8,214.31944580740733,100.0,0.0,215.0138924444445,0.6944466370371742
74.85000000000001,215.0138924444445,100.0,0.0,215.7083368888889,0.6944444444444002
74.9,215.7083368888889,100.0,0.0,216.4027813333333,0.6944444444444002
74.95,216.4027813333333,100.0,0.0,217.0972257777777,0.6944444444444002
75.0,217.0972257777777,100.0,0.0,217.7916697599999,0.6944439822221966
75.05,217.7916697599999,100.0,0.0,218.48611242666675,0.6944426666668448
75.10000000000001,218.48611242666675,100.0,0.0,219.39000000000013,0.9038875733333782
75.15,219.39000000000013,100.0,0.0,220.89,1.499999999999858
75.2,220.89,100.0,0.0,222.38999999999984,1.499999999999858
75.25,222.38999999999984,100.0,0.0,223.8899999999998,1.4999999999999432
75.3,223.8899999999998,100.0,0.0,225.37916720592608,1.489167205926293
75.35000000000001,225.37916720592608,100.0,0.0,226.83750261333347,1.4583354074073895
75.4,226.83750261333347,100.0,0.0,228.29583802074086,1.4583354074073895
75.45,228.29583802074086,100.0,0.0,229.75417342814825,1.4583354074073895
75.5,229.75417342814825,100.0,0.0,231.21250336,1.4583299318517504
75.55,231.21250336,100.0,0.0,232.57213930348283,1.3596359434828287
75.60000000000001,232.57213930348283,100.0,0.0,233.81592039801006,1.243781094527236
75.65,233.81592039801006,100.0,0.0,235.0597014925373,1.243781094527236
75.7,235.0597014925373,100.0,0.0,236.30348258706456,1.2437810945272645
75.75,236.30348258706456,100.0,0.0,237.1375001491525,0.8340175620879222
75.8,237.1375001491525,100.0,0.0,237.4500003485149,0.3125001993624039
75.85000000000001,237.4500003485149,100.0,0.0,237.76250015049507,0.3124998019801808
75.9,237.76250015049507,100.0,0.0,238.24,0.4774998495049374
75.95,238.24,100.0,0.0,239.23999999999992,0.9999999999999147
76.0,239.23999999999992,100.0,0.0,240.23999999999987,0.9999999999999432
76.05,240.23999999999987,100.0,0.0,241.24000000000007,1.000000000000199
76.10000000000001,241.24000000000007,100.0,0.0,242.2400000858101,1.0000000858100293
76.15,242.2400000858101,100.0,0.0,243.240000443352,1.000000357541893
76.2,243.240000443352,100.0,0.0,244.2400008008939,1.0000003575419214
76.25,244.2400008008939,100.0,0.0,245.2400011584358,1.000000357541893
76.3,245.2400011584358,100.0,0.0,246.30000000000035,1.0599988415645498
76.35000000000001,246.30000000000035,100.0,0.0,247.55000000000024,1.2499999999998863
76.4,247.55000000000024,100.0,0.0,248.80000000000013,1.2499999999998863
76.45,248.80000000000013,100.0,0.0,250.05,1.2499999999998863
76.5,250.05,100.0,0.0,251.29999999999987,1.249999999999858
76.55,251.29999999999987,100.0,0.0,252.3500002262627,1.0500002262628243
76.60000000000001,252.3500002262627,100.0,0.0,253.14545528595042,0.7954550596877255
76.65,253.14545528595042,100.0,0.0,253.94091010909085,0.7954548231404317
76.7,253.94091010909085,100.0,0.0,254.73636465454538,0.7954545454545325
76.75,254.73636465454538,100.0,0.0,255.53181920000011,0.7954545454547315
76.80000000000001,255.53181920000011,100.0,0.0,256.32727367232553,0.7954544723254173
76.85000000000001,256.32727367232553,100.0,0.0,257.12272793651437,0.7954542641888338
76.9,257.12272793651437,100.0,0.0,257.9181822007032,0.7954542641888338
76.95,257.9181822007032,100.0,0.0,258.713636464892,0.795454264188777
77.0,258.713636464892,100.0,0.0,259.53333333333353,0.8196968684415538
77.05000000000001,259.53333333333353,100.0,0.0,260.36666666666684,0.8333333333333144
77.10000000000001,260.36666666666684,100.0,0.0,261.2000000000001,0.8333333333332575
77.15,261.2000000000001,100.0,0.0,262.0333333333334,0.8333333333333144
77.2,262.0333333333334,100.0,0.0,262.86666666666673,0.8333333333333144
77.25,262.86666666666673,100.0,0.0,263.62999717236386,0.7633305056971267
77.30000000000001,263.62999717236386,100.0,0.0,264.3799980450911,0.7500008727272416
77.35000000000001,264.3799980450911,100.0,0.0,265.12999891781834,0.7500008727272416
77.4,265.12999891781834,100.0,0.0,265.8799997905456,0.7500008727272416
77.45,265.8799997905456,100.0,0.0,266.6300006632728,0.7500008727272416
77.5,266.6300006632728,100.0,0.0,267.38000096000025,0.7500002967274213
77.55000000000001,267.38000096000025,100.0,0.0,268.1300009600002,0.7499999999999432
77.60000000000001,268.1300009600002,100.0,0.0,268.88000036571435,0.7499994057141635
77.65,268.88000036571435,100.0,0.0,269.52500012972973,0.6449997640153811
77.7,269.52500012972973,100.0,0.0,270.1500002841699,0.6250001544401584
77.75,270.1500002841699,100.0,0.0,270.77500043861016,0.6250001544402721
77.80000000000001,270.77500043861016,100.0,0.0,271.4000005930503,0.6250001544401584
77.85000000000001,271.4000005930503,100.0,0.0,272.0250007474904,0.6250001544401016
77.9,272.0250007474904,100.0,0.0,272.65000061276595,0.6249998652755266
77.95,272.65000061276595,100.0,0.0,273.27500032907795,0.6249997163120042
78.0,273.27500032907795,100.0,0.0,273.90000004539013,0.6249997163121748
78.05000000000001,273.90000004539013,100.0,0.0,274.70000000000005,0.7999999546099161
78.10000000000001,274.70000000000005,100.0,0.0,275.53333333333336,0.8333333333333144
78.15,275.53333333333336,100.0,0.0,276.3666666666667,0.8333333333333144
78.2,276.3666666666667,100.0,0.0,277.19999999999993,0.8333333333332575
78.25,277.19999999999993,100.0,0.0,278.0375000000002,0.8375000000002615
78.30000000000001,278.0375000000002,100.0,0.0,278.9750000000001,0.9374999999998863
78.35000000000001,278.9750000000001,100.0,0.0,279.9125000000001,0.9375
78.4,279.9125000000001,100.0,0.0,280.8500000000001,0.9375
78.45,280.8500000000001,100.0,0.0,281.525,0.6749999999998977
78.5,281.525,100.0,0.0,282.15000000000015,0.6250000000001705
78.55000000000001,282.15000000000015,100.0,0.0,282.77500000000015,0.625
78.60000000000001,282.77500000000015,100.0,0.0,283.40000000000015,0.625
78.65,283.40000000000015,100.0,0.0,284.0250000000001,0.6249999999999432
78.7,284.0250000000001,100.0,0.0,284.65000000000003,0.6249999999999432
78.75,284.65000000000003,100.0,0.0,285.27500000000015,0.6250000000001137
78.80000000000001,285.27500000000015,100.0,0.0,285.90000000000003,0.6249999999998863
78.85000000000001,285.90000000000003,100.0,0.0,286.42,0.5199999999999818
78.9,286.42,100.0,0.0,286.91999999999996,0.49999999999994316
78.95,286.91999999999996,100.0,0.0,287.41999999999996,0.5
79.0,287.41999999999996,100.0,0.0,287.9200000000001,0.5000000000001137
79.05000000000001,287.9200000000001,100.0,0.0,288.52500000000003,0.6049999999999613
79.10000000000001,288.52500000000003,100.0,0.0,289.15000000000003,0.625
79.15,289.15000000000003,100.0,0.0,289.775,0.6249999999999432
79.2,289.775,100.0,0.0,290.4,0.625
79.25,290.4,100.0,0.0,291.0181818181819,0.6181818181819381
79.30000000000001,291.0181818181819,100.0,0.0,291.4727272727273,0.4545454545453822
79.35000000000001,291.4727272727273,100.0,0.0,291.92727272727274,0.45454545454543904
79.4,291.92727272727274,100.0,0.0,292.3818181818182,0.45454545454543904
79.45,292.3818181818182,100.0,0.0,292.8363636363636,0.45454545454543904
79.5,292.8363636363636,100.0,0.0,293.29090909090917,0.45454545454555273
79.55000000000001,293.29090909090917,100.0,0.0,293.7454545454546,0.45454545454543904
79.60000000000001,293.7454545454546,100.0,0.0,294.20000000000005,0.45454545454543904
79.65,294.20000000000005,100.0,0.0,294.6545454545455,0.45454545454543904
79.7,294.6545454545455,100.0,0.0,295.12,0.46545454545452003
79.75,295.12,100.0,0.0,295.62000000000006,0.5000000000000568
79.80000000000001,295.62000000000006,100.0,0.0,296.12,0.49999999999994316
79.85000000000001,296.12,100.0,0.0,296.62,0.5
79.9,296.62,100.0,0.0,297.12857142857143,0.5085714285714289
79.95,297.12857142857143,100.0,0.0,297.6642857142857,0.5357142857142776
80.0,297.6642857142857,100.0,0.0,298.20000000000016,0.5357142857144481
80.05000000000001,298.20000000000016,100.0,0.0,298.7357142857144,0.5357142857142208
80.10000000000001,298.7357142857144,100.0,0.0,299.2714285714286,0.5357142857142208
80.15,299.2714285714286,100.0,0.0,299.8071428571429,0.5357142857142776
80.2,299.8071428571429,100.0,0.0,300.3428571428572,0.5357142857143344
80.25,300.3428571428572,100.0,0.0,300.8785714285716,0.5357142857143913
80.30000000000001,300.8785714285716,100.0,0.0,301.4142857142858,0.5357142857142208
80.35000000000001,301.4142857142858,100.0,0.0,301.95000000000005,0.5357142857142208
80.4,301.95000000000005,100.0,0.0,302.48571428571427,0.5357142857142208
80.45,302.48571428571427,100.0,0.0,303.015,0.5292857142857201
80.5,303.015,100.0,0.0,303.3900000000001,0.3750000000001137
80.55000000000001,303.3900000000001,100.0,0.0,303.7650000000001,0.375
80.60000000000001,303.7650000000001,100.0,0.0,304.1400000000001,0.375
80.65,304.1400000000001,100.0,0.0,304.51500000000004,0.37499999999994316
80.7,304.51500000000004,100.0,0.0,304.89000000000004,0.375
80.75,304.89000000000004,100.0,0.0,305.2650000000001,0.37500000000005684
80.80000000000001,305.2650000000001,100.0,0.0,305.6400000000001,0.375
80.85000000000001,305.6400000000001,100.0,0.0,306.01366743194575,0.37366743194564833
80.9,306.01366743194575,100.0,0.0,306.3553529960266,0.34168556408087625
80.95,306.3553529960266,100.0,0.0,306.69703842816733,0.34168543214070723
81.0,306.69703842816733,100.0,0.0,307.0387238603081,0.3416854321407641
81.05000000000001,307.0387238603081,100.0,0.0,307.3804093144388,0.3416854541306975
81.10000000000001,307.3804093144388,100.0,0.0,307.7220951130804,0.3416857986416062
81.15,307.7220951130804,100.0,0.0,308.063780911722,0.3416857986416062
81.2,308.063780911722,100.0,0.0,308.40546671036356,0.34168579864154935
81.25,308.40546671036356,100.0,0.0,308.7471525090053,0.3416857986417199
81.30000000000001,308.7471525090053,100.0,0.0,309.0464285714286,0.29927606242330285
81.35000000000001,309.0464285714286,100.0,0.0,309.225,0.1785714285714448
81.4,309.225,100.0,0.0,309.4035714285714,0.17857142857138797
81.45,309.4035714285714,100.0,0.0,309.58214285714286,0.1785714285714448
81.5,309.58214285714286,100.0,0.0,309.7607142857143,0.1785714285714448
81.55000000000001,309.7607142857143,100.0,0.0,309.93928571428575,0.1785714285714448
81.60000000000001,309.93928571428575,100.0,0.0,310.3666671881482,0.42738147386245373
81.65,310.3666671881482,100.0,0.0,310.9222235338272,0.5555563456790082
81.7,310.9222235338272,100.0,0.0,311.4777798795062,0.5555563456790082
81.75,311.4777798795062,100.0,0.0,312.0333361303705,0.5555562508642993
81.80000000000001,312.0333361303705,100.0,0.0,312.5888908958026,0.5555547654320776
81.85000000000001,312.5888908958026,100.0,0.0,313.1444456612346,0.5555547654320208
81.9,313.1444456612346,100.0,0.0,313.7000004266667,0.5555547654320776
81.95,313.7000004266667,100.0,0.0,314.09583333333336,0.39583290666666926
0.0,316.8,100.0,0.0,316.97857142857146,0.1785714285714448
0.05,316.97857142857146,100.0,0.0,317.55,0.5714285714285552
0.1,317.55,100.0,0.0,318.175,0.625
0.15000000000000002,318.175,100.0,0.0,318.8,0.625
0.2,318.8,100.0,0.0,319.1416667428571,0.3416667428571145
0.25,319.1416667428571,100.0,0.0,319.3500001882353,0.2083334453781731
0.30000000000000004,319.3500001882353,100.0,0.0,319.5583336,0.20833341176472686
0.35000000000000003,319.5583336,100.0,0.0,319.76666693333334,0.20833333333331439
0.4,319.76666693333334,100.0,0.0,319.97500026666665,0.20833333333331439
0.45,319.97500026666665,100.0,0.0,320.1833335933665,0.20833332669985793
0.5,320.1833335933665,100.0,0.0,320.3916668603648,0.20833326699829513
0.55,320.3916668603648,100.0,0.0,320.60000012736316,0.20833326699835197
0.6000000000000001,320.60000012736316,100.0,0.0,320.8083333943615,0.20833326699835197
0.65,320.8083333943615,100.0,0.0,321.0200000216949,0.21166662733338626
0.7000000000000001,321.0200000216949,100.0,0.0,321.2700002928813,0.25000027118642265
0.75,321.2700002928813,100.0,0.0,321.52000032,0.25000002711868774
0.8,321.52000032,100.0,0.0,321.77000032,0.25
0.8500000000000001,321.77000032,100.0,0.0,322.02000032,0.25
0.9,322.02000032,100.0,0.0,322.27000032,0.25
0.9500000000000001,322.27000032,100.0,0.0,322.5200002538843,0.24999993388428265
1.0,322.5200002538843,100.0,0.0,322.7700001216529,0.24999986776862215
1.05,322.7700001216529,100.0,0.0,323.02228412575676,0.2522840041038421
1.1,323.02228412575676,100.0,0.0,323.30083569771637,0.27855157195961056
1.1500000000000001,323.30083569771637,100.0,0.0,323.57938726967603,0.2785515719596674
1.2000000000000002,323.57938726967603,100.0,0.0,323.85793884163564,0.27855157195961056
1.25,323.85793884163564,100.0,0.0,324.1364904046368,0.2785515630011446
1.3,324.1364904046368,100.0,0.0,324.415041887012,0.2785514823752351
1.35,324.415041887012,100.0,0.0,324.69359336938726,0.2785514823752351
1.4000000000000001,324.69359336938726,100.0,0.0,324.9721448517625,0.2785514823752351
1.4500000000000002,324.9721448517625,100.0,0.0,325.0,0.027855148237506455
1.5,325.0,100.0,0.0,325.0,0.0
1.55,325.0,100.0,0.0,325.0,0.0
1.6,325.0,100.0,0.0,325.0,0.0
1.6500000000000001,325.0,100.0,0.0,325.0416666666667,0.041666666666685614
1.7000000000000002,325.0416666666667,100.0,0.0,325.4583333333333,0.41666666666662877
1.75,325.4583333333333,100.0,0.0,325.875,0.4166666666666856
1.8,325.875,100.0,0.0,326.2916666666667,0.4166666666666856
1.85,326.2916666666667,100.0,0.0,326.70833333333337,0.4166666666666856
1.9000000000000001,326.70833333333337,100.0,0.0,327.125,0.41666666666662877
1.9500000000000002,327.125,100.0,0.0,327.5416666666667,0.4166666666666856
2.0,327.5416666666667,100.0,0.0,327.9583333333333,0.41666666666662877
2.0500000000000003,327.9583333333333,100.0,0.0,328.281249830721,0.32291649738766637
2.1,328.281249830721,100.0,0.0,328.5937496426332,0.3124998119122324
2.15,328.5937496426332,100.0,0.0,328.90624945454545,0.3124998119122324
2.2,328.90624945454545,100.0,0.0,329.2187492664577,0.3124998119122324
2.25,329.2187492664577,100.0,0.0,329.5312490783699,0.3124998119122324
2.3000000000000003,329.5312490783699,100.0,0.0,329.84374889028214,0.3124998119122324
2.35,329.84374889028214,100.0,0.0,330.15624899378884,0.312500103506693
2.4000000000000004,330.15624899378884,100.0,0.0,330.46874936645963,0.31250037267079733
2.45,330.46874936645963,100.0,0.0,330.78124973913043,0.31250037267079733
2.5,330.78124973913043,100.0,0.0,331.1250000808081,0.34375034167766216
2.5500000000000003,331.1250000808081,100.0,0.0,331.541667016835,0.41666693602689975
2.6,331.541667016835,100.0,0.0,331.9583338061465,0.41666678931153456
2.6500000000000004,331.9583338061465,100.0,0.0,332.37500028368794,0.41666647754141195
2.7,332.37500028368794,100.0,0.0,332.7916667612293,0.4166664775413551
2.75,332.7916667612293,100.0,0.0,333.1249999139785,0.33333315274921915
2.8000000000000003,333.1249999139785,100.0,0.0,333.3749997419355,0.2499998279569695
2.85,333.3749997419355,100.0,0.0,333.6249995698925,0.24999982795702635
2.9000000000000004,333.6249995698925,100.0,0.0,333.8749993978495,0.2499998279569695
2.95,333.8749993978495,100.0,0.0,334.12499922580645,0.2499998279569695
3.0,334.12499922580645,100.0,0.0,334.3749990537635,0.24999982795702635
3.0500000000000003,334.3749990537635,100.0,0.0,334.6249994049587,0.25000035119524
3.1,334.6249994049587,100.0,0.0,334.8749998016529,0.2500003966941904
3.1500000000000004,334.8749998016529,100.0,0.0,335.0,0.1250001983470952
3.2,335.0,100.0,0.0,335.0,0.0
3.25,335.0,100.0,0.0,335.0,0.0
3.3000000000000003,335.0,100.0,0.0,335.0,0.0
3.35,335.0,100.0,0.0,335.0,0.0
3.4000000000000004,335.0,100.0,0.0,335.0,0.0
3.45,335.0,100.0,0.0,335.2803740689276,0.28037406892758554
3.5,335.2803740689276,100.0,0.0,335.5919008121805,0.3115267432528981
3.5500000000000003,335.5919008121805,100.0,0.0,335.90342737015374,0.31152655797325224
3.6,335.90342737015374,100.0,0.0,336.21495391201574,0.31152654186200834
3.6500000000000004,336.21495391201574,100.0,0.0,336.5264804538777,0.3115265418619515
3.7,336.5264804538777,100.0,0.0,336.8380069957397,0.31152654186200834
3.75,336.8380069957397,100.0,0.0,337.0,0.16199300426029595
3.8000000000000003,337.0,100.0,0.0,337.0,0.0
3.85,337.0,100.0,0.0,337.0,0.0
3.9000000000000004,337.0,100.0,0.0,337.0,0.0
3.95,337.0,100.0,0.0,337.0,0.0
4.0,337.0,100.0,0.0,337.0,0.0
4.05,337.0,100.0,0.0,337.0,0.0
4.1000000000000005,337.0,100.0,0.0,337.14,0.13999999999998636
4.15,337.14,100.0,0.0,337.64,0.5
4.2,337.64,100.0,0.0,338.14,0.5
4.25,338.14,100.0,0.0,338.64,0.5
4.3,338.64,100.0,0.0,339.0,0.36000000000001364
4.3500000000000005,339.0,100.0,0.0,339.0,0.0
4.4,339.0,100.0,0.0,339.0,0.0
4.45,339.0,100.0,0.0,339.0,0.0
4.5,339.0,100.0,0.0,339.0,0.0
4.55,339.0,100.0,0.0,339.0,0.0
4.6000000000000005,339.0,100.0,0.0,339.0,0.0
4.65,339.0,100.0,0.0,339.0111111356322,0.011111135632177138
4.7,339.0111111356322,100.0,0.0,339.1500003310345,0.13888919540232791
4.75,339.1500003310345,100.0,0.0,339.28888919028697,0.13888885925246086
4.800000000000001,339.28888919028697,100.0,0.0,339.42777802030906,0.13888883002209695
4.8500000000000005,339.42777802030906,100.0,0.0,339.56666685033116,0.13888883002209695
4.9,339.56666685033116,100.0,0.0,339.7055556803532,0.1388888300220401
4.95,339.7055556803532,100.0,0.0,339.8444445103753,0.13888883002209695
5.0,339.8444445103753,100.0,0.0,339.98333334039734,0.1388888300220401
5.050000000000001,339.98333334039734,100.0,0.0,340.0,0.016666659602663003
5.1000000000000005,340.0,100.0,0.0,340.0,0.0
5.15,340.0,100.0,0.0,340.0,0.0
5.2,340.0,100.0,0.0,340.0,0.0
5.25,340.0,100.0,0.0,340.0,0.0
5.300000000000001,340.0,100.0,0.0,340.0,0.0
5.3500000000000005,340.0,100.0,0.0,340.0,0.0
5.4,340.0,100.0,0.0,340.121428473056,0.121428473056028
5.45,340.121428473056,100.0,0.0,340.299999756962,0.178571283905967
5.5,340.299999756962,100.0,0.0,340.47857104086796,0.178571283905967
5.550000000000001,340.47857104086796,100.0,0.0,340.6571424974239,0.17857145655591466
5.6000000000000005,340.6571424974239,100.0,0.0,340.83571411334896,0.17857161592507964
5.65,340.83571411334896,100.0,0.0,341.01428571939346,0.17857160604449973
5.7,341.01428571939346,100.0,0.0,341.19285721181166,0.17857149241820025
5.75,341.19285721181166,100.0,0.0,341.37142870422986,0.17857149241820025
5.800000000000001,341.37142870422986,100.0,0.0,341.55000019664806,0.17857149241820025
5.8500000000000005,341.55000019664806,100.0,0.0,341.7285716005658,0.1785714039177151
5.9,341.7285716005658,100.0,0.0,341.90714291598306,0.17857131541728677
5.95,341.90714291598306,100.0,0.0,342.0,0.09285708401694137
6.0,342.0,100.0,0.0,342.0,0.0
6.050000000000001,342.0,100.0,0.0,342.0,0.0
6.1000000000000005,342.0,100.0,0.0,342.0,0.0
6.15,342.0,100.0,0.0,342.0,0.0
6.2,342.0,100.0,0.0,342.0,0.0
6.25,342.0,100.0,0.0,342.12222235480226,0.12222235480226118
6.300000000000001,342.12222235480226,100.0,0.0,342.2611112888889,0.13888893408665126
6.3500000000000005,342.2611112888889,100.0,0.0,342.40000017777777,0.1388888888888573
6.4,342.40000017777777,100.0,0.0,342.5388890666666,0.1388888888888573
6.45,342.5388890666666,100.0,0.0,342.6777779240347,0.13888885736804468
6.5,342.6777779240347,100.0,0.0,342.8166667498818,0.13888882584711837
6.550000000000001,342.8166667498818,100.0,0.0,342.9555555757289,0.13888882584711837
6.6000000000000005,342.9555555757289,100.0,0.0,343.0,0.04444442427109152
6.65,343.0,100.0,0.0,343.0,0.0
6.7,343.0,100.0,0.0,343.0,0.0
6.75,343.0,100.0,0.0,343.0,0.0
6.800000000000001,343.0,100.0,0.0,343.0,0.0
6.8500000000000005,343.0,100.0,0.0,343.0,0.0
6.9,343.0,100.0,0.0,343.0,0.0
6.95,343.0,100.0,0.0,343.0,0.0
7.0,343.0,100.0,0.0,343.0,0.0
7.050000000000001,343.0,100.0,0.0,343.0,0.0
7.1000000000000005,343.0,100.0,0.0,343.0,0.0
7.15,343.0,100.0,0.0,343.0,0.0
7.2,343.0,100.0,0.0,343.0,0.0
7.25,343.0,100.0,0.0,342.99046483365737,-0.009535166342629964
7.300000000000001,342.99046483365737,99.95709175145817,0.0,342.8712752543745,-0.11918957928287455
7.3500000000000005,342.8712752543745,99.42073864468523,0.0,342.7520856827968,-0.11918957157769228
7.4,342.7520856827968,98.8843855725856,0.0,342.63289618056575,-0.11918950223105185
7.45,342.63289618056575,98.34803281254577,0.0,342.51370667833464,-0.11918950223110869
7.5,342.51370667833464,97.81168005250593,0.0,342.3945171761036,-0.11918950223105185
7.550000000000001,342.3945171761036,97.27532729246609,0.0,342.2753276738725,-0.11918950223110869
7.6000000000000005,342.2753276738725,96.73897453242625,0.0,342.15613817164143,-0.11918950223105185
7.65,342.15613817164143,96.20262177238642,0.0,342.0369486694103,-0.11918950223110869
7.7,342.0369486694103,95.66626901234659,0.0,341.91775916717927,-0.11918950223105185
7.75,341.91775916717927,95.12991625230676,0.0,341.7985696649482,-0.11918950223105185
7.800000000000001,341.7985696649482,94.59356349226691,0.0,341.6793801627171,-0.11918950223110869
7.8500000000000005,341.6793801627171,94.05721073222708,0.0,341.56019066048606,-0.11918950223105185
7.9,341.56019066048606,93.52085797218724,0.0,341.44100115825495,-0.11918950223110869
7.95,341.44100115825495,92.9845052121474,0.0,341.3218116560239,-0.11918950223105185
8.0,341.3218116560239,92.44815245210756,0.0,341.2026221537928,-0.11918950223110869
8.05,341.2026221537928,91.91179969206772,0.0,341.08343265156174,-0.11918950223105185
8.1,341.08343265156174,91.3754469320279,0.0,340.4375,-0.6459326515617363
8.15,340.4375,86.73437499999983,0.0,338.56249999999994,-1.8750000000000568
8.200000000000001,338.56249999999994,72.5156249999996,0.0,336.6875,-1.8749999999999432
8.25,336.6875,58.29687499999989,0.0,334.81249999999994,-1.8750000000000568
8.3,334.81249999999994,44.07812499999967,0.0,332.9375,-1.8749999999999432
8.35,332.9375,29.859375000000007,0.25,331.0625,-1.875
8.4,331.0625,15.640624999999858,0.6071428571428608,329.18749999999994,-1.8750000000000568
8.450000000000001,329.18749999999994,1.4218749999997087,0.9642857142857215,321.50000000000006,-7.687499999999886
8.5,321.50000000000006,0.0,1.0,313.16666666666663,-8.333333333333428
8.55,313.16666666666663,0.0,1.0,304.8333333333335,-8.333333333333144
8.6,304.8333333333335,0.0,1.0,296.5,-8.333333333333485
8.65,296.5,0.0,1.0,288.1666666666665,-8.333333333333485
8.700000000000001,288.1666666666665,0.0,1.0,279.8333333333333,-8.3333333333332
8.75,279.8333333333333,0.0,1.0,271.49999999999983,-8.333333333333485
8.8,271.49999999999983,0.0,1.0,265.7187443189369,-5.78125568106293
8.85,265.7187443189369,0.0,1.0,261.03124531561457,-4.68749900332233
8.9,261.03124531561457,0.0,1.0,256.34374631229224,-4.68749900332233
8.950000000000001,256.34374631229224,0.0,1.0,251.65624730897008,-4.687499003322159
9.0,251.65624730897008,0.0,1.0,246.96874830564775,-4.68749900332233
9.05,246.96874830564775,0.0,1.0,242.2812493023256,-4.687499003322159
9.1,242.2812493023256,0.0,1.0,236.29999090526306,-5.981258397062533
9.15,236.29999090526306,0.0,1.0,227.29999140773464,-8.999999497528421
9.200000000000001,227.29999140773464,0.0,1.0,218.29999459005532,-8.999996817679317
9.25,218.29999459005532,0.0,1.0,209.2999977723757,-8.99999681767963
9.3,209.2999977723757,0.0,1.0,200.93750501265836,-8.362492759717327
9.35,200.93750501265836,0.0,1.0,194.06252172151895,-6.874983291139415
9.4,194.06252172151895,0.0,1.0,187.18751466666646,-6.875007054852489
9.450000000000001,187.18751466666646,0.0,1.0,181.0,-6.187514666666459
9.5,181.0,0.0,1.0,181.0,0.0
9.55,181.0,0.0,1.0,181.0,0.0
9.600000000000001,181.0,0.0,1.0,181.0,0.0
9.65,181.0,0.0,1.0,181.0,0.0
9.700000000000001,181.0,0.0,1.0,178.25000332075462,-2.7499966792453847
9.75,178.25000332075462,0.0,1.0,169.08334772327026,-9.16665559748435
9.8,169.08334772327026,0.0,1.0,159.9166921257859,-9.166655597484379
9.850000000000001,159.9166921257859,0.0,1.0,150.75003259259256,-9.166659533193325
9.9,150.75003259259256,0.0,1.0,141.58334419753064,-9.166688395061925
9.950000000000001,141.58334419753064,0.0,1.0,135.67601326070854,-5.907330936822092
10.0,135.67601326070854,0.0,1.0,133.02803978212557,-2.647973478582969
10.05,133.02803978212557,0.0,1.0,130.38006630354266,-2.6479734785829123
10.100000000000001,130.38006630354266,0.0,1.0,127.7320928249598,-2.6479734785828555
10.15,127.7320928249598,0.0,1.0,125.08411934637687,-2.6479734785829407
10.200000000000001,125.08411934637687,0.0,1.0,122.43614136011206,-2.647977986264806
10.25,122.43614136011206,0.0,1.0,119.81428547172005,-2.6218558883920053
10.3,119.81428547172005,0.0,1.0,117.4928538682215,-2.321431603498553
10.350000000000001,117.4928538682215,0.0,1.0,115.1714228244898,-2.3214310437317067
10.4,115.1714228244898,0.0,1.0,112.84999588571425,-2.321426938775545
10.450000000000001,112.84999588571425,0.0,1.0,110.52856894693879,-2.32142693877546
10.5,110.52856894693879,0.0,1.0,108.20714200816326,-2.321426938775531
10.55,108.20714200816326,0.0,1.0,106.03999999999996,-2.167142008163296
10.600000000000001,106.03999999999996,0.0,1.0,104.03999999999999,-1.9999999999999716
10.65,104.03999999999999,0.0,1.0,102.03999999999996,-2.0000000000000284
10.700000000000001,102.03999999999996,0.0,1.0,100.03999999999999,-1.9999999999999716
10.75,100.03999999999999,0.0,1.0,98.55000073846152,-1.4899992615384718
10.8,98.55000073846152,0.0,1.0,97.61250227692302,-0.937498461538496
10.850000000000001,97.61250227692302,0.0,1.0,96.67500105365852,-0.9375012232645048
10.9,96.67500105365852,0.0,1.0,95.60000134736839,-1.0749997062901286
10.950000000000001,95.60000134736839,0.0,1.0,94.17143222857143,-1.4285691187969576
11.0,94.17143222857143,0.0,1.0,92.74286079999999,-1.4285714285714448
11.05,92.74286079999999,0.0,1.0,91.31428937142853,-1.428571428571459
11.100000000000001,91.31428937142853,0.0,1.0,89.88571722926828,-1.4285721421602489
11.15,89.88571722926828,0.0,1.0,88.45714357073166,-1.4285736585366209
11.200000000000001,88.45714357073166,0.0,1.0,87.14999999999999,-1.307143570731668
11.25,87.14999999999999,0.0,1.0,85.89999999999998,-1.2500000000000142
11.3,85.89999999999998,0.0,1.0,84.64999999999996,-1.2500000000000142
11.350000000000001,84.64999999999996,0.0,1.0,83.39999999999999,-1.2499999999999716
11.4,83.39999999999999,0.0,1.0,82.14999999999998,-1.2500000000000142
11.450000000000001,82.14999999999998,0.0,1.0,80.94285673650793,-1.2071432634920427
11.5,80.94285673650793,0.2285730539682427,1.0,80.22856985125408,-0.7142868852538555
11.55,80.22856985125408,3.0857205949837168,0.8625954198473232,79.51428448593236,-0.7142853653217145
11.600000000000001,79.51428448593236,5.942862056270558,0.6717557251908324,78.79999912061068,-0.7142853653216861
11.65,78.79999912061068,8.800003517557297,0.48091603053434817,78.08571375528896,-0.7142853653217145
11.700000000000001,78.08571375528896,11.657144978844137,0.2900763358778572,77.37142838996728,-0.7142853653216861
11.75,77.37142838996728,14.514286440130876,0.0992366412213731,77.23999919157896,-0.131429198388318
11.8,77.23999919157896,17.139996160000035,0.0,77.73999923200002,0.5000000404210567
11.850000000000001,77.73999923200002,19.514996352000068,0.0,78.23999994311112,0.5000007111110989
11.9,78.23999994311112,21.8899997297778,0.0,78.74000065422223,0.5000007111111131
11.950000000000001,78.74000065422223,24.265003107555614,0.0,79.2400012378022,0.5000005835799755
12.0,79.2400012378022,26.64000587956045,0.0,79.74000088615385,0.4999996483516469
12.05,79.74000088615385,29.01500420923081,0.0,80.24000053450551,0.4999996483516611
12.100000000000001,80.24000053450551,31.390002538901168,0.0,80.74000018285714,0.4999996483516327
12.15,80.74000018285714,33.76500086857144,0.0,81.2400003134694,0.5000001306122499
12.200000000000001,81.2400003134694,30.799994514285512,0.0,81.74000096653062,0.5000006530612211
12.25,81.74000096653062,22.049983085714178,0.0,82.2400009537255,0.49999998719488303
12.3,82.2400009537255,13.29998330980366,0.2549019607843284,82.74000032627453,0.49999937254902704
12.350000000000001,82.74000032627453,4.54999429019572,0.7450980392157065,82.39999999999998,-0.34000032627454857
12.4,82.39999999999998,0.0,1.0,81.14999999999996,-1.2500000000000142
12.450000000000001,81.14999999999996,0.0,1.0,79.89999999999999,-1.2499999999999716
12.5,79.89999999999999,0.0,1.0,78.78124964102562,-1.118750358974367
12.55,78.78124964102562,0.0,1.0,77.99999899999997,-0.7812506410256503
12.600000000000001,77.99999899999997,0.0,1.0,77.21874899999999,-0.7812499999999858
12.65,77.21874899999999,0.0,1.0,76.43749899999997,-0.7812500000000142
12.700000000000001,76.43749899999997,0.0,1.0,75.656249,-0.7812499999999716
12.75,75.656249,0.0,1.0,74.8749990819672,-0.781249918032799
12.8,74.8749990819672,0.0,0.918032786885233,74.09374990163931,-0.7812491803278903
12.850000000000001,74.09374990163931,0.0,0.0983606557376796,73.55999985849246,-0.5337500431468527
12.9,73.55999985849246,0.8800002830150857,0.0,73.05999969768843,-0.500000160804035
12.950000000000001,73.05999969768843,1.880000604623141,0.0,72.55999953688442,-0.5000001608040066
13.0,72.55999953688442,2.8800009262311606,0.0,72.05999937608038,-0.500000160804035
13.05,72.05999937608038,3.880001247839216,0.0,71.11999971698489,-0.9399996590954913
13.100000000000001,71.11999971698489,5.540000495276448,0.0,70.11999939537688,-1.000000321608013
13.15,70.11999939537688,7.290001058090468,0.0,69.11999907376884,-1.0000003216080415
13.200000000000001,69.11999907376884,9.04000162090455,0.0,68.11999875216083,-1.000000321608013
13.25,68.11999875216083,10.790002183718567,0.0,68.55000000000001,0.43000124783918636
13.3,68.55000000000001,14.02500000000003,0.0,69.17500000000001,0.625
13.350000000000001,69.17500000000001,17.462500000000077,0.0,69.8,0.6249999999999858
13.4,69.8,20.9,0.0,70.0,0.20000000000000284
13.450000000000001,70.0,22.0,0.0,70.0,0.0
13.5,70.0,22.0,0.0,70.0,0.0
13.55,70.0,22.0,0.0,70.45000024201683,0.4500002420168272
13.600000000000001,70.45000024201683,23.275000685714335,0.0,71.38750074621849,0.9375005042016653
13.65,71.38750074621849,25.931252114285712,0.0,72.32500120000002,0.9375004537815244
13.700000000000001,72.32500120000002,28.587503400000042,0.0,73.2625012,0.9374999999999858
13.75,73.2625012,31.24375339999999,0.0,74.20000120000002,0.9375000000000142
13.8,74.20000120000002,33.90000340000003,0.0,75.13750120000003,0.9375000000000142
13.850000000000001,75.13750120000003,36.556253400000074,0.0,76.10000004025156,0.9624988402515271
13.9,76.10000004025156,39.11666671362682,0.0,77.35000054339625,1.2500005031446904
13.950000000000001,77.35000054339625,40.57500063396228,0.0,78.60000104654088,1.2500005031446335
14.0,78.60000104654088,42.033334554297696,0.0,79.85000154968556,1.2500005031446761
14.05,79.85000154968556,43.49166847463315,0.0,81.10000071111116,1.249999161425606
14.100000000000001,81.10000071111116,44.95000082962969,0.0,82.5250001534247,1.4249994423135348
14.15,82.5250001534247,46.29166675190261,0.0,84.40000070136992,1.8750005479452199
14.200000000000001,84.40000070136992,47.333333722983284,0.0,86.27500124931508,1.875000547945163
14.25,86.27500124931508,48.37500069406393,0.0,88.1500017972603,1.8750005479452199
14.3,88.1500017972603,49.41666766514461,0.0,90.02500234520552,1.8750005479452199
14.350000000000001,90.02500234520552,50.45833463622528,0.0,91.60000024150945,1.5749978963039268
14.4,91.60000024150945,52.62857208409709,0.0,92.85000074465412,1.2500005031446761
14.450000000000001,92.85000074465412,56.02143059263261,0.0,94.10000124779874,1.2500005031446193
14.5,94.10000124779874,59.414289101168016,0.0,95.3500014016529,1.2500001538541596
14.55,95.3500014016529,62.80714666162932,0.0,96.60000074049589,1.2499993388429829
14.600000000000001,96.60000074049589,66.20000200991743,0.0,97.85000007933884,1.2499993388429544
14.65,97.85000007933884,69.59285735820542,0.0,100.11273687379453,2.262736794455691
14.700000000000001,100.11273687379453,71.74530437400418,0.0,102.51357240737238,2.4008355335778475
14.75,102.51357240737238,73.72860329304675,0.0,104.9144071596617,2.4008347522893274
14.8,104.9144071596617,75.71190156667707,0.0,107.31524191195103,2.4008347522893274
14.850000000000001,107.31524191195103,77.69519984030738,0.0,109.71607666424029,2.4008347522892564
14.9,109.71607666424029,79.67849811393764,0.0,112.11691141652962,2.4008347522893274
14.950000000000001,112.11691141652962,81.66179638756795,0.0,114.51774616881886,2.400834752289242
15.0,114.51774616881886,83.6450946611982,0.0,116.91858092110819,2.4008347522893274
15.05,116.91858092110819,85.62839293482851,0.0,119.31941567339753,2.4008347522893416
15.100000000000001,119.31941567339753,87.61169120845884,0.0,121.84375000000003,2.5243343266024993
15.15,121.84375000000003,89.09375,0.0,124.65625000000006,2.8125000000000284
15.200000000000001,124.65625000000006,89.40625,0.0,127.46874999999999,2.812499999999929
15.25,127.46874999999999,89.71875,0.0,130.20833333333337,2.7395833333333854
15.3,130.20833333333337,90.16666666666669,0.0,132.2916666666667,2.083333333333343
15.350000000000001,132.2916666666667,91.83333333333339,0.0,134.375,2.083333333333286
15.4,134.375,93.50000000000001,0.0,136.45833333333337,2.0833333333333712
15.450000000000001,136.45833333333337,95.1666666666667,0.0,138.54166666666666,2.083333333333286
15.5,138.54166666666666,96.83333333333333,0.0,140.6875023157895,2.14583564912283
15.55,140.6875023157895,98.12500042105263,0.0,142.97916714666673,2.291664830877238
15.600000000000001,142.97916714666673,98.54166675393941,0.0,145.2708311466667,2.291663999999969
15.65,145.2708311466667,98.95833293575758,0.0,147.56249514666672,2.2916640000000257
15.700000000000001,147.56249514666672,99.37499911757577,0.0,149.8541591466667,2.291663999999969
15.75,149.8541591466667,99.79166529939396,0.0,152.33928633093527,2.4851271842685776
15.8,152.33928633093527,100.0,0.0,155.01785899280583,2.678572661870561
15.850000000000001,155.01785899280583,100.0,0.0,157.69643165467627,2.6785726618704473
15.9,157.69643165467627,100.0,0.0,160.37500255319156,2.6785708985152894
15.950000000000001,160.37500255319156,100.0,0.0,163.05357276595745,2.678570212765891
16.0,163.05357276595745,100.0,0.0,165.73214297872346,2.6785702127660045
16.05,165.73214297872346,100.0,0.0,168.53125293617023,2.799109957446774
16.1,168.53125293617023,100.0,0.0,171.34375165957456,2.8124987234043317
16.150000000000002,171.34375165957456,100.0,0.0,174.15625038297867,2.8124987234041043
16.2,174.15625038297867,100.0,0.0,176.42187654237287,2.265626159394202
16.25,176.42187654237287,100.0,0.0,178.45312734099616,2.03125079862329
16.3,178.45312734099616,100.0,0.0,180.48437684291193,2.0312495019157666
16.35,180.48437684291193,100.0,0.0,182.51562634482767,2.031249501915738
16.400000000000002,182.51562634482767,100.0,0.0,184.54687584674326,2.031249501915596
16.45,184.54687584674326,100.0,0.0,186.578125348659,2.031249501915738
16.5,186.578125348659,100.0,0.0,188.51020448550486,1.9320791368458572
16.55,188.51020448550486,100.0,0.0,190.2108861038543,1.7006816183494493
16.6,190.2108861038543,100.0,0.0,191.91156737038625,1.7006812665319444
16.650000000000002,191.91156737038625,100.0,0.0,193.61224788930576,1.700680518919512
16.7,193.61224788930576,100.0,0.0,195.31292840822542,1.700680518919654
16.75,195.31292840822542,100.0,0.0,197.01360892714507,1.700680518919654
16.8,197.01360892714507,100.0,0.0,198.71428944606473,1.700680518919654
16.85,198.71428944606473,100.0,0.0,200.41496996498435,1.7006805189196257
16.900000000000002,200.41496996498435,100.0,0.0,202.1156504839039,1.7006805189195404
16.95,202.1156504839039,100.0,0.0,203.85714365217393,1.7414931682700399
17.0,203.85714365217393,100.0,0.0,205.64285959420292,1.785715942028986
17.05,205.64285959420292,100.0,0.0,207.4285755362319,1.785715942028986
17.1,207.4285755362319,100.0,0.0,209.2142891267606,1.785713590528701
17.150000000000002,209.2142891267606,100.0,0.0,211.00000180281685,1.7857126760562494
17.2,211.00000180281685,100.0,0.0,212.78571447887322,1.785712676056363
17.25,212.78571447887322,100.0,0.0,214.32000000000002,1.5342855211268045
17.3,214.32000000000002,100.0,0.0,215.82000000000005,1.5000000000000284
17.35,215.82000000000005,100.0,0.0,217.32000000000008,1.5000000000000284
17.400000000000002,217.32000000000008,100.0,0.0,218.82,1.4999999999999147
17.45,218.82,100.0,0.0,220.5400033986207,1.7200033986207188
17.5,220.5400033986207,100.0,0.0,222.2900033442254,1.749999945604685
17.55,222.2900033442254,100.0,0.0,224.04000176676064,1.749998422535242
17.6,224.04000176676064,100.0,0.0,225.79000018929588,1.749998422535242
17.650000000000002,225.79000018929588,100.0,0.0,227.10000242758622,1.3100022382903376
17.7,227.10000242758622,100.0,0.0,228.35000320000003,1.250000772413813
17.75,228.35000320000003,100.0,0.0,229.60000320000003,1.25
17.8,229.60000320000003,100.0,0.0,230.85000320000003,1.25
17.85,230.85000320000003,100.0,0.0,232.10000320000003,1.25
17.900000000000002,232.10000320000003,100.0,0.0,233.35000238873235,1.2499991887323176
17.95,233.35000238873235,100.0,0.0,234.6000012619718,1.2499988732394627
18.0,234.6000012619718,100.0,0.0,235.85000013521127,1.2499988732394627
18.05,235.85000013521127,100.0,0.0,237.28332971089108,1.4333295756798066
18.1,237.28332971089108,100.0,0.0,238.74166396831686,1.4583342574257756
18.150000000000002,238.74166396831686,100.0,0.0,240.19999822574255,1.4583342574256903
18.2,240.19999822574255,100.0,0.0,241.65833248316832,1.4583342574257756
18.25,241.65833248316832,100.0,0.0,243.07777772749722,1.419445244328898
18.3,243.07777772749722,100.0,0.0,244.04999932121217,0.9722215937149485
18.35,244.04999932121217,100.0,0.0,245.0222209149271,0.9722215937149201
18.400000000000002,245.0222209149271,100.0,0.0,245.99444250864195,0.9722215937148633
18.45,245.99444250864195,100.0,0.0,246.96666426995884,0.972221761316888
18.5,246.96666426995884,100.0,0.0,247.93888726035667,0.9722229903978246
18.55,247.93888726035667,100.0,0.0,248.9111102507545,0.9722229903978246
18.6,248.9111102507545,100.0,0.0,249.88333324115231,0.9722229903978246
18.650000000000002,249.88333324115231,100.0,0.0,251.09999819487177,1.2166649537194587
18.7,251.09999819487177,100.0,0.0,252.3499972196721,1.2499990248003314
18.75,252.3499972196721,100.0,0.0,253.59999853114752,1.2500013114754154
18.8,253.59999853114752,100.0,0.0,254.84999984262294,1.2500013114754154
18.85,254.84999984262294,100.0,0.0,255.9777767171375,1.1277768745145522
18.900000000000002,255.9777767171375,100.0,0.0,257.08888662297545,1.1111099058379637
18.95,257.08888662297545,100.0,0.0,258.19999807235996,1.1111114493845093
19.0,258.19999807235996,100.0,0.0,259.3111109465565,1.1111128741965217
19.05,259.3111109465565,100.0,0.0,260.422223585675,1.1111126391185167
19.1,260.422223585675,100.0,0.0,261.53333410909096,1.1111105234159595
19.150000000000002,261.53333410909096,100.0,0.0,262.6444446325069,1.1111105234159595
19.200000000000003,262.6444446325069,100.0,0.0,263.48571454693877,0.8412699144318481
19.25,263.48571454693877,100.0,0.0,264.20000064537817,0.7142860984394019
19.3,264.20000064537817,100.0,0.0,264.91428654338955,0.7142858980113829
19.35,264.91428654338955,100.0,0.0,265.62857197373563,0.7142854303460808
19.400000000000002,265.62857197373563,100.0,0.0,266.3428574040817,0.7142854303460808
19.450000000000003,266.3428574040817,100.0,0.0,267.0800000257287,0.7371426216469672
19.5,267.0800000257287,100.0,0.0,268.0800003473367,1.000000321608013
19.55,268.0800003473367,100.0,0.0,269.08000066894476,1.00000032160807
19.6,269.08000066894476,100.0,0.0,270.08000099055283,1.00000032160807
19.650000000000002,270.08000099055283,100.0,0.0,271.06000001376344,0.9799990232106097
19.700000000000003,271.06000001376344,100.0,0.0,271.8100001858064,0.7500001720429736
19.75,271.8100001858064,100.0,0.0,272.56000035784945,0.7500001720430305
19.8,272.56000035784945,100.0,0.0,273.3100005298925,0.7500001720430305
19.85,273.3100005298925,100.0,0.0,274.0600007019355,0.7500001720430305
19.900000000000002,274.0600007019355,100.0,0.0,274.81000087397854,0.7500001720430305
19.950000000000003,274.81000087397854,100.0,0.0,275.5600007616529,0.7499998876743348
20.0,275.5600007616529,100.0,0.0,276.3100003649587,0.7499996033058096
20.05,276.3100003649587,100.0,0.0,277.0454545663833,0.7354542014246022
20.1,277.0454545663833,100.0,0.0,277.613636646174,0.568182079790688
20.150000000000002,277.613636646174,100.0,0.0,278.1818187259647,0.5681820797907449
20.200000000000003,278.1818187259647,100.0,0.0,278.7500007272727,0.5681820013080028
20.25,278.7500007272727,100.0,0.0,279.31818254545453,0.568181818181813
20.3,279.31818254545453,100.0,0.0,279.8863643636364,0.5681818181818699
20.35,279.8863643636364,100.0,0.0,280.4545461818182,0.568181818181813
20.400000000000002,280.4545461818182,100.0,0.0,281.02272778963186,0.5681816078136421
20.450000000000003,281.02272778963186,100.0,0.0,281.59090930728775,0.5681815176558871
20.5,281.59090930728775,100.0,0.0,282.20000016202533,0.6090908547375875
20.55,282.20000016202533,100.0,0.0,282.9142864549729,0.7142862929475768
20.6,282.9142864549729,100.0,0.0,283.6285721836532,0.714285728680295
20.650000000000002,283.6285721836532,100.0,0.0,284.34285767050466,0.7142854868514519
20.700000000000003,284.34285767050466,100.0,0.0,285.0571431573561,0.7142854868514519
20.75,285.0571431573561,100.0,0.0,285.77142864420756,0.7142854868514519
20.8,285.77142864420756,100.0,0.0,286.3400005869613,0.5685719427537492
20.85,286.3400005869613,100.0,0.0,286.84000041016577,0.4999998232044618
20.900000000000002,286.84000041016577,100.0,0.0,287.3400002333702,0.49999982320440495
20.950000000000003,287.3400002333702,100.0,0.0,287.8400000565746,0.49999982320440495
21.0,287.8400000565746,100.0,0.0,288.28333333333336,0.44333327675877854
21.05,288.28333333333336,100.0,0.0,288.70000000000005,0.4166666666666856
21.1,288.70000000000005,100.0,0.0,289.1166666666667,0.41666666666662877
21.150000000000002,289.1166666666667,100.0,0.0,289.53333333333336,0.4166666666666856
21.200000000000003,289.53333333333336,100.0,0.0,289.95,0.41666666666662877
21.25,289.95,100.0,0.0,290.4731188592129,0.5231188592129001
21.3,290.4731188592129,100.0,0.0,291.0107531444868,0.5376342852738958
21.35,291.0107531444868,100.0,0.0,291.5483874297606,0.5376342852738389
21.400000000000002,291.5483874297606,100.0,0.0,292.08602171503446,0.5376342852738389
21.450000000000003,292.08602171503446,100.0,0.0,292.6236560003083,0.5376342852738389
21.5,292.6236560003083,100.0,0.0,293.125,0.5013439996916986
21.55,293.125,100.0,0.0,293.5416666666667,0.4166666666666856
21.6,293.5416666666667,100.0,0.0,293.95833333333337,0.4166666666666856
21.650000000000002,293.95833333333337,100.0,0.0,294.375,0.41666666666662877
21.700000000000003,294.375,100.0,0.0,294.7916666666667,0.4166666666666856
21.75,294.7916666666667,100.0,0.0,295.1388888888889,0.34722222222222854
21.8,295.1388888888889,100.0,0.0,295.4166666666667,0.27777777777777146
21.85,295.4166666666667,100.0,0.0,295.69444444444446,0.27777777777777146
21.900000000000002,295.69444444444446,100.0,0.0,295.9722222222223,0.2777777777778283
21.950000000000003,295.9722222222223,100.0,0.0,296.25,0.2777777777777146
22.0,296.25,100.0,0.0,296.52777777777777,0.27777777777777146
22.05,296.52777777777777,100.0,0.0,296.80555555555554,0.27777777777777146
22.1,296.80555555555554,100.0,0.0,297.18750020338985,0.3819446478343025
22.150000000000002,297.18750020338985,100.0,0.0,297.81250077348074,0.62500057009089
22.200000000000003,297.81250077348074,100.0,0.0,298.4375005524862,0.6249997790054636
22.25,298.4375005524862,100.0,0.0,299.0625003314917,0.6249997790055204
22.3,299.0625003314917,100.0,0.0,299.68750011049724,0.6249997790055204
22.35,299.68750011049724,100.0,0.0,300.1874990769231,0.4999989664258351
22.400000000000002,300.1874990769231,100.0,0.0,300.56249882584615,0.37499974892307364
22.450000000000003,300.56249882584615,100.0,0.0,300.9374991950769,0.3750003692307473
22.5,300.9374991950769,100.0,0.0,301.3124995643077,0.37500036923080415
22.55,301.3124995643077,100.0,0.0,301.68749993353845,0.3750003692307473
22.6,301.68749993353845,100.0,0.0,302.06250030276925,0.37500036923080415
22.650000000000002,302.06250030276925,100.0,0.0,302.43750035643563,0.37500005366638334
22.700000000000003,302.43750035643563,100.0,0.0,302.8125001188119,0.3749997623762624
22.75,302.8125001188119,100.0,0.0,303.13888855133615,0.3263884325242543
22.8,303.13888855133615,100.0,0.0,303.41666565400845,0.27777710267230304
22.85,303.41666565400845,100.0,0.0,303.6944435523923,0.2777778983838175
22.900000000000002,303.6944435523923,100.0,0.0,303.9722215199684,0.27777796757612805
22.950000000000003,303.9722215199684,100.0,0.0,304.24999948754447,0.2777779675760712
23.0,304.24999948754447,100.0,0.0,304.5277774551206,0.27777796757612805
23.05,304.5277774551206,100.0,0.0,304.8055554226967,0.27777796757612805
23.1,304.8055554226967,100.0,0.0,305.074626923794,0.2690715010973008
23.150000000000002,305.074626923794,100.0,0.0,305.32338333644077,0.24875641264674186
23.200000000000003,305.32338333644077,100.0,0.0,305.57213974908746,0.24875641264668502
23.25,305.57213974908746,100.0,0.0,305.82089583512396,0.2487560860365079
23.3,305.82089583512396,100.0,0.0,306.0700000914286,0.2491042563046335
23.35,306.0700000914286,100.0,0.0,306.3200004179592,0.25000032653059634
23.400000000000002,306.3200004179592,100.0,0.0,306.57000053960786,0.25000012164866803
23.450000000000003,306.57000053960786,100.0,0.0,306.8200002258823,0.24999968627446378
23.5,306.8200002258823,100.0,0.0,307.11666647521366,0.2966662493313379
23.55,307.11666647521366,100.0,0.0,307.5333324581197,0.41666598290601087
23.6,307.5333324581197,100.0,0.0,307.9499991703704,0.4166667122507306
23.650000000000002,307.9499991703704,100.0,0.0,308.3666661662552,0.41666699588478195
23.700000000000003,308.3666661662552,100.0,0.0,308.7833331621399,0.4166669958847251
23.75,308.7833331621399,100.0,0.0,309.10000009275365,0.3166669306137351
23.8,309.10000009275365,100.0,0.0,309.30833361932366,0.2083335265700157
23.85,309.30833361932366,100.0,0.0,309.5166671458937,0.2083335265700157
23.900000000000002,309.5166671458937,100.0,0.0,309.725000345098,0.2083331992043327
23.950000000000003,309.725000345098,100.0,0.0,309.9333334169935,0.20833307189548123
24.0,309.9333334169935,100.0,0.0,310.21249976949156,0.2791663524980663
24.05,310.21249976949156,100.0,0.0,310.5249994305085,0.31249966101694326
24.1,310.5249994305085,100.0,0.0,310.8374995047619,0.3125000742534212
24.150000000000002,310.8374995047619,100.0,0.0,311.10000053333334,0.2625010285714211
24.200000000000003,311.10000053333334,100.0,0.0,311.30833386666666,0.20833333333331439
24.25,311.30833386666666,100.0,0.0,311.5166672,0.20833333333331439
24.3,311.5166672,100.0,0.0,311.7250005333333,0.20833333333331439
24.35,311.7250005333333,100.0,0.0,311.93333386666666,0.20833333333337123
24.400000000000002,311.93333386666666,100.0,0.0,312.14166710518515,0.20833323851849173
24.450000000000003,312.14166710518515,100.0,0.0,312.3500001422222,0.20833303703705042
24.5,312.3500001422222,100.0,0.0,312.55833317925925,0.20833303703705042
24.55,312.55833317925925,100.0,0.0,312.7666662162963,0.20833303703705042
24.6,312.7666662162963,100.0,0.0,312.97499992380955,0.20833370751324765
24.650000000000002,312.97499992380955,100.0,0.0,313.27500000000003,0.30000007619048574
24.700000000000003,313.27500000000003,100.0,0.0,313.58750000000003,0.3125
24.75,313.58750000000003,100.0,0.0,313.90000000000003,0.3125
24.8,313.90000000000003,100.0,0.0,314.0,0.0999999999999659
24.85,314.0,100.0,0.0,314.0,0.0
24.900000000000002,314.0,100.0,0.0,314.0,0.0
24.950000000000003,314.0,100.0,0.0,314.0,0.0
25.0,314.0,100.0,0.0,314.2428574600583,0.24285746005830333
25.05,314.2428574600583,100.0,0.0,314.6000007836735,0.35714332361521883
25.1,314.6000007836735,100.0,0.0,314.9571437714286,0.3571429877550827
25.150000000000002,314.9571437714286,100.0,0.0,315.31428662857144,0.3571428571428328
25.200000000000003,315.31428662857144,100.0,0.0,315.67142948571427,0.3571428571428328
25.25,315.67142948571427,100.0,0.0,316.01250000620155,0.3410705204872784
25.3,316.01250000620155,100.0,0.0,316.16875008372097,0.15625007751941666
25.35,316.16875008372097,100.0,0.0,316.3250001612403,0.15625007751935982
25.400000000000002,316.3250001612403,100.0,0.0,316.4812502387597,0.15625007751935982
25.450000000000003,316.4812502387597,100.0,0.0,316.6375003162791,0.15625007751941666
25.5,316.6375003162791,100.0,0.0,316.79375039379846,0.15625007751935982
25.55,316.79375039379846,100.0,0.0,316.9500001032258,0.15624970942735672
25.6,316.9500001032258,100.0,0.0,317.0,0.04999989677418171
25.650000000000002,317.0,100.0,0.0,317.0,0.0
25.700000000000003,317.0,100.0,0.0,317.0,0.0
25.75,317.0,100.0,0.0,317.10000026063346,0.10000026063346468
25.8,317.10000026063346,100.0,0.0,317.308333533635,0.2083332730015286
25.85,317.308333533635,100.0,0.0,317.5166668066365,0.2083332730015286
25.900000000000002,317.5166668066365,100.0,0.0,317.72500007963805,0.2083332730015286
25.950000000000003,317.72500007963805,100.0,0.0,317.9333333526395,0.20833327300147175
26.0,317.9333333526395,100.0,0.0,318.14166693333334,0.20833358069381802
26.05,318.14166693333334,100.0,0.0,318.35000026666665,0.20833333333331439
26.1,318.35000026666665,100.0,0.0,318.5583336,0.20833333333337123
26.150000000000002,318.5583336,100.0,0.0,318.7666668510288,0.20833325102876188
26.200000000000003,318.7666668510288,100.0,0.0,318.9750000197531,0.20833316872432306
26.25,318.9750000197531,100.0,0.0,319.15714289319,0.18214287343687374
26.3,319.15714289319,100.0,0.0,319.335714362724,0.17857146953400616
26.35,319.335714362724,100.0,0.0,319.51428583225805,0.178571469534063
26.400000000000002,319.51428583225805,100.0,0.0,319.6928573017921,0.178571469534063
26.450000000000003,319.6928573017921,100.0,0.0,319.8714287713262,0.178571469534063
26.5,319.8714287713262,100.0,0.0,320.07,0.1985712286738135
26.55,320.07,100.0,0.0,320.32,0.25
26.6,320.32,100.0,0.0,320.57,0.25
26.650000000000002,320.57,100.0,0.0,320.82,0.25
26.700000000000003,320.82,100.0,0.0,321.0145833411765,0.19458334117649656
26.75,321.0145833411765,100.0,0.0,321.066666702521,0.052083361344500645
26.8,321.066666702521,100.0,0.0,321.11875006386555,0.05208336134455749
26.85,321.11875006386555,100.0,0.0,321.1708334,0.05208333613444438
26.900000000000002,321.1708334,100.0,0.0,321.2229167333333,0.052083333333314386
26.950000000000003,321.2229167333333,100.0,0.0,321.2750000666667,0.05208333333337123
27.0,321.2750000666667,100.0,0.0,321.3270834,0.052083333333314386
27.05,321.3270834,100.0,0.0,321.3791667333333,0.052083333333314386
27.1,321.3791667333333,100.0,0.0,321.4312500666667,0.05208333333337123
27.150000000000002,321.4312500666667,100.0,0.0,321.4833334,0.052083333333314386
27.200000000000003,321.4833334,100.0,0.0,321.5354167333333,0.052083333333314386
27.25,321.5354167333333,100.0,0.0,321.5875000666667,0.05208333333337123
27.3,321.5875000666667,100.0,0.0,321.6395834,0.052083333333314386
27.35,321.6395834,100.0,0.0,321.69166673333336,0.05208333333337123
27.400000000000002,321.69166673333336,100.0,0.0,321.7437500666667,0.052083333333314386
27.450000000000003,321.7437500666667,100.0,0.0,321.7958334,0.052083333333314386
27.5,321.7958334,100.0,0.0,321.84791673333336,0.05208333333337123
27.55,321.84791673333336,100.0,0.0,321.9000000666667,0.052083333333314386
27.6,321.9000000666667,100.0,0.0,321.95208337119345,0.05208330452677501
27.650000000000002,321.95208337119345,100.0,0.0,321.9857142811199,0.03363090992644402
27.700000000000003,321.9857142811199,100.0,0.0,321.80714279511847,-0.1785714860014309
27.75,321.80714279511847,100.0,0.0,321.62857130911704,-0.1785714860014309
27.8,321.62857130911704,100.0,0.0,321.44999982311555,-0.17857148600148776
27.85,321.44999982311555,100.0,0.0,321.2714283569665,-0.1785714661490374
27.900000000000002,321.2714283569665,100.0,0.0,321.0928570694885,-0.17857128747800743
27.950000000000003,321.0928570694885,100.0,0.0,321.0,-0.09285706948850247
28.0,321.0,85.14998796961981,0.0,321.0,0.0
28.05,321.0,54.212462906328476,0.0,321.0,0.0
28.1,321.0,23.274982399998777,0.55555555555558,319.14336655474256,-1.8566334452574438
28.150000000000002,319.14336655474256,0.9498207176957445,1.0,312.5125382623565,-6.63082829238607
28.200000000000003,312.5125382623565,0.7706091422258516,1.0,305.88171541064594,-6.630822851710548
28.25,305.88171541064594,0.5913977138012421,1.0,299.25089255893494,-6.630822851711002
28.3,299.25089255893494,0.4121862853766198,1.0,292.62006970722393,-6.630822851711002
28.35,292.62006970722393,0.2329748569519975,1.0,285.9892468555129,-6.630822851711059
28.400000000000002,285.9892468555129,0.05376342852737526,1.0,277.8749999999993,-8.114246855513557
28.450000000000003,277.8749999999993,0.0,1.0,269.12499999999983,-8.749999999999488
28.5,269.12499999999983,0.0,1.0,260.3749999999997,-8.750000000000114
28.55,260.3749999999997,0.0,1.0,252.74999850359683,-7.625001496402888
28.6,252.74999850359683,0.0,1.0,246.24999551079094,-6.500002992805889
28.650000000000002,246.24999551079094,0.0,1.0,239.74999251798508,-6.500002992805861
28.700000000000003,239.74999251798508,0.0,1.0,233.24999282758608,-6.499999690398994
28.75,233.24999282758608,0.0,1.0,226.7499944214558,-6.499998406130288
28.8,226.7499944214558,0.0,1.0,220.2499960153255,-6.499998406130288
28.85,220.2499960153255,0.0,1.0,213.74999760919522,-6.499998406130288
28.900000000000002,213.74999760919522,0.0,1.0,207.24999920306493,-6.499998406130288
28.950000000000003,207.24999920306493,0.0,1.0,201.56249887769798,-5.687500325366955
29.0,201.56249887769798,0.0,1.0,196.68749663309356,-4.875002244604417
29.05,196.68749663309356,0.0,1.0,191.81249438848914,-4.875002244604417
29.1,191.81249438848914,0.0,1.0,186.93749375999985,-4.875000628489289
29.150000000000002,186.93749375999985,0.0,1.0,182.0624937599998,-4.875000000000057
29.200000000000003,182.0624937599998,0.0,1.0,177.18749376000008,-4.874999999999716
29.25,177.18749376000008,0.0,1.0,172.31249536633663,-4.8749983936634464
29.3,172.31249536633663,0.0,1.0,167.43749845544542,-4.874996910891213
29.35,167.43749845544542,0.0,1.0,163.90624949640278,-3.5312489590426424
29.400000000000002,163.90624949640278,0.0,1.0,161.7187484892085,-2.187501007194271
29.450000000000003,161.7187484892085,0.0,1.0,159.53124748201438,-2.187501007194129
29.5,159.53124748201438,0.0,1.0,157.1093746815642,-2.4218728004501884
29.55,157.1093746815642,0.0,1.0,154.14062362011163,-2.968751061452565
29.6,154.14062362011163,0.0,1.0,151.17187255865903,-2.9687510614525934
29.650000000000002,151.17187255865903,0.0,1.0,148.20312149720644,-2.9687510614525934
29.700000000000003,148.20312149720644,0.0,1.0,145.2343721702127,-2.9687493269937306
29.75,145.2343721702127,0.0,1.0,142.26562351773043,-2.968748652482276
29.8,142.26562351773043,0.0,1.0,139.29687486524816,-2.968748652482276
29.85,139.29687486524816,0.0,1.0,136.57261541330092,-2.7242594519472334
29.900000000000002,136.57261541330092,0.0,1.0,133.87552142807982,-2.6970939852211018
29.950000000000003,133.87552142807982,0.0,1.0,131.1784274428589,-2.6970939852209312
30.0,131.1784274428589,0.0,1.0,128.48133345763776,-2.69709398522113
30.05,128.48133345763776,0.0,1.0,125.8428572273709,-2.6384762302668605
30.1,125.8428572273709,0.0,1.0,123.87857256950772,-1.9642846578631747
30.150000000000002,123.87857256950772,0.0,1.0,121.91428791164454,-1.964284657863189
30.200000000000003,121.91428791164454,0.0,1.0,119.9500032537815,-1.9642846578630326
30.25,119.9500032537815,0.0,1.0,117.98571859591833,-1.9642846578631747
30.3,117.98571859591833,0.0,1.0,116.0214316843537,-1.9642869115646278
30.35,116.0214316843537,0.0,1.0,114.4666670114478,-1.554764672905904
30.400000000000002,114.4666670114478,0.4666663649831817,1.0,113.35555661863071,-1.111110392817082
30.450000000000003,113.35555661863071,1.4388879586981207,1.0,112.24444622581373,-1.1111103928169825
30.5,112.24444622581373,2.4111095524129906,1.0,111.13333583299665,-1.111110392817082
30.55,111.13333583299665,3.3833311461279294,1.0,110.0222246101509,-1.11111122284575
30.6,110.0222246101509,4.35555346611797,0.8395061728395065,108.91111262112481,-1.1111119890260852
30.650000000000002,108.91111262112481,5.327776456515794,0.5308641975308582,107.80000063209872,-1.1111119890260994
30.700000000000003,107.80000063209872,6.299999446913619,0.22222222222221,106.91250000000001,-0.8875006320987069
30.75,106.91250000000001,7.087499999999996,0.0,106.6,-0.3125000000000142
30.8,106.6,7.4,0.0,106.2875,-0.3125
30.85,106.2875,7.712500000000004,0.0,105.96000004338981,-0.3274999566101826
30.900000000000002,105.96000004338981,8.079999913220366,0.0,105.46000058576269,-0.4999994576271263
30.950000000000003,105.46000058576269,9.079998828474631,0.0,104.96000112813559,-0.49999945762709785
31.0,104.96000112813559,10.079997743728825,0.0,104.46000071804878,-0.5000004100868125
31.05,104.46000071804878,11.07999856390246,0.0,104.08571439766767,-0.37428632038110266
31.1,104.08571439766767,12.657143715452122,0.0,105.15714436851317,1.0714299708455002
31.150000000000002,105.15714436851317,20.87144015860101,0.0,106.2285740810048,1.0714297124916214
31.200000000000003,106.2285740810048,29.085734621036718,0.0,107.3000018989011,1.071427817896307
31.25,107.3000018989011,37.300014558241806,0.0,108.3714297167975,1.0714278178963923
31.3,108.3714297167975,45.51429449544747,0.0,109.44285753469389,1.0714278178963923
31.35,109.44285753469389,53.72857443265315,0.0,110.77143259149412,1.3285750568002328
31.400000000000002,110.77143259149412,55.5999874931294,0.0,112.37857466346797,1.607142071973854
31.450000000000003,112.37857466346797,50.599989935877424,0.0,113.9857167354417,1.6071420719737262
31.5,113.9857167354417,45.599992378625814,0.0,115.59285880741555,1.607142071973854
31.55,115.59285880741555,40.59999482137384,0.0,117.20000087938939,1.6071420719738398
31.6,117.20000087938939,35.59999726412187,0.0,118.80714295136325,1.607142071973854
31.650000000000002,118.80714295136325,30.599999706869898,0.0,119.8249986461539,1.0178556947906543
31.700000000000003,119.8249986461539,27.52500406153833,0.0,120.76249806829267,0.9374994221387709
31.75,120.76249806829267,24.71250579512202,0.0,121.69999953170733,0.9375014634146623
31.8,121.69999953170733,21.90000140487798,0.0,122.0,0.3000004682926658
31.85,122.0,19.640002231794764,0.0,122.0,0.0
31.900000000000002,122.0,17.64000486819657,0.0,122.0,0.0
31.950000000000003,122.0,15.640002769835885,0.0,122.0,0.0
32.0,122.0,13.64000067147534,0.0,122.10625013877552,0.10625013877552192
32.050000000000004,122.10625013877552,18.418757077552037,0.0,122.26250034285715,0.15625020408162982
32.1,122.26250034285715,26.387517485714934,0.0,122.41875033513513,0.15624999227797787
32.15,122.41875033513513,34.35626709189208,0.0,122.57500024504506,0.15624990990993126
32.2,122.57500024504506,42.32501249729812,0.0,122.73125015495496,0.15624990990990284
32.25,122.73125015495496,50.29375790270302,0.0,122.88750006486488,0.15624990990991705
32.300000000000004,122.88750006486488,58.26250330810906,0.0,123.17500011313135,0.287500048266466
32.35,123.17500011313135,64.26250016969702,0.0,123.8000005171717,0.6250004040403496
32.4,123.8000005171717,65.20000077575753,0.0,124.4250006032787,0.6250000861070077
32.45,124.4250006032787,66.13750090491804,0.0,125.14999999999992,0.7249993967212163
32.5,125.14999999999992,67.41666666666644,0.0,127.02500000000012,1.875000000000199
32.550000000000004,127.02500000000012,72.62500000000033,0.0,128.90000000000006,1.8749999999999432
32.6,128.90000000000006,77.83333333333348,0.0,130.77499999999998,1.8749999999999147
32.65,130.77499999999998,83.04166666666663,0.0,132.65000000000018,1.875000000000199
32.7,132.65000000000018,88.25000000000051,0.0,134.78750265263153,2.1375026526313547
32.75,134.78750265263153,92.0,0.0,137.60000245106397,2.812499798432441
32.800000000000004,137.60000245106397,92.0,0.0,140.4125011744681,2.8124987234041328
32.85,140.4125011744681,92.0,0.0,143.12499999999994,2.7124988255318385
32.9,143.12499999999994,92.19999999999989,0.0,144.6875000000001,1.5625000000001705
32.95,144.6875000000001,94.70000000000016,0.0,146.25000000000006,1.5624999999999432
33.0,146.25000000000006,97.20000000000007,0.0,147.8125000000002,1.562500000000142
33.050000000000004,147.8125000000002,99.70000000000034,0.0,150.04286011428565,2.230360114285446
33.1,150.04286011428565,100.0,0.0,152.36428868571411,2.32142857142847
33.15,152.36428868571411,100.0,0.0,154.6857172571429,2.3214285714287826
33.2,154.6857172571429,100.0,0.0,157.00714582857134,2.3214285714284415
33.25,157.00714582857134,100.0,0.0,159.3285740376308,2.3214282090594622
33.300000000000004,159.3285740376308,100.0,0.0,161.78750050909105,2.458926471460245
33.35,161.78750050909105,100.0,0.0,164.6000023272726,2.812501818181545
33.4,164.6000023272726,100.0,0.0,167.41250271475414,2.812500387481549
33.45,167.41250271475414,100.0,0.0,170.1857143454414,2.773211630687257
33.5,170.1857143454414,100.0,0.0,172.50714366346028,2.321429318018886
33.550000000000004,172.50714366346028,100.0,0.0,174.82857298147883,2.321429318018545
33.6,174.82857298147883,100.0,0.0,177.15000229949737,2.321429318018545
33.65,177.15000229949737,100.0,0.0,179.47143135943574,2.3214290599383673
33.7,179.47143135943574,100.0,0.0,181.79285809664893,2.321426737213187
33.75,181.79285809664893,100.0,0.0,183.60000027625904,1.8071421796101106
33.800000000000004,183.60000027625904,100.0,0.0,184.85000085179857,1.2500005755395307
33.85,184.85000085179857,100.0,0.0,186.10000142733813,1.2500005755395591
33.9,186.10000142733813,100.0,0.0,187.3500001125629,1.2499986852247673
33.95,187.3500001125629,100.0,0.0,188.60000051457288,1.250000402009988
34.0,188.60000051457288,100.0,0.0,189.85000091658307,1.250000402010187
34.050000000000004,189.85000091658307,100.0,0.0,191.10000131859306,1.250000402009988
34.1,191.10000131859306,100.0,0.0,192.35000130370372,1.2499999851106622
34.15,192.35000130370372,100.0,0.0,193.60000031604943,1.249999012345711
34.2,193.60000031604943,100.0,0.0,194.74375034244605,1.1437500263966172
34.25,194.74375034244605,100.0,0.0,195.8375008460433,1.0937505035972492
34.300000000000004,195.8375008460433,100.0,0.0,196.9312513496404,1.0937505035971071
34.35,196.9312513496404,100.0,0.0,198.02500140000004,1.0937500503596311
34.4,198.02500140000004,100.0,0.0,199.11875140000015,1.0937500000001137
34.45,199.11875140000015,100.0,0.0,200.2125014000001,1.0937499999999432
34.5,200.2125014000001,100.0,0.0,201.74375021735176,1.531248817351667
34.550000000000004,201.74375021735176,100.0,0.0,204.40000099360728,2.6562507762555185
34.6,204.40000099360728,100.0,0.0,207.05625176986283,2.656250776255547
34.65,207.05625176986283,100.0,0.0,209.71250254611874,2.6562507762559164
34.7,209.71250254611874,100.0,0.0,212.3687533223743,2.656250776255547
34.75,212.3687533223743,100.0,0.0,215.02500188514864,2.6562485627743513
34.800000000000004,215.02500188514864,100.0,0.0,217.6812502019802,2.656248316831551
34.85,217.6812502019802,100.0,0.0,219.38364779874206,1.7023975967618696
34.9,219.38364779874206,100.0,0.0,220.95597484276735,1.5723270440252861
34.95,220.95597484276735,100.0,0.0,222.52830188679243,1.5723270440250872
35.0,222.52830188679243,100.0,0.0,224.0937500000001,1.5654481132076796
35.050000000000004,224.0937500000001,100.0,0.0,225.65625,1.5624999999998863
35.1,225.65625,100.0,0.0,227.21874999999997,1.5624999999999716
35.15,227.21874999999997,100.0,0.0,228.46875000000009,1.2500000000001137
35.2,228.46875000000009,100.0,0.0,229.40625000000003,0.9374999999999432
35.25,229.40625000000003,100.0,0.0,230.34375000000009,0.9375000000000568
35.300000000000004,230.34375000000009,100.0,0.0,231.37500126315794,1.0312512631578556
35.35,231.37500126315794,100.0,0.0,232.62500119337017,1.2499999302122262
35.4,232.62500119337017,100.0,0.0,233.87500075138135,1.249999558011183
35.45,233.87500075138135,100.0,0.0,235.12500030939233,1.249999558010984
35.5,235.12500030939233,100.0,0.0,236.37499963819113,1.2499993287987934
35.550000000000004,236.37499963819113,100.0,0.0,237.62499843216088,1.2499987939697519
35.6,237.62499843216088,100.0,0.0,238.87499722613063,1.2499987939697519
35.65,238.87499722613063,100.0,0.0,240.12499602010055,1.2499987939699224
35.7,240.12499602010055,100.0,0.0,241.37499567701857,1.2499996569180212
35.75,241.37499567701857,100.0,0.0,242.6249971677019,1.2500014906833314
35.800000000000004,242.6249971677019,100.0,0.0,243.87499865838507,1.250001490683161
35.85,243.87499865838507,100.0,0.0,245.09374994357358,1.2187512851885174
35.9,245.09374994357358,100.0,0.0,246.03124937931037,0.9374994357367825
35.95,246.03124937931037,100.0,0.0,246.96874881504698,0.937499435736612
36.0,246.96874881504698,100.0,0.0,247.90624825078376,0.9374994357367825
36.050000000000004,247.90624825078376,100.0,0.0,248.8437476865204,0.9374994357366404
36.1,248.8437476865204,100.0,0.0,249.78124712225704,0.9374994357366404
36.15,249.78124712225704,100.0,0.0,250.7187465579938,0.9374994357367541
36.2,250.7187465579938,100.0,0.0,251.43750015642456,0.7187535984307658
36.25,251.43750015642456,100.0,0.0,252.0625003798883,0.6250002234637293
36.300000000000004,252.0625003798883,100.0,0.0,252.68750060335196,0.6250002234636725
36.35,252.68750060335196,100.0,0.0,253.31250072131147,0.6250001179595017
36.4,253.31250072131147,100.0,0.0,253.93750006557383,0.6249993442623634
36.45,253.93750006557383,100.0,0.0,254.8385093167702,0.9010092511963705
36.5,254.8385093167702,100.0,0.0,255.77018633540382,0.9316770186336214
36.550000000000004,255.77018633540382,100.0,0.0,256.7018633540373,0.9316770186334793
36.6,256.7018633540373,100.0,0.0,257.4249996556962,0.723136301658883
36.65,257.4249996556962,85.83334481012714,0.0,258.0499991493671,0.6249994936709413
36.7,258.0499991493671,65.00002835442933,0.0,258.67499864303795,0.6249994936708276
36.75,258.67499864303795,44.16671189873448,0.0,259.2999989073171,0.6250002642791515
36.800000000000004,259.2999989073171,23.33336975609626,0.31707317073174535,259.92499988292684,0.625000975609737
36.85,259.92499988292684,2.500003902439097,0.9268292682926809,256.8833333333335,-3.0416665495933444
36.9,256.8833333333335,0.0,1.0,253.34166666666644,-3.541666666667055
36.95,253.34166666666644,0.0,1.0,249.7999999999999,-3.5416666666665435
37.0,249.7999999999999,0.0,1.0,246.25833333333284,-3.541666666667055
37.050000000000004,246.25833333333284,0.0,1.0,242.80000021694892,-3.458333116383926
37.1,242.80000021694892,0.0,1.0,240.3000029288135,-2.499997288135404
37.15,240.3000029288135,0.0,1.0,237.80000564067777,-2.499997288135745
37.2,237.80000564067777,0.0,1.0,235.3000009142857,-2.5000047263920635
37.25,235.3000009142857,0.0,1.0,232.6428540641397,-2.657146850146006
37.300000000000004,232.6428540641397,0.0,1.0,229.96427913702612,-2.678574927113573
37.35,229.96427913702612,0.0,1.0,227.28571093333335,-2.6785682036927767
37.4,227.28571093333335,0.0,1.0,224.6071433142855,-2.67856761904784
37.45,224.6071433142855,0.0,1.0,221.92857569523804,-2.6785676190474703
37.5,221.92857569523804,0.0,1.0,219.35833295657477,-2.570242738663268
37.550000000000004,219.35833295657477,0.0583333675841109,1.0,217.06666494434245,-2.2916680122323214
37.6,217.06666494434245,0.26666682324159485,1.0,214.77499693211013,-2.2916680122323214
37.65,214.77499693211013,0.4750002788990788,1.0,212.48332891987747,-2.2916680122326625
37.7,212.48332891987747,0.6833337345565924,1.0,210.19166090764514,-2.2916680122323214
37.75,210.19166090764514,0.8916671902140763,1.0,208.40000032268904,-1.7916605849561051
37.800000000000004,208.40000032268904,1.1999998924369828,1.0,207.15000099495802,-1.2499993277310182
37.85,207.15000099495802,1.6166663350139907,1.0,205.900001667227,-1.2499993277310182
37.9,205.900001667227,2.0333327775909984,1.0,204.65000233949579,-1.2499993277312171
37.95,204.65000233949579,2.4499992201680656,1.0,203.40000301176477,-1.2499993277310182
38.0,203.40000301176477,2.8666656627450733,1.0,202.61750030987335,-0.782502701891417
38.050000000000004,202.61750030987335,6.357497280000568,0.0,202.0550007655696,-0.5624995443037619
38.1,202.0550007655696,11.294993280000249,0.0,201.49250122126583,-0.5624995443037619
38.15,201.49250122126583,16.23248927999993,0.0,200.93000102399998,-0.5625001972658481
38.2,200.93000102399998,21.16999101155589,0.0,200.367500224,-0.5625007999999809
38.25,200.367500224,26.107498033777837,0.0,199.80499942399996,-0.5625008000000378
38.300000000000004,199.80499942399996,31.04500505600049,0.0,199.24249862399998,-0.5625007999999809
38.35,199.24249862399998,35.98251207822244,0.0,198.67999855999994,-0.5625000640000337
38.400000000000006,198.67999855999994,40.92001264000057,0.0,198.11749855999997,-0.5624999999999716
38.45,198.11749855999997,45.85751264000022,0.0,197.55499856,-0.5624999999999716
38.5,197.55499856,50.79501263999987,0.0,196.99249855999997,-0.5625000000000284
38.550000000000004,196.99249855999997,55.73251264000022,0.0,196.429999296,-0.5624992639999675
38.6,196.429999296,60.6700061795555,0.0,195.86750009599996,-0.5624992000000475
38.650000000000006,195.86750009599996,65.6074991573337,0.0,195.30500089599997,-0.5624991999999907
38.7,195.30500089599997,70.54499213511122,0.0,194.7425011590244,-0.5624997369755533
38.75,194.7425011590244,75.48248982634126,0.0,194.18000028097558,-0.5625008780488372
38.800000000000004,194.18000028097558,80.41999753365873,0.0,194.6375,0.4574997190244119
38.85,194.6375,81.15,0.0,195.5750000000001,0.9375000000001137
38.900000000000006,195.5750000000001,79.89999999999988,0.0,196.51250000000007,0.9374999999999716
38.95,196.51250000000007,78.64999999999992,0.0,197.37500020168068,0.8625002016806036
39.0,197.37500020168068,79.57500084705889,0.0,198.1562506218488,0.781250420168135
39.050000000000004,198.1562506218488,82.85625261176506,0.0,198.9375009751244,0.7812503532755954
39.1,198.9375009751244,86.13750409552254,0.0,199.71875072636826,0.7812497512438483
39.150000000000006,199.71875072636826,89.4187530507467,0.0,200.500000477612,0.7812497512437346
39.2,200.500000477612,92.70000200597039,0.0,201.28125022885573,0.7812497512437346
39.25,201.28125022885573,95.98125096119408,0.0,202.0250000202532,0.7437497913974767
39.300000000000004,202.0250000202532,99.02500002025319,0.0,202.33750027341773,0.31250025316452934
39.35,202.33750027341773,99.33750027341773,0.0,202.65000027654324,0.31250000312550696
39.400000000000006,202.65000027654324,99.65000027654324,0.0,202.96250002962964,0.3124997530863993
39.45,202.96250002962964,99.96250002962962,0.0,204.51250097777773,1.5500009481480959
39.5,204.51250097777773,100.0,0.0,206.23125208888905,1.7187511111113167
39.550000000000004,206.23125208888905,100.0,0.0,207.95000175203623,1.7187496631471788
39.6,207.95000175203623,100.0,0.0,209.6687512542988,1.7187495022625683
39.650000000000006,209.6687512542988,100.0,0.0,211.3875007565611,1.7187495022623125
39.7,211.3875007565611,100.0,0.0,213.10625025882342,1.7187495022623125
39.75,213.10625025882342,100.0,0.0,214.60000024150946,1.4937499826860403
39.800000000000004,214.60000024150946,100.0,0.0,215.85000074465407,1.250000503144605
39.85,215.85000074465407,100.0,0.0,217.10000124779884,1.2500005031447756
39.900000000000006,217.10000124779884,100.0,0.0,218.3500010146342,1.2499997668353444
39.95,218.3500010146342,100.0,0.0,219.17142865035973,0.8214276357255414
40.0,219.17142865035973,100.0,0.0,219.52857167194247,0.35714302158274336
40.050000000000004,219.52857167194247,100.0,0.0,219.8857146935252,0.35714302158271494
40.1,219.8857146935252,100.0,0.0,220.24285748652485,0.35714279299966734
40.150000000000006,220.24285748652485,100.0,0.0,220.6000001815603,0.35714269503543505
40.2,220.6000001815603,100.0,0.0,220.95714287659575,0.3571426950354635
40.25,220.95714287659575,100.0,0.0,222.54000124759506,1.582858370999304
40.300000000000004,222.54000124759506,100.0,0.0,224.29000224000004,1.7500009924049778
40.35,224.29000224000004,100.0,0.0,226.0400022400002,1.7500000000001705
40.400000000000006,226.0400022400002,100.0,0.0,227.79000224000015,1.7499999999999432
40.45,227.79000224000015,100.0,0.0,229.54000217043486,1.7499999304347114
40.5,229.54000217043486,100.0,0.0,231.29000147478283,1.7499993043479662
40.550000000000004,231.29000147478283,100.0,0.0,233.04000077913054,1.7499993043477104
40.6,233.04000077913054,100.0,0.0,234.7900000834785,1.7499993043479662
40.650000000000006,234.7900000834785,100.0,0.0,235.88000031463693,1.0900002311584274
40.7,235.88000031463693,100.0,0.0,236.88000067217877,1.0000003575418361
40.75,236.88000067217877,100.0,0.0,237.88000102972075,1.0000003575419782
40.800000000000004,237.88000102972075,100.0,0.0,238.8800003657143,0.9999993359935502
40.85,238.8800003657143,100.0,0.0,240.1000002354516,1.2199998697373076
40.900000000000006,240.1000002354516,100.0,0.0,241.35000050301008,1.2500002675584767
40.95,241.35000050301008,100.0,0.0,242.60000077056853,1.2500002675584483
41.0,242.60000077056853,100.0,0.0,243.85000103812717,1.2500002675586472
41.050000000000004,243.85000103812717,100.0,0.0,245.10000130568562,1.2500002675584483
41.1,245.10000130568562,100.0,0.0,246.35000157324427,1.2500002675586472
41.150000000000006,246.35000157324427,100.0,0.0,247.375,1.0249984267557295
41.2,247.375,100.0,0.0,248.15624999999997,0.7812499999999716
41.25,248.15624999999997,100.0,0.0,248.93750000000003,0.7812500000000568
41.300000000000004,248.93750000000003,100.0,0.0,249.71875,0.7812499999999716
41.35,249.71875,100.0,0.0,250.50000000000006,0.7812500000000568
41.400000000000006,250.50000000000006,100.0,0.0,251.28125,0.7812499999999432
41.45,251.28125,100.0,0.0,252.0779944289693,0.7967444289693049
41.5,252.0779944289693,100.0,0.0,253.0529247910864,0.9749303621171066
41.550000000000004,253.0529247910864,100.0,0.0,254.02785515320335,0.9749303621169361
41.6,254.02785515320335,100.0,0.0,255.00278551532045,0.9749303621171066
41.650000000000006,255.00278551532045,100.0,0.0,255.9777158774374,0.9749303621169361
41.7,255.9777158774374,100.0,0.0,256.9526462395543,0.9749303621169361
41.75,256.9526462395543,100.0,0.0,257.92757660167143,0.9749303621171066
41.800000000000004,257.92757660167143,100.0,0.0,258.90250696378837,0.9749303621169361
41.85,258.90250696378837,100.0,0.0,259.6428571428573,0.740350179068912
41.900000000000006,259.6428571428573,95.01785714285619,0.0,260.35714285714295,0.7142857142856656
41.95,260.35714285714295,89.48214285714224,0.0,261.0714285714286,0.7142857142856656
42.0,261.0714285714286,83.94642857142829,0.0,261.7857142857144,0.7142857142857792
42.050000000000004,261.7857142857144,78.41071428571355,0.0,262.50000000000006,0.7142857142856656
42.1,262.50000000000006,72.8749999999996,0.0,263.0,0.49999999999994316
42.150000000000006,263.0,62.531242983048045,0.0,263.0,0.0
42.2,263.0,40.968724039603835,0.05940594059406219,263.0,0.0
42.25,263.0,19.406237702971204,0.5544554455445335,262.45833333333303,-0.5416666666669698
42.300000000000004,262.45833333333303,0.0,1.0,257.0416666666666,-5.416666666666458
42.35,257.0416666666666,0.0,1.0,251.62499999999932,-5.416666666667254
42.400000000000006,251.62499999999932,0.0,1.0,246.20833333333286,-5.416666666666458
42.45,246.20833333333286,0.0,1.0,240.79166666666637,-5.416666666666487
42.5,240.79166666666637,0.0,1.0,235.50000364556885,-5.29166302109752
42.550000000000004,235.50000364556885,0.0,1.0,230.5000157974679,-4.999987848100943
42.6,230.5000157974679,0.0,1.0,225.50001348760253,-5.00000230986538
42.650000000000006,225.50001348760253,0.0,1.0,220.5000055537186,-5.000007933883921
42.7,220.5000055537186,0.0,1.0,215.92187586610873,-4.578129687609874
42.75,215.92187586610873,0.0,1.0,212.32812875313766,-3.593747112971073
42.800000000000004,212.32812875313766,0.0,1.0,208.73438164016713,-3.593747112970533
42.85,208.73438164016713,0.0,1.0,205.14063452719608,-3.5937471129710445
42.900000000000006,205.14063452719608,0.0,1.0,201.54688741422552,-3.5937471129705614
42.95,201.54688741422552,0.0,1.0,197.9531343703702,-3.5937530438553154
43.0,197.9531343703702,0.0,1.0,194.35937585185152,-3.5937585185186833
43.050000000000004,194.35937585185152,0.0,1.0,192.88059701492534,-1.4787788369261818
43.1,192.88059701492534,0.0,1.0,191.63681592039788,-1.2437810945274634
43.150000000000006,191.63681592039788,0.0,1.0,190.3930348258706,-1.243781094527293
43.2,190.3930348258706,0.0,1.0,189.1492537313433,-1.243781094527293
43.25,189.1492537313433,0.0,1.0,187.34999784489779,-1.7992558864455077
43.300000000000004,187.34999784489779,0.7333342911565375,1.0,185.47499539591828,-1.875002448979501
43.35,185.47499539591828,1.5666687129252062,1.0,183.59999675492935,-1.8749986409889345
43.400000000000006,183.59999675492935,2.400001442253613,1.0,181.72499844507036,-1.874998309858995
43.45,181.72499844507036,3.233334024413172,1.0,179.9333332853933,-1.791665159677052
43.5,179.9333332853933,5.100000791010643,1.0,179.09999935280894,-0.8333339325843667
43.550000000000004,179.09999935280894,18.850010678652477,1.0,178.2666654202247,-0.8333339325842246
43.6,178.2666654202247,32.60002056629236,1.0,177.43333148764034,-0.8333339325843667
43.650000000000006,177.43333148764034,46.35003045393419,1.0,176.59999876129024,-0.8333327263501076
43.7,176.59999876129024,60.10002043871088,0.5806451612902523,176.19444462479873,-0.40555413649150296
43.75,176.19444462479873,70.03888892495975,0.0,176.88888971336561,0.69444508856688
43.800000000000004,176.88888971336561,70.17777794267312,0.0,177.58333480193235,0.6944450885667379
43.85,177.58333480193235,70.31666696038647,0.0,178.2777793473474,0.6944445454150525
43.900000000000006,178.2777793473474,70.45555586946948,0.0,178.97222339139142,0.6944440440440189
43.95,178.97222339139142,70.59444467827828,0.0,179.66666743543544,0.6944440440440189
44.0,179.66666743543544,70.73333348708708,0.0,180.36111147947958,0.6944440440441326
44.050000000000004,180.36111147947958,70.87222229589591,0.0,181.08750062222234,0.7263891427427609
44.1,181.08750062222234,71.3625025777782,0.0,182.18125246622535,1.093751844003009
44.150000000000006,182.18125246622535,75.89376021721932,0.0,183.27500200264913,1.0937495364237861
44.2,183.27500200264913,80.42500829668926,0.0,184.36875153907292,1.0937495364237861
44.25,184.36875153907292,84.9562563761592,0.0,185.46250107549685,1.0937495364239282
44.300000000000004,185.46250107549685,89.4875044556298,0.0,186.55625061192063,1.0937495364237861
44.35,186.55625061192063,94.01875253509975,0.0,187.65000014834456,1.0937495364239282
44.400000000000006,187.65000014834456,98.55000061457034,0.0,189.0928553494507,1.4428552011061413
44.45,189.0928553494507,100.0,0.0,190.6999960079208,1.6071406584700867
44.5,190.6999960079208,100.0,0.0,192.30713988345136,1.6071438755305678
44.550000000000004,192.30713988345136,100.0,0.0,193.9142837589817,1.6071438755303404
44.6,193.9142837589817,100.0,0.0,195.52142763451226,1.6071438755305678
44.650000000000006,195.52142763451226,100.0,0.0,197.13750012753638,1.6160724930241201
44.7,197.13750012753638,100.0,0.0,198.85625172173914,1.7187515942027574
44.75,198.85625172173914,100.0,0.0,200.5750033159421,1.7187515942029563
44.800000000000004,200.5750033159421,100.0,0.0,202.29375439999995,1.7187510840578568
44.85,202.29375439999995,100.0,0.0,204.01250440000013,1.7187500000001705
44.900000000000006,204.01250440000013,100.0,0.0,205.73125440000007,1.7187499999999432
44.95,205.73125440000007,100.0,0.0,207.45000320000003,1.7187487999999576
45.0,207.45000320000003,100.0,0.0,208.72857195248807,1.2785687524880416
45.050000000000004,208.72857195248807,100.0,0.0,209.80000129438204,1.0714293418939747
45.1,209.80000129438204,100.0,0.0,210.87143063627616,1.0714293418941168
45.150000000000006,210.87143063627616,100.0,0.0,211.94285972436975,1.0714290880935948
45.2,211.94285972436975,100.0,0.0,213.0142869512605,1.0714272268907337
45.25,213.0142869512605,100.0,0.0,214.18000007245305,1.1657131211925673
45.300000000000004,214.18000007245305,100.0,0.0,216.43000097811333,2.250000905660272
45.35,216.43000097811333,100.0,0.0,218.6800018837739,2.2500009056605847
45.400000000000006,218.6800018837739,100.0,0.0,220.93000278943418,2.250000905660272
45.45,220.93000278943418,100.0,0.0,223.1000000460431,2.169997256608923
45.5,223.1000000460431,100.0,0.0,224.35000062158284,1.2500005755397297
45.550000000000004,224.35000062158284,100.0,0.0,225.60000119712237,1.2500005755395307
45.6,225.60000119712237,100.0,0.0,226.8500014674035,1.2500002702811344
45.650000000000006,226.8500014674035,100.0,0.0,228.10000102541446,1.2499995580109555
45.7,228.10000102541446,100.0,0.0,229.35000058342538,1.249999558010927
45.75,229.35000058342538,100.0,0.0,230.6000001414365,1.249999558011126
45.800000000000004,230.6000001414365,100.0,0.0,231.7650012553847,1.1650011139481933
45.85,231.7650012553847,100.0,0.0,232.8900014400002,1.1250001846154873
45.900000000000006,232.8900014400002,100.0,0.0,234.0150014400001,1.1249999999999147
45.95,234.0150014400001,100.0,0.0,235.14000144,1.1249999999998863
46.0,235.14000144,100.0,0.0,236.26500144000008,1.1250000000000853
46.050000000000004,236.26500144000008,100.0,0.0,237.39000144,1.1249999999999147
46.1,237.39000144,100.0,0.0,238.51500094099018,1.1249995009901852
46.150000000000006,238.51500094099018,100.0,0.0,239.64000022811885,1.1249992871286736
46.2,239.64000022811885,100.0,0.0,240.85000024840178,1.2100000202829335
46.25,240.85000024840178,100.0,0.0,242.1000006136987,1.250000365296927
46.300000000000004,242.1000006136987,100.0,0.0,243.35000097899544,1.250000365296728
46.35,243.35000097899544,100.0,0.0,244.60000134429234,1.2500003652968985
46.400000000000006,244.60000134429234,100.0,0.0,245.85000045714287,1.2499991128505314
46.45,245.85000045714287,100.0,0.0,247.09999999999994,1.2499995428570685
46.5,247.09999999999994,100.0,0.0,248.35000000000008,1.250000000000142
46.550000000000004,248.35000000000008,100.0,0.0,249.60000000000002,1.2499999999999432
46.6,249.60000000000002,100.0,0.0,250.74375080677981,1.1437508067797921
46.650000000000006,250.74375080677981,100.0,0.0,251.83750140000012,1.0937505932203067
46.7,251.83750140000012,100.0,0.0,252.93125140000006,1.0937499999999432
46.75,252.93125140000006,100.0,0.0,254.02500140000015,1.0937500000000853
46.800000000000004,254.02500140000015,100.0,0.0,255.11875140000006,1.0937499999999147
46.85,255.11875140000006,100.0,0.0,256.2125014000002,1.0937500000001137
46.900000000000006,256.2125014000002,100.0,0.0,257.3500000000001,1.1374985999999012
46.95,257.3500000000001,100.0,0.0,258.59999999999997,1.2499999999998863
47.0,258.59999999999997,100.0,0.0,259.8500000000001,1.2500000000001137
47.050000000000004,259.8500000000001,100.0,0.0,261.1,1.2499999999999432
47.1,261.1,100.0,0.0,262.3500000000001,1.2500000000000568
47.150000000000006,262.3500000000001,100.0,0.0,263.480000520678,1.1300005206779247
47.2,263.480000520678,100.0,0.0,264.48000128,1.0000007593220062
47.25,264.48000128,100.0,0.0,265.4800012800001,1.0000000000001137
47.300000000000004,265.4800012800001,100.0,0.0,266.48000128,0.9999999999998863
47.35,266.48000128,100.0,0.0,267.4800012800001,1.0000000000001137
47.400000000000006,267.4800012800001,100.0,0.0,268.48000128000007,0.9999999999999432
47.45,268.48000128000007,100.0,0.0,269.48000080396696,0.999999523966892
47.5,269.48000080396696,100.0,0.0,270.4800002750414,0.9999994710744318
47.550000000000004,270.4800002750414,100.0,0.0,271.2571429954382,0.777142720396796
47.6,271.2571429954382,100.0,0.0,271.79285756926777,0.5357145738295799
47.650000000000006,271.79285756926777,100.0,0.0,272.32857209299027,0.535714523722504
47.7,272.32857209299027,100.0,0.0,272.8642861657498,0.5357140727595038
47.75,272.8642861657498,100.0,0.0,273.40000023850934,0.5357140727595606
47.800000000000004,273.40000023850934,100.0,0.0,273.93571431126884,0.5357140727595038
47.85,273.93571431126884,100.0,0.0,274.9625002207886,1.0267859095197878
47.900000000000006,274.9625002207886,100.0,0.0,276.0562504716846,1.0937502508959938
47.95,276.0562504716846,100.0,0.0,277.15000072258067,1.0937502508960506
48.0,277.15000072258067,100.0,0.0,278.24375097347684,1.0937502508961643
48.050000000000004,278.24375097347684,100.0,0.0,279.33750122437283,1.0937502508959938
48.1,279.33750122437283,100.0,0.0,280.431250887805,1.0937496634321633
48.150000000000006,280.431250887805,100.0,0.0,281.34408626172745,0.9128353739224622
48.2,281.34408626172745,100.0,0.0,282.06093264032626,0.7168463785988024
48.25,282.06093264032626,100.0,0.0,282.77777901892523,0.7168463785989729
48.300000000000004,282.77777901892523,100.0,0.0,283.49462397501713,0.7168449560919044
48.35,283.49462397501713,100.0,0.0,284.21146837791207,0.7168444028949352
48.400000000000006,284.21146837791207,100.0,0.0,284.92831278080695,0.7168444028948784
48.45,284.92831278080695,100.0,0.0,285.74999939748955,0.821686616682598
48.5,285.74999939748955,100.0,0.0,286.5833320613669,0.8333326638773428
48.550000000000004,286.5833320613669,100.0,0.0,287.41666472524406,0.8333326638771723
48.6,287.41666472524406,100.0,0.0,288.2499973891214,0.8333326638773428
48.650000000000006,288.2499973891214,100.0,0.0,289.083330292011,0.8333329028895946
48.7,289.083330292011,100.0,0.0,289.9166649476584,0.8333346556473771
48.75,289.9166649476584,100.0,0.0,290.74999960330587,0.8333346556474908
48.800000000000004,290.74999960330587,100.0,0.0,291.4375001278539,0.6875005245480565
48.85,291.4375001278539,100.0,0.0,292.0625003105024,0.6250001826484777
48.900000000000006,292.0625003105024,100.0,0.0,292.68750049315076,0.625000182648364
48.95,292.68750049315076,100.0,0.0,293.31250067579913,0.625000182648364
49.0,293.31250067579913,100.0,0.0,293.93750067326744,0.6249999974683078
49.050000000000004,293.93750067326744,100.0,0.0,294.56250027722774,0.6249996039603047
49.1,294.56250027722774,100.0,0.0,295.07500000000005,0.5124997227723043
49.150000000000006,295.07500000000005,100.0,0.0,295.32500000000005,0.25
49.2,295.32500000000005,100.0,0.0,295.575,0.24999999999994316
49.25,295.575,100.0,0.0,295.82500000000005,0.25000000000005684
49.300000000000004,295.82500000000005,100.0,0.0,296.24930779385824,0.4243077938581905
49.35,296.24930779385824,100.0,0.0,297.08033352338333,0.8310257295250949
49.400000000000006,297.08033352338333,100.0,0.0,297.9113574195574,0.8310238961740879
49.45,297.9113574195574,100.0,0.0,298.7423813157315,0.8310238961740879
49.5,298.7423813157315,100.0,0.0,299.5734052119057,0.8310238961742016
49.550000000000004,299.5734052119057,100.0,0.0,300.4044301760545,0.8310249641488099
49.6,300.4044301760545,100.0,0.0,301.23545612602624,0.8310259499717176
49.650000000000006,301.23545612602624,100.0,0.0,302.06000000000006,0.8245438739738233
49.7,302.06000000000006,100.0,0.0,302.81,0.7499999999999432
49.75,302.81,100.0,0.0,303.56000000000006,0.7500000000000568
49.800000000000004,303.56000000000006,100.0,0.0,304.31,0.7499999999999432
49.85,304.31,100.0,0.0,305.0199999837975,0.709999983797502
49.900000000000006,305.0199999837975,100.0,0.0,305.2699997812658,0.24999979746831968
49.95,305.2699997812658,100.0,0.0,305.5199995787342,0.24999979746837653
50.0,305.5199995787342,100.0,0.0,305.7699993762026,0.24999979746837653
50.050000000000004,305.7699993762026,100.0,0.0,306.0407407077356,0.27074133153303137
50.1,306.0407407077356,100.0,0.0,306.5499995544305,0.5092588466948769
50.150000000000006,306.5499995544305,100.0,0.0,307.05925840112525,0.5092588466947632
50.2,307.05925840112525,100.0,0.0,307.56851724782,0.5092588466947632
50.25,307.56851724782,100.0,0.0,308.07777714041157,0.5092598925915581
50.300000000000004,308.07777714041157,100.0,0.0,308.58703712395067,0.5092599835390956
50.35,308.58703712395067,100.0,0.0,309.09629710748976,0.5092599835390956
50.400000000000006,309.09629710748976,100.0,0.0,309.6055568592593,0.5092597517695481
50.45,309.6055568592593,100.0,0.0,310.1148161185185,0.5092592592591814
50.5,310.1148161185185,100.0,0.0,310.6240753777778,0.509259259259295
50.550000000000004,310.6240753777778,100.0,0.0,311.13333397069954,0.5092585929217535
50.6,311.13333397069954,100.0,0.0,311.64259250567903,0.5092585349794945
50.650000000000006,311.64259250567903,100.0,0.0,312.1518510406584,0.5092585349793808
50.7,312.1518510406584,100.0,0.0,312.661109997037,0.5092589563785737
50.75,312.661109997037,100.0,0.0,313.1703698488889,0.5092598518519367
50.800000000000004,313.1703698488889,100.0,0.0,313.67962970074075,0.509259851851823
50.85,313.67962970074075,100.0,0.0,314.1888895525926,0.5092598518518798
50.900000000000006,314.1888895525926,100.0,0.0,314.69814940444445,0.509259851851823
50.95,314.69814940444445,100.0,0.0,315.2074080447736,0.5092586403291648
51.0,315.2074080447736,100.0,0.0,315.7166665797531,0.5092585349794945
51.050000000000004,315.7166665797531,100.0,0.0,316.2259251147325,0.5092585349793808
51.1,316.2259251147325,100.0,0.0,316.73518437813055,0.5092592633980644
51.150000000000006,316.73518437813055,100.0,0.0,317.225,0.48981562186946803
51.2,317.225,100.0,0.0,317.69374999999997,0.46874999999994316
51.25,317.69374999999997,100.0,0.0,318.1625,0.46875000000005684
51.300000000000004,318.1625,100.0,0.0,318.63124999999997,0.46874999999994316
51.35,318.63124999999997,100.0,0.0,319.1,0.46875000000005684
51.400000000000006,319.1,100.0,0.0,319.56875,0.46875
51.45,319.56875,100.0,0.0,320.0363638949495,0.4676138949494657
51.5,320.0363638949495,100.0,0.0,320.4909097890909,0.454545894141404
51.550000000000004,320.4909097890909,100.0,0.0,320.9454545971717,0.45454480808081144
51.6,320.9454545971717,100.0,0.0,321.3999994052525,0.45454480808081144
51.650000000000006,321.3999994052525,100.0,0.0,321.85454431975955,0.45454491450703927
51.7,321.85454431975955,100.0,0.0,322.3090900147257,0.45454569496615704
51.75,322.3090900147257,100.0,0.0,322.763635709692,0.45454569496627073
51.800000000000004,322.763635709692,100.0,0.0,323.21818140465814,0.45454569496615704
51.85,323.21818140465814,100.0,0.0,323.6727270996244,0.45454569496627073
51.900000000000006,323.6727270996244,100.0,0.0,324.0700001148718,0.3972730152473787
51.95,324.0700001148718,100.0,0.0,324.3200002703106,0.2500001554387836
52.0,324.3200002703106,100.0,0.0,324.5700001709317,0.24999990062110555
52.050000000000004,324.5700001709317,100.0,0.0,324.8200000715528,0.24999990062110555
52.1,324.8200000715528,100.0,0.0,325.1166667083799,0.29666663682712624
52.150000000000006,325.1166667083799,100.0,0.0,325.53333352402234,0.41666681564242936
52.2,325.53333352402234,100.0,0.0,325.9500003396648,0.4166668156424862
52.25,325.9500003396648,100.0,0.0,326.3666671553073,0.4166668156424862
52.300000000000004,326.3666671553073,100.0,0.0,326.78333356065576,0.416666405348451
52.35,326.78333356065576,100.0,0.0,327.2400001105037,0.45666654984790966
52.400000000000006,327.2400001105037,100.0,0.0,327.74000034071946,0.5000002302157895
52.45,327.74000034071946,100.0,0.0,328.24000057093525,0.5000002302157895
52.5,328.24000057093525,100.0,0.0,328.7400002727869,0.49999970185166376
52.550000000000004,328.7400002727869,100.0,0.0,329.0,0.25999972721308495
52.6,329.0,100.0,0.0,329.0,0.0
52.650000000000006,329.0,100.0,0.0,329.0,0.0
52.7,329.0,100.0,0.0,329.0,0.0
52.75,329.0,100.0,0.0,329.0,0.0
52.800000000000004,329.0,100.0,0.0,329.0,0.0
52.85,329.0,100.0,0.0,329.0,0.0
52.900000000000006,329.0,100.0,0.0,329.0,0.0
52.95,329.0,100.0,0.0,329.0,0.0
53.0,329.0,100.0,0.0,329.0,0.0
53.050000000000004,329.0,100.0,0.0,329.55,0.5500000000000114
53.1,329.55,100.0,0.0,330.17500000000007,0.6250000000000568
53.150000000000006,330.17500000000007,100.0,0.0,330.8,0.6249999999999432
53.2,330.8,100.0,0.0,331.14166671731846,0.34166671731844644
53.25,331.14166671731846,100.0,0.0,331.3500001251397,0.20833340782121468
53.300000000000004,331.3500001251397,100.0,0.0,331.5583335329609,0.20833340782121468
53.35,331.5583335329609,100.0,0.0,331.76666693333334,0.20833340037245307
53.400000000000006,331.76666693333334,100.0,0.0,331.9750000761905,0.20833314285715687
53.45,331.9750000761905,100.0,0.0,332.21999999999997,0.24499992380947333
53.5,332.21999999999997,100.0,0.0,332.47,0.25000000000005684
53.550000000000004,332.47,100.0,0.0,332.72,0.25
53.6,332.72,100.0,0.0,332.97,0.25
53.650000000000006,332.97,100.0,0.0,333.27500011069185,0.30500011069182165
53.7,333.27500011069185,100.0,0.0,333.587500236478,0.31250012578612996
53.75,333.587500236478,100.0,0.0,333.9000003622642,0.31250012578624364
53.800000000000004,333.9000003622642,100.0,0.0,334.10625,0.2062496377357661
53.85,334.10625,100.0,0.0,334.2625,0.15625
53.900000000000006,334.2625,100.0,0.0,334.41875,0.15625
53.95,334.41875,100.0,0.0,334.575,0.15625
54.0,334.575,100.0,0.0,334.73125,0.15625
54.050000000000004,334.73125,100.0,0.0,334.8875,0.15625
54.1,334.8875,100.0,0.0,335.0,0.11250000000001137
54.150000000000006,335.0,100.0,0.0,335.0,0.0
54.2,335.0,100.0,0.0,335.0,0.0
54.25,335.0,100.0,0.0,335.0,0.0
54.300000000000004,335.0,100.0,0.0,335.04375001564244,0.04375001564244485
54.35,335.04375001564244,100.0,0.0,335.2000000715084,0.15625005586593943
54.400000000000006,335.2000000715084,100.0,0.0,335.3562501273743,0.15625005586593943
54.45,335.3562501273743,100.0,0.0,335.5125001832402,0.1562500558658826
54.5,335.5125001832402,100.0,0.0,335.6687501503546,0.1562499671143769
54.550000000000004,335.6687501503546,100.0,0.0,335.82500007943264,0.1562499290780579
54.6,335.82500007943264,100.0,0.0,335.98125000851064,0.15624992907800106
54.650000000000006,335.98125000851064,100.0,0.0,336.0,0.018749991489357853
54.7,336.0,100.0,0.0,336.0,0.0
54.75,336.0,100.0,0.0,336.0,0.0
54.800000000000004,336.0,100.0,0.0,336.0,0.0
54.85,336.0,100.0,0.0,336.01433693299975,0.014336932999754026
54.900000000000006,336.01433693299975,100.0,0.0,336.19354859549645,0.17921166249669795
54.95,336.19354859549645,100.0,0.0,336.37276022230037,0.17921162680391944
55.0,336.37276022230037,100.0,0.0,336.5519715873574,0.17921136505702862
55.050000000000004,336.5519715873574,100.0,0.0,336.73118295241443,0.17921136505702862
55.1,336.73118295241443,100.0,0.0,336.9103943174715,0.17921136505708546
55.150000000000006,336.9103943174715,100.0,0.0,337.0,0.08960568252848589
55.2,337.0,100.0,0.0,337.0,0.0
55.25,337.0,100.0,0.0,337.0,0.0
55.300000000000004,337.0,100.0,0.0,337.0,0.0
55.35,337.0,100.0,0.0,337.0,0.0
55.400000000000006,337.0,100.0,0.0,337.0,0.0
55.45,337.0,100.0,0.0,337.0,0.0
55.5,337.0,100.0,0.0,337.0,0.0
55.550000000000004,337.0,100.0,0.0,334.93751015384595,-2.062489846154051
55.6,334.93751015384595,93.75003076923022,0.0,330.81251161599926,-4.124998537846693
55.650000000000006,330.81251161599926,81.25003519999787,0.0,326.68750574933284,-4.125005866666413
55.7,326.68750574933284,68.75001742222078,0.0,322.56249988266643,-4.125005866666413
55.75,322.56249988266643,56.2499996444437,0.0,318.43749489502704,-4.125004987639386
55.800000000000004,318.43749489502704,43.74998453038495,0.03314917127075793,314.3124963535909,-4.124998541436128
55.85,314.3124963535909,31.249988950275473,0.3093922651933873,310.1874978121542,-4.124998541436696
55.900000000000006,310.1874978121542,18.749993370164216,0.585635359116056,306.0624992707181,-4.124998541436128
55.95,306.0624992707181,6.249997790054735,0.8618784530386854,304.0,-2.0624992707180922
56.0,304.0,0.0,1.0,304.0,0.0
56.050000000000004,304.0,0.0,1.0,304.0,0.0
56.1,304.0,0.0,1.0,304.0,0.0
56.150000000000006,304.0,0.0,1.0,304.0,0.0
56.2,304.0,0.0,1.0,295.9250000000003,-8.074999999999704
56.25,295.9250000000003,0.0,1.0,284.0499999999994,-11.87500000000091
56.300000000000004,284.0499999999994,0.0,1.0,272.1750000000002,-11.874999999999204
56.35,272.1750000000002,0.0,1.0,260.2999999999993,-11.87500000000091
56.400000000000006,260.2999999999993,0.0,1.0,248.42500000000004,-11.874999999999233
56.45,248.42500000000004,0.0,1.0,242.04999709357824,-6.375002906421798
56.5,242.04999709357824,0.0,1.0,236.42499379082537,-5.625003302752873
56.550000000000004,236.42499379082537,0.0,1.0,230.79999048807332,-5.625003302752049
56.6,230.79999048807332,0.0,1.0,225.17498718532045,-5.625003302752873
56.650000000000006,225.17498718532045,0.0,1.0,219.54998927058796,-5.624997914732489
56.7,219.54998927058796,0.0,1.0,213.92499632941204,-5.624992941175918
56.75,213.92499632941204,0.0,1.0,209.86000052489203,-4.064995804520009
56.800000000000004,209.86000052489203,0.059999972374103275,1.0,207.48500161841736,-2.374998906474673
56.85,207.48500161841736,0.18499991482013992,1.0,205.11000271194231,-2.3749989064750423
56.900000000000006,205.11000271194231,0.30999985726619433,1.0,202.7350038054676,-2.3749989064747012
56.95,202.7350038054676,0.43499979971223096,1.0,200.3600048989929,-2.3749989064747012
57.0,200.3600048989929,0.5599997421582676,1.0,197.9850059925179,-2.374998906475014
57.050000000000004,197.9850059925179,0.684999684604322,1.0,195.61000378754102,-2.37500220497688
57.1,195.61000378754102,0.8099998006557363,1.0,193.23500129573753,-2.3750024918034853
57.150000000000006,193.23500129573753,0.934999931803288,1.0,191.760000808421,-1.475000487316521
57.2,191.760000808421,1.7199975747369318,1.0,191.26000099555554,-0.49999981286546813
57.25,191.26000099555554,3.219997013333381,0.777777777777768,190.76000060049375,-0.5000003950617895
57.300000000000004,190.76000060049375,4.719998198518702,0.4691358024690979,190.26000020543205,-0.5000003950617042
57.35,190.26000020543205,6.2199993837038114,0.16049382716047156,189.32499937391285,-0.9350008315192042
57.400000000000006,189.32499937391285,8.72500160000051,0.0,187.91874806956514,-1.4062513043477054
57.45,187.91874806956514,12.318754933333503,0.0,186.51249676521746,-1.406251304347677
57.5,186.51249676521746,15.912508266666496,0.0,185.10624639999992,-1.406250365217545
57.550000000000004,185.10624639999992,19.50625920000015,0.0,183.69999639999997,-1.4062499999999432
57.6,183.69999639999997,23.100009200000027,0.0,182.29374732903207,-1.4062490709679025
57.650000000000006,182.29374732903207,26.69375682580688,0.0,181.0222222512472,-1.2715250777848723
57.7,181.0222222512472,30.6222230349214,0.0,181.30000039183676,0.27777814058956096
57.75,181.30000039183676,38.400010971428976,0.0,181.57777847260394,0.27777808076717747
57.800000000000004,181.57777847260394,46.177797232910386,0.0,181.85555611467348,0.2777776420695375
57.85,181.85555611467348,53.95557121085734,0.0,182.13333375674304,0.2777776420695659
57.900000000000006,182.13333375674304,61.7333451888054,0.0,182.41111139881258,0.2777776420695375
57.95,182.41111139881258,69.51111916675237,0.0,182.68888904088212,0.2777776420695375
58.0,182.68888904088212,77.28889314469932,0.0,182.96666668295168,0.2777776420695659
58.050000000000004,182.96666668295168,85.06666712264737,0.0,183.8799985558975,0.913331872945804
58.1,183.8799985558975,89.07999494564119,0.0,184.8799977757378,0.9999992198403049
58.150000000000006,184.8799977757378,92.57999221508234,0.0,185.8799988249181,1.0000010491802982
58.2,185.8799988249181,96.0799958872133,0.0,186.87999987409836,1.0000010491802698
58.25,186.87999987409836,99.57999955934424,0.0,188.9555542913582,2.0755544172598377
58.300000000000004,188.9555542913582,98.0444457086418,0.0,191.1777750769922,2.2222207856339935
58.35,191.1777750769922,95.82222492300781,0.0,193.3999958626265,2.222220785634306
58.400000000000006,193.3999958626265,93.60000413737352,0.0,195.62221664826046,2.222220785633965
58.45,195.62221664826046,91.37778335173952,0.0,197.84444037091905,2.2222237226585833
58.5,197.84444037091905,89.15555962908095,0.0,200.0666643489714,2.222223978052341
58.550000000000004,200.0666643489714,86.93333565102861,0.0,202.2888883270234,2.222223978052
58.6,202.2888883270234,84.71111167297661,0.0,203.36428636059122,1.0753980335678364
58.650000000000006,203.36428636059122,83.75714242627252,0.0,203.90000051494258,0.5357141543513535
58.7,203.90000051494258,83.39999965670495,0.0,204.43571466929393,0.5357141543513535
58.75,204.43571466929393,83.04285688713738,0.0,204.97142882364537,0.5357141543514388
58.800000000000004,204.97142882364537,82.68571411756976,0.0,205.50714297799672,0.5357141543513535
58.85,205.50714297799672,82.32857134800219,0.0,206.02000003282055,0.5128570548238258
58.900000000000006,206.02000003282055,82.18000029538483,0.0,206.27000032,0.25000028717946066
58.95,206.27000032,84.43000288000003,0.0,206.52000031999998,0.24999999999997158
59.0,206.52000031999998,86.68000287999992,0.0,206.77000032,0.2500000000000284
59.050000000000004,206.77000032,88.93000288000012,0.0,207.02000032,0.25
59.1,207.02000032,91.18000288,0.0,207.27000032000004,0.2500000000000284
59.150000000000006,207.27000032000004,93.4300028800002,0.0,207.52000021787237,0.24999989787232835
59.2,207.52000021787237,95.68000196085116,0.0,207.77000010439716,0.24999988652479033
59.25,207.77000010439716,97.93000093957447,0.0,208.1400001518646,0.3700000474674425
59.300000000000004,208.1400001518646,100.0,0.0,209.89000205016964,1.7500018983050438
59.35,209.89000205016964,100.0,0.0,211.64000152510664,1.749999474936999
59.400000000000006,211.64000152510664,100.0,0.0,213.39000073078023,1.7499992056735891
59.45,213.39000073078023,100.0,0.0,215.1799999999999,1.7899992692196633
59.5,215.1799999999999,100.0,0.0,217.43000000000015,2.250000000000256
59.550000000000004,217.43000000000015,100.0,0.0,219.68000000000006,2.2499999999999147
59.6,219.68000000000006,100.0,0.0,221.9300000000003,2.2500000000002274
59.650000000000006,221.9300000000003,100.0,0.0,224.06666670252108,2.1366667025207846
59.7,224.06666670252108,100.0,0.0,224.90000048403365,0.8333337815125788
59.75,224.90000048403365,100.0,0.0,225.73333426554632,0.833333781512664
59.800000000000004,225.73333426554632,100.0,0.0,226.56666742479342,0.833333159247104
59.85,226.56666742479342,100.0,0.0,227.40000031735548,0.8333328925620549
59.900000000000006,227.40000031735548,100.0,0.0,228.46666743247872,1.0666671151232379
59.95,228.46666743247872,100.0,0.0,230.13333546666664,1.6666680341879214
60.0,230.13333546666664,100.0,0.0,231.80000213333346,1.6666666666668277
60.050000000000004,231.80000213333346,100.0,0.0,233.4666688000001,1.6666666666666288
60.1,233.4666688000001,100.0,0.0,235.13333526790916,1.6666664679090673
60.150000000000006,235.13333526790916,100.0,0.0,236.80000127204983,1.6666660041406658
60.2,236.80000127204983,100.0,0.0,238.46666727619052,1.6666660041406942
60.25,238.46666727619052,100.0,0.0,240.05000016842112,1.583332892230601
60.300000000000004,240.05000016842112,100.0,0.0,240.67500080000002,0.6250006315788994
60.35,240.67500080000002,100.0,0.0,241.30000080000008,0.6250000000000568
60.400000000000006,241.30000080000008,100.0,0.0,241.92500080000002,0.6249999999999432
60.45,241.92500080000002,100.0,0.0,242.5500008,0.6249999999999716
60.5,242.5500008,100.0,0.0,243.19090916775303,0.6409083677530418
60.550000000000004,243.19090916775303,100.0,0.0,243.87272762401372,0.6818184562606859
60.6,243.87272762401372,100.0,0.0,244.5545460802745,0.6818184562607712
60.650000000000006,244.5545460802745,100.0,0.0,245.23636449356198,0.6818184132874876
60.7,245.23636449356198,100.0,0.0,245.91818252009057,0.6818180265285889
60.75,245.91818252009057,100.0,0.0,246.60000054661927,0.6818180265287026
60.800000000000004,246.60000054661927,100.0,0.0,247.28181857314786,0.6818180265285889
60.85,247.28181857314786,100.0,0.0,247.96363659967656,0.6818180265287026
60.900000000000006,247.96363659967656,100.0,0.0,248.64545462620515,0.6818180265285889
60.95,248.64545462620515,100.0,0.0,249.30000049230767,0.6545458661025236
61.0,249.30000049230767,100.0,0.0,249.92500056859507,0.6250000762873924
61.050000000000004,249.92500056859507,100.0,0.0,250.5500002380165,0.6249996694214417
61.1,250.5500002380165,100.0,0.0,251.2722223686275,0.7222221306109873
61.150000000000006,251.2722223686275,100.0,0.0,252.2444451137255,0.9722227450980085
61.2,252.2444451137255,100.0,0.0,253.21666785882348,0.9722227450979801
61.25,253.21666785882348,100.0,0.0,254.18888928911227,0.9722214302887835
61.300000000000004,254.18888928911227,100.0,0.0,255.161110573311,0.9722212841987243
61.35,255.161110573311,100.0,0.0,256.13333185750986,0.9722212841988664
61.400000000000006,256.13333185750986,100.0,0.0,257.1055531417086,0.9722212841987243
61.45,257.1055531417086,100.0,0.0,258.066666623569,0.9611134818604228
61.5,258.066666623569,100.0,0.0,258.89999941818184,0.8333327946128293
61.550000000000004,258.89999941818184,100.0,0.0,259.7333322127946,0.8333327946127724
61.6,259.7333322127946,100.0,0.0,260.56666500740744,0.8333327946128293
61.650000000000006,260.56666500740744,100.0,0.0,261.3999981714286,0.8333331640211554
61.7,261.3999981714286,100.0,0.0,262.20071669188707,0.8007185204584744
61.75,262.20071669188707,100.0,0.0,262.9175620200552,0.7168453281681195
61.800000000000004,262.9175620200552,100.0,0.0,263.63440734822314,0.716845328167949
61.85,263.63440734822314,100.0,0.0,264.3512526763912,0.7168453281680627
61.900000000000006,264.3512526763912,100.0,0.0,265.0680980045592,0.7168453281680058
61.95,265.0680980045592,100.0,0.0,265.7849452788097,0.7168472742504832
62.0,265.7849452788097,100.0,0.0,266.2916667519026,0.5067214730929095
62.050000000000004,266.2916667519026,100.0,0.0,266.7083335403349,0.41666678843228055
62.1,266.7083335403349,100.0,0.0,267.12500032876716,0.41666678843228055
62.150000000000006,267.12500032876716,100.0,0.0,267.5416671171994,0.4166667884322237
62.2,267.5416671171994,100.0,0.0,267.9583334603174,0.4166663431180382
62.25,267.9583334603174,100.0,0.0,268.8999993806452,0.9416659203278073
62.300000000000004,268.8999993806452,100.0,0.0,269.8999986924731,0.999999311827878
62.35,269.8999986924731,100.0,0.0,270.89999800430115,0.9999993118280486
62.400000000000006,270.89999800430115,100.0,0.0,271.8999973161291,0.9999993118279349
62.45,271.8999973161291,100.0,0.0,272.899996627957,0.9999993118279349
62.5,272.899996627957,100.0,0.0,273.89999752533345,1.0000008973764238
62.550000000000004,273.89999752533345,100.0,0.0,274.9000011540984,1.0000036287649436
62.6,274.9000011540984,100.0,0.0,275.90000010491815,0.9999989508197586
62.650000000000006,275.90000010491815,100.0,0.0,276.7020276681004,0.8020275631822642
62.7,276.7020276681004,100.0,0.0,277.48205841043415,0.7800307423337358
62.75,277.48205841043415,100.0,0.0,278.262089152768,0.7800307423338495
62.800000000000004,278.262089152768,100.0,0.0,279.04211989510173,0.7800307423337358
62.85,279.04211989510173,100.0,0.0,279.8221506374356,0.7800307423338495
62.900000000000006,279.8221506374356,100.0,0.0,280.60218163980386,0.7800310023682755
62.95,280.60218163980386,100.0,0.0,281.3822131947455,0.7800315549416155
63.0,281.3822131947455,100.0,0.0,282.16224474968715,0.7800315549416723
63.050000000000004,282.16224474968715,100.0,0.0,282.94227630462876,0.7800315549416155
63.1,282.94227630462876,100.0,0.0,283.7223078595705,0.7800315549417292
63.150000000000006,283.7223078595705,100.0,0.0,284.5023394145121,0.7800315549416155
63.2,284.5023394145121,100.0,0.0,285.2823709694537,0.7800315549416155
63.25,285.2823709694537,100.0,0.0,286.0571429832513,0.7747720137975875
63.300000000000004,286.0571429832513,100.0,0.0,286.77143027389167,0.7142872906403568
63.35,286.77143027389167,100.0,0.0,287.4857157353926,0.7142854615009355
63.400000000000006,287.4857157353926,100.0,0.0,288.20000103783786,0.714285302445262
63.45,288.20000103783786,100.0,0.0,288.9142863402831,0.714285302445262
63.5,288.9142863402831,100.0,0.0,289.6285716427285,0.7142853024453757
63.550000000000004,289.6285716427285,100.0,0.0,290.15000013913044,0.5214284964019384
63.6,290.15000013913044,100.0,0.0,290.46250042898555,0.3125002898551088
63.650000000000006,290.46250042898555,100.0,0.0,290.7750007188406,0.31250028985505196
63.7,290.7750007188406,100.0,0.0,291.19444428691986,0.4194435680792594
63.75,291.19444428691986,100.0,0.0,291.8888881687765,0.6944438818566141
63.800000000000004,291.8888881687765,100.0,0.0,292.5833320506329,0.6944438818564436
63.85,292.5833320506329,100.0,0.0,293.27777605280534,0.6944440021724176
63.900000000000006,293.27777605280534,100.0,0.0,293.97222093729374,0.694444884488405
63.95,293.97222093729374,100.0,0.0,294.66666582178215,0.694444884488405
64.0,294.66666582178215,100.0,0.0,295.36111070627055,0.694444884488405
64.05,295.36111070627055,100.0,0.0,296.0400000882759,0.6788893820053659
64.10000000000001,296.0400000882759,100.0,0.0,296.54000119172423,0.5000011034483123
64.15,296.54000119172423,100.0,0.0,297.0400008653521,0.4999996736278831
64.2,297.0400008653521,100.0,0.0,297.54000041464786,0.49999954929575097
64.25,297.54000041464786,100.0,0.0,298.0272727628942,0.4872723482463357
64.3,298.0272727628942,100.0,0.0,298.3681822990724,0.34090953617817377
64.35000000000001,298.3681822990724,100.0,0.0,298.70909172363633,0.3409094245639608
64.4,298.70909172363633,100.0,0.0,299.05000032969696,0.3409086060606228
64.45,299.05000032969696,100.0,0.0,299.3909089357576,0.3409086060606228
64.5,299.3909089357576,100.0,0.0,299.7318175418182,0.3409086060606228
64.55,299.7318175418182,100.0,0.0,300.0727264000001,0.34090885818187644
64.60000000000001,300.0727264000001,100.0,0.0,300.41363549090914,0.34090909090906507
64.65,300.41363549090914,100.0,0.0,300.7545445818182,0.34090909090906507
64.7,300.7545445818182,100.0,0.0,301.0,0.24545541818179117
64.75,301.0,100.0,0.0,301.0,0.0
64.8,301.0,100.0,0.0,301.0,0.0
64.85000000000001,301.0,100.0,0.0,301.0,0.0
64.9,301.0,100.0,0.0,301.0,0.0
64.95,301.0,100.0,0.0,301.0,0.0
65.0,301.0,100.0,0.0,302.0199999999998,1.0199999999998113
65.05,302.0199999999998,100.0,0.0,303.52000000000027,1.5000000000004547
65.10000000000001,303.52000000000027,100.0,0.0,305.02000000000027,1.5
65.15,305.02000000000027,100.0,0.0,306.52000000000027,1.5
65.2,306.52000000000027,100.0,0.0,307.1700001844068,0.6500001844065082
65.25,307.1700001844068,100.0,0.0,307.42000026326235,0.25000007885557807
65.3,307.42000026326235,100.0,0.0,307.67000014978726,0.249999886524904
65.35000000000001,307.67000014978726,100.0,0.0,307.9200000363121,0.24999988652484717
65.4,307.9200000363121,100.0,0.0,308.2833335164984,0.3633334801862702
65.45,308.2833335164984,100.0,0.0,308.7000004525252,0.4166669360268429
65.5,308.7000004525252,100.0,0.0,309.11666706761224,0.4166666150870242
65.55,309.11666706761224,100.0,0.0,309.5333335451537,0.4166664775414688
65.60000000000001,309.5333335451537,100.0,0.0,309.950000022695,0.41666647754129826
65.65,309.950000022695,100.0,0.0,310.412500147486,0.46250012479100633
65.7,310.412500147486,100.0,0.0,310.8812503150838,0.46875016759776145
65.75,310.8812503150838,100.0,0.0,311.35000048268154,0.46875016759776145
65.8,311.35000048268154,100.0,0.0,311.81875053617034,0.4687500534888045
65.85000000000001,311.81875053617034,100.0,0.0,312.28750032340434,0.4687497872340032
65.9,312.28750032340434,100.0,0.0,312.75625011063835,0.4687497872340032
65.95,312.75625011063835,100.0,0.0,313.0,0.2437498893616521
66.0,313.0,100.0,0.0,313.0,0.0
66.05,313.0,100.0,0.0,313.0,0.0
66.10000000000001,313.0,100.0,0.0,313.08750002814077,0.08750002814076652
66.15,313.08750002814077,100.0,0.0,313.4000001286433,0.3125001005025183
66.2,313.4000001286433,100.0,0.0,313.71250022914575,0.31250010050246146
66.25,313.71250022914575,100.0,0.0,314.02500032964826,0.3125001005025183
66.3,314.02500032964826,100.0,0.0,314.3375004000001,0.31250007035185945
66.35000000000001,314.3375004000001,100.0,0.0,314.65000040000007,0.31249999999994316
66.4,314.65000040000007,100.0,0.0,314.9625004,0.31249999999994316
66.45,314.9625004,100.0,0.0,315.2750004,0.3125
66.5,315.2750004,100.0,0.0,315.58750039999995,0.31249999999994316
66.55,315.58750039999995,100.0,0.0,315.9000001049181,0.31249970491813883
66.60000000000001,315.9000001049181,100.0,0.0,316.17,0.26999989508192357
66.65,316.17,100.0,0.0,316.42,0.25
66.7,316.42,100.0,0.0,316.67,0.25
66.75,316.67,100.0,0.0,316.91999999999996,0.24999999999994316
66.8,316.91999999999996,100.0,0.0,317.2833338432064,0.36333384320641926
66.85000000000001,317.2833338432064,100.0,0.0,317.70000043167164,0.4166665884652616
66.9,317.70000043167164,100.0,0.0,318.1166670201369,0.4166665884652616
66.95,318.1166670201369,100.0,0.0,318.53333360860216,0.4166665884652616
67.0,318.53333360860216,100.0,0.0,318.9500001970674,0.4166665884652616
67.05,318.9500001970674,100.0,0.0,319.3666667855328,0.4166665884653753
67.10000000000001,319.3666667855328,100.0,0.0,319.78333337399806,0.4166665884652616
67.15,319.78333337399806,100.0,0.0,320.0,0.2166666260019383
67.2,320.0,100.0,0.0,320.0,0.0
67.25,320.0,100.0,0.0,320.0,0.0
67.3,320.0,100.0,0.0,320.05833337104383,0.05833337104382963
67.35000000000001,320.05833337104383,100.0,0.0,320.2666668390572,0.20833346801339303
67.4,320.2666668390572,100.0,0.0,320.47500023829787,0.20833339924064376
67.45,320.47500023829787,100.0,0.0,320.6833334770686,0.20833323877070598
67.5,320.6833334770686,100.0,0.0,320.8916667158393,0.20833323877070598
67.55,320.8916667158393,100.0,0.0,321.12000004830196,0.2283333324626824
67.60000000000001,321.12000004830196,100.0,0.0,321.37000014893084,0.2500001006288812
67.65,321.37000014893084,100.0,0.0,321.6200002495598,0.25000010062893807
67.7,321.6200002495598,100.0,0.0,321.8700002029268,0.2499999533670234
67.75,321.8700002029268,100.0,0.0,322.15,0.2799997970731738
67.8,322.15,100.0,0.0,322.46250000000003,0.31250000000005684
67.85000000000001,322.46250000000003,100.0,0.0,322.77500000000003,0.3125
67.9,322.77500000000003,100.0,0.0,323.0,0.2249999999999659
67.95,323.0,100.0,0.0,323.0,0.0
68.0,323.0,100.0,0.0,323.0,0.0
68.05,323.0,100.0,0.0,323.0,0.0
68.10000000000001,323.0,100.0,0.0,323.0,0.0
68.15,323.0,100.0,0.0,323.0,0.0
68.2,323.0,100.0,0.0,323.0,0.0
68.25,323.0,100.0,0.0,323.0,0.0
68.3,323.0,100.0,0.0,323.0,0.0
68.35000000000001,323.0,100.0,0.0,323.0,0.0
68.4,323.0,100.0,0.0,323.0,0.0
68.45,323.0,100.0,0.0,323.0,0.0
68.5,323.0,100.0,0.0,323.0,0.0
68.55,323.0,100.0,0.0,323.0,0.0
68.60000000000001,323.0,100.0,0.0,323.0,0.0
68.65,323.0,100.0,0.0,323.1874995443038,0.18749954430381877
68.7,323.1874995443038,100.0,0.0,323.3958325333333,0.20833298902948627
68.75,323.3958325333333,100.0,0.0,323.6041658666667,0.20833333333337123
68.8,323.6041658666667,100.0,0.0,323.81249920000005,0.20833333333337123
68.85000000000001,323.81249920000005,100.0,0.0,324.02083253333336,0.20833333333331439
68.9,324.02083253333336,100.0,0.0,324.2291659303483,0.2083333970149397
68.95,324.2291659303483,100.0,0.0,324.43749946268656,0.20833353233825846
69.0,324.43749946268656,100.0,0.0,324.6458329950249,0.2083335323383153
69.05,324.6458329950249,100.0,0.0,324.8541665273632,0.2083335323383153
69.10000000000001,324.8541665273632,100.0,0.0,325.0374065303372,0.1832400029740029
69.15,325.0374065303372,100.0,0.0,325.16209493115275,0.12468840081555754
69.2,325.16209493115275,100.0,0.0,325.28678308526304,0.124688154110288
69.25,325.28678308526304,100.0,0.0,325.4114712393733,0.124688154110288
69.3,325.4114712393733,100.0,0.0,325.5361593934836,0.124688154110288
69.35000000000001,325.5361593934836,100.0,0.0,325.6608475475939,0.124688154110288
69.4,325.6608475475939,100.0,0.0,325.7855359003611,0.12468835276717982
69.45,325.7855359003611,100.0,0.0,325.9102243303837,0.12468843002261565
69.5,325.9102243303837,100.0,0.0,326.0,0.08977566961630146
69.55,326.0,100.0,0.0,326.0,0.0
69.60000000000001,326.0,100.0,0.0,326.0,0.0
69.65,326.0,100.0,0.0,326.0,0.0
69.7,326.0,100.0,0.0,326.0,0.0
69.75,326.0,100.0,0.0,326.0,0.0
69.8,326.0,100.0,0.0,326.0,0.0
69.85000000000001,326.0,100.0,0.0,326.0,0.0
69.9,326.0,100.0,0.0,326.0875,0.08749999999997726
69.95,326.0875,100.0,0.0,326.4,0.3125
70.0,326.4,100.0,0.0,326.7125,0.3125
70.05,326.7125,100.0,0.0,327.0,0.28750000000002274
70.10000000000001,327.0,100.0,0.0,327.0,0.0
70.15,327.0,100.0,0.0,327.0,0.0
70.2,327.0,100.0,0.0,327.0,0.0
70.25,327.0,100.0,0.0,327.0,0.0
70.3,327.0,100.0,0.0,327.0,0.0
70.35000000000001,327.0,100.0,0.0,327.0,0.0
70.4,327.0,100.0,0.0,327.0,0.0
70.45,327.0,100.0,0.0,327.0,0.0
70.5,327.0,100.0,0.0,327.0,0.0
70.55,327.0,100.0,0.0,327.0,0.0
70.60000000000001,327.0,100.0,0.0,327.0,0.0
70.65,327.0,100.0,0.0,327.0,0.0
70.7,327.0,100.0,0.0,327.0,0.0
70.75,327.0,100.0,0.0,327.0,0.0
70.8,327.0,100.0,0.0,327.0,0.0
70.85000000000001,327.0,100.0,0.0,327.0,0.0
70.9,327.0,100.0,0.0,327.0,0.0
70.95,327.0,100.0,0.0,327.0,0.0
71.0,327.0,99.69999987114093,0.0,327.0,0.0
71.05,327.0,99.0749996026846,0.0,327.0,0.0
71.10000000000001,327.0,98.44999933422808,0.0,327.0,0.0
71.15,327.0,97.82499906577175,0.0,327.0,0.0
71.2,327.0,97.1999987973154,0.0,327.0,0.0
71.25,327.0,96.57499852885907,0.0,327.0,0.0
71.3,327.0,95.9499988078432,0.0,327.0,0.0
71.35000000000001,327.0,95.3249995921568,0.0,326.64,-0.36000000000001364
71.4,326.64,83.59999999999891,0.12000000000001138,325.89,-0.75
71.45,325.89,59.84999999999892,0.3700000000000114,325.14,-0.75
71.5,325.14,36.09999999999892,0.6200000000000113,324.39,-0.75
71.55,324.39,12.349999999998914,0.8700000000000113,319.9999792432409,-4.3900207567591
71.60000000000001,319.9999792432409,0.0,1.0,311.6666507147131,-8.333328528527773
71.65,311.6666507147131,0.0,1.0,303.3333221861854,-8.333328528527716
71.7,303.3333221861854,0.0,1.0,294.9999936576577,-8.333328528527716
71.75,294.9999936576577,0.0,1.0,286.6666651291299,-8.333328528527773
71.8,286.6666651291299,0.0,1.0,280.74166491428514,-5.925000214844772
71.85000000000001,280.74166491428514,0.0,1.0,275.9499956705879,-4.791669243697243
71.9,275.9499956705879,0.0,1.0,271.15832796033044,-4.791667710257457
71.95,271.15832796033044,0.0,1.0,266.36666382809915,-4.79166413223129
72.0,266.36666382809915,0.0,1.0,261.5749996958678,-4.791664132231347
72.05,261.5749996958678,0.0,1.0,257.5166628881346,-4.0583368077332125
72.10000000000001,257.5166628881346,0.0,1.0,253.5583292464082,-3.958333641726398
72.15,253.5583292464082,0.0,1.0,249.599997312707,-3.958331933701203
72.2,249.599997312707,0.0,1.0,245.64166537900581,-3.9583319337011744
72.25,245.64166537900581,0.0,1.0,241.84999975384645,-3.791665625159368
72.3,241.84999975384645,0.03333338803412123,1.0,239.97499759999945,-1.8750021538469923
72.35000000000001,239.97499759999945,0.4500005333334518,1.0,238.09999759999965,-1.874999999999801
72.4,238.09999759999965,0.866667200000079,1.0,236.22499759999982,-1.8749999999998295
72.45,236.22499759999982,1.2833338666667062,1.0,234.3499976,-1.8749999999998295
72.5,234.3499976,1.7000005333333332,1.0,232.56249976470602,-1.7874978352939763
72.55,232.56249976470602,2.175000094117595,1.0,230.99999892436952,-1.5625008403364973
72.60000000000001,230.99999892436952,2.800000430252192,1.0,229.43749808403348,-1.5625008403360425
72.65,229.43749808403348,3.4250007663866113,1.0,227.8749984477611,-1.5624996362723778
72.7,227.8749984477611,4.050000620895562,0.7761194029850588,226.31249894527357,-1.5624995024875261
72.75,226.31249894527357,4.675000421890572,0.5273631840795922,224.74999944278605,-1.5624995024875261
72.8,224.74999944278605,5.300000222885582,0.27860696517412553,223.18749994029807,-1.5624995024879809
72.85000000000001,223.18749994029807,5.92500002388077,0.02985074626858819,221.7624994302156,-1.4250005100824694
72.9,221.7624994302156,6.1375000633093775,0.0,220.3562487827338,-1.4062506474818122
72.95,220.3562487827338,6.293750135251804,0.0,218.9499982497239,-1.4062505330098816
73.0,218.9499982497239,6.450000194475124,0.0,217.5437487469615,-1.4062495027623925
73.05,217.5437487469615,6.606250139226499,0.0,216.13749924419875,-1.406249502762762
73.10000000000001,216.13749924419875,6.762500083977917,0.0,214.73124974143636,-1.4062495027623925
73.15,214.73124974143636,6.918750028729292,0.0,213.3999990153846,-1.3312507260517634
73.2,213.3999990153846,8.600002625641025,0.0,212.14999840000004,-1.2500006153845504
73.25,212.14999840000004,11.933337599999867,0.0,210.89999840000004,-1.25
73.3,210.89999840000004,15.266670933333149,0.0,209.64999839999973,-1.2500000000003126
73.35000000000001,209.64999839999973,18.600004266667376,0.0,208.39999878095213,-1.2499996190475997
73.4,208.39999878095213,21.933336584127616,0.0,207.71666666666664,-0.6833321142854913
73.45,207.71666666666664,31.64166666666787,0.0,207.3,-0.41666666666662877
73.5,207.3,44.349999999999994,0.0,206.88333333333338,-0.41666666666662877
73.55,206.88333333333338,57.05833333333213,0.0,206.46666666666664,-0.41666666666674246
73.60000000000001,206.46666666666664,69.76666666666787,0.0,206.05,-0.41666666666662877
73.65,206.05,82.475,0.0,206.82500029497206,0.7750002949720454
73.7,206.82500029497206,84.68750024581006,0.0,207.7625006301676,0.9375003351955513
73.75,207.7625006301676,85.46875052513967,0.0,208.70000096536316,0.9375003351955513
73.8,208.70000096536316,86.2500008044693,0.0,209.63750107234068,0.9375001069775237
73.85000000000001,209.63750107234068,87.03125089361724,0.0,210.5750006468087,0.9374995744680064
73.9,210.5750006468087,87.81250053900723,0.0,211.5125002212767,0.9374995744680064
73.95,211.5125002212767,88.59375018439724,0.0,212.3,0.7874997787233156
74.0,212.3,90.65000000000009,0.0,212.92499999999998,0.6249999999999716
74.05,212.92499999999998,94.08749999999998,0.0,213.55000000000015,0.6250000000001705
74.10000000000001,213.55000000000015,97.52500000000083,0.0,214.35000057435923,0.8000005743590748
74.15,214.35000057435923,100.0,0.0,215.60000140099515,1.250000826635926
74.2,215.60000140099515,100.0,0.0,216.8500010029851,1.2499996019899413
74.25,216.8500010029851,100.0,0.0,218.100000604975,1.249999601989913
74.3,218.100000604975,100.0,0.0,219.3500002069653,1.2499996019902824
74.35000000000001,219.3500002069653,100.0,0.0,220.30000032542375,0.9500001184584619
74.4,220.30000032542375,100.0,0.0,220.92500068118812,0.6250003557643709
74.45,220.92500068118812,100.0,0.0,221.55000028514849,0.6249996039603616
74.5,221.55000028514849,100.0,0.0,222.31111151746023,0.7611112323117482
74.55,222.31111151746023,100.0,0.0,223.42222407981876,1.111112562358528
74.60000000000001,223.42222407981876,100.0,0.0,224.5333356720989,1.111111592280139
74.65,224.5333356720989,100.0,0.0,225.64444520296308,1.1111095308641836
74.7,225.64444520296308,100.0,0.0,226.75555473382727,1.1111095308641836
74.75,226.75555473382727,100.0,0.0,227.86666426469142,1.1111095308641552
74.8,227.86666426469142,100.0,0.0,228.9777761821141,1.1111119174226758
74.85000000000001,228.9777761821141,100.0,0.0,230.0750000000001,1.0972238178860039
74.9,230.0750000000001,100.0,0.0,231.01250000000007,0.9374999999999716
74.95,231.01250000000007,100.0,0.0,231.95000000000002,0.9374999999999432
75.0,231.95000000000002,100.0,0.0,232.8875,0.9374999999999716
75.05,232.8875,100.0,0.0,233.73640310160675,0.8489031016067656
75.10000000000001,233.73640310160675,100.0,0.0,234.5732232652577,0.8368201636509411
75.15,234.5732232652577,100.0,0.0,235.4100428289619,0.8368195637042106
75.2,235.4100428289619,100.0,0.0,236.24686239266615,0.836819563704239
75.25,236.24686239266615,100.0,0.0,237.10227256226116,0.855410169595018
75.3,237.10227256226116,100.0,0.0,238.1249981848741,1.0227256226129384
75.35000000000001,238.1249981848741,100.0,0.0,239.14772380748673,1.0227256226126258
75.4,239.14772380748673,100.0,0.0,240.17045061818186,1.0227268106951328
75.45,240.17045061818186,100.0,0.0,241.1931778909091,1.022727272727252
75.5,241.1931778909091,100.0,0.0,242.21590516363634,1.0227272727272236
75.55,242.21590516363634,100.0,0.0,243.2386330705818,1.0227279069454767
75.60000000000001,243.2386330705818,100.0,0.0,244.26136156295894,1.0227284923771265
75.65,244.26136156295894,100.0,0.0,245.28409005533604,1.022728492377098
75.7,245.28409005533604,100.0,0.0,246.28124966037737,0.9971596050413325
75.75,246.28124966037737,100.0,0.0,247.2187485283018,0.9374988679244325
75.8,247.2187485283018,100.0,0.0,248.15624739622652,0.9374988679247167
75.85000000000001,248.15624739622652,100.0,0.0,249.0995025548211,0.9432551585945816
75.9,249.0995025548211,100.0,0.0,250.09452810303006,0.9950255482089574
75.95,250.09452810303006,100.0,0.0,251.08955365123902,0.9950255482089574
76.0,251.08955365123902,100.0,0.0,252.08457919944797,0.9950255482089574
76.05,252.08457919944797,100.0,0.0,253.02500002318843,0.9404208237404532
76.10000000000001,253.02500002318843,100.0,0.0,253.3375003130435,0.3125002898550804
76.15,253.3375003130435,100.0,0.0,253.6500006028986,0.3125002898550804
76.2,253.6500006028986,100.0,0.0,253.96250021818182,0.31249961528322956
76.25,253.96250021818182,100.0,0.0,254.91666666666663,0.9541664484848127
76.3,254.91666666666663,100.0,0.0,255.95833333333354,1.041666666666913
76.35000000000001,255.95833333333354,100.0,0.0,257.00000000000017,1.0416666666666288
76.4,257.00000000000017,100.0,0.0,258.0416666666668,1.0416666666666288
76.45,258.0416666666668,100.0,0.0,259.03333322105266,0.9916665543858585
76.5,259.03333322105266,100.0,0.0,259.4499989333333,0.41666571228063276
76.55,259.4499989333333,100.0,0.0,259.86666560000003,0.41666666666674246
76.60000000000001,259.86666560000003,100.0,0.0,260.2833322666667,0.4166666666666856
76.65,260.2833322666667,100.0,0.0,260.6999989333334,0.4166666666666856
76.7,260.6999989333334,100.0,0.0,261.27999905684203,0.5800001235086256
76.75,261.27999905684203,100.0,0.0,262.2799978508644,0.9999987940223605
76.80000000000001,262.2799978508644,100.0,0.0,263.27999864098774,1.0000007901233516
76.85000000000001,263.27999864098774,100.0,0.0,264.2799994311111,1.0000007901233516
76.9,264.2799994311111,100.0,0.0,265.1750003862069,0.8950009550957816
76.95,265.1750003862069,100.0,0.0,265.80000151272725,0.6250011265203739
77.0,265.80000151272725,100.0,0.0,266.4250007854547,0.6249992727274503
77.05000000000001,266.4250007854547,100.0,0.0,267.0500000581819,0.6249992727272229
77.10000000000001,267.0500000581819,100.0,0.0,267.67499933090915,0.6249992727272229
77.15,267.67499933090915,100.0,0.0,268.2999986036364,0.6249992727272797
77.2,268.2999986036364,100.0,0.0,268.92499887213114,0.6250002684947162
77.25,268.92499887213114,100.0,0.0,269.54999952786903,0.6250006557378924
77.30000000000001,269.54999952786903,100.0,0.0,270.24999979746855,0.7000002695995136
77.35000000000001,270.24999979746855,100.0,0.0,271.1428562169983,0.8928564195297781
77.4,271.1428562169983,100.0,0.0,272.0357126365281,0.8928564195297781
77.45,272.0357126365281,100.0,0.0,272.9285692552693,0.8928566187411775
77.5,272.9285692552693,100.0,0.0,273.8214273348948,0.8928580796255119
77.55000000000001,273.8214273348948,100.0,0.0,274.7142854145201,0.8928580796252845
77.60000000000001,274.7142854145201,100.0,0.0,275.6374978526317,0.9232124381116478
77.65,275.6374978526317,100.0,0.0,276.57499850491814,0.9375006522864169
77.7,276.57499850491814,100.0,0.0,277.51249948852467,0.937500983606526
77.75,277.51249948852467,100.0,0.0,278.3000002157305,0.7875007272058383
77.80000000000001,278.3000002157305,100.0,0.0,278.9250006651687,0.6250004494381756
77.85000000000001,278.9250006651687,100.0,0.0,279.55000111460686,0.6250004494381756
77.9,279.55000111460686,100.0,0.0,280.17500156404503,0.6250004494381756
77.95,280.17500156404503,100.0,0.0,280.8000010816902,0.6249995176451648
78.0,280.8000010816902,100.0,0.0,281.42500051831,0.6249994366198166
78.05000000000001,281.42500051831,100.0,0.0,282.0333335703704,0.6083330520604022
78.10000000000001,282.0333335703704,100.0,0.0,282.4500008936937,0.4166673233232814
78.15,282.4500008936937,100.0,0.0,282.86666732012014,0.41666642642644547
78.2,282.86666732012014,100.0,0.0,283.28333374654653,0.4166664264263886
78.25,283.28333374654653,100.0,0.0,283.7000001729731,0.41666642642655916
78.30000000000001,283.7000001729731,100.0,0.0,284.2100001701267,0.5099999971536135
78.35000000000001,284.2100001701267,100.0,0.0,284.9600007777216,0.7500006075948704
78.4,284.9600007777216,100.0,0.0,285.71000068231405,0.749999904592471
78.45,285.71000068231405,100.0,0.0,286.4600002856198,0.7499996033057528
78.5,286.4600002856198,100.0,0.0,287.0700000452526,0.6099997596327853
78.55000000000001,287.0700000452526,100.0,0.0,287.3200002068687,0.2500001616161285
78.60000000000001,287.3200002068687,100.0,0.0,287.5700002724752,0.250000065606514
78.65,287.5700002724752,100.0,0.0,287.8200001140594,0.249999841584156
78.7,287.8200001140594,100.0,0.0,288.2916668552188,0.4716667411594244
78.75,288.2916668552188,100.0,0.0,289.3333341952865,1.0416673400677041
78.80000000000001,289.3333341952865,100.0,0.0,290.3750011914897,1.041666996203162
78.85000000000001,290.3750011914897,100.0,0.0,291.416667385343,1.0416661938533025
78.9,291.416667385343,100.0,0.0,292.45833357919633,1.0416661938533593
78.95,292.45833357919633,100.0,0.0,293.1714287103074,0.7130951311110607
79.0,293.1714287103074,100.0,0.0,293.52857185678124,0.35714314647384526
79.05000000000001,293.52857185678124,100.0,0.0,293.88571464051176,0.35714278373052366
79.10000000000001,293.88571464051176,100.0,0.0,294.24285738393746,0.3571427434256975
79.15,294.24285738393746,100.0,0.0,294.6000001273632,0.35714274342575436
79.2,294.6000001273632,100.0,0.0,294.9571428707889,0.3571427434256975
79.25,294.9571428707889,100.0,0.0,295.3142859174604,0.35714304667146735
79.30000000000001,295.3142859174604,100.0,0.0,295.67142900548345,0.35714308802306505
79.35000000000001,295.67142900548345,100.0,0.0,296.02857177206,0.3571427665765441
79.4,296.02857177206,100.0,0.0,296.3857145029203,0.35714273086028925
79.45,296.3857145029203,100.0,0.0,296.74285723378057,0.35714273086028925
79.5,296.74285723378057,100.0,0.0,297.1750000704404,0.432142836659807
79.55000000000001,297.1750000704404,100.0,0.0,297.8000003220127,0.6250002515723168
79.60000000000001,297.8000003220127,100.0,0.0,298.42500057358507,0.6250002515723736
79.65,298.42500057358507,100.0,0.0,299.0500007751554,0.6250002015703444
79.7,299.0500007751554,100.0,0.0,299.6750005267082,0.6249997515527639
79.75,299.6750005267082,100.0,0.0,300.3000002782611,0.6249997515529344
79.80000000000001,300.3000002782611,100.0,0.0,300.9250000298138,0.624999751552707
79.85000000000001,300.9250000298138,100.0,0.0,301.4714292429165,0.5464292131026696
79.9,301.4714292429165,100.0,0.0,302.0071433863664,0.5357141434499226
79.95,302.0071433863664,100.0,0.0,302.5428575298163,0.5357141434498658
80.0,302.5428575298163,100.0,0.0,303.0785716732663,0.5357141434500363
80.05000000000001,303.0785716732663,100.0,0.0,303.6142858167162,0.5357141434498658
80.10000000000001,303.6142858167162,100.0,0.0,304.1500000969698,0.5357142802536146
80.15,304.1500000969698,100.0,0.0,304.68571472900436,0.5357146320345691
80.2,304.68571472900436,100.0,0.0,305.22142925714286,0.5357145281384987
80.25,305.22142925714286,100.0,0.0,305.75714354285725,0.5357142857143913
80.30000000000001,305.75714354285725,100.0,0.0,306.2928578285715,0.5357142857142776
80.35000000000001,306.2928578285715,100.0,0.0,306.82857211428575,0.5357142857142208
80.4,306.82857211428575,100.0,0.0,307.17,0.34142788571426763
80.45,307.17,100.0,0.0,307.42,0.25
80.5,307.42,100.0,0.0,307.6700000000001,0.25000000000005684
80.55000000000001,307.6700000000001,100.0,0.0,307.9200000000001,0.25
80.60000000000001,307.9200000000001,100.0,0.0,308.42500000000007,0.5049999999999955
80.65,308.42500000000007,100.0,0.0,309.05000000000007,0.625
80.7,309.05000000000007,100.0,0.0,309.67500000000007,0.625
80.75,309.67500000000007,100.0,0.0,310.0,0.3249999999999318
80.80000000000001,310.0,100.0,0.0,310.0,0.0
80.85000000000001,310.0,100.0,0.0,310.0,0.0
80.9,310.0,100.0,0.0,310.0,0.0
80.95,310.0,100.0,0.0,310.0,0.0
81.0,310.0,100.0,0.0,310.0,0.0
81.05000000000001,310.0,100.0,0.0,310.5500000000001,0.5500000000001251
81.10000000000001,310.5500000000001,100.0,0.0,311.17500000000007,0.6249999999999432
81.15,311.17500000000007,100.0,0.0,311.8,0.6249999999999432
81.2,311.8,100.0,0.0,312.42499999999995,0.6249999999999432
81.25,312.42499999999995,100.0,0.0,313.02857139757873,0.6035713975787758
81.30000000000001,313.02857139757873,100.0,0.0,313.38571386731235,0.35714246973361696
81.35000000000001,313.38571386731235,100.0,0.0,313.742856337046,0.3571424697336738
81.4,313.742856337046,100.0,0.0,314.09999918921835,0.35714285217233055
81.45,314.09999918921835,100.0,0.0,314.4571421901168,0.35714300089847484
81.5,314.4571421901168,100.0,0.0,314.81428519101536,0.3571430008985317
0.0,314.42500022857143,100.0,0.0,314.60357158615795,0.1785713575865202
0.05,314.60357158615795,100.0,0.0,314.7821429437445,0.1785713575865202
0.1,314.7821429437445,100.0,0.0,314.960714301331,0.1785713575865202
0.15000000000000002,314.960714301331,100.0,0.0,315.24375082105263,0.2830365197216338
0.2,315.24375082105263,100.0,0.0,315.55625082718444,0.3125000061318133
0.25,315.55625082718444,100.0,0.0,315.8687502446602,0.31249941747574894
0.30000000000000004,315.8687502446602,100.0,0.0,316.14500015728817,0.27624991262797494
0.35000000000000003,316.14500015728817,100.0,0.0,316.3950004284746,0.25000027118642265
0.4,316.3950004284746,100.0,0.0,316.645000699661,0.25000027118642265
0.45,316.645000699661,100.0,0.0,316.89500087652175,0.2500001768607376
0.5,316.89500087652175,100.0,0.0,317.090625053211,0.19562417668925036
0.55,317.090625053211,100.0,0.0,317.2468751449541,0.156250091743118
0.6000000000000001,317.2468751449541,100.0,0.0,317.40312523669724,0.156250091743118
0.65,317.40312523669724,100.0,0.0,317.55937532844035,0.156250091743118
0.7000000000000001,317.55937532844035,100.0,0.0,317.71562535686274,0.15625002842239155
0.75,317.71562535686274,100.0,0.0,317.8718751607843,0.1562498039215825
0.8,317.8718751607843,100.0,0.0,318.0843750495413,0.2124998887569518
0.8500000000000001,318.0843750495413,100.0,0.0,318.55312532477063,0.468750275229354
0.9,318.55312532477063,100.0,0.0,319.0218756,0.468750275229354
0.9500000000000001,319.0218756,100.0,0.0,319.49062587522934,0.468750275229354
1.0,319.49062587522934,100.0,0.0,319.9593761504587,0.468750275229354
1.05,319.9593761504587,100.0,0.0,320.42812571764705,0.4687495671883539
1.1,320.42812571764705,100.0,0.0,320.89687512941174,0.46874941176469065
1.1500000000000001,320.89687512941174,100.0,0.0,321.1218750490566,0.22499991964485844
1.2000000000000002,321.1218750490566,100.0,0.0,321.2781251119497,0.1562500628930934
1.25,321.2781251119497,100.0,0.0,321.4343751748428,0.1562500628930934
1.3,321.4343751748428,100.0,0.0,321.5906252377359,0.1562500628930934
1.35,321.5906252377359,100.0,0.0,321.7468753006289,0.15625006289303656
1.4000000000000001,321.7468753006289,100.0,0.0,321.903125363522,0.1562500628930934
1.4500000000000002,321.903125363522,100.0,0.0,322.07916666666665,0.17604130314464328
1.5,322.07916666666665,100.0,0.0,322.2875,0.20833333333337123
1.55,322.2875,100.0,0.0,322.49583333333334,0.20833333333331439
1.6,322.49583333333334,100.0,0.0,322.70416666666665,0.20833333333331439
1.6500000000000001,322.70416666666665,100.0,0.0,322.9125,0.20833333333337123
1.7000000000000002,322.9125,100.0,0.0,323.29000018747473,0.37750018747470904
1.75,323.29000018747473,100.0,0.0,323.7900005107071,0.5000003232323706
1.8,323.7900005107071,100.0,0.0,324.2900008339394,0.5000003232323138
1.85,324.2900008339394,100.0,0.0,324.79000115717173,0.5000003232323138
1.9000000000000001,324.79000115717173,100.0,0.0,325.18125014683545,0.39124898966372257
1.9500000000000002,325.18125014683545,100.0,0.0,325.4937504,0.31250025316455776
2.0,325.4937504,100.0,0.0,325.80625065316457,0.31250025316455776
2.0500000000000003,325.80625065316457,100.0,0.0,326.11875069629633,0.31250004313176305
2.1,326.11875069629633,100.0,0.0,326.43125044938273,0.3124997530863993
2.15,326.43125044938273,100.0,0.0,326.74375020246913,0.3124997530863993
2.2,326.74375020246913,100.0,0.0,327.05625,0.31249979753084745
2.25,327.05625,100.0,0.0,327.36875,0.3125
2.3000000000000003,327.36875,100.0,0.0,327.68125,0.3125
2.35,327.68125,100.0,0.0,327.99375,0.3125
2.4000000000000004,327.99375,100.0,0.0,328.2450004020513,0.251250402051312
2.45,328.2450004020513,100.0,0.0,328.49500052983603,0.25000012778474456
2.5,328.49500052983603,100.0,0.0,328.745000267541,0.24999973770496808
2.5500000000000003,328.745000267541,100.0,0.0,328.9950000052459,0.24999973770491124
2.6,328.9950000052459,100.0,0.0,329.20416717095713,0.20916716571122151
2.6500000000000004,329.20416717095713,100.0,0.0,329.41250037227724,0.20833320132010158
2.7,329.41250037227724,100.0,0.0,329.62083357359734,0.20833320132010158
2.75,329.62083357359734,100.0,0.0,329.8291667749175,0.20833320132015842
2.8000000000000003,329.8291667749175,100.0,0.0,330.0250000134454,0.19583323852788226
2.85,330.0250000134454,100.0,0.0,330.1638889770308,0.1388889635854298
2.9000000000000004,330.1638889770308,100.0,0.0,330.30277794061624,0.1388889635854298
2.95,330.30277794061624,100.0,0.0,330.44166690420167,0.1388889635854298
3.0,330.44166690420167,100.0,0.0,330.58055586778715,0.13888896358548664
3.0500000000000003,330.58055586778715,100.0,0.0,330.71944473879785,0.13888887101069258
3.1,330.71944473879785,100.0,0.0,330.85833348196724,0.13888874316938882
3.1500000000000004,330.85833348196724,100.0,0.0,330.9972222251366,0.13888874316938882
3.2,330.9972222251366,100.0,0.0,331.2050209205021,0.20779869536545448
3.25,331.2050209205021,100.0,0.0,331.4142259414226,0.2092050209205354
3.3000000000000003,331.4142259414226,100.0,0.0,331.6234309623431,0.20920502092047855
3.35,331.6234309623431,100.0,0.0,331.8326359832636,0.20920502092047855
3.4000000000000004,331.8326359832636,100.0,0.0,332.0625001025641,0.22986411930054373
3.45,332.0625001025641,100.0,0.0,332.37500033057853,0.31250022801441446
3.5,332.37500033057853,100.0,0.0,332.68750016528924,0.31249983471070664
3.5500000000000003,332.68750016528924,100.0,0.0,333.0,0.3124998347107635
3.6,333.0,100.0,0.0,333.1785711355311,0.17857113553111503
3.6500000000000004,333.1785711355311,100.0,0.0,333.35714244978783,0.17857131425671469
3.7,333.35714244978783,100.0,0.0,333.53571399151343,0.17857154172560286
3.75,333.53571399151343,100.0,0.0,333.71428553323904,0.17857154172560286
3.8000000000000003,333.71428553323904,100.0,0.0,333.89285707496464,0.17857154172560286
3.85,333.89285707496464,100.0,0.0,334.0,0.10714292503536171
3.9000000000000004,334.0,100.0,0.0,334.0,0.0
3.95,334.0,100.0,0.0,334.0,0.0
4.0,334.0,100.0,0.0,334.0,0.0
4.05,334.0,100.0,0.0,334.0,0.0
4.1000000000000005,334.0,100.0,0.0,334.0,0.0
4.15,334.0,100.0,0.0,334.0,0.0
4.2,334.0,100.0,0.0,334.0,0.0
4.25,334.0,100.0,0.0,334.0,0.0
4.3,334.0,100.0,0.0,334.37499959322037,0.374999593220366
4.3500000000000005,334.37499959322037,100.0,0.0,334.99999891525425,0.6249993220338865
4.4,334.99999891525425,100.0,0.0,335.6249988571429,0.6249999418886318
4.45,335.6249988571429,100.0,0.0,336.0,0.3750011428571156
4.5,336.0,100.0,0.0,336.0,0.0
4.55,336.0,100.0,0.0,336.0,0.0
4.6000000000000005,336.0,100.0,0.0,336.0,0.0
4.65,336.0,100.0,0.0,336.0,0.0
4.7,336.0,100.0,0.0,336.0,0.0
4.75,336.0,100.0,0.0,336.1990052230735,0.1990052230735273
4.800000000000001,336.1990052230735,100.0,0.0,336.4477617519155,0.24875652884196597
4.8500000000000005,336.4477617519155,100.0,0.0,336.6965182412036,0.24875648928809824
4.9,336.6965182412036,100.0,0.0,336.9452737812006,0.2487555399970347
4.95,336.9452737812006,100.0,0.0,337.0,0.05472621879937378
5.0,337.0,100.0,0.0,337.0,0.0
5.050000000000001,337.0,100.0,0.0,337.0,0.0
5.1000000000000005,337.0,100.0,0.0,337.0,0.0
5.15,337.0,100.0,0.0,337.0,0.0
5.2,337.0,100.0,0.0,337.24499979636363,0.24499979636362923
5.25,337.24499979636363,100.0,0.0,337.4949997372358,0.24999994087215782
5.300000000000001,337.4949997372358,100.0,0.0,337.74499986731706,0.25000013008127553
5.3500000000000005,337.74499986731706,100.0,0.0,337.9949999973984,0.2500001300813324
5.4,337.9949999973984,100.0,0.0,338.11136373489734,0.11636373749894346
5.45,338.11136373489734,100.0,0.0,338.22500019907835,0.11363646418101325
5.5,338.22500019907835,100.0,0.0,338.3386366632593,0.11363646418095641
5.550000000000001,338.3386366632593,100.0,0.0,338.4522731274403,0.11363646418101325
5.6000000000000005,338.4522731274403,100.0,0.0,338.56590946465553,0.11363633721521182
5.65,338.56590946465553,100.0,0.0,338.6795457304525,0.11363626579696984
5.7,338.6795457304525,100.0,0.0,338.7931819962495,0.11363626579696984
5.75,338.7931819962495,100.0,0.0,338.9068182620465,0.11363626579702668
5.800000000000001,338.9068182620465,100.0,0.0,339.0,0.09318173795350049
5.8500000000000005,339.0,100.0,0.0,339.0,0.0
5.9,339.0,100.0,0.0,339.0,0.0
5.95,339.0,100.0,0.0,339.0,0.0
6.0,339.0,100.0,0.0,339.0,0.0
6.050000000000001,339.0,100.0,0.0,339.0,0.0
6.1000000000000005,339.0,100.0,0.0,339.120834090284,0.12083409028400638
6.15,339.120834090284,100.0,0.0,339.3291672442451,0.20833315396112084
6.2,339.3291672442451,100.0,0.0,339.5375003982063,0.2083331539611777
6.25,339.5375003982063,100.0,0.0,339.7458335521674,0.20833315396112084
6.300000000000001,339.7458335521674,100.0,0.0,339.95416670612855,0.20833315396112084
6.3500000000000005,339.95416670612855,100.0,0.0,340.0,0.04583329387145341
6.4,340.0,100.0,0.0,340.0,0.0
6.45,340.0,100.0,0.0,340.0,0.0
6.5,340.0,100.0,0.0,340.0,0.0
6.550000000000001,340.0,100.0,0.0,340.0,0.0
6.6000000000000005,340.0,100.0,0.0,340.0,0.0
6.65,340.0,100.0,0.0,340.0,0.0
6.7,340.0,100.0,0.0,340.0,0.0
6.75,340.0,100.0,0.0,340.0,0.0
6.800000000000001,340.0,100.0,0.0,340.30625,0.30624999999997726
6.8500000000000005,340.30625,100.0,0.0,340.61875,0.3125
6.9,340.61875,100.0,0.0,340.93125,0.3125
6.95,340.93125,100.0,0.0,341.0,0.06875000000002274
7.0,341.0,100.0,0.0,341.0,0.0
7.050000000000001,341.0,100.0,0.0,341.0,0.0
7.1000000000000005,341.0,100.0,0.0,341.0,0.0
7.15,341.0,100.0,0.0,341.0,0.0
7.2,341.0,100.0,0.0,341.0,0.0
7.25,341.0,100.0,0.0,340.9406249518987,-0.059375048101287575
7.300000000000001,340.9406249518987,100.0,0.0,340.78437482531643,-0.15625012658227888
7.3500000000000005,340.78437482531643,100.0,0.0,340.62812469873415,-0.15625012658227888
7.4,340.62812469873415,100.0,0.0,340.4718746271605,-0.1562500715736519
7.45,340.4718746271605,100.0,0.0,340.3156247506173,-0.15624987654319966
7.5,340.3156247506173,100.0,0.0,340.15937487407405,-0.1562498765432565
7.550000000000001,340.15937487407405,100.0,0.0,340.00312499753085,-0.15624987654319966
7.6000000000000005,340.00312499753085,100.0,0.0,340.0,-0.00312499753084694
7.65,340.0,100.0,0.0,340.0,0.0
7.7,340.0,100.0,0.0,340.0,0.0
7.75,340.0,100.0,0.0,340.0,0.0
7.800000000000001,340.0,100.0,0.0,340.0,0.0
7.8500000000000005,340.0,100.0,0.0,340.0,0.0
7.9,340.0,100.0,0.0,340.0,0.0
7.95,340.0,100.0,0.0,340.0,0.0
8.0,340.0,100.0,0.0,340.0,0.0
8.05,340.0,100.0,0.0,340.0,0.0
8.1,340.0,100.0,0.0,340.0,0.0
8.15,340.0,100.0,0.0,340.0,0.0
8.200000000000001,340.0,100.0,0.0,338.9281236,-1.0718764000000078
8.25,338.9281236,84.68748,0.0,337.83437219999996,-1.0937514000000306
8.3,337.83437219999996,69.06245999999962,0.0,336.74062219999996,-1.09375
8.35,336.74062219999996,53.43746000000003,0.0,335.64687219999996,-1.09375
8.4,335.64687219999996,37.81245999999989,0.0,334.55312219999996,-1.09375
8.450000000000001,334.55312219999996,22.187459999999746,0.0,333.4593723272727,-1.093749872727244
8.5,333.4593723272727,6.5624618181819825,0.04545454545451976,326.6199958755555,-6.839376451717214
8.55,326.6199958755555,0.0,1.0,315.6199887644446,-11.000007111110904
8.6,315.6199887644446,0.0,1.0,304.61998165333324,-11.000007111111358
8.65,304.61998165333324,0.0,1.0,293.6199745422219,-11.000007111111358
8.700000000000001,293.6199745422219,0.0,1.0,284.79499791379845,-8.824976628423428
8.75,284.79499791379845,0.0,1.0,277.5449943168991,-7.250003596899376
8.8,277.5449943168991,0.0,1.0,270.29499072,-7.2500035968990915
8.85,270.29499072,0.0,1.0,263.04498712310067,-7.250003596899319
8.9,263.04498712310067,0.0,1.0,255.7949835262013,-7.250003596899376
8.950000000000001,255.7949835262013,0.0,1.0,248.54498418478863,-7.249999341412661
9.0,248.54498418478863,0.0,1.0,241.29499071999987,-7.2499934647887585
9.05,241.29499071999987,0.0,1.0,234.04499725521134,-7.249993464788531
9.1,234.04499725521134,0.0,1.0,227.51999622508478,-6.52500103012656
9.15,227.51999622508478,0.0,1.0,221.51998971661013,-6.000006508474655
9.200000000000001,221.51998971661013,0.0,1.0,215.5199846400001,-6.000005076610023
9.25,215.5199846400001,0.0,1.0,209.51998464,-6.000000000000114
9.3,209.51998464,0.0,1.0,203.5199846400001,-5.999999999999886
9.35,203.5199846400001,0.0,1.0,197.51998464000002,-6.000000000000085
9.4,197.51998464000002,0.0,1.0,191.5199846399999,-6.000000000000114
9.450000000000001,191.5199846399999,0.0,1.0,185.51998464000002,-5.999999999999886
9.5,185.51998464000002,0.0,1.0,181.00625,-4.513734640000024
9.55,181.00625,0.0,1.0,177.5687499999999,-3.4375000000000853
9.600000000000001,177.5687499999999,0.0,1.0,174.13124999999994,-3.4374999999999716
9.65,174.13124999999994,0.0,1.0,170.04062067586193,-4.090629324138007
9.700000000000001,170.04062067586193,0.0,1.0,164.88436235419854,-5.156258321663387
9.75,164.88436235419854,0.0,1.0,159.7281148732824,-5.156247480916136
9.8,159.7281148732824,0.0,1.0,154.5718673923663,-5.156247480916107
9.850000000000001,154.5718673923663,0.0,1.0,149.41561991145034,-5.156247480915965
9.9,149.41561991145034,0.0,1.0,144.2593724305342,-5.156247480916136
9.950000000000001,144.2593724305342,0.0,1.0,139.10312494961826,-5.156247480915937
10.0,139.10312494961826,0.0,1.0,136.20956501675607,-2.893559932862189
10.05,136.20956501675607,0.0,1.0,133.36218238079294,-2.847382635963129
10.100000000000001,133.36218238079294,0.0,1.0,130.51480045905353,-2.8473819217394123
10.15,130.51480045905353,0.0,1.0,127.6674210695615,-2.8473793894920334
10.200000000000001,127.6674210695615,0.0,1.0,124.82004168006956,-2.847379389491934
10.25,124.82004168006956,0.0,1.0,121.97266229057753,-2.8473793894920334
10.3,121.97266229057753,0.0,1.0,119.12528290108548,-2.8473793894920476
10.350000000000001,119.12528290108548,0.0,1.0,116.27790351159355,-2.847379389491934
10.4,116.27790351159355,0.0,1.0,113.40000048607585,-2.8779030255176963
10.450000000000001,113.40000048607585,0.0,1.0,110.40000291645569,-2.999997569620163
10.5,110.40000291645569,0.0,1.0,107.40000534683543,-2.9999975696202625
10.55,107.40000534683543,0.0,1.0,104.40000731428567,-2.9999980325497546
10.600000000000001,104.40000731428567,0.0,1.0,101.75000011510792,-2.6500071991777503
10.65,101.75000011510792,0.0,1.0,100.50000069064747,-1.249999424460455
10.700000000000001,100.50000069064747,0.0,1.0,99.25000126618706,-1.2499994244604125
10.75,99.25000126618706,0.0,1.0,98.0000018417266,-1.249999424460455
10.8,98.0000018417266,0.0,1.0,96.75000241726615,-1.249999424460455
10.850000000000001,96.75000241726615,0.0,1.0,95.50000299280573,-1.2499994244604125
10.9,95.50000299280573,0.0,1.0,94.35714337793848,-1.1428596148672483
10.950000000000001,94.35714337793848,0.0,1.0,93.28571567450271,-1.0714277034357735
11.0,93.28571567450271,0.0,1.0,92.21428797106688,-1.0714277034358304
11.05,92.21428797106688,0.0,1.0,91.14285939110066,-1.0714285799662235
11.100000000000001,91.14285939110066,0.0,1.0,90.07142969555034,-1.0714296955503215
11.15,90.07142969555034,0.0,1.0,88.99999999999996,-1.0714296955503784
11.200000000000001,88.99999999999996,0.0,1.0,87.63945668707748,-1.3605433129224735
11.25,87.63945668707748,0.0,1.0,86.27891337415498,-1.360543312922502
11.3,86.27891337415498,0.0,1.0,84.91837006123247,-1.3605433129225162
11.350000000000001,84.91837006123247,0.0,1.0,83.55782556399555,-1.3605444972369156
11.4,83.55782556399555,0.0,0.8515901060070675,82.19728084117487,-1.360544722820677
11.450000000000001,82.19728084117487,0.0,0.6749116607773826,80.83673611835425,-1.3605447228206202
11.5,80.83673611835425,0.0,0.49823321554770417,79.47619139553358,-1.360544722820677
11.55,79.47619139553358,0.0,0.3215547703180194,78.1156466727129,-1.360544722820677
11.600000000000001,78.1156466727129,0.0,0.1448763250883346,76.9718749443299,-1.1437717283830011
11.65,76.9718749443299,0.4500008907216687,0.0,76.81562463505153,-0.15625030927836292
11.700000000000001,76.81562463505153,2.9500058391753243,0.0,76.659374432287,-0.15625020276453938
11.75,76.659374432287,5.4500090834080925,0.0,76.50312456681614,-0.15624986547085484
11.8,76.50312456681614,7.950006930941752,0.0,76.34687470134529,-0.15624986547085484
11.850000000000001,76.34687470134529,10.45000477847541,0.0,76.19062483587444,-0.15624986547084063
11.9,76.19062483587444,12.950002626008981,0.0,76.03437497040359,-0.15624986547085484
11.950000000000001,76.03437497040359,15.45000047354264,0.0,76.41785679554731,0.3834818251437184
12.0,76.41785679554731,17.949998379220766,0.0,76.95357074285715,0.5357139473098442
12.05,76.95357074285715,20.449996800000026,0.0,77.48928502857144,0.5357142857142918
12.100000000000001,77.48928502857144,22.94999680000007,0.0,78.02499931428572,0.5357142857142776
12.15,78.02499931428572,25.449996800000022,0.0,78.56071360000001,0.5357142857142918
12.200000000000001,78.56071360000001,27.94999680000007,0.0,79.22500000000001,0.6642863999999946
12.25,79.22500000000001,30.731250000000028,0.0,80.47500000000002,1.2500000000000142
12.3,80.47500000000002,34.79375000000008,0.0,81.72500000000004,1.2500000000000142
12.350000000000001,81.72500000000004,38.85625000000014,0.0,82.97500000000001,1.2499999999999716
12.4,82.97500000000001,42.918750000000045,0.0,83.0,0.024999999999991473
12.450000000000001,83.0,34.2208038696559,0.14349775784754124,83.0,0.0
12.5,83.0,25.262478249327273,0.367713004484307,83.0,0.0
12.55,83.0,16.304152628998327,0.5919282511210807,83.0,0.0
12.600000000000001,83.0,7.3458270086693815,0.8161434977578544,82.88750003654822,-0.11249996345178204
12.65,82.88750003654822,0.0,1.0,82.26250023959389,-0.6249997969543273
12.700000000000001,82.26250023959389,0.0,1.0,81.63750044263959,-0.6249997969542989
12.75,81.63750044263959,0.0,1.0,81.01250064568526,-0.6249997969543273
12.8,81.01250064568526,0.0,1.0,80.38750057674416,-0.6250000689411053
12.850000000000001,80.38750057674416,0.0,0.7209302325580944,79.76250009681529,-0.6250004799288718
12.9,79.76250009681529,0.0,0.0,79.13750035159235,-0.6249997452229366
12.950000000000001,79.13750035159235,0.0,0.0,78.51250060636943,-0.6249997452229223
13.0,78.51250060636943,0.0,0.0,77.81249979661017,-0.7000008097592598
13.05,77.81249979661017,0.0,0.0,76.77083199999997,-1.0416677966101986
13.100000000000001,76.77083199999997,0.0,0.0,75.72916420338983,-1.0416677966101417
13.15,75.72916420338983,0.0,0.0,74.68749640677963,-1.0416677966101986
13.200000000000001,74.68749640677963,0.0,0.0,73.64583136507937,-1.0416650417002558
13.25,73.64583136507937,0.0,0.0,72.7625,-0.8833313650793713
13.3,72.7625,1.3458333333333412,0.0,72.13749999999999,-0.6250000000000142
13.350000000000001,72.13749999999999,4.887500000000055,0.0,71.5125,-0.6249999999999858
13.4,71.5125,8.429166666666644,0.0,70.88749999999999,-0.6250000000000142
13.450000000000001,70.88749999999999,11.970833333333356,0.0,70.2625,-0.6249999999999858
13.5,70.2625,15.512499999999946,0.0,70.3625,0.09999999999999432
13.55,70.3625,17.181250000000002,0.0,70.98750000000001,0.6250000000000142
13.600000000000001,70.98750000000001,17.49375000000001,0.0,71.61250000000001,0.625
13.65,71.61250000000001,17.806250000000006,0.0,72.3562493837838,0.7437493837837934
13.700000000000001,72.3562493837838,18.59374897297302,0.0,73.29374911219512,0.9374997284113107
13.75,73.29374911219512,20.15624852032521,0.0,74.23124960000003,0.9375004878049111
13.8,74.23124960000003,21.71874933333337,0.0,75.15000033103452,0.9187507310344927
13.850000000000001,75.15000033103452,23.22500049655178,0.0,75.98333545494506,0.833335123910544
13.9,75.98333545494506,24.475003182417613,0.0,76.81666820219783,0.8333327472527685
13.950000000000001,76.81666820219783,25.72500230329675,0.0,77.65000094945056,0.8333327472527259
14.0,77.65000094945056,26.97500142417584,0.0,78.48333369670331,0.8333327472527543
14.05,78.48333369670331,28.225000545054975,0.0,79.47500320000003,0.9916695032967198
14.100000000000001,79.47500320000003,30.12273483636371,0.0,80.7250032,1.2499999999999716
14.15,80.7250032,33.07728029090911,0.0,81.97500320000003,1.2500000000000284
14.200000000000001,81.97500320000003,36.03182574545461,0.0,83.2250032,1.2499999999999716
14.25,83.2250032,38.986371200000015,0.0,84.47500320000002,1.2500000000000142
14.3,84.47500320000002,41.94091665454552,0.0,85.72500320000005,1.2500000000000284
14.350000000000001,85.72500320000005,44.89546210909102,0.0,86.97500320000002,1.2499999999999716
14.4,86.97500320000002,47.850007563636424,0.0,88.22500320000005,1.2500000000000284
14.450000000000001,88.22500320000005,50.80455301818192,0.0,89.4750016,1.2499983999999529
14.5,89.4750016,53.759094690909095,0.0,91.45000085137615,1.974999251376147
14.55,91.45000085137615,55.72500042568807,0.0,93.95000231926609,2.5000014678899447
14.600000000000001,93.95000231926609,56.975001159633045,0.0,96.45000378715594,2.5000014678898452
14.65,96.45000378715594,58.22500189357797,0.0,98.95000525504588,2.5000014678899447
14.700000000000001,98.95000525504588,59.47500262752294,0.0,101.4500032,2.499997944954117
14.75,101.4500032,60.7250016,0.0,103.51666755718661,2.0666643571866103
14.8,103.51666755718661,62.9500011449542,0.0,105.46111314332322,1.9444455861366094
14.850000000000001,105.46111314332322,65.45000261284414,0.0,107.40555872945978,1.9444455861365668
14.9,107.40555872945978,67.950004080734,0.0,109.3500043155964,1.9444455861366094
14.950000000000001,109.3500043155964,70.45000554862395,0.0,111.294448686072,1.9444443704756083
15.0,111.294448686072,72.95000545352116,0.0,113.2388913777778,1.9444426917058024
15.05,113.2388913777778,75.45000320000004,0.0,115.1833340694836,1.9444426917058024
15.100000000000001,115.1833340694836,77.95000094647894,0.0,117.34643310676691,2.1630990372833026
15.15,117.34643310676691,79.82857421954887,0.0,119.66786207886662,2.32142897209971
15.200000000000001,119.66786207886662,81.25714589468714,0.0,121.9892894224321,2.3214273435654746
15.25,121.9892894224321,82.68571656765052,0.0,124.31071676599767,2.321427343565574
15.3,124.31071676599767,84.11428724061395,0.0,126.63214410956323,2.32142734356556
15.350000000000001,126.63214410956323,85.54285791357738,0.0,128.95357145312872,2.321427343565489
15.4,128.95357145312872,86.97142858654075,0.0,131.4500019848102,2.496430531681483
15.450000000000001,131.4500019848102,88.71500138936715,0.0,133.9500040101266,2.5000020253164053
15.5,133.9500040101266,90.46500280708862,0.0,136.4500060354431,2.5000020253164905
15.55,136.4500060354431,92.21500422481017,0.0,138.950000152381,2.4999941169378985
15.600000000000001,138.950000152381,93.9650001066667,0.0,142.36875,3.4187498476190115
15.65,142.36875,95.53125,0.0,145.8062500000001,3.4375000000000853
15.700000000000001,145.8062500000001,97.09375000000004,0.0,149.24375000000003,3.437499999999943
15.75,149.24375000000003,98.65625000000001,0.0,151.82812669565226,2.5843766956522245
15.8,151.82812669565226,99.12187511304349,0.0,154.17187886956532,2.3437521739130602
15.850000000000001,154.17187886956532,99.27812525797101,0.0,156.51563100000007,2.3437521304347513
15.9,156.51563100000007,99.4343754,0.0,158.85938100000007,2.34375
15.950000000000001,158.85938100000007,99.5906254,0.0,161.20313099999998,2.3437499999999147
16.0,161.20313099999998,99.7468754,0.0,163.54687942857143,2.3437484285714447
16.05,163.54687942857143,99.9031252952381,0.0,165.83125048807347,2.2843710595020355
16.1,165.83125048807347,100.0,0.0,168.01875177247717,2.1875012844037087
16.150000000000002,168.01875177247717,100.0,0.0,170.2062530568807,2.187501284403538
16.2,170.2062530568807,100.0,0.0,172.39375434128442,2.1875012844037087
16.25,172.39375434128442,100.0,0.0,174.5812555450981,2.1875012038136674
16.3,174.5812555450981,100.0,0.0,176.76875280000007,2.1874972549019844
16.35,176.76875280000007,100.0,0.0,178.95625005490206,2.1874972549019844
16.400000000000002,178.95625005490206,100.0,0.0,180.5312512405063,1.5750011856042363
16.45,180.5312512405063,100.0,0.0,182.09375250632908,1.5625012658227888
16.5,182.09375250632908,100.0,0.0,183.65625377215187,1.5625012658227888
16.55,183.65625377215187,100.0,0.0,186.1450000000001,2.4887462278482246
16.6,186.1450000000001,100.0,0.0,188.89500000000015,2.750000000000057
16.650000000000002,188.89500000000015,100.0,0.0,191.64499999999998,2.7499999999998295
16.7,191.64499999999998,100.0,0.0,194.39500000000004,2.750000000000057
16.75,194.39500000000004,100.0,0.0,196.53763157429378,2.1426315742937447
16.8,196.53763157429378,100.0,0.0,198.5089583296493,1.9713267553555056
16.85,198.5089583296493,100.0,0.0,200.4802850850048,1.9713267553555056
16.900000000000002,200.4802850850048,100.0,0.0,202.45161184036016,1.9713267553553635
16.95,202.45161184036016,100.0,0.0,204.42293859571566,1.9713267553555056
17.0,204.42293859571566,100.0,0.0,206.34999971645576,1.9270611207400918
17.05,206.34999971645576,100.0,0.0,208.09999829873425,1.7499985822784936
17.1,208.09999829873425,100.0,0.0,209.84999688101274,1.7499985822784936
17.150000000000002,209.84999688101274,100.0,0.0,211.5999957333333,1.7499988523205445
17.2,211.5999957333333,100.0,0.0,213.30000000000004,1.7000042666667525
17.25,213.30000000000004,100.0,0.0,214.80000000000004,1.5
17.3,214.80000000000004,100.0,0.0,216.30000000000004,1.5
17.35,216.30000000000004,100.0,0.0,217.80000000000004,1.5
17.400000000000002,217.80000000000004,100.0,0.0,219.31249974683539,1.5124997468353456
17.45,219.31249974683539,100.0,0.0,220.87499848101265,1.562498734177268
17.5,220.87499848101265,100.0,0.0,222.43749721518992,1.562498734177268
17.55,222.43749721518992,100.0,0.0,223.99999604938282,1.562498834192894
17.6,223.99999604938282,100.0,0.0,225.5624972839507,1.5625012345678897
17.650000000000002,225.5624972839507,100.0,0.0,227.12499851851848,1.562501234567776
17.7,227.12499851851848,100.0,0.0,228.68749975308637,1.5625012345678897
17.75,228.68749975308637,100.0,0.0,229.83333196581196,1.145832212725594
17.8,229.83333196581196,100.0,0.0,230.87499753086422,1.0416655650522557
17.85,230.87499753086422,100.0,0.0,231.91666502057618,1.0416674897119549
17.900000000000002,231.91666502057618,100.0,0.0,232.95833251028805,1.0416674897118696
17.95,232.95833251028805,100.0,0.0,234.0,1.0416674897119549
18.0,234.0,100.0,0.0,235.24378068649654,1.2437806864965353
18.05,235.24378068649654,100.0,0.0,236.48756137299307,1.2437806864965353
18.1,236.48756137299307,100.0,0.0,237.73134205948963,1.2437806864965637
18.150000000000002,237.73134205948963,100.0,0.0,238.9751238395087,1.2437817800190771
18.2,238.9751238395087,100.0,0.0,240.42916666666667,1.4540428271579628
18.25,240.42916666666667,100.0,0.0,241.88750000000002,1.4583333333333428
18.3,241.88750000000002,100.0,0.0,243.3458333333334,1.4583333333333712
18.35,243.3458333333334,100.0,0.0,244.80416666666676,1.4583333333333712
18.400000000000002,244.80416666666676,100.0,0.0,246.18750026277374,1.3833335961069793
18.45,246.18750026277374,100.0,0.0,247.22916838929441,1.0416681265206762
18.5,247.22916838929441,100.0,0.0,248.27083651581512,1.0416681265207046
18.55,248.27083651581512,100.0,0.0,249.3125031456311,1.0416666298159782
18.6,249.3125031456311,100.0,0.0,250.35416787055019,1.0416647249190873
18.650000000000002,250.35416787055019,100.0,0.0,251.31666656379016,0.9624986932399793
18.7,251.31666656379016,100.0,0.0,252.14999962639592,0.8333330626057602
18.75,252.14999962639592,100.0,0.0,252.98333268900168,0.8333330626057602
18.8,252.98333268900168,100.0,0.0,253.81666575160747,0.8333330626057887
18.85,253.81666575160747,100.0,0.0,254.6499994790698,0.8333337274623318
18.900000000000002,254.6499994790698,100.0,0.0,255.60416652707582,0.9541670480060134
18.95,255.60416652707582,100.0,0.0,256.6458329530686,1.0416664259927586
19.0,256.6458329530686,100.0,0.0,257.68749937906136,1.041666425992787
19.05,257.68749937906136,100.0,0.0,258.72916580505415,1.041666425992787
19.1,258.72916580505415,100.0,0.0,259.77083223104694,1.041666425992787
19.150000000000002,259.77083223104694,100.0,0.0,260.812498679803,1.0416664487560752
19.200000000000003,260.812498679803,100.0,0.0,261.8541656748768,1.041666995073797
19.25,261.8541656748768,100.0,0.0,262.8958326699507,1.0416669950739106
19.3,262.8958326699507,100.0,0.0,263.93749966502463,1.0416669950739106
19.35,263.93749966502463,100.0,0.0,264.9791666600986,1.0416669950739674
19.400000000000002,264.9791666600986,100.0,0.0,265.73499959794873,0.7558329378501298
19.450000000000003,265.73499959794873,100.0,0.0,266.48499918769227,0.7499995897435383
19.5,266.48499918769227,100.0,0.0,267.23499941012045,0.7500002224281843
19.55,267.23499941012045,100.0,0.0,267.98499998843374,0.7500005783132906
19.6,267.98499998843374,100.0,0.0,268.73499980151905,0.74999981308531
19.650000000000002,268.73499980151905,100.0,0.0,269.4849995989874,0.7499997974683197
19.700000000000003,269.4849995989874,100.0,0.0,270.2349993964557,0.7499997974683197
19.75,270.2349993964557,100.0,0.0,270.984999193924,0.7499997974683197
19.8,270.984999193924,100.0,0.0,271.73499911067483,0.7499999167508236
19.85,271.73499911067483,100.0,0.0,272.48499940515336,0.7500002944785251
19.900000000000002,272.48499940515336,100.0,0.0,273.23499969963194,0.750000294478582
19.950000000000003,273.23499969963194,100.0,0.0,273.9849999941104,0.7500002944784683
20.0,273.9849999941104,100.0,0.0,274.87500294736844,0.8900029532580334
20.05,274.87500294736844,100.0,0.0,275.76786057142857,0.8928576240601274
20.1,275.76786057142857,100.0,0.0,276.66071771428574,0.8928571428571672
20.150000000000002,276.66071771428574,100.0,0.0,277.5535748571429,0.8928571428571672
20.200000000000003,277.5535748571429,100.0,0.0,278.4464302585034,0.8928554013605208
20.25,278.4464302585034,100.0,0.0,279.2035715934901,0.7571413349866702
20.3,279.2035715934901,100.0,0.0,279.73928631320075,0.5357147197106542
20.35,279.73928631320075,100.0,0.0,280.2750010329114,0.5357147197106542
20.400000000000002,280.2750010329114,100.0,0.0,280.8107155334895,0.5357145005780808
20.450000000000003,280.8107155334895,100.0,0.0,281.34642925714286,0.5357137236533731
20.5,281.34642925714286,100.0,0.0,281.8821429807963,0.53571372365343
20.55,281.8821429807963,100.0,0.0,282.5850004739241,0.7028574931277944
20.6,282.5850004739241,100.0,0.0,283.335001081519,0.7500006075949273
20.650000000000002,283.335001081519,100.0,0.0,284.08500168911394,0.7500006075949273
20.700000000000003,284.08500168911394,100.0,0.0,284.83500050285716,0.7499988137432183
20.75,284.83500050285716,100.0,0.0,285.39000000000004,0.5549994971428873
20.8,285.39000000000004,100.0,0.0,285.89000000000004,0.5
20.85,285.89000000000004,100.0,0.0,286.39000000000004,0.5
20.900000000000002,286.39000000000004,100.0,0.0,286.89000000000004,0.5
20.950000000000003,286.89000000000004,100.0,0.0,287.32500026329114,0.4350002632911014
21.0,287.32500026329114,100.0,0.0,287.7416672675106,0.41666700421944824
21.05,287.7416672675106,100.0,0.0,288.15833427173,0.4166670042193914
21.1,288.15833427173,100.0,0.0,288.57500066341464,0.41666639168465736
21.150000000000002,288.57500066341464,100.0,0.0,288.99166667967484,0.4166660162601943
21.200000000000003,288.99166667967484,100.0,0.0,289.61250049620253,0.6208338165276928
21.25,289.61250049620253,100.0,0.0,290.23750100253164,0.6250005063291155
21.3,290.23750100253164,100.0,0.0,290.86250150886076,0.6250005063291155
21.35,290.86250150886076,100.0,0.0,291.4875008,0.624999291139261
21.400000000000002,291.4875008,100.0,0.0,292.0,0.5124991999999793
21.450000000000003,292.0,100.0,0.0,292.0,0.0
21.5,292.0,100.0,0.0,292.0,0.0
21.55,292.0,100.0,0.0,292.0,0.0
21.6,292.0,100.0,0.0,292.0,0.0
21.650000000000002,292.0,100.0,0.0,292.0,0.0
21.700000000000003,292.0,100.0,0.0,292.0,0.0
21.75,292.0,100.0,0.0,292.0,0.0
21.8,292.0,100.0,0.0,292.0,0.0
21.85,292.0,100.0,0.0,292.0,0.0
21.900000000000002,292.0,100.0,0.0,292.0,0.0
21.950000000000003,292.0,100.0,0.0,292.975,0.9750000000000227
22.0,292.975,100.0,0.0,294.2250000000001,1.2500000000000568
22.05,294.2250000000001,100.0,0.0,295.4750000000001,1.25
22.1,295.4750000000001,100.0,0.0,296.3222236444445,0.8472236444443979
22.150000000000002,296.3222236444445,100.0,0.0,296.8777792,0.5555555555555429
22.200000000000003,296.8777792,100.0,0.0,297.4333347555555,0.5555555555554861
22.25,297.4333347555555,100.0,0.0,297.9888903111111,0.5555555555555998
22.3,297.9888903111111,100.0,0.0,298.54444586666665,0.5555555555555429
22.35,298.54444586666665,100.0,0.0,299.1000014222222,0.5555555555555429
22.400000000000002,299.1000014222222,100.0,0.0,299.655556605291,0.5555551830688046
22.450000000000003,299.655556605291,100.0,0.0,300.09499999999997,0.43944339470897376
22.5,300.09499999999997,100.0,0.0,300.34499999999997,0.25
22.55,300.34499999999997,100.0,0.0,300.595,0.25000000000005684
22.6,300.595,100.0,0.0,300.845,0.25
22.650000000000002,300.845,100.0,0.0,301.1425002338462,0.297500233846165
22.700000000000003,301.1425002338462,100.0,0.0,301.51750084923077,0.37500061538457885
22.75,301.51750084923077,100.0,0.0,301.89250096,0.37500011076923556
22.8,301.89250096,100.0,0.0,302.26750096,0.375
22.85,302.26750096,100.0,0.0,302.64250096,0.375
22.900000000000002,302.64250096,100.0,0.0,303.01750096,0.375
22.950000000000003,303.01750096,100.0,0.0,303.39250063737705,0.37499967737704765
23.0,303.39250063737705,100.0,0.0,303.7675002439344,0.37499960655736686
23.05,303.7675002439344,100.0,0.0,304.0950002096552,0.32749996572079
23.1,304.0950002096552,100.0,0.0,304.34500059042256,0.25000038076734654
23.150000000000002,304.34500059042256,100.0,0.0,304.59500036507046,0.2499997746479039
23.200000000000003,304.59500036507046,100.0,0.0,304.8450001397183,0.24999977464784706
23.25,304.8450001397183,100.0,0.0,305.1357142857143,0.29071414599599166
23.3,305.1357142857143,100.0,0.0,305.49285714285713,0.3571428571428328
23.35,305.49285714285713,100.0,0.0,305.85,0.3571428571428896
23.400000000000002,305.85,100.0,0.0,306.20714285714286,0.3571428571428328
23.450000000000003,306.20714285714286,100.0,0.0,306.5642857142857,0.3571428571428328
23.5,306.5642857142857,100.0,0.0,306.9214285714286,0.3571428571428896
23.55,306.9214285714286,100.0,0.0,307.0,0.07857142857142208
23.6,307.0,100.0,0.0,307.0,0.0
23.650000000000002,307.0,100.0,0.0,307.0,0.0
23.700000000000003,307.0,100.0,0.0,307.15,0.14999999999997726
23.75,307.15,100.0,0.0,307.4,0.25
23.8,307.4,100.0,0.0,307.65,0.25
23.85,307.65,100.0,0.0,307.9,0.25
23.900000000000002,307.9,100.0,0.0,308.29999975696205,0.39999975696207457
23.950000000000003,308.29999975696205,100.0,0.0,308.79999935189875,0.4999995949366962
24.0,308.79999935189875,100.0,0.0,309.29999894683544,0.4999995949366962
24.05,309.29999894683544,100.0,0.0,309.7999993904762,0.5000004436407721
24.1,309.7999993904762,100.0,0.0,310.0,0.20000060952378362
24.150000000000002,310.0,100.0,0.0,310.0,0.0
24.200000000000003,310.0,100.0,0.0,310.0,0.0
24.25,310.0,100.0,0.0,310.0,0.0
24.3,310.0,100.0,0.0,310.2142853626374,0.21428536263738351
24.35,310.2142853626374,100.0,0.0,310.5714276661952,0.35714230355779364
24.400000000000002,310.5714276661952,100.0,0.0,310.9285707496464,0.3571430834512057
24.450000000000003,310.9285707496464,100.0,0.0,311.2857138330976,0.3571430834512057
24.5,311.2857138330976,100.0,0.0,311.6428569165488,0.3571430834512057
24.55,311.6428569165488,100.0,0.0,312.0,0.3571430834512057
24.6,312.0,100.0,0.0,312.27700897068763,0.277008970687632
24.650000000000002,312.27700897068763,100.0,0.0,312.5540170969264,0.2770081262387407
24.700000000000003,312.5540170969264,100.0,0.0,312.83102506231774,0.27700796539136263
24.75,312.83102506231774,100.0,0.0,313.10803302770915,0.2770079653914195
24.8,313.10803302770915,100.0,0.0,313.38504112224496,0.2770080945358018
24.85,313.38504112224496,100.0,0.0,313.66204962573823,0.27700850349327766
24.900000000000002,313.66204962573823,100.0,0.0,313.9390581292315,0.27700850349327766
24.950000000000003,313.9390581292315,100.0,0.0,314.1772728282709,0.23821469903936077
25.0,314.1772728282709,100.0,0.0,314.4045456850283,0.2272728567574518
25.05,314.4045456850283,100.0,0.0,314.63181854178583,0.22727285675750863
25.1,314.63181854178583,100.0,0.0,314.8590913985433,0.2272728567574518
25.150000000000002,314.8590913985433,100.0,0.0,315.0863642553008,0.22727285675750863
25.200000000000003,315.0863642553008,100.0,0.0,315.31363711205825,0.2272728567574518
25.25,315.31363711205825,100.0,0.0,315.5409099466902,0.2272728346319468
25.3,315.5409099466902,100.0,0.0,315.76818225030894,0.22727230361874717
25.35,315.76818225030894,100.0,0.0,315.99545455392763,0.22727230361869033
25.400000000000002,315.99545455392763,100.0,0.0,316.2449999001274,0.2495453461997954
25.450000000000003,316.2449999001274,100.0,0.0,316.49499979821655,0.24999989808912915
25.5,316.49499979821655,100.0,0.0,316.74499969630574,0.249999898089186
25.55,316.74499969630574,100.0,0.0,316.9949999925582,0.2500002962524377
25.6,316.9949999925582,100.0,0.0,317.22272751432973,0.22772752177155553
25.650000000000002,317.22272751432973,100.0,0.0,317.4500004881356,0.22727297380583877
25.700000000000003,317.4500004881356,100.0,0.0,317.6772734619414,0.22727297380583877
25.75,317.6772734619414,100.0,0.0,317.9045463272727,0.2272728653313152
25.8,317.9045463272727,100.0,0.0,318.1318190545455,0.22727272727274794
25.85,318.1318190545455,100.0,0.0,318.35909178181817,0.2272727272726911
25.900000000000002,318.35909178181817,100.0,0.0,318.5863645090909,0.22727272727274794
25.950000000000003,318.5863645090909,100.0,0.0,318.81363723636366,0.22727272727274794
26.0,318.81363723636366,100.0,0.0,319.02249999269037,0.2088627563267096
26.05,319.02249999269037,100.0,0.0,319.1474999520812,0.12499995939083419
26.1,319.1474999520812,100.0,0.0,319.2724999114721,0.12499995939089104
26.150000000000002,319.2724999114721,100.0,0.0,319.39749987086293,0.12499995939083419
26.200000000000003,319.39749987086293,100.0,0.0,319.52249984945814,0.12499997859521272
26.25,319.52249984945814,100.0,0.0,319.647499888867,0.12500003940886018
26.3,319.647499888867,100.0,0.0,319.77249992827586,0.12500003940886018
26.35,319.77249992827586,100.0,0.0,319.8974999676847,0.12500003940886018
26.400000000000002,319.8974999676847,100.0,0.0,320.0,0.10250003231527671
26.450000000000003,320.0,100.0,0.0,320.0,0.0
26.5,320.0,100.0,0.0,320.0,0.0
26.55,320.0,100.0,0.0,320.0,0.0
26.6,320.0,100.0,0.0,320.0,0.0
26.650000000000002,320.0,100.0,0.0,320.0,0.0
26.700000000000003,320.0,100.0,0.0,320.20714314744527,0.20714314744526519
26.75,320.20714314744527,100.0,0.0,320.56428650510946,0.35714335766419936
26.8,320.56428650510946,100.0,0.0,320.9214298627737,0.3571433576642562
26.85,320.9214298627737,100.0,0.0,321.2785723972028,0.3571425344291015
26.900000000000002,321.2785723972028,100.0,0.0,321.6357147748252,0.357142377622381
26.950000000000003,321.6357147748252,100.0,0.0,321.9928571524475,0.35714237762232415
27.0,321.9928571524475,100.0,0.0,322.0,0.007142847552472631
27.05,322.0,100.0,0.0,322.0,0.0
27.1,322.0,100.0,0.0,322.0,0.0
27.150000000000002,322.0,100.0,0.0,322.0,0.0
27.200000000000003,322.0,100.0,0.0,322.0,0.0
27.25,322.0,100.0,0.0,322.0,0.0
27.3,322.0,100.0,0.0,322.0,0.0
27.35,322.0,100.0,0.0,322.0,0.0
27.400000000000002,322.0,100.0,0.0,322.0,0.0
27.450000000000003,322.0,100.0,0.0,322.0,0.0
27.5,322.0,100.0,0.0,322.0,0.0
27.55,322.0,100.0,0.0,322.0,0.0
27.6,322.0,100.0,0.0,322.0,0.0
27.650000000000002,322.0,100.0,0.0,322.0,0.0
27.700000000000003,322.0,100.0,0.0,322.0,0.0
27.75,322.0,100.0,0.0,322.0,0.0
27.8,322.0,100.0,0.0,322.0,0.0
27.85,322.0,100.0,0.0,322.0,0.0
27.900000000000002,322.0,100.0,0.0,322.0,0.0
27.950000000000003,322.0,100.0,0.0,322.0,0.0
28.0,322.0,100.0,0.0,322.0,0.0
28.05,322.0,100.0,0.0,320.3714268048425,-1.6285731951575144
28.1,320.3714268048425,93.21427835351034,0.0,316.0857078702178,-4.285718934624697
28.150000000000002,316.0857078702178,75.3571161259075,0.0,311.7999890962962,-4.285718773921587
28.200000000000003,311.7999890962962,57.499954567900794,0.006172839506180421,307.5142781968255,-4.2857108994707005
28.25,307.5142781968255,39.642825820106296,0.3148148148148067,303.2285672973545,-4.285710899470985
28.3,303.2285672973545,21.78569707231052,0.6234567901234549,298.94285639788353,-4.285710899470985
28.35,298.94285639788353,3.9285683245147425,0.9320987654321031,291.453549942857,-7.489306455026508
28.400000000000002,291.453549942857,0.0,1.0,283.0606927999997,-8.392857142857338
28.450000000000003,283.0606927999997,0.0,1.0,274.667835657143,-8.392857142856712
28.5,274.667835657143,0.0,1.0,266.27497851428564,-8.392857142857338
28.55,266.27497851428564,0.0,1.0,257.8821213714283,-8.392857142857338
28.6,257.8821213714283,0.0,1.0,250.21249999999966,-7.669621371428633
28.650000000000002,250.21249999999966,0.0,1.0,245.8374999999996,-4.375000000000057
28.700000000000003,245.8374999999996,0.0,1.0,241.46249999999986,-4.374999999999744
28.75,241.46249999999986,0.0,1.0,237.0874999999998,-4.375000000000057
28.8,237.0874999999998,0.0,1.0,229.24164923002968,-7.845850769970127
28.85,229.24164923002968,0.0,1.0,221.32498712792753,-7.916662102102151
28.900000000000002,221.32498712792753,0.0,1.0,213.40832502582535,-7.91666210210218
28.950000000000003,213.40832502582535,0.0,1.0,205.49166292372374,-7.916662102101611
29.0,205.49166292372374,0.0,1.0,198.59499933538459,-6.896663588339152
29.05,198.59499933538459,0.0,1.0,196.34499564307686,-2.250003692307729
29.1,196.34499564307686,0.0,1.0,194.09499570360643,-2.2499999394704275
29.150000000000002,194.09499570360643,0.0,1.0,191.84499806426214,-2.2499976393442864
29.200000000000003,191.84499806426214,0.0,1.0,188.78499901569617,-3.0599990485659703
29.25,188.78499901569617,0.0,1.0,182.03499354734168,-6.7500054683544874
29.3,182.03499354734168,0.0,1.0,175.28498807898723,-6.750005468354459
29.35,175.28498807898723,0.0,1.0,168.53498313142842,-6.750004947558807
29.400000000000002,168.53498313142842,0.0,1.0,162.51785714285694,-6.017125988571479
29.450000000000003,162.51785714285694,0.0,1.0,159.83928571428567,-2.6785714285712743
29.5,159.83928571428567,0.0,1.0,157.16071428571422,-2.678571428571445
29.55,157.16071428571422,0.0,1.0,154.48214285714275,-2.6785714285714732
29.6,154.48214285714275,0.0,1.0,151.8035714285713,-2.678571428571445
29.650000000000002,151.8035714285713,0.0,1.0,149.12499999999986,-2.678571428571445
29.700000000000003,149.12499999999986,0.0,1.0,146.36874823050846,-2.7562517694913993
29.75,146.36874823050846,0.0,1.0,143.55624517966095,-2.8125030508475106
29.8,143.55624517966095,0.0,1.0,140.74374468571415,-2.8125004939468
29.85,140.74374468571415,0.0,1.0,138.40625024203817,-2.337494443675979
29.900000000000002,138.40625024203817,0.0,1.0,136.8437508789808,-1.5624993630573556
29.950000000000003,136.8437508789808,0.0,1.0,135.28125151592357,-1.562499363057242
30.0,135.28125151592357,0.0,1.0,133.54999999999998,-1.7312515159235886
30.05,133.54999999999998,0.0,1.0,131.04999999999995,-2.5000000000000284
30.1,131.04999999999995,0.0,1.0,128.54999999999993,-2.5000000000000284
30.150000000000002,128.54999999999993,0.0,1.0,126.04999999999988,-2.5000000000000426
30.200000000000003,126.04999999999988,0.0,1.0,124.24372759856632,-1.80627240143356
30.25,124.24372759856632,0.0,1.0,122.4516129032258,-1.7921146953405298
30.3,122.4516129032258,0.0,1.0,120.65949820788526,-1.7921146953405298
30.35,120.65949820788526,0.0,1.0,118.86738351254475,-1.7921146953405156
30.400000000000002,118.86738351254475,0.0,1.0,117.07526881720422,-1.7921146953405298
30.450000000000003,117.07526881720422,0.0,1.0,115.66666666666667,-1.408602150537547
30.5,115.66666666666667,0.0,0.9166666666666679,114.83333333333331,-0.833333333333357
30.55,114.83333333333331,0.0,0.7083333333333303,113.99999999999997,-0.8333333333333428
30.6,113.99999999999997,0.0,0.4999999999999927,113.16666666666661,-0.833333333333357
30.650000000000002,113.16666666666661,0.0,0.291666666666655,112.33333333333327,-0.8333333333333428
30.700000000000003,112.33333333333327,0.0,0.08333333333331738,112.28423790865867,-0.04909542467460426
30.75,112.28423790865867,0.43927676792702314,0.0,112.75796775642308,0.4737298477644174
30.8,112.75796775642308,1.1714047144720443,0.0,113.23169760418752,0.4737298477644316
30.85,113.23169760418752,1.9035326610170655,0.0,113.70542745195193,0.4737298477644174
30.900000000000002,113.70542745195193,2.635660607562087,0.0,114.17915723295961,0.4737297810076768
30.950000000000003,114.17915723295961,3.367788450937579,0.0,114.65288680257086,0.4737295696112511
31.0,114.65288680257086,4.09991596760951,0.0,115.12661637218214,0.47372956961127954
31.05,115.12661637218214,4.832043484281493,0.0,115.60034594179342,0.47372956961127954
31.1,115.60034594179342,5.5641710009534755,0.0,116.0740755114047,0.47372956961127954
31.150000000000002,116.0740755114047,6.296298517625459,0.0,116.54780508101598,0.47372956961127954
31.200000000000003,116.54780508101598,7.028426034297443,0.0,117.02153465062723,0.4737295696112511
31.25,117.02153465062723,7.760553550969373,0.0,117.49526422023851,0.47372956961127954
31.3,117.49526422023851,8.492681067641351,0.0,117.96899378984979,0.47372956961127954
31.35,117.96899378984979,9.22480858431333,0.0,118.44272335946107,0.47372956961127954
31.400000000000002,118.44272335946107,9.956936100985306,0.0,118.91645292907235,0.47372956961127954
31.450000000000003,118.91645292907235,10.689063617657284,0.0,119.3901824986836,0.4737295696112511
31.5,119.3901824986836,11.421191134329211,0.0,119.86391206829488,0.47372956961127954
31.55,119.86391206829488,12.153318651001193,0.0,120.33764163790617,0.47372956961129375
31.6,120.33764163790617,12.885446167673177,0.0,120.81137120751745,0.47372956961127954
31.650000000000002,120.81137120751745,13.61757368434516,0.0,121.28510077712875,0.47372956961129375
31.700000000000003,121.28510077712875,14.349701201017142,0.0,121.75883034674,0.4737295696112511
31.75,121.75883034674,15.081828717689074,0.0,122.23255991635128,0.47372956961127954
31.8,122.23255991635128,15.813956234361056,0.0,122.70628856196431,0.4737286456130363
31.85,122.70628856196431,16.54608232303576,0.0,123.0,0.293711438035686
31.900000000000002,123.0,17.554166666666717,0.0,123.0,0.0
31.950000000000003,123.0,19.01250000000006,0.0,123.0,0.0
32.0,123.0,20.4708333333333,0.0,123.0,0.0
32.050000000000004,123.0,21.929166666666745,0.0,123.0,0.0
32.1,123.0,23.38749999999998,0.0,123.0,0.0
32.15,123.0,26.465014454857176,0.0,123.0,0.0
32.2,123.0,30.71500668342895,0.0,123.0,0.0
32.25,123.0,34.96499891200012,0.0,123.0,0.0
32.300000000000004,123.0,39.214997343256314,0.0,123.80555529385231,0.8055552938523078
32.35,123.80555529385231,42.933332705245554,0.0,125.19444373152847,1.388888437676158
32.4,125.19444373152847,46.266664955668325,0.0,126.58333216920482,1.388888437676357
32.45,126.58333216920482,49.59999720609158,0.0,127.97222060688098,1.388888437676158
32.5,127.97222060688098,52.93332945651436,0.0,129.36110968234505,1.3888890754640641
32.550000000000004,129.36110968234505,56.266663237628094,0.0,130.74999911656448,1.3888894342194362
32.6,130.74999911656448,59.59999787975476,0.0,132.13888855078392,1.3888894342194362
32.65,132.13888855078392,62.933332521881425,0.0,133.66500224000015,1.5261136892162313
32.7,133.66500224000015,67.28000768000057,0.0,135.41500615608393,1.7500039160837844
32.75,135.41500615608393,73.28002110657349,0.0,137.16500380643373,1.7499976503497976
32.800000000000004,137.16500380643373,79.2800130506299,0.0,138.91500145678327,1.7499976503495418
32.85,138.91500145678327,85.28000499468547,0.0,141.06874999999994,2.1537485432166648
32.9,141.06874999999994,90.30624999999992,0.0,143.88125000000022,2.812500000000284
32.95,143.88125000000022,93.74375000000028,0.0,146.69375000000014,2.8124999999999147
33.0,146.69375000000014,97.18125000000016,0.0,149.4050045741179,2.71125457411776
33.050000000000004,149.4050045741179,100.0,0.0,151.65500665704926,2.25000208293136
33.1,151.65500665704926,100.0,0.0,153.90500429639337,2.249997639344116
33.15,153.90500429639337,100.0,0.0,156.15500193573786,2.2499976393444854
33.2,156.15500193573786,100.0,0.0,158.1800006063158,2.0249986705779293
33.25,158.1800006063158,100.0,0.0,159.18000378629375,1.0000031799779663
33.300000000000004,159.18000378629375,100.0,0.0,160.18000244363634,0.9999986573425872
33.35,160.18000244363634,100.0,0.0,161.18000110097896,0.9999986573426156
33.4,161.18000110097896,100.0,0.0,162.63000000000002,1.4499988990210682
33.45,162.63000000000002,100.0,0.0,166.1299999999999,3.4999999999998863
33.5,166.1299999999999,100.0,0.0,169.63000000000028,3.5000000000003695
33.550000000000004,169.63000000000028,100.0,0.0,173.13000000000017,3.4999999999998863
33.6,173.13000000000017,100.0,0.0,176.28928668872177,3.1592866887216076
33.65,176.28928668872177,100.0,0.0,177.89643232868954,1.6071456399677686
33.7,177.89643232868954,100.0,0.0,179.5035743357733,1.6071420070837519
33.75,179.5035743357733,100.0,0.0,181.11071634285727,1.6071420070839793
33.800000000000004,181.11071634285727,100.0,0.0,182.71785834994103,1.6071420070837519
33.85,182.71785834994103,100.0,0.0,184.32500035702475,1.6071420070837235
33.9,184.32500035702475,100.0,0.0,186.01500094144941,1.6900005844246664
33.95,186.01500094144941,100.0,0.0,187.76500256463774,1.750001623188325
34.0,187.76500256463774,100.0,0.0,189.51500418782632,1.7500016231885809
34.050000000000004,189.51500418782632,100.0,0.0,191.2650044800001,1.7500002921737803
34.1,191.2650044800001,100.0,0.0,193.01500447999996,1.749999999999858
34.15,193.01500447999996,100.0,0.0,194.76500448000007,1.7500000000001137
34.2,194.76500448000007,100.0,0.0,196.5150044799999,1.7499999999998295
34.25,196.5150044799999,100.0,0.0,198.26500224000011,1.7499977600002126
34.300000000000004,198.26500224000011,100.0,0.0,199.62142914782615,1.3564269078260338
34.35,199.62142914782615,100.0,0.0,200.69285871304342,1.0714295652172723
34.4,200.69285871304342,100.0,0.0,201.76428827826086,1.0714295652174428
34.45,201.76428827826086,100.0,0.0,202.83571623661967,1.0714279583588109
34.5,202.83571623661967,100.0,0.0,203.9071438422536,1.0714276056339145
34.550000000000004,203.9071438422536,100.0,0.0,204.97857144788736,1.0714276056337724
34.6,204.97857144788736,100.0,0.0,208.0624999999999,3.083928552112525
34.65,208.0624999999999,100.0,0.0,211.18750000000009,3.125000000000199
34.7,211.18750000000009,100.0,0.0,214.31249999999983,3.124999999999744
34.75,214.31249999999983,100.0,0.0,215.97500289729732,1.662502897297486
34.800000000000004,215.97500289729732,100.0,0.0,217.22500217657657,1.2499992792792511
34.85,217.22500217657657,100.0,0.0,218.47500145585582,1.2499992792792511
34.9,218.47500145585582,100.0,0.0,219.72500073513524,1.2499992792794217
34.95,219.72500073513524,100.0,0.0,220.97500001441446,1.2499992792792227
35.0,220.97500001441446,100.0,0.0,222.22500320000006,1.250003185585598
35.050000000000004,222.22500320000006,100.0,0.0,223.47500319999997,1.2499999999999147
35.1,223.47500319999997,100.0,0.0,224.7250031999999,1.2499999999999147
35.15,224.7250031999999,100.0,0.0,225.9750032,1.2500000000001137
35.2,225.9750032,100.0,0.0,227.22500319999992,1.2499999999999147
35.25,227.22500319999992,100.0,0.0,228.47500238048787,1.2499991804879471
35.300000000000004,228.47500238048787,100.0,0.0,229.7250004292684,1.249998048780526
35.35,229.7250004292684,100.0,0.0,231.36500126608695,1.6400008368185581
35.4,231.36500126608695,100.0,0.0,233.11500288927544,1.7500016231884956
35.45,233.11500288927544,100.0,0.0,234.86500440774188,1.7500015184664335
35.5,234.86500440774188,100.0,0.0,236.61500079483883,1.7499963870969566
35.550000000000004,236.61500079483883,100.0,0.0,237.85312500000003,1.2381242051611991
35.6,237.85312500000003,100.0,0.0,238.94687499999998,1.0937499999999432
35.65,238.94687499999998,100.0,0.0,240.04062500000006,1.0937500000000853
35.7,240.04062500000006,100.0,0.0,241.134375,1.0937499999999432
35.75,241.134375,100.0,0.0,242.2281250000001,1.0937500000000853
35.800000000000004,242.2281250000001,100.0,0.0,243.32187500000003,1.0937499999999432
35.85,243.32187500000003,100.0,0.0,244.3454557090909,1.0235807090908793
35.9,244.3454557090909,100.0,0.0,245.25454778181827,0.9090920727273613
35.95,245.25454778181827,100.0,0.0,246.16363869090912,0.9090909090908497
36.0,246.16363869090912,100.0,0.0,247.0727296000001,0.9090909090909634
36.050000000000004,247.0727296000001,100.0,0.0,247.98182050909094,0.9090909090908497
36.1,247.98182050909094,100.0,0.0,248.8909114181818,0.9090909090908497
36.15,248.8909114181818,100.0,0.0,249.80000232727278,0.9090909090909918
36.2,249.80000232727278,100.0,0.0,250.70909323636366,0.9090909090908781
36.25,250.70909323636366,100.0,0.0,251.61818403966953,0.9090908033058724
36.300000000000004,251.61818403966953,100.0,0.0,252.48333369442287,0.8651496547533384
36.35,252.48333369442287,100.0,0.0,253.31666765032423,0.8333339559013666
36.4,253.31666765032423,100.0,0.0,254.15000160622571,0.8333339559014803
36.45,254.15000160622571,100.0,0.0,254.98333556212708,0.8333339559013666
36.5,254.98333556212708,100.0,0.0,255.81666951802856,0.8333339559014803
36.550000000000004,255.81666951802856,100.0,0.0,256.65000251650486,0.833332998476294
36.6,256.65000251650486,100.0,0.0,257.48333429644015,0.8333317799352926
36.65,257.48333429644015,100.0,0.0,258.23750000000007,0.7541657035599201
36.7,258.23750000000007,100.0,0.11875000000003137,258.8625,0.6249999999999432
36.75,258.8625,100.0,0.4312500000000064,259.48750000000007,0.6250000000000568
36.800000000000004,259.48750000000007,100.0,0.7437500000000259,259.5161299802193,0.02862998021925023
36.85,259.5161299802193,96.7741998681287,1.0,256.8279605321329,-2.6881694480863985
36.9,256.8279605321329,78.85307021421961,1.0,254.13978768392064,-2.6881728482122753
36.95,254.13978768392064,60.93191789280445,1.0,251.45161483570877,-2.6881728482118774
37.0,251.45161483570877,43.01076557139182,1.0,248.7634419874965,-2.6881728482122753
37.050000000000004,248.7634419874965,25.089613249976658,1.0,246.07526913928461,-2.6881728482118774
37.1,246.07526913928461,7.168460928564031,1.0,243.2749961931034,-2.8002729461812237
37.15,243.2749961931034,0.0,1.0,240.3999958783997,-2.8750003147036978
37.2,240.3999958783997,0.0,1.0,237.5250032383999,-2.874992639999789
37.25,237.5250032383999,0.0,1.0,234.6500066909088,-2.8749965474910937
37.300000000000004,234.6500066909088,0.0,1.0,231.77500517024785,-2.875001520660959
37.35,231.77500517024785,0.0,1.0,228.90000364958692,-2.8750015206609305
37.4,228.90000364958692,0.0,1.0,226.02500212892556,-2.875001520661357
37.45,226.02500212892556,0.0,1.0,223.15000060826463,-2.8750015206609305
37.5,223.15000060826463,0.0,1.0,220.79078522025543,-2.359215388009204
37.550000000000004,220.79078522025543,0.23032662471325077,1.0,218.7754272540147,-2.0153579662407424
37.6,218.7754272540147,0.6142043325686323,1.0,216.76007194361063,-2.015355310404061
37.65,216.76007194361063,0.9980815345503549,1.0,214.74471812711445,-2.015353816496173
37.7,214.74471812711445,1.3819584519781987,1.0,212.72936431061856,-2.015353816495889
37.75,212.72936431061856,1.7658353694059878,1.0,210.71401049412236,-2.0153538164962015
37.800000000000004,210.71401049412236,2.1497122868338314,1.0,208.69865667762647,-2.015353816495889
37.85,208.69865667762647,2.533589204261621,1.0,206.68330286113058,-2.015353816495889
37.9,206.68330286113058,2.9174661216894098,1.0,204.6679490446344,-2.015353816496173
37.95,204.6679490446344,3.3013430391172536,1.0,202.65259264811803,-2.015356396516381
38.0,202.65259264811803,3.685220447977518,0.4939759036144289,200.83124966597924,-1.8213429821387876
38.050000000000004,200.83124966597924,4.393750779381763,0.0,199.8937478103092,-0.9375018556700354
38.1,199.8937478103092,6.581255109278517,0.0,198.95624708571427,-0.9375007245949405
38.15,198.95624708571427,8.7687568,0.0,198.01874994285708,-0.9374971428571826
38.2,198.01874994285708,10.956250133333437,0.0,196.97916555932204,-1.0395843835350433
38.25,196.97916555932204,11.20416688813559,0.0,195.93749776271179,-1.0416677966102554
38.300000000000004,195.93749776271179,11.412500447457644,0.0,194.89582996610167,-1.0416677966101133
38.35,194.89582996610167,11.620834006779665,0.0,193.85416406349196,-1.041665902609708
38.400000000000006,193.85416406349196,11.829167187301607,0.0,193.0,-0.8541640634919645
38.45,193.0,13.372500781958525,0.0,193.0,0.0
38.5,193.0,20.997505126171827,0.0,193.0,0.0
38.550000000000004,193.0,28.622509470386213,0.0,193.0,0.0
38.6,193.0,36.247513814599515,0.0,193.0,0.0
38.650000000000006,193.0,43.872518158813904,0.0,193.0,0.0
38.7,193.0,51.4975225030272,0.0,193.0,0.0
38.75,193.0,59.1225268472405,0.0,193.0,0.0
38.800000000000004,193.0,66.74751905523881,0.0,193.16875023649635,0.16875023649635068
38.85,193.16875023649635,73.56250078832119,0.0,194.10625155036504,0.9375013138686938
38.900000000000006,194.10625155036504,76.68750516788349,0.0,195.0437528642336,0.9375013138685517
38.95,195.0437528642336,79.81250954744534,0.0,195.98125015652178,0.9374972922881852
39.0,195.98125015652178,82.93750052173927,0.0,196.61249975031853,0.6312495937967526
39.050000000000004,196.61249975031853,79.73333466496778,0.0,197.2374994955414,0.6249997452228797
39.1,197.2374994955414,76.40000269044576,0.0,197.86249924076438,0.624999745222965
39.150000000000006,197.86249924076438,73.06667071592325,0.0,198.4874996048193,0.6250003640549266
39.2,198.4874996048193,69.7333354409637,0.0,199.14062492307693,0.6531253182576222
39.25,199.14062492307693,67.4218747692308,0.0,199.9218744957266,0.7812495726496707
39.300000000000004,199.9218744957266,69.76562348717977,0.0,200.70312406837613,0.7812495726495285
39.35,200.70312406837613,72.10937220512841,0.0,201.4843742068967,0.7812501385205621
39.400000000000006,201.4843742068967,74.45312262069004,0.0,202.26562445320204,0.7812502463053477
39.45,202.26562445320204,76.79687335960612,0.0,203.0468746995074,0.7812502463053761
39.5,203.0468746995074,79.14062409852221,0.0,203.82812494581287,0.7812502463054614
39.550000000000004,203.82812494581287,81.48437483743864,0.0,204.5571439599411,0.7290190141282267
39.6,204.5571439599411,84.50714781973497,0.0,205.27143108807076,0.714287128129655
39.650000000000006,205.27143108807076,87.7214398963184,0.0,205.98571639906325,0.7142853109924943
39.7,205.98571639906325,90.93572379578465,0.0,206.7000013639344,0.7142849648711547
39.75,206.7000013639344,94.15000613770485,0.0,207.41428632880567,0.7142849648712684
39.800000000000004,207.41428632880567,97.3642884796255,0.0,208.28928547384047,0.874999145034792
39.85,208.28928547384047,100.0,0.0,209.89642699517643,1.6071415213359614
39.900000000000006,209.89642699517643,100.0,0.0,211.50356969570734,1.6071427005309147
39.95,211.50356969570734,100.0,0.0,213.11071305953553,1.607143363828186
40.0,213.11071305953553,100.0,0.0,214.7178564233639,1.607143363828385
40.050000000000004,214.7178564233639,100.0,0.0,216.3249997871921,1.607143363828186
40.1,216.3249997871921,100.0,0.0,217.72500300659348,1.400003219401384
40.150000000000006,217.72500300659348,100.0,0.0,218.97500212747258,1.249999120879096
40.2,218.97500212747258,100.0,0.0,220.22500124835165,1.2499991208790675
40.25,220.22500124835165,100.0,0.0,221.4750003692309,1.2499991208792665
40.300000000000004,221.4750003692309,100.0,0.0,222.96666718655473,1.491666817323818
40.35,222.96666718655473,100.0,0.0,224.6333347495801,1.6666675630253565
40.400000000000006,224.6333347495801,100.0,0.0,226.30000231260522,1.666667563025129
40.45,226.30000231260522,100.0,0.0,227.96666987563032,1.6666675630251007
40.5,227.96666987563032,100.0,0.0,229.63333743865567,1.6666675630253565
40.550000000000004,229.63333743865567,100.0,0.0,230.8357148866774,1.2023774480217355
40.6,230.8357148866774,100.0,0.0,231.90714422857158,1.0714293418941736
40.650000000000006,231.90714422857158,100.0,0.0,232.97857357046558,1.071429341894003
40.7,232.97857357046558,100.0,0.0,234.05000244705886,1.0714288765932736
40.75,234.05000244705886,100.0,0.0,235.12142967394968,1.071427226890819
40.800000000000004,235.12142967394968,100.0,0.0,236.18750012121214,1.0660704472624616
40.85,236.18750012121214,100.0,0.0,237.22916746127956,1.04166734006742
40.900000000000006,237.22916746127956,100.0,0.0,238.27083480134684,1.0416673400672778
40.95,238.27083480134684,100.0,0.0,239.31250214141411,1.0416673400672778
41.0,239.31250214141411,100.0,0.0,240.35416863492068,1.0416664935065683
41.050000000000004,240.35416863492068,100.0,0.0,241.47499999999997,1.1208313650792832
41.1,241.47499999999997,100.0,0.0,242.7250000000001,1.250000000000142
41.150000000000006,242.7250000000001,100.0,0.0,243.97500000000005,1.2499999999999432
41.2,243.97500000000005,100.0,0.0,245.22500000000002,1.2499999999999716
41.25,245.22500000000002,100.0,0.0,246.47500000000014,1.2500000000001137
41.300000000000004,246.47500000000014,100.0,0.0,247.7250000000001,1.2499999999999716
41.35,247.7250000000001,100.0,0.0,248.81250266666677,1.0875026666666656
41.400000000000006,248.81250266666677,100.0,0.0,249.8541693333334,1.0416666666666288
41.45,249.8541693333334,100.0,0.0,250.89583600000003,1.0416666666666288
41.5,250.89583600000003,100.0,0.0,251.93750165853672,1.0416656585366866
41.550000000000004,251.93750165853672,100.0,0.0,252.97916669918703,1.0416650406503152
41.6,252.97916669918703,100.0,0.0,254.0208341603377,1.0416674611506664
41.650000000000006,254.0208341603377,100.0,0.0,255.06250167088615,1.04166751054845
41.7,255.06250167088615,100.0,0.0,256.1041691814346,1.04166751054845
41.75,256.1041691814346,100.0,0.0,257.14583466666676,1.0416654852321585
41.800000000000004,257.14583466666676,100.0,0.0,258.1125000911392,0.9666654244724668
41.85,258.1125000911392,100.0,0.0,258.7375005974684,0.6250005063291724
41.900000000000006,258.7375005974684,100.0,0.0,259.36250110379746,0.6250005063290587
41.95,259.36250110379746,100.0,0.0,259.9875008,0.6249996962025648
42.0,259.9875008,100.0,0.0,260.73500000000007,0.7474992000000498
42.050000000000004,260.73500000000007,100.0,0.0,261.485,0.7499999999999432
42.1,261.485,100.0,0.0,262.23500000000007,0.7500000000000568
42.150000000000006,262.23500000000007,100.0,0.0,262.985,0.7499999999999432
42.2,262.985,100.0,0.0,262.4749996917431,-0.510000308256906
42.25,262.4749996917431,82.49998972477053,0.0,261.93928509148094,-0.5357146002621676
42.300000000000004,261.93928509148094,64.64283638269794,0.0,261.40357049121883,-0.5357146002621107
42.35,261.40357049121883,46.78568304062789,0.0,260.86785589095666,-0.5357146002621676
42.400000000000006,260.86785589095666,28.928529698555295,0.0,260.33214217142853,-0.5357137195281325
42.45,260.33214217142853,11.07140571428444,0.5000000000000574,257.1500000000002,-3.1821421714283247
42.5,257.1500000000002,0.0,1.0,249.64999999999938,-7.500000000000824
42.550000000000004,249.64999999999938,0.0,1.0,242.14999999999964,-7.499999999999744
42.6,242.14999999999964,0.0,1.0,234.64999999999884,-7.500000000000796
42.650000000000006,234.64999999999884,0.0,1.0,227.14999999999912,-7.499999999999716
42.7,227.14999999999912,0.0,1.0,222.4049946273684,-4.745005372630715
42.75,222.4049946273684,0.0,1.0,219.6549929599998,-2.750001667368622
42.800000000000004,219.6549929599998,0.0,1.0,216.90499295999993,-2.749999999999858
42.85,216.90499295999993,0.0,1.0,214.1549929599997,-2.7500000000002274
42.900000000000006,214.1549929599997,0.0,1.0,211.4049936089384,-2.749999351061291
42.95,211.4049936089384,0.0,1.0,208.65499655865926,-2.7499970502791484
43.0,208.65499655865926,0.0,1.0,205.90499950837972,-2.7499970502795463
43.050000000000004,205.90499950837972,0.0,1.0,203.1550024581006,-2.74999705027912
43.1,203.1550024581006,0.0,1.0,199.96999999999971,-3.1850024581008824
43.150000000000006,199.96999999999971,0.0,1.0,196.46999999999983,-3.4999999999998863
43.2,196.46999999999983,0.0,1.0,192.96999999999997,-3.499999999999858
43.25,192.96999999999997,0.0,1.0,189.4699999999996,-3.5000000000003695
43.300000000000004,189.4699999999996,0.0,1.0,186.9124934041958,-2.557506595803801
43.35,186.9124934041958,0.18125109930070177,0.9160839160839133,185.03749592167816,-1.8749974825176423
43.400000000000006,185.03749592167816,0.49375067972030734,0.5664335664335355,183.1624984391608,-1.874997482517358
43.45,183.1624984391608,0.8062502601398686,0.21678321678320744,181.52500039480523,-1.6374980443555671
43.5,181.52500039480523,1.284999763116865,0.0,180.27500143376614,-1.249998961039097
43.550000000000004,180.27500143376614,2.0349991397403233,0.0,179.02500105365849,-1.2500003801076502
43.6,179.02500105365849,2.7849993678049145,0.0,177.77500040325185,-1.2500006504066334
43.650000000000006,177.77500040325185,3.5349997580488957,0.0,177.1191221341435,-0.6558782691083422
43.7,177.1191221341435,8.28839682916596,0.0,177.43260143452102,0.3134793003775087
43.75,177.43260143452102,19.573651642756708,0.0,177.74608095376433,0.31347951924331596
43.800000000000004,177.74608095376433,30.858914335516182,0.0,178.05956051469633,0.31347956093199514
43.85,178.05956051469633,42.144178529067794,0.0,178.37304007562835,0.31347956093202356
43.900000000000006,178.37304007562835,53.42944272262101,0.0,178.68651963656035,0.31347956093199514
43.95,178.68651963656035,64.71470691617262,0.0,179.0,0.3134803634396519
44.0,179.0,76.0,0.0,179.9375000000001,0.9375000000001137
44.050000000000004,179.9375000000001,76.0,0.0,180.87500000000006,0.9374999999999432
44.1,180.87500000000006,76.0,0.0,181.81250000000017,0.9375000000001137
44.150000000000006,181.81250000000017,76.0,0.0,182.56939501779368,0.7568950177935108
44.2,182.56939501779368,78.27758007117468,0.0,183.2811387900356,0.7117437722419311
44.25,183.2811387900356,81.12455516014244,0.0,183.99288256227766,0.7117437722420448
44.300000000000004,183.99288256227766,83.97153024911059,0.0,184.7046263345196,0.7117437722419311
44.35,184.7046263345196,86.81850533807834,0.0,185.41637010676163,0.7117437722420448
44.400000000000006,185.41637010676163,89.66548042704649,0.0,186.35999937729733,0.9436292705356948
44.45,186.35999937729733,92.17999968864866,0.0,188.35999743999994,1.9999980627026162
44.5,188.35999743999994,93.17999871999997,0.0,190.35999744000011,2.0000000000001705
44.550000000000004,190.35999744000011,94.17999872000006,0.0,192.35999744,1.9999999999998863
44.6,192.35999744,95.17999872,0.0,194.35999744000014,2.000000000000142
44.650000000000006,194.35999744000014,96.17999872000007,0.0,196.35999744000003,1.9999999999998863
44.7,196.35999744000003,97.17999872000001,0.0,198.35999743999992,1.9999999999998863
44.75,198.35999743999992,98.17999871999996,0.0,200.35999755906985,2.000000119069938
44.800000000000004,200.35999755906985,99.17999877953493,0.0,202.3375004729927,1.977502913922848
44.85,202.3375004729927,100.0,0.0,204.2125031007301,1.8750026277373877
44.900000000000006,204.2125031007301,100.0,0.0,206.0875057284672,1.8750026277371035
44.95,206.0875057284672,100.0,0.0,207.96250566213584,1.8749999336686471
45.0,207.96250566213584,100.0,0.0,209.83750216699036,1.874996504854522
45.050000000000004,209.83750216699036,100.0,0.0,211.40714329878932,1.56964113179896
45.1,211.40714329878932,100.0,0.0,212.47857303244558,1.0714297336562595
45.150000000000006,212.47857303244558,100.0,0.0,213.5500027661017,1.0714297336561174
45.2,213.5500027661017,100.0,0.0,214.6214324997578,1.071429733656089
45.25,214.6214324997578,100.0,0.0,215.69285957947304,1.0714270797152494
45.300000000000004,215.69285957947304,100.0,0.0,216.76428615367553,1.0714265742024907
45.35,216.76428615367553,100.0,0.0,218.39285865375334,1.6285725000778086
45.400000000000006,218.39285865375334,100.0,0.0,220.17857487651352,1.7857162227601862
45.45,220.17857487651352,100.0,0.0,221.9642910992737,1.7857162227601862
45.5,221.9642910992737,100.0,0.0,223.7500060582527,1.7857149589789856
45.550000000000004,223.7500060582527,100.0,0.0,225.53571701525672,1.785710957004028
45.6,225.53571701525672,100.0,0.0,227.1968751741937,1.6611581589369848
45.650000000000006,227.1968751741937,100.0,0.0,228.2906261419356,1.0937509677418973
45.7,228.2906261419356,100.0,0.0,229.38437710967747,1.0937509677418689
45.75,229.38437710967747,100.0,0.0,230.4781280774195,1.0937509677420394
45.800000000000004,230.4781280774195,100.0,0.0,231.57187904516138,1.0937509677418689
45.85,231.57187904516138,100.0,0.0,232.66562748737883,1.0937484422174464
45.900000000000006,232.66562748737883,100.0,0.0,233.75937544854378,1.0937479611649508
45.95,233.75937544854378,100.0,0.0,234.8531278736842,1.0937524251404227
46.0,234.8531278736842,100.0,0.0,235.94687868897347,1.093750815289269
46.050000000000004,235.94687868897347,100.0,0.0,237.04062789049433,1.0937492015208647
46.1,237.04062789049433,100.0,0.0,238.13437709201534,1.0937492015210069
46.150000000000006,238.13437709201534,100.0,0.0,239.2281262935362,1.0937492015208647
46.2,239.2281262935362,100.0,0.0,240.32187549505704,1.0937492015208363
46.25,240.32187549505704,100.0,0.0,241.56999968820526,1.2481241931482145
46.300000000000004,241.56999968820526,100.0,0.0,243.0699988676923,1.4999991794870482
46.35,243.0699988676923,100.0,0.0,244.56999812626515,1.499999258572842
46.400000000000006,244.56999812626515,100.0,0.0,246.0699992828916,1.500001156626439
46.45,246.0699992828916,100.0,0.0,247.47500478936885,1.4050055064772664
46.5,247.47500478936885,100.0,0.0,248.7250045235882,1.249999734219358
46.550000000000004,248.7250045235882,100.0,0.0,249.9750042578074,1.2499997342191875
46.6,249.9750042578074,100.0,0.0,251.22500399202676,1.249999734219358
46.650000000000006,251.22500399202676,100.0,0.0,252.47500372624594,1.2499997342191875
46.7,252.47500372624594,100.0,0.0,253.72500346046513,1.2499997342191875
46.75,253.72500346046513,100.0,0.0,254.97500312380964,1.2499996633445107
46.800000000000004,254.97500312380964,100.0,0.0,256.09000000000003,1.1149968761903892
46.85,256.09000000000003,100.0,0.0,256.59000000000003,0.5
46.900000000000006,256.59000000000003,100.0,0.0,257.09000000000003,0.5
46.95,257.09000000000003,100.0,0.0,257.59000000000003,0.5
47.0,257.59000000000003,100.0,0.0,258.1928573947523,0.6028573947522773
47.050000000000004,258.1928573947523,100.0,0.0,259.2642873655977,1.0714299708453723
47.1,259.2642873655977,100.0,0.0,260.3357168627944,1.071429497196732
47.150000000000006,260.3357168627944,100.0,0.0,261.4071446806908,1.0714278178963923
47.2,261.4071446806908,100.0,0.0,262.47857249858714,1.0714278178963355
47.25,262.47857249858714,100.0,0.0,263.55000031648365,1.071427817896506
47.300000000000004,263.55000031648365,100.0,0.0,264.5800009517949,1.0300006353112394
47.35,264.5800009517949,100.0,0.0,265.5800025600001,1.0000016082051957
47.400000000000006,265.5800025600001,100.0,0.0,266.5800025600001,1.0
47.45,266.5800025600001,100.0,0.0,267.58000256,0.9999999999999432
47.5,267.58000256,100.0,0.0,268.5800000000001,0.9999974400000724
47.550000000000004,268.5800000000001,100.0,0.0,269.58000000000004,0.9999999999999432
47.6,269.58000000000004,100.0,0.0,270.58000000000015,1.0000000000001137
47.650000000000006,270.58000000000015,100.0,0.0,271.5800000000001,0.9999999999999432
47.7,271.5800000000001,100.0,0.0,272.64444550199437,1.0644455019942711
47.75,272.64444550199437,100.0,0.0,273.75555840000015,1.1111128980057856
47.800000000000004,273.75555840000015,100.0,0.0,274.8666695111112,1.111111111111029
47.85,274.8666695111112,100.0,0.0,275.9777806222224,1.1111111111111995
47.900000000000006,275.9777806222224,100.0,0.0,277.0888917333334,1.111111111111029
47.95,277.0888917333334,100.0,0.0,278.20000225882353,1.111110525490119
48.0,278.20000225882353,100.0,0.0,279.3111119755992,1.1111097167756725
48.050000000000004,279.3111119755992,100.0,0.0,280.27142879132003,0.9603168157208302
48.1,280.27142879132003,100.0,0.0,280.9857150842677,0.7142862929476905
48.150000000000006,280.9857150842677,100.0,0.0,281.70000137721524,0.71428629294752
48.2,281.70000137721524,100.0,0.0,282.414287377986,0.7142860007707554
48.25,282.414287377986,100.0,0.0,283.12857234285724,0.7142849648712399
48.300000000000004,283.12857234285724,100.0,0.0,283.8428573077284,0.7142849648711831
48.35,283.8428573077284,100.0,0.0,284.5850007640817,0.7421434563532898
48.400000000000006,284.5850007640817,100.0,0.0,285.3350017436735,0.750000979591789
48.45,285.3350017436735,100.0,0.0,286.0850011482353,0.7499994045617768
48.5,286.0850011482353,100.0,0.0,286.8350002070589,0.7499990588236187
48.550000000000004,286.8350002070589,100.0,0.0,287.58500129103453,0.7500010839756328
48.6,287.58500129103453,100.0,0.0,288.3350015008451,0.7500002098105938
48.650000000000006,288.3350015008451,100.0,0.0,289.0850008247887,0.749999323943598
48.7,289.0850008247887,100.0,0.0,289.8350001487324,0.7499993239436549
48.75,289.8350001487324,100.0,0.0,290.69643085714284,0.8614307084104667
48.800000000000004,290.69643085714284,100.0,0.0,291.589288,0.8928571428571672
48.85,291.589288,100.0,0.0,292.48214514285723,0.8928571428572241
48.900000000000006,292.48214514285723,100.0,0.0,293.37500228571434,0.8928571428571104
48.95,293.37500228571434,100.0,0.0,294.2678586543779,0.8928563686635584
49.0,294.2678586543779,100.0,0.0,295.07500003720935,0.8071413828314462
49.050000000000004,295.07500003720935,100.0,0.0,295.49166691059435,0.4166668733849974
49.1,295.49166691059435,100.0,0.0,295.9083337839794,0.41666687338505426
49.150000000000006,295.9083337839794,100.0,0.0,296.3250006573644,0.4166668733849974
49.2,296.3250006573644,100.0,0.0,296.7416675307494,0.4166668733849974
49.25,296.7416675307494,100.0,0.0,297.1583343895425,0.41666685879312126
49.300000000000004,297.1583343895425,100.0,0.0,297.57500053333337,0.41666614379084876
49.35,297.57500053333337,100.0,0.0,297.9916666771242,0.41666614379084876
49.400000000000006,297.9916666771242,100.0,0.0,298.6125013517241,0.6208346745999052
49.45,298.6125013517241,100.0,0.0,299.2375013496183,0.6249999978941787
49.5,299.2375013496183,100.0,0.0,299.86250104427484,0.6249996946565375
49.550000000000004,299.86250104427484,100.0,0.0,300.4875007389313,0.6249996946564806
49.6,300.4875007389313,100.0,0.0,301.11250043358785,0.6249996946565375
49.650000000000006,301.11250043358785,100.0,0.0,301.73750012824433,0.6249996946564806
49.7,301.73750012824433,100.0,0.0,302.41428571428577,0.6767855860414329
49.75,302.41428571428577,100.0,0.0,303.12857142857155,0.7142857142857792
49.800000000000004,303.12857142857155,100.0,0.0,303.8428571428572,0.7142857142856656
49.85,303.8428571428572,100.0,0.0,304.557142857143,0.7142857142857792
49.900000000000006,304.557142857143,100.0,0.0,305.27142857142866,0.7142857142856656
49.95,305.27142857142866,100.0,0.0,305.9857142857143,0.7142857142856656
50.0,305.9857142857143,100.0,0.0,306.30625000000003,0.32053571428571104
50.050000000000004,306.30625000000003,100.0,0.0,306.61875000000003,0.3125
50.1,306.61875000000003,100.0,0.0,306.93125000000003,0.3125
50.150000000000006,306.93125000000003,100.0,0.0,307.36562527315175,0.43437527315171565
50.2,307.36562527315175,100.0,0.0,307.8343756233463,0.46875035019456845
50.25,307.8343756233463,100.0,0.0,308.3031259735409,0.46875035019456845
50.300000000000004,308.3031259735409,100.0,0.0,308.77187632373546,0.46875035019456845
50.35,308.77187632373546,100.0,0.0,309.24062667393,0.46875035019456845
50.400000000000006,309.24062667393,100.0,0.0,309.70937588571434,0.4687492117843135
50.45,309.70937588571434,100.0,0.0,310.27240161222414,0.5630257265098066
50.5,310.27240161222414,100.0,0.0,310.98924796018247,0.7168463479583238
50.550000000000004,310.98924796018247,100.0,0.0,311.7060943081407,0.7168463479582101
50.6,311.7060943081407,100.0,0.0,312.42294065609906,0.7168463479583806
50.650000000000006,312.42294065609906,100.0,0.0,313.1397869194893,0.7168462633902664
50.7,313.1397869194893,100.0,0.0,313.85663115324826,0.716844233758934
50.75,313.85663115324826,100.0,0.0,314.0,0.14336884675174133
50.800000000000004,314.0,100.0,0.0,314.0,0.0
50.85,314.0,100.0,0.0,314.0,0.0
50.900000000000006,314.0,100.0,0.0,314.3726708074534,0.3726708074534031
50.95,314.3726708074534,100.0,0.0,314.99378881987576,0.6211180124223574
51.0,314.99378881987576,100.0,0.0,315.6149068322982,0.6211180124224143
51.050000000000004,315.6149068322982,100.0,0.0,316.17812494213194,0.5632181098337696
51.1,316.17812494213194,100.0,0.0,316.64687478984774,0.46874984771579875
51.150000000000006,316.64687478984774,100.0,0.0,317.1156246375635,0.4687498477157419
51.2,317.1156246375635,100.0,0.0,317.58437448527917,0.46874984771568506
51.25,317.58437448527917,100.0,0.0,318.05312450731714,0.4687500220379661
51.300000000000004,318.05312450731714,100.0,0.0,318.5218747512195,0.4687502439023774
51.35,318.5218747512195,100.0,0.0,318.99062499512195,0.46875024390243425
51.400000000000006,318.99062499512195,100.0,0.0,319.48999973196584,0.49937473684389033
51.45,319.48999973196584,100.0,0.0,319.98999945846157,0.4999997264957301
51.5,319.98999945846157,100.0,0.0,320.48999936000007,0.4999999015385015
51.550000000000004,320.48999936000007,100.0,0.0,320.98999978666666,0.5000004266665883
51.6,320.98999978666666,100.0,0.0,321.5250000000001,0.5350002133334328
51.650000000000006,321.5250000000001,100.0,0.0,322.0607142857143,0.5357142857142208
51.7,322.0607142857143,100.0,0.0,322.5964285714286,0.5357142857142776
51.75,322.5964285714286,100.0,0.0,323.1321428571429,0.5357142857143344
51.800000000000004,323.1321428571429,100.0,0.0,323.66785714285714,0.5357142857142208
51.85,323.66785714285714,100.0,0.0,324.0474999605195,0.37964281766232943
51.900000000000006,324.0474999605195,100.0,0.0,324.17249985662335,0.12499989610387274
51.95,324.17249985662335,100.0,0.0,324.29749984,0.12499998337665374
52.0,324.29749984,100.0,0.0,324.42249984,0.125
52.050000000000004,324.42249984,100.0,0.0,324.54749984,0.125
52.1,324.54749984,100.0,0.0,324.67249984,0.125
52.150000000000006,324.67249984,100.0,0.0,324.79749984,0.125
52.2,324.79749984,100.0,0.0,324.92249984,0.125
52.25,324.92249984,100.0,0.0,325.19000012282834,0.2675002828283368
52.300000000000004,325.19000012282834,100.0,0.0,325.69000044606065,0.5000003232323138
52.35,325.69000044606065,100.0,0.0,326.19000076929296,0.5000003232323138
52.400000000000006,326.19000076929296,100.0,0.0,326.6900010925253,0.5000003232323138
52.45,326.6900010925253,100.0,0.0,327.1900014157576,0.5000003232323138
52.5,327.1900014157576,100.0,0.0,327.6900017389899,0.5000003232323138
52.550000000000004,327.6900017389899,100.0,0.0,328.1900015099029,0.49999977091300707
52.6,328.1900015099029,100.0,0.0,328.69000057786417,0.49999906796125515
52.650000000000006,328.69000057786417,100.0,0.0,329.0593749862816,0.36937440841745683
52.7,329.0593749862816,100.0,0.0,329.2156249501805,0.15624996389885837
52.75,329.2156249501805,100.0,0.0,329.37187491407946,0.15624996389897206
52.800000000000004,329.37187491407946,100.0,0.0,329.5281248779783,0.15624996389885837
52.85,329.5281248779783,100.0,0.0,329.6843748418773,0.15624996389897206
52.900000000000006,329.6843748418773,100.0,0.0,329.84062480577614,0.15624996389885837
52.95,329.84062480577614,100.0,0.0,329.99687499534883,0.15625018957268821
53.0,329.99687499534883,100.0,0.0,330.245,0.24812500465117182
53.050000000000004,330.245,100.0,0.0,330.495,0.25
53.1,330.495,100.0,0.0,330.745,0.25
53.150000000000006,330.745,100.0,0.0,330.995,0.25
53.2,330.995,100.0,0.0,331.4083338666667,0.41333386666667593
53.25,331.4083338666667,100.0,0.0,331.825001059155,0.41666719248831896
53.300000000000004,331.825001059155,100.0,0.0,332.24166735023476,0.41666629107976405
53.35,332.24166735023476,100.0,0.0,332.6583336413146,0.4166662910798209
53.400000000000006,332.6583336413146,100.0,0.0,333.0,0.3416663586854156
53.45,333.0,100.0,0.0,333.0,0.0
53.5,333.0,100.0,0.0,333.0,0.0
53.550000000000004,333.0,100.0,0.0,333.0,0.0
53.6,333.0,100.0,0.0,333.0,0.0
53.650000000000006,333.0,100.0,0.0,333.11875011014496,0.1187501101449584
53.7,333.11875011014496,100.0,0.0,333.4312504,0.31250028985505196
53.75,333.4312504,100.0,0.0,333.7437506898551,0.3125002898551088
53.800000000000004,333.7437506898551,100.0,0.0,334.025,0.2812493101448581
53.85,334.025,100.0,0.0,334.1638888888889,0.13888888888891415
53.900000000000006,334.1638888888889,100.0,0.0,334.3027777777778,0.13888888888891415
53.95,334.3027777777778,100.0,0.0,334.44166666666666,0.1388888888888573
54.0,334.44166666666666,100.0,0.0,334.5805555555556,0.13888888888891415
54.050000000000004,334.5805555555556,100.0,0.0,334.71944444444443,0.1388888888888573
54.1,334.71944444444443,100.0,0.0,334.85833333333335,0.13888888888891415
54.150000000000006,334.85833333333335,100.0,0.0,334.9972222222222,0.1388888888888573
54.2,334.9972222222222,100.0,0.0,335.3062506253521,0.30902840312990065
54.25,335.3062506253521,100.0,0.0,335.618750343662,0.3124997183098799
54.300000000000004,335.618750343662,100.0,0.0,335.93125006197187,0.3124997183098799
54.35,335.93125006197187,100.0,0.0,336.08863640444736,0.15738634247549044
54.400000000000006,336.08863640444736,100.0,0.0,336.2022728204055,0.11363641595812624
54.45,336.2022728204055,100.0,0.0,336.3159092363636,0.11363641595812624
54.5,336.3159092363636,100.0,0.0,336.4295456523218,0.11363641595818308
54.550000000000004,336.4295456523218,100.0,0.0,336.5431820682799,0.11363641595812624
54.6,336.5431820682799,100.0,0.0,336.6568184529742,0.1136363846943027
54.650000000000006,336.6568184529742,100.0,0.0,336.7704547268238,0.11363627384957908
54.7,336.7704547268238,100.0,0.0,336.8840910006734,0.11363627384957908
54.75,336.8840910006734,100.0,0.0,336.997727274523,0.11363627384963593
54.800000000000004,336.997727274523,100.0,0.0,337.30625072786887,0.30852345334585607
54.85,337.30625072786887,100.0,0.0,337.61875040000007,0.3124996721311959
54.900000000000006,337.61875040000007,100.0,0.0,337.93125007213115,0.3124996721310822
54.95,337.93125007213115,100.0,0.0,337.87812490126583,-0.05312517086531443
55.0,337.87812490126583,100.0,0.0,337.7218747746835,-0.15625012658233572
55.050000000000004,337.7218747746835,100.0,0.0,337.5656246481013,-0.15625012658222204
55.1,337.5656246481013,100.0,0.0,337.40937467654317,-0.15624997155811116
55.150000000000006,337.40937467654317,100.0,0.0,337.25312479999997,-0.15624987654319966
55.2,337.25312479999997,100.0,0.0,337.09687492345677,-0.15624987654319966
55.25,337.09687492345677,100.0,0.0,337.0,-0.09687492345676674
55.300000000000004,337.0,100.0,0.0,337.0,0.0
55.35,337.0,100.0,0.0,337.0,0.0
55.400000000000006,337.0,100.0,0.0,337.0,0.0
55.45,337.0,100.0,0.0,337.0,0.0
55.5,337.0,100.0,0.0,337.0,0.0
55.550000000000004,337.0,100.0,0.0,337.0,0.0
55.6,337.0,100.0,0.0,336.7428569579452,-0.25714304205479266
55.650000000000006,336.7428569579452,96.78571197431523,0.0,335.3142845020866,-1.428572455858614
55.7,335.3142845020866,78.92855627608235,0.0,333.885712046228,-1.428572455858614
55.75,333.885712046228,61.071400577849445,0.0,332.45713959036914,-1.4285724558588413
55.800000000000004,332.45713959036914,43.214244879614014,0.0,331.0285688829132,-1.4285707074559468
55.85,331.0285688829132,25.357111036414636,0.30392156862744896,329.5999992470587,-1.428569635854501
55.900000000000006,329.5999992470587,7.499990588233278,0.7941176470588789,324.23570911767507,-5.364290129383619
55.95,324.23570911767507,0.0,1.0,316.0214144929783,-8.214294624696777
56.0,316.0214144929783,0.0,1.0,307.8071232564369,-8.214291236541385
56.050000000000004,307.8071232564369,0.0,1.0,299.5928440324514,-8.2142792239855
56.1,299.5928440324514,0.0,1.0,291.37856480846483,-8.21427922398658
56.150000000000006,291.37856480846483,0.0,1.0,283.16428558447933,-8.2142792239855
56.2,283.16428558447933,0.0,1.0,273.5062366948906,-9.658048889588713
56.25,273.5062366948906,0.0,1.0,263.81872311824753,-9.687513576643084
56.300000000000004,263.81872311824753,0.0,1.0,254.13123220869517,-9.687490909552366
56.35,254.13123220869517,0.0,1.0,250.05000063350215,-4.081231575193016
56.400000000000006,250.05000063350215,0.0,1.0,247.55000144568507,-2.4999991878170817
56.45,247.55000144568507,0.0,1.0,245.050002257868,-2.4999991878170817
56.5,245.050002257868,0.0,1.0,242.55000307005054,-2.4999991878174512
56.550000000000004,242.55000307005054,0.0,1.0,236.8812499999997,-5.668753070050826
56.6,236.8812499999997,0.0,1.0,230.318749999999,-6.5625000000007105
56.650000000000006,230.318749999999,0.0,1.0,223.75624999999923,-6.562499999999773
56.7,223.75624999999923,0.0,1.0,218.34167126486497,-5.414578735134256
56.75,218.34167126486497,0.0,1.0,213.75833798620667,-4.583333278658301
56.800000000000004,213.75833798620667,0.0,1.0,209.1750032078817,-4.583334778324968
56.85,209.1750032078817,0.0,1.0,204.5916684295561,-4.583334778325593
56.900000000000006,204.5916684295561,0.0,1.0,200.00833365123114,-4.583334778324968
56.95,200.00833365123114,0.0,1.0,197.65517485919426,-2.3531587920368793
57.0,197.65517485919426,0.0,1.0,195.93103649148085,-1.7241383677134081
57.050000000000004,195.93103649148085,0.0,1.0,194.2068981237677,-1.7241383677131523
57.1,194.2068981237677,0.0,1.0,192.4827597560543,-1.7241383677134081
57.150000000000006,192.4827597560543,0.0,1.0,190.75862138834114,-1.7241383677131523
57.2,190.75862138834114,0.0,1.0,189.034483020628,-1.7241383677131523
57.25,189.034483020628,0.0,1.0,187.59999746813182,-1.4344855524961702
57.300000000000004,187.59999746813182,0.9000056967034091,0.9890109890109753,186.59999817142855,-0.9999992967032654
57.35,186.59999817142855,3.1500041142857604,0.7142857142857086,185.59999887472515,-0.9999992967034075
57.400000000000006,185.59999887472515,5.400002531868431,0.43956043956040314,184.59999957802188,-0.9999992967032654
57.45,184.59999957802188,7.650000949450782,0.1648351648351365,183.83402495948621,-0.7659746185356653
57.5,183.83402495948621,11.987550729248184,0.0,183.41908735820178,-0.4149376012844357
57.550000000000004,183.41908735820178,19.456427552368115,0.0,183.0041497569174,-0.41493760128437884
57.6,183.0041497569174,26.925304375486984,0.0,182.58921215563296,-0.4149376012844357
57.650000000000006,182.58921215563296,34.394181198606915,0.0,182.17427416458574,-0.41493799104722484
57.7,182.17427416458574,41.86306503745674,0.0,182.27187524055302,0.09760107596727607
57.75,182.27187524055302,47.80937748571455,0.0,182.7406256552996,0.4687504147465802
57.800000000000004,182.7406256552996,52.653131771429116,0.0,183.2093760700461,0.4687504147464949
57.85,183.2093760700461,57.496886057142994,0.0,183.67812648479267,0.4687504147465802
57.900000000000006,183.67812648479267,62.340640342857554,0.0,184.14687659029127,0.4687501054986001
57.95,184.14687659029127,67.18439143300981,0.0,184.61562571650487,0.468749126213595
58.0,184.61562571650487,72.02813240388359,0.0,185.22499987692325,0.6093741604183833
58.050000000000004,185.22499987692325,77.34999926153952,0.0,186.47499919316246,1.2499993162392116
58.1,186.47499919316246,84.8499951589747,0.0,187.72499850940181,1.2499993162393537
58.150000000000006,187.72499850940181,92.34999105641097,0.0,188.97499996279075,1.2500014533889328
58.2,188.97499996279075,99.84999977674454,0.0,191.44999865982908,2.4749986970383304
58.25,191.44999865982908,100.0,0.0,193.94999729230798,2.4999986324789063
58.300000000000004,193.94999729230798,100.0,0.0,196.44999763252042,2.5000003402124378
58.35,196.44999763252042,100.0,0.0,198.94999893333357,2.500001300813153
58.400000000000006,198.94999893333357,100.0,0.0,201.25312456216218,2.30312562882861
58.45,201.25312456216218,100.0,0.0,202.65937319999995,1.4062486378377628
58.5,202.65937319999995,100.0,0.0,204.06562320000006,1.4062500000001137
58.550000000000004,204.06562320000006,100.0,0.0,205.47187319999998,1.4062499999999147
58.6,205.47187319999998,100.0,0.0,206.87812320000006,1.4062500000000853
58.650000000000006,206.87812320000006,100.0,0.0,208.28437319999998,1.4062499999999147
58.7,208.28437319999998,100.0,0.0,209.6906245395348,1.4062513395348333
58.75,209.6906245395348,100.0,0.0,210.48750000000004,0.7968754604652304
58.800000000000004,210.48750000000004,100.0,0.0,211.1125,0.6249999999999716
58.85,211.1125,100.0,0.0,211.73750000000007,0.6250000000000568
58.900000000000006,211.73750000000007,100.0,0.0,212.84583305854494,1.108333058544872
58.95,212.84583305854494,99.51666682368861,0.0,214.3041659181049,1.4583328595599596
59.0,214.3041659181049,98.68333376108292,0.0,215.76249877766506,1.4583328595601586
59.050000000000004,215.76249877766506,97.8500006984771,0.0,217.22083163722502,1.4583328595599596
59.1,217.22083163722502,97.01666763587141,0.0,218.6791661891474,1.458334551922377
59.150000000000006,218.6791661891474,96.18333360620149,0.0,219.97499946666673,1.2958332775193355
59.2,219.97499946666673,96.55714255238098,0.0,221.224998782906,1.2499993162392684
59.25,221.224998782906,97.27142787594629,0.0,222.47499861595105,1.2499998330450524
59.300000000000004,222.47499861595105,97.98571349482917,0.0,223.7249991067485,1.2500004907974471
59.35,223.7249991067485,98.69999948957057,0.0,224.97499959754612,1.2500004907976177
59.400000000000006,224.97499959754612,99.41428548431206,0.0,226.12857288067232,1.1535732831262067
59.45,226.12857288067232,100.0,0.0,226.8428594476915,0.7142865670191725
59.5,226.8428594476915,100.0,0.0,227.55714464052156,0.7142851928300615
59.550000000000004,227.55714464052156,100.0,0.0,228.2714298333515,0.7142851928299478
59.6,228.2714298333515,100.0,0.0,228.98571502618154,0.7142851928300331
59.650000000000006,228.98571502618154,100.0,0.0,229.70000021901149,0.7142851928299478
59.7,229.70000021901149,100.0,0.0,230.6041656216216,0.9041654026101185
59.75,230.6041656216216,100.0,0.0,231.64583212641088,1.0416665047892764
59.800000000000004,231.64583212641088,100.0,0.0,232.6874989435666,1.0416668171557149
59.85,232.6874989435666,100.0,0.0,233.72916576072242,1.0416668171558285
59.900000000000006,233.72916576072242,100.0,0.0,234.77083257787814,1.0416668171557149
59.95,234.77083257787814,100.0,0.0,235.81249939503383,1.0416668171556864
60.0,235.81249939503383,100.0,0.0,236.85416621218968,1.041666817155857
60.050000000000004,236.85416621218968,100.0,0.0,237.8958330293454,1.0416668171557149
60.1,237.8958330293454,100.0,0.0,238.93749984650123,1.0416668171558285
60.150000000000006,238.93749984650123,100.0,0.0,239.97916666365694,1.0416668171557149
60.2,239.97916666365694,100.0,0.0,241.42916987867864,1.4500032150216953
60.25,241.42916987867864,100.0,0.0,242.88750237117125,1.458332492492616
60.300000000000004,242.88750237117125,100.0,0.0,244.34583486366364,1.4583324924923886
60.35,244.34583486366364,100.0,0.0,245.80416735615626,1.458332492492616
60.400000000000006,245.80416735615626,100.0,0.0,247.12857156803875,1.324404211882495
60.45,247.12857156803875,100.0,0.0,247.84285805714285,0.7142864891040972
60.5,247.84285805714285,100.0,0.0,248.5571445462471,0.7142864891042393
60.550000000000004,248.5571445462471,100.0,0.0,249.27142993721347,0.7142853909663813
60.6,249.27142993721347,100.0,0.0,249.98571508712536,0.7142851499118876
60.650000000000006,249.98571508712536,100.0,0.0,250.70000023703713,0.7142851499117739
60.7,250.70000023703713,100.0,0.0,251.0,0.29999976296286945
60.75,251.0,100.0,0.0,251.0,0.0
60.800000000000004,251.0,100.0,0.0,251.0,0.0
60.85,251.0,100.0,0.0,251.0,0.0
60.900000000000006,251.0,100.0,0.0,251.48333361712542,0.48333361712542455
60.95,251.48333361712542,100.0,0.0,252.31666743975535,0.8333338226299247
61.0,252.31666743975535,100.0,0.0,253.15000126238536,0.83333382263001
61.050000000000004,253.15000126238536,100.0,0.0,253.98333508501528,0.8333338226299247
61.1,253.98333508501528,100.0,0.0,254.81666863474183,0.8333335497265466
61.150000000000006,254.81666863474183,100.0,0.0,255.65000121690144,0.8333325821596134
61.2,255.65000121690144,100.0,0.0,256.48333379906103,0.833332582159585
61.25,256.48333379906103,100.0,0.0,257.2850002049439,0.8016664058828837
61.300000000000004,257.2850002049439,100.0,0.0,258.03500074426967,0.7500005393257538
61.35,258.03500074426967,100.0,0.0,258.7850012835956,0.7500005393259244
61.400000000000006,258.7850012835956,100.0,0.0,259.53500182292134,0.7500005393257538
61.45,259.53500182292134,100.0,0.0,260.28500191999996,0.7500000970786118
61.5,260.28500191999996,100.0,0.0,261.03500192000007,0.7500000000001137
61.550000000000004,261.03500192000007,100.0,0.0,261.78500152470593,0.749999604705863
61.6,261.78500152470593,100.0,0.0,262.53500058352955,0.7499990588236187
61.650000000000006,262.53500058352955,100.0,0.0,263.23750009559757,0.702499512068016
61.7,263.23750009559757,100.0,0.0,263.8625003471698,0.6250002515722599
61.75,263.8625003471698,100.0,0.0,264.4875005987422,0.6250002515723736
61.800000000000004,264.4875005987422,100.0,0.0,265.11250085031446,0.6250002515722599
61.85,265.11250085031446,100.0,0.0,265.73750110188683,0.6250002515723736
61.900000000000006,265.73750110188683,100.0,0.0,266.3625013534591,0.6250002515722599
61.95,266.3625013534591,100.0,0.0,266.9875015804878,0.6250002270286927
62.0,266.9875015804878,100.0,0.0,267.61250060487805,0.624999024390263
62.050000000000004,267.61250060487805,100.0,0.0,268.47499999999997,0.8624993951219153
62.1,268.47499999999997,100.0,0.0,269.7250000000001,1.2500000000001137
62.150000000000006,269.7250000000001,100.0,0.0,270.9750000000001,1.25
62.2,270.9750000000001,100.0,0.0,272.225,1.2499999999999432
62.25,272.225,100.0,0.0,273.15833440000006,0.9333344000000352
62.300000000000004,273.15833440000006,100.0,0.0,273.5750010666667,0.41666666666662877
62.35,273.5750010666667,100.0,0.0,273.9916677333334,0.4166666666666856
62.400000000000006,273.9916677333334,100.0,0.0,274.40833440000006,0.4166666666666856
62.45,274.40833440000006,100.0,0.0,274.8250010666667,0.41666666666662877
62.5,274.8250010666667,100.0,0.0,275.2416677333334,0.4166666666666856
62.550000000000004,275.2416677333334,100.0,0.0,275.6583344,0.41666666666662877
62.6,275.6583344,100.0,0.0,276.18750016589877,0.5291657658987674
62.650000000000006,276.18750016589877,100.0,0.0,277.22916775422436,1.0416675883255948
62.7,277.22916775422436,100.0,0.0,278.27083534255,1.0416675883256516
62.75,278.27083534255,100.0,0.0,279.3125029308757,1.0416675883257085
62.800000000000004,279.3125029308757,100.0,0.0,280.3541705192014,1.0416675883256516
62.85,280.3541705192014,100.0,0.0,281.2375002101383,0.8833296909369324
62.900000000000006,281.2375002101383,100.0,0.0,281.86250076313365,0.6250005529953455
62.95,281.86250076313365,100.0,0.0,282.48750131612906,0.6250005529954024
63.0,282.48750131612906,100.0,0.0,283.1125018691245,0.6250005529954592
63.050000000000004,283.1125018691245,100.0,0.0,283.7375023817491,0.625000512624581
63.1,283.7375023817491,100.0,0.0,284.3625019254754,0.6249995437262896
63.150000000000006,284.3625019254754,100.0,0.0,284.98750146920156,0.6249995437261759
63.2,284.98750146920156,100.0,0.0,285.6125010129278,0.6249995437262328
63.25,285.6125010129278,100.0,0.0,286.2375005566541,0.6249995437262896
63.300000000000004,286.2375005566541,100.0,0.0,286.86250010038026,0.6249995437261759
63.35,286.86250010038026,100.0,0.0,287.48750164210537,0.625001541725112
63.400000000000006,287.48750164210537,100.0,0.0,288.1125019803279,0.6250003382225486
63.45,288.1125019803279,100.0,0.0,288.7375013245902,0.6249993442622781
63.5,288.7375013245902,100.0,0.0,289.36250066885253,0.6249993442623349
63.550000000000004,289.36250066885253,100.0,0.0,289.9875000131148,0.6249993442622781
63.6,289.9875000131148,100.0,0.0,290.6125012123712,0.6250011992564168
63.650000000000006,290.6125012123712,100.0,0.0,291.2375023664336,0.6250011540623746
63.7,291.2375023664336,100.0,0.0,291.86250152727274,0.6249991608391383
63.75,291.86250152727274,100.0,0.0,292.48750068811194,0.6249991608391952
63.800000000000004,292.48750068811194,100.0,0.0,293.09045226130655,0.6029515731946162
63.85,293.09045226130655,100.0,0.0,293.59296482412066,0.5025125628141041
63.900000000000006,293.59296482412066,100.0,0.0,294.09547738693465,0.5025125628139904
63.95,294.09547738693465,100.0,0.0,294.5979899497487,0.5025125628140472
64.0,294.5979899497487,100.0,0.0,295.09345764775276,0.4954676980040631
64.05,295.09345764775276,100.0,0.0,295.5607468183421,0.4672891705893676
64.10000000000001,295.5607468183421,100.0,0.0,296.02803717489047,0.4672903565483466
64.15,296.02803717489047,100.0,0.0,296.4953275314389,0.46729035654840345
64.2,296.4953275314389,100.0,0.0,296.9626178879872,0.4672903565483466
64.25,296.9626178879872,100.0,0.0,297.42990816582056,0.4672902778333423
64.3,297.42990816582056,100.0,0.0,297.89719655449227,0.4672883886717045
64.35000000000001,297.89719655449227,100.0,0.0,298.41785714285714,0.5206605883648763
64.4,298.41785714285714,100.0,0.0,298.9535714285714,0.5357142857142776
64.45,298.9535714285714,100.0,0.0,299.48928571428564,0.5357142857142208
64.5,299.48928571428564,100.0,0.0,300.0249999999999,0.5357142857142776
64.55,300.0249999999999,100.0,0.0,300.5607142857143,0.5357142857143913
64.60000000000001,300.5607142857143,100.0,0.0,301.06847903427115,0.5077647485568377
64.65,301.06847903427115,100.0,0.0,301.44891450434784,0.38043547007669076
64.7,301.44891450434784,100.0,0.0,301.82934928695653,0.38043478260868824
64.75,301.82934928695653,100.0,0.0,302.2097840695652,0.38043478260868824
64.8,302.2097840695652,100.0,0.0,302.59021885217396,0.3804347826087451
64.85000000000001,302.59021885217396,100.0,0.0,302.97065363478265,0.38043478260868824
64.9,302.97065363478265,100.0,0.0,303.3510884173913,0.3804347826086314
64.95,303.3510884173913,100.0,0.0,303.73152319999997,0.38043478260868824
65.0,303.73152319999997,100.0,0.0,304.1119577428762,0.38043454287623035
65.05,304.1119577428762,100.0,0.0,304.492392150903,0.38043440802681516
65.10000000000001,304.492392150903,100.0,0.0,304.8728265589298,0.3804344080267583
65.15,304.8728265589298,100.0,0.0,305.25326096695653,0.3804344080267583
65.2,305.25326096695653,100.0,0.0,305.63369537498323,0.3804344080267015
65.25,305.63369537498323,100.0,0.0,306.014129947826,0.3804345728427734
65.3,306.014129947826,100.0,0.0,306.3945647304348,0.3804347826088019
65.35000000000001,306.3945647304348,100.0,0.0,306.7749995130435,0.38043478260868824
65.4,306.7749995130435,100.0,0.0,307.1554342956522,0.38043478260868824
65.45,307.1554342956522,100.0,0.0,307.5358690782609,0.38043478260868824
65.5,307.5358690782609,100.0,0.0,307.91630422325574,0.38043514499486264
65.55,307.91630422325574,100.0,0.0,308.195,0.2786957767442573
65.60000000000001,308.195,100.0,0.0,308.445,0.25
65.65,308.445,100.0,0.0,308.695,0.25
65.7,308.695,100.0,0.0,308.945,0.25
65.75,308.945,100.0,0.0,309.27857197997054,0.333571979970543
65.8,309.27857197997054,100.0,0.0,309.6357155440354,0.35714356406487013
65.85000000000001,309.6357155440354,100.0,0.0,309.99285851428573,0.3571429702503224
65.9,309.99285851428573,100.0,0.0,310.3500013714286,0.3571428571428896
65.95,310.3500013714286,100.0,0.0,310.70714422857145,0.3571428571428328
66.0,310.70714422857145,100.0,0.0,311.0321428467005,0.32499861812902964
66.05,311.0321428467005,100.0,0.0,311.2107142172589,0.17857137055841577
66.10000000000001,311.2107142172589,100.0,0.0,311.3892855878173,0.17857137055841577
66.15,311.3892855878173,100.0,0.0,311.56785695837567,0.17857137055835892
66.2,311.56785695837567,100.0,0.0,311.74642837590363,0.17857141752796224
66.25,311.74642837590363,100.0,0.0,311.92499994216865,0.17857156626502046
66.3,311.92499994216865,100.0,0.0,312.24166666666673,0.3166667244980772
66.35000000000001,312.24166666666673,100.0,0.0,312.65833333333336,0.41666666666662877
66.4,312.65833333333336,100.0,0.0,313.075,0.41666666666662877
66.45,313.075,100.0,0.0,313.4916666666666,0.41666666666662877
66.5,313.4916666666666,100.0,0.0,313.90833333333325,0.41666666666662877
66.55,313.90833333333325,100.0,0.0,314.3250010613862,0.41666772805297114
66.60000000000001,314.3250010613862,100.0,0.0,314.7416674640264,0.41666640264020316
66.65,314.7416674640264,100.0,0.0,315.1583338666667,0.41666640264026
66.7,315.1583338666667,100.0,0.0,315.57500026930694,0.41666640264026
66.75,315.57500026930694,100.0,0.0,315.99166667194714,0.41666640264020316
66.8,315.99166667194714,100.0,0.0,316.30625080000004,0.3145841280528998
66.85000000000001,316.30625080000004,100.0,0.0,316.61875080000004,0.3125
66.9,316.61875080000004,100.0,0.0,316.93125080000004,0.3125
66.95,316.93125080000004,100.0,0.0,317.24375080000004,0.3125
67.0,317.24375080000004,100.0,0.0,317.55625080000004,0.3125
67.05,317.55625080000004,100.0,0.0,317.86875027096784,0.3124994709677935
67.10000000000001,317.86875027096784,100.0,0.0,318.0,0.13124972903216303
67.15,318.0,100.0,0.0,318.0,0.0
67.2,318.0,100.0,0.0,318.0,0.0
67.25,318.0,100.0,0.0,318.07916671784506,0.07916671784505525
67.3,318.07916671784506,100.0,0.0,318.2875001858586,0.20833346801356356
67.35000000000001,318.2875001858586,100.0,0.0,318.49583365387207,0.20833346801344987
67.4,318.49583365387207,100.0,0.0,318.7041671218855,0.20833346801344987
67.45,318.7041671218855,100.0,0.0,318.91250026666665,0.20833314478113607
67.5,318.91250026666665,100.0,0.0,319.24166686244723,0.3291665957805776
67.55,319.24166686244723,100.0,0.0,319.65833386666674,0.4166670042195051
67.60000000000001,319.65833386666674,100.0,0.0,320.07500087088613,0.4166670042193914
67.65,320.07500087088613,100.0,0.0,320.49166746016266,0.4166665892765309
67.7,320.49166746016266,100.0,0.0,320.9083334764228,0.41666601626013744
67.75,320.9083334764228,100.0,0.0,321.0,0.09166652357720295
67.8,321.0,100.0,0.0,321.0,0.0
67.85000000000001,321.0,100.0,0.0,321.0,0.0
67.9,321.0,100.0,0.0,321.0,0.0
67.95,321.0,100.0,0.0,321.0,0.0
68.0,321.0,100.0,0.0,321.0,0.0
68.05,321.0,100.0,0.0,321.0,0.0
68.10000000000001,321.0,100.0,0.0,321.2071429599115,0.20714295991149356
68.15,321.2071429599115,100.0,0.0,321.56428599424146,0.3571430343299653
68.2,321.56428599424146,100.0,0.0,321.9214290285714,0.3571430343299653
68.25,321.9214290285714,100.0,0.0,322.2785720629014,0.3571430343299653
68.3,322.2785720629014,100.0,0.0,322.63571509723147,0.357143034330079
68.35000000000001,322.63571509723147,100.0,0.0,322.99285718441564,0.3571420871841724
68.4,322.99285718441564,100.0,0.0,323.2041666666667,0.2113094822510675
68.45,323.2041666666667,100.0,0.0,323.4125,0.20833333333331439
68.5,323.4125,100.0,0.0,323.62083333333334,0.20833333333331439
68.55,323.62083333333334,100.0,0.0,323.8291666666667,0.20833333333337123
68.60000000000001,323.8291666666667,100.0,0.0,324.02500017777777,0.1958335111110614
68.65,324.02500017777777,100.0,0.0,324.1638892444444,0.1388890666666498
68.7,324.1638892444444,100.0,0.0,324.30277813333333,0.13888888888891415
68.75,324.30277813333333,100.0,0.0,324.4416670222222,0.1388888888888573
68.8,324.4416670222222,100.0,0.0,324.5805559111111,0.13888888888891415
68.85000000000001,324.5805559111111,100.0,0.0,324.7194448,0.13888888888891415
68.9,324.7194448,100.0,0.0,324.8583336888889,0.1388888888888573
68.95,324.8583336888889,100.0,0.0,324.9972224,0.13888871111112167
69.0,324.9972224,100.0,0.0,325.0,0.002777600000001712
69.05,325.0,100.0,0.0,325.0,0.0
69.10000000000001,325.0,100.0,0.0,325.0,0.0
69.15,325.0,100.0,0.0,325.0,0.0
69.2,325.0,100.0,0.0,325.0375,0.03750000000002274
69.25,325.0375,100.0,0.0,325.24583333333334,0.20833333333331439
69.3,325.24583333333334,100.0,0.0,325.4541666666667,0.20833333333337123
69.35000000000001,325.4541666666667,100.0,0.0,325.6625,0.20833333333331439
69.4,325.6625,100.0,0.0,325.87083333333334,0.20833333333331439
69.45,325.87083333333334,100.0,0.0,326.1187504,0.24791706666667324
69.5,326.1187504,100.0,0.0,326.43125106019414,0.31250066019413225
69.55,326.43125106019414,100.0,0.0,326.74375047766995,0.3124994174758058
69.60000000000001,326.74375047766995,100.0,0.0,327.0,0.2562495223300516
69.65,327.0,100.0,0.0,327.0,0.0
69.7,327.0,100.0,0.0,327.0,0.0
69.75,327.0,100.0,0.0,327.0,0.0
69.8,327.0,100.0,0.0,327.03749996883124,0.037499968831241404
69.85000000000001,327.03749996883124,100.0,0.0,327.2458331290044,0.20833316017314019
69.9,327.2458331290044,100.0,0.0,327.4541664523517,0.20833332334734678
69.95,327.4541664523517,100.0,0.0,327.66249986748466,0.2083334151329268
70.0,327.66249986748466,100.0,0.0,327.8708332826176,0.2083334151329268
70.05,327.8708332826176,100.0,0.0,328.0,0.12916671738241803
70.10000000000001,328.0,100.0,0.0,328.0,0.0
70.15,328.0,100.0,0.0,328.0,0.0
70.2,328.0,100.0,0.0,328.0,0.0
70.25,328.0,100.0,0.0,328.0,0.0
70.3,328.0,100.0,0.0,328.0,0.0
70.35000000000001,328.0,100.0,0.0,328.0,0.0
70.4,328.0,100.0,0.0,328.0,0.0
70.45,328.0,100.0,0.0,328.0,0.0
70.5,328.0,100.0,0.0,328.0,0.0
70.55,328.0,100.0,0.0,328.0,0.0
70.60000000000001,328.0,100.0,0.0,328.0,0.0
70.65,328.0,100.0,0.0,328.0,0.0
70.7,328.0,100.0,0.0,328.0,0.0
70.75,328.0,100.0,0.0,328.0,0.0
70.8,328.0,100.0,0.0,328.0,0.0
70.85000000000001,328.0,100.0,0.0,328.0,0.0
70.9,328.0,100.0,0.0,328.0,0.0
70.95,328.0,100.0,0.0,328.0,0.0
71.0,328.0,100.0,0.0,328.0,0.0
71.05,328.0,100.0,0.0,328.0,0.0
71.10000000000001,328.0,100.0,0.0,328.0,0.0
71.15,328.0,100.0,0.0,328.0,0.0
71.2,328.0,100.0,0.0,328.0,0.0
71.25,328.0,100.0,0.0,328.0,0.0
71.3,328.0,95.25000000000192,0.0,328.0,0.0
71.35000000000001,328.0,82.74999999999837,0.0,328.0,0.0
71.4,328.0,70.24999999999837,0.0,328.0,0.0
71.45,328.0,57.749999999998366,0.0,324.9718775168827,-3.028122483117272
71.5,324.9718775168827,47.03125246753209,0.0,317.00313414026107,-7.96874337662166
71.55,317.00313414026107,39.218758961040294,0.0,309.03438343703664,-7.96875070322443
71.60000000000001,309.03438343703664,31.406258271604557,0.1728395061728496,301.0656313382715,-7.968752098765151
71.65,301.0656313382715,23.59375621399167,0.3786008230452701,293.09687923950634,-7.968752098765151
71.7,293.09687923950634,15.781254156378786,0.5843621399176906,285.1281271407412,-7.968752098765151
71.75,285.1281271407412,7.968752098765901,0.7901234567901111,277.1593750419761,-7.968752098765094
71.8,277.1593750419761,0.15625004115301522,0.9958847736625316,274.30500326085814,-2.8543717811179476
71.85000000000001,274.30500326085814,0.0,1.0,271.5550021811039,-2.75000107975427
71.9,271.5550021811039,0.0,1.0,268.8050011013496,-2.75000107975427
71.95,268.8050011013496,0.0,1.0,266.05500002159533,-2.75000107975427
72.0,266.05500002159533,0.0,1.0,259.87498787628925,-6.18001214530608
72.05,259.87498787628925,0.0,1.0,253.6249764660182,-6.250011410271043
72.10000000000001,253.6249764660182,0.0,1.0,247.37498811650366,-6.2499883495145525
72.15,247.37498811650366,0.0,1.0,241.1249997669891,-6.2499883495145525
72.2,241.1249997669891,0.0,1.0,238.55000099872595,-2.574998768263157
72.25,238.55000099872595,0.0,1.0,236.05000201783454,-2.499998980891405
72.3,236.05000201783454,0.0,1.0,233.55000303694243,-2.4999989808921157
72.35000000000001,233.55000303694243,0.0,1.0,231.05000210731683,-2.5000009296255996
72.4,231.05000210731683,0.0,1.0,228.55000080650376,-2.500001300813068
72.45,228.55000080650376,0.0,1.0,226.20833222384405,-2.3416685826597075
72.5,226.20833222384405,0.4750006656935655,1.0,224.12499597080281,-2.0833362530412387
72.55,224.12499597080281,1.7250024175183079,1.0,222.041659717761,-2.083336253041807
72.60000000000001,222.041659717761,2.9750041693434053,1.0,219.95832648131494,-2.083333236446066
72.65,219.95832648131494,4.2250041112110335,0.8565022421524178,217.8749949417037,-2.083331539611237
72.7,217.8749949417037,5.475003034977783,0.6322869955156583,215.79166340209244,-2.0833315396112653
72.75,215.79166340209244,6.725001958744535,0.4080717488788985,213.7083318624812,-2.083331539611237
72.8,213.7083318624812,7.975000882511286,0.183856502242139,211.9099989835293,-1.7983328789518964
72.85000000000001,211.9099989835293,9.18000203294136,0.0,211.4099985206557,-0.5000004628736008
72.9,211.4099985206557,10.18000295868859,0.0,210.90999904524588,-0.4999994754098225
72.95,210.90999904524588,11.180001909508245,0.0,210.40999956983606,-0.4999994754098225
73.0,210.40999956983606,12.1800008603279,0.0,209.8199998541772,-0.5899997156588483
73.05,209.8199998541772,13.855000692658253,0.0,208.8199990440504,-1.0000008101268065
73.10000000000001,208.8199990440504,18.60500454076056,0.0,207.81999823392388,-1.0000008101265223
73.15,207.81999823392388,23.35500838886152,0.0,206.81999750095227,-1.000000732971614
73.2,206.81999750095227,28.10501187047664,0.0,206.0,-0.8199975009522689
73.25,206.0,32.75000044036699,0.0,206.0,0.0
73.3,206.0,36.916669553516535,0.0,206.0,0.0
73.35000000000001,206.0,41.08333866666726,0.0,206.0,0.0
73.4,206.0,45.250007779816805,0.0,206.0,0.0
73.45,206.0,49.41667689296635,0.0,206.0,0.0
73.5,206.0,53.58334092018763,0.0,206.0,0.0
73.55,206.0,57.750003830985634,0.0,206.0,0.0
73.60000000000001,206.0,61.91666674178482,0.0,206.1750001027523,0.17500010275230693
73.65,206.1750001027523,61.824999897247686,0.0,206.353571636173,0.1785715334206941
73.7,206.353571636173,61.64642836382699,0.0,206.5321431695937,0.1785715334206941
73.75,206.5321431695937,61.4678568304063,0.0,206.7107147030144,0.1785715334206941
73.8,206.7107147030144,61.289285296985604,0.0,206.88928594285716,0.17857123984276768
73.85000000000001,206.88928594285716,61.11071405714283,0.0,207.13571428571433,0.24642834285717186
73.9,207.13571428571433,61.88214285714311,0.0,207.49285714285716,0.3571428571428328
73.95,207.49285714285716,64.20357142857154,0.0,207.85,0.3571428571428328
74.0,207.85,66.52499999999996,0.0,208.20714285714283,0.3571428571428328
74.05,208.20714285714283,68.84642857142839,0.0,208.56428571428577,0.35714285714294647
74.10000000000001,208.56428571428577,71.16785714285749,0.0,208.9214285714286,0.3571428571428328
74.15,208.9214285714286,73.48928571428591,0.0,209.24375031836735,0.3223217469387407
74.2,209.24375031836735,72.29374777142849,0.0,209.5562507265306,0.31250040816325964
74.25,209.5562507265306,70.10624491428572,0.0,209.86875027096772,0.3124995444371166
74.3,209.86875027096772,67.91874810322588,0.0,210.65909138304417,0.7903411120764474
74.35000000000001,210.65909138304417,69.17500156404577,0.0,211.79545583656812,1.136364453523953
74.4,211.79545583656812,72.92500426067483,0.0,212.93182029009208,1.136364453523953
74.45,212.93182029009208,76.67500695730388,0.0,214.06818472727284,1.1363644371807595
74.5,214.06818472727284,80.42500960000035,0.0,215.20454836363635,1.1363636363635123
74.55,215.20454836363635,84.1750096,0.0,216.3409120000002,1.1363636363638534
74.60000000000001,216.3409120000002,87.9250096000007,0.0,217.47727563636374,1.1363636363635408
74.65,217.47727563636374,91.67500960000035,0.0,218.61363852771623,1.1363628913524906
74.7,218.61363852771623,95.4250071414636,0.0,219.75000039024397,1.1363618625277354
74.75,219.75000039024397,99.17500128780513,0.0,220.24375053793102,0.4937501476870523
74.8,220.24375053793102,100.0,0.0,220.55625055686278,0.3125000189317575
74.85000000000001,220.55625055686278,100.0,0.0,220.8687501647059,0.31249960784310815
74.9,220.8687501647059,100.0,0.0,221.9062514871795,1.0375013224736165
74.95,221.9062514871795,100.0,0.0,223.46875395121964,1.5625024640401364
75.0,223.46875395121964,100.0,0.0,225.031251512195,1.5624975609753733
75.05,225.031251512195,100.0,0.0,226.41562524403682,1.384373731841805
75.10000000000001,226.41562524403682,100.0,0.0,227.50937588623856,1.0937506422017407
75.15,227.50937588623856,100.0,0.0,228.6031265284403,1.0937506422017407
75.2,228.6031265284403,100.0,0.0,229.69687717064207,1.093750642201769
75.25,229.69687717064207,100.0,0.0,230.79062777254882,1.0937506019067484
75.3,230.79062777254882,100.0,0.0,231.88437640000015,1.0937486274513333
75.35000000000001,231.88437640000015,100.0,0.0,232.97812502745117,1.0937486274510206
75.4,232.97812502745117,100.0,0.0,233.9800010630509,1.0018760355997358
75.45,233.9800010630509,100.0,0.0,234.98000214779654,1.0000010847456338
75.5,234.98000214779654,100.0,0.0,235.980001592195,0.999999444398469
75.55,235.980001592195,100.0,0.0,236.9800000312197,0.9999984390246937
75.60000000000001,236.9800000312197,100.0,0.0,238.53125000000023,1.5512499687805246
75.65,238.53125000000023,100.0,0.0,240.09375000000017,1.5624999999999432
75.7,240.09375000000017,100.0,0.0,241.6562500000001,1.5624999999999432
75.75,241.6562500000001,100.0,0.0,242.32500035254236,0.6687503525422471
75.8,242.32500035254236,100.0,0.0,242.74166747118647,0.41666711864411354
75.85000000000001,242.74166747118647,100.0,0.0,243.15833421639343,0.41666674520695324
75.9,243.15833421639343,100.0,0.0,243.57500044590162,0.4166662295081949
75.95,243.57500044590162,100.0,0.0,243.9916666754098,0.41666622950816645
76.0,243.9916666754098,100.0,0.0,245.22499851779142,1.2333318423816308
76.05,245.22499851779142,100.0,0.0,246.4749990085893,1.2500004907978735
76.10000000000001,246.4749990085893,100.0,0.0,247.72499949938677,1.2500004907974755
76.15,247.72499949938677,100.0,0.0,248.97499999018427,1.250000490797504
76.2,248.97499999018427,100.0,0.0,250.224999500637,1.2499995104527386
76.25,250.224999500637,100.0,0.0,251.4749989910827,1.2499994904457026
76.3,251.4749989910827,100.0,0.0,252.7249984815288,1.249999490446072
76.35000000000001,252.7249984815288,100.0,0.0,253.48749988736463,0.7625014058358488
76.4,253.48749988736463,100.0,0.0,254.11249974296027,0.6249998555956324
76.45,254.11249974296027,100.0,0.0,254.7374995985559,0.6249998555956324
76.5,254.7374995985559,100.0,0.0,255.36249945415153,0.6249998555956324
76.55,255.36249945415153,100.0,0.0,255.98749930974736,0.6249998555958314
76.60000000000001,255.98749930974736,100.0,0.0,256.6124994232559,0.6250001135085199
76.65,256.6124994232559,100.0,0.0,257.47500000000014,0.8625005767442531
76.7,257.47500000000014,100.0,0.0,258.725,1.2499999999998863
76.75,258.725,100.0,0.0,259.9750000000003,1.2500000000002842
76.80000000000001,259.9750000000003,100.0,0.0,261.2250000000002,1.2499999999998863
76.85000000000001,261.2250000000002,100.0,0.0,262.19000189901647,0.9650018990162721
76.9,262.19000189901647,100.0,0.0,262.6900013744263,0.4999994754098225
76.95,262.6900013744263,100.0,0.0,263.19000084983605,0.49999947540976564
77.0,263.19000084983605,100.0,0.0,263.690000325246,0.49999947540993617
77.05000000000001,263.690000325246,100.0,0.0,264.2835846843372,0.59358435909121
77.10000000000001,264.2835846843372,100.0,0.0,265.0298526282006,0.7462679438634154
77.15,265.0298526282006,100.0,0.0,265.77612057206403,0.7462679438634154
77.2,265.77612057206403,100.0,0.0,266.52238851592745,0.7462679438634154
77.25,266.52238851592745,100.0,0.0,267.3012554721385,0.7788669562110613
77.30000000000001,267.3012554721385,100.0,0.0,268.13807622807815,0.836820755939641
77.35000000000001,268.13807622807815,100.0,0.0,268.97489698401773,0.8368207559395842
77.4,268.97489698401773,100.0,0.0,269.8117177399574,0.836820755939641
77.45,269.8117177399574,100.0,0.0,270.6485382164716,0.8368204765142195
77.5,270.6485382164716,100.0,0.0,271.5800000000002,0.9314617835286185
77.55000000000001,271.5800000000002,100.0,0.0,272.58000000000015,0.9999999999999432
77.60000000000001,272.58000000000015,100.0,0.0,273.58000000000004,0.9999999999998863
77.65,273.58000000000004,100.0,0.0,274.58,0.9999999999999432
77.7,274.58,100.0,0.0,275.36249937297305,0.7824993729730636
77.75,275.36249937297305,100.0,0.0,275.9875014400002,0.6250020670271397
77.80000000000001,275.9875014400002,100.0,0.0,276.6125011809525,0.6249997409523189
77.85000000000001,276.6125011809525,100.0,0.0,277.28500039941616,0.6724992184636562
77.9,277.28500039941616,100.0,0.0,278.035001450511,0.7500010510948414
77.95,278.035001450511,100.0,0.0,278.78500250160585,0.7500010510948414
78.0,278.78500250160585,100.0,0.0,279.535001417143,0.7499989155371622
78.05000000000001,279.535001417143,100.0,0.0,280.35624980512836,0.8212483879853494
78.10000000000001,280.35624980512836,100.0,0.0,281.29374929230784,0.9374994871794797
78.15,281.29374929230784,100.0,0.0,282.2312488558141,0.9374995635062646
78.2,282.2312488558141,100.0,0.0,283.07500008135594,0.8437512255418369
78.25,283.07500008135594,100.0,0.0,283.49166720000005,0.41666711864411354
78.30000000000001,283.49166720000005,100.0,0.0,283.9083343186441,0.4166671186440567
78.35000000000001,283.9083343186441,100.0,0.0,284.3250014372881,0.41666711864399986
78.4,284.3250014372881,100.0,0.0,284.74166745396826,0.41666601668015346
78.45,284.74166745396826,100.0,0.0,285.20357134558697,0.4619038916187037
78.5,285.20357134558697,100.0,0.0,285.73928541292094,0.53571406733397
78.55000000000001,285.73928541292094,100.0,0.0,286.27499948025485,0.5357140673339131
78.60000000000001,286.27499948025485,100.0,0.0,286.81071366689895,0.5357141866440998
78.65,286.81071366689895,100.0,0.0,287.3464282313589,0.5357145644599655
78.7,287.3464282313589,100.0,0.0,287.8821427958188,0.5357145644599086
78.75,287.8821427958188,100.0,0.0,288.32500109473693,0.4428582989181109
78.80000000000001,288.32500109473693,100.0,0.0,288.74166809768985,0.41666700295292003
78.85000000000001,288.74166809768985,100.0,0.0,289.1583345003301,0.41666640264026
78.9,289.1583345003301,100.0,0.0,289.5750009029703,0.41666640264020316
78.95,289.5750009029703,100.0,0.0,289.9916673056106,0.41666640264026
79.0,289.9916673056106,100.0,0.0,290.40833370825095,0.4166664026403737
79.05000000000001,290.40833370825095,100.0,0.0,290.8250001108912,0.41666640264026
79.10000000000001,290.8250001108912,100.0,0.0,291.4142865343153,0.5892864234240847
79.15,291.4142865343153,100.0,0.0,292.1285736624448,0.7142871281295129
79.2,292.1285736624448,100.0,0.0,292.8428592355555,0.7142855731107147
79.25,292.8428592355555,100.0,0.0,293.5571439339684,0.7142846984128823
79.30000000000001,293.5571439339684,100.0,0.0,294.2714286323811,0.7142846984127118
79.35000000000001,294.2714286323811,100.0,0.0,294.98571398095254,0.7142853485714227
79.4,294.98571398095254,100.0,0.0,295.30625000000003,0.32053601904749485
79.45,295.30625000000003,100.0,0.0,295.61875000000003,0.3125
79.5,295.61875000000003,100.0,0.0,295.9312500000001,0.31250000000005684
79.55000000000001,295.9312500000001,100.0,0.0,296.24375000000003,0.31249999999994316
79.60000000000001,296.24375000000003,100.0,0.0,296.55625000000003,0.3125
79.65,296.55625000000003,100.0,0.0,296.86875,0.31249999999994316
79.7,296.86875,100.0,0.0,297.4350004034782,0.5662504034782501
79.75,297.4350004034782,100.0,0.0,298.1850010991306,0.7500006956523748
79.80000000000001,298.1850010991306,100.0,0.0,298.9350017947828,0.7500006956522043
79.85000000000001,298.9350017947828,100.0,0.0,299.68500065032265,0.7499988555398431
79.9,299.68500065032265,100.0,0.0,300.3625016000001,0.6775009496774373
79.95,300.3625016000001,100.0,0.0,300.98750160000003,0.6249999999999432
80.0,300.98750160000003,100.0,0.0,301.61250160000014,0.6250000000001137
80.05000000000001,301.61250160000014,100.0,0.0,302.2375016000001,0.6249999999999432
80.10000000000001,302.2375016000001,100.0,0.0,302.8625011934427,0.6249995934426238
80.15,302.8625011934427,100.0,0.0,303.48750053770493,0.6249993442622213
80.2,303.48750053770493,100.0,0.0,304.0,0.512499462295068
80.25,304.0,100.0,0.0,304.0,0.0
80.30000000000001,304.0,100.0,0.0,304.0,0.0
80.35000000000001,304.0,100.0,0.0,304.0,0.0
80.4,304.0,100.0,0.0,304.0,0.0
80.45,304.0,100.0,0.0,304.0,0.0
80.5,304.0,100.0,0.0,304.0,0.0
80.55000000000001,304.0,100.0,0.0,304.5571431136691,0.557143113669099
80.60000000000001,304.5571431136691,100.0,0.0,305.27142915683453,0.7142860431654299
80.65,305.27142915683453,100.0,0.0,305.98571519999996,0.7142860431654299
80.7,305.98571519999996,100.0,0.0,306.70000124316545,0.7142860431654867
80.75,306.70000124316545,100.0,0.0,307.4142872863311,0.7142860431656572
80.80000000000001,307.4142872863311,100.0,0.0,308.1350000000002,0.7207127136691156
80.85000000000001,308.1350000000002,100.0,0.0,308.88500000000016,0.7499999999999432
80.9,308.88500000000016,100.0,0.0,309.6350000000001,0.7499999999999432
80.95,309.6350000000001,100.0,0.0,310.38500000000005,0.7499999999999432
81.0,310.38500000000005,100.0,0.0,311.0,0.6149999999999523
81.05000000000001,311.0,100.0,0.0,311.0,0.0
81.10000000000001,311.0,100.0,0.0,311.0,0.0
81.15,311.0,100.0,0.0,311.0,0.0
81.2,311.0,100.0,0.0,311.0,0.0
81.25,311.0,100.0,0.0,311.0,0.0
81.30000000000001,311.0,100.0,0.0,311.0,0.0
81.35000000000001,311.0,100.0,0.0,311.0,0.0
81.4,311.0,100.0,0.0,311.61250000000007,0.6125000000000682
81.45,311.61250000000007,100.0,0.0,312.2375,0.6249999999999432
81.5,312.2375,100.0,0.0,312.8625000000001,0.6250000000001137
81.55000000000001,312.8625000000001,100.0,0.0,313.48750000000007,0.6249999999999432
81.60000000000001,313.48750000000007,100.0,0.0,314.04500007384615,0.5575000738460858
81.65,314.04500007384615,100.0,0.0,314.29500048410256,0.25000041025640485
0.0,315.5,100.0,0.0,315.7083335323383,0.2083335323383153
0.05,315.7083335323383,100.0,0.0,315.9166667672956,0.20833323495730838
0.1,315.9166667672956,100.0,0.0,316.15,0.23333323270435358
0.15000000000000002,316.15,100.0,0.0,316.4,0.25
0.2,316.4,100.0,0.0,316.65000000000003,0.25000000000005684
0.25,316.65000000000003,100.0,0.0,316.9,0.24999999999994316
0.30000000000000004,316.9,100.0,0.0,317.15,0.25
0.35000000000000003,317.15,100.0,0.0,317.4,0.25
0.4,317.4,100.0,0.0,317.65,0.25
0.45,317.65,100.0,0.0,317.9,0.25
0.5,317.9,100.0,0.0,318.15,0.25
0.55,318.15,100.0,0.0,318.4,0.25
0.6000000000000001,318.4,100.0,0.0,318.65,0.25
0.65,318.65,100.0,0.0,318.9,0.25
0.7000000000000001,318.9,100.0,0.0,319.15,0.25
0.75,319.15,100.0,0.0,319.4,0.25
0.8,319.4,100.0,0.0,319.65,0.25
0.8500000000000001,319.65,100.0,0.0,319.9,0.25
0.9,319.9,100.0,0.0,320.15000000000003,0.25000000000005684
0.9500000000000001,320.15000000000003,100.0,0.0,320.40000000000003,0.25
1.0,320.40000000000003,100.0,0.0,320.65000000000003,0.25
1.05,320.65000000000003,100.0,0.0,320.9,0.24999999999994316
1.1,320.9,100.0,0.0,321.15,0.25
1.1500000000000001,321.15,100.0,0.0,321.4,0.25
1.2000000000000002,321.4,100.0,0.0,321.65,0.25
1.25,321.65,100.0,0.0,321.9,0.25
1.3,321.9,100.0,0.0,322.2500000844125,0.35000008441249975
1.35,322.2500000844125,100.0,0.0,322.66666694292564,0.4166668585131674
1.4000000000000001,322.66666694292564,100.0,0.0,323.08333380143887,0.41666685851322427
1.4500000000000002,323.08333380143887,100.0,0.0,323.500000344086,0.41666654264713543
1.5,323.500000344086,100.0,0.0,323.91666672401436,0.4166663799283583
1.55,323.91666672401436,100.0,0.0,324.0,0.08333327598563756
1.6,324.0,100.0,0.0,324.0,0.0
1.6500000000000001,324.0,100.0,0.0,324.0,0.0
1.7000000000000002,324.0,100.0,0.0,324.225,0.22500000000002274
1.75,324.225,100.0,0.0,324.59999999999997,0.37499999999994316
1.8,324.59999999999997,100.0,0.0,324.97499999999997,0.375
1.85,324.97499999999997,100.0,0.0,325.34999999999997,0.375
1.9000000000000001,325.34999999999997,100.0,0.0,325.72499999999997,0.375
1.9500000000000002,325.72499999999997,100.0,0.0,326.1,0.37500000000005684
2.0,326.1,100.0,0.0,326.475,0.375
2.0500000000000003,326.475,100.0,0.0,326.85,0.375
2.1,326.85,100.0,0.0,327.22556390977445,0.3755639097744279
2.15,327.22556390977445,100.0,0.0,327.6015037593985,0.3759398496240465
2.2,327.6015037593985,100.0,0.0,327.97744360902254,0.3759398496240465
2.25,327.97744360902254,100.0,0.0,328.3533834586466,0.3759398496240465
2.3000000000000003,328.3533834586466,100.0,0.0,328.7293233082707,0.3759398496241033
2.35,328.7293233082707,100.0,0.0,329.10526315789474,0.3759398496240465
2.4000000000000004,329.10526315789474,100.0,0.0,329.4812030075188,0.3759398496240465
2.45,329.4812030075188,100.0,0.0,329.85714285714283,0.3759398496240465
2.5,329.85714285714283,100.0,0.0,330.0,0.14285714285716722
2.5500000000000003,330.0,100.0,0.0,330.0,0.0
2.6,330.0,100.0,0.0,330.0,0.0
2.6500000000000004,330.0,100.0,0.0,330.0874999188406,0.08749991884059227
2.7,330.0874999188406,100.0,0.0,330.2958330697856,0.20833315094500904
2.75,330.2958330697856,100.0,0.0,330.5041664810916,0.20833341130600047
2.8000000000000003,330.5041664810916,100.0,0.0,330.71249989239766,0.20833341130605731
2.85,330.71249989239766,100.0,0.0,330.9208333037037,0.20833341130605731
2.9000000000000004,330.9208333037037,100.0,0.0,331.0,0.07916669629628359
2.95,331.0,100.0,0.0,331.0,0.0
3.0,331.0,100.0,0.0,331.0,0.0
3.0500000000000003,331.0,100.0,0.0,331.0,0.0
3.1,331.0,100.0,0.0,331.155,0.15499999999997272
3.1500000000000004,331.155,100.0,0.0,331.405,0.25
3.2,331.405,100.0,0.0,331.655,0.25
3.25,331.655,100.0,0.0,331.90500000000003,0.25000000000005684
3.3000000000000003,331.90500000000003,100.0,0.0,332.19374991677853,0.2887499167784995
3.35,332.19374991677853,100.0,0.0,332.50624978255036,0.31249986577182653
3.4000000000000004,332.50624978255036,100.0,0.0,332.8187496483221,0.3124998657717697
3.45,332.8187496483221,100.0,0.0,333.1312496,0.3124999516778644
3.5,333.1312496,100.0,0.0,333.4437496087912,0.31250000879123263
3.5500000000000003,333.4437496087912,100.0,0.0,333.7562498285714,0.3125002197801905
3.6,333.7562498285714,100.0,0.0,334.0,0.24375017142858724
3.6500000000000004,334.0,100.0,0.0,334.0,0.0
3.7,334.0,100.0,0.0,334.0,0.0
3.75,334.0,100.0,0.0,334.0041666574713,0.004166657471273538
3.8000000000000003,334.0041666574713,100.0,0.0,334.21249976113745,0.20833310366617752
3.85,334.21249976113745,100.0,0.0,334.42083315766195,0.20833339652449467
3.9000000000000004,334.42083315766195,100.0,0.0,334.6291665541864,0.20833339652443783
3.95,334.6291665541864,100.0,0.0,334.8374999507109,0.20833339652449467
4.0,334.8374999507109,100.0,0.0,335.02749999157896,0.1900000408680853
4.05,335.02749999157896,100.0,0.0,335.15249995330146,0.12499996172249439
4.1000000000000005,335.15249995330146,100.0,0.0,335.27749991502395,0.12499996172249439
4.15,335.27749991502395,100.0,0.0,335.40249987674645,0.12499996172249439
4.2,335.40249987674645,100.0,0.0,335.5274998416754,0.1249999649289748
4.25,335.5274998416754,100.0,0.0,335.6524998835602,0.12500004188478897
4.3,335.6524998835602,100.0,0.0,335.77749992544506,0.12500004188484581
4.3500000000000005,335.77749992544506,100.0,0.0,335.90249996732985,0.12500004188478897
4.4,335.90249996732985,100.0,0.0,336.0,0.09750003267015472
4.45,336.0,100.0,0.0,336.0,0.0
4.5,336.0,100.0,0.0,336.0,0.0
4.55,336.0,100.0,0.0,336.0,0.0
4.6000000000000005,336.0,100.0,0.0,336.04564316564796,0.04564316564795945
4.65,336.04564316564796,100.0,0.0,336.2531121004115,0.2074689347635399
4.7,336.2531121004115,100.0,0.0,336.46058103517504,0.2074689347635399
4.75,336.46058103517504,100.0,0.0,336.6680499699386,0.2074689347635399
4.800000000000001,336.6680499699386,100.0,0.0,336.8755189047021,0.2074689347635399
4.8500000000000005,336.8755189047021,100.0,0.0,337.0,0.12448109529788098
4.9,337.0,100.0,0.0,337.0,0.0
4.95,337.0,100.0,0.0,337.0,0.0
5.0,337.0,100.0,0.0,337.0227272841804,0.02272728418040515
5.050000000000001,337.0227272841804,100.0,0.0,337.1363637050823,0.11363642090191206
5.1000000000000005,337.1363637050823,100.0,0.0,337.25000012598423,0.11363642090191206
5.15,337.25000012598423,100.0,0.0,337.3636365090909,0.11363638310666602
5.2,337.3636365090909,100.0,0.0,337.47727287272727,0.11363636363637397
5.25,337.47727287272727,100.0,0.0,337.59090923636364,0.11363636363637397
5.300000000000001,337.59090923636364,100.0,0.0,337.7045456,0.11363636363637397
5.3500000000000005,337.7045456,100.0,0.0,337.8181819636364,0.11363636363637397
5.4,337.8181819636364,100.0,0.0,337.93181824159404,0.11363627795765296
5.45,337.93181824159404,100.0,0.0,338.0,0.06818175840595586
5.5,338.0,100.0,0.0,338.0,0.0
5.550000000000001,338.0,100.0,0.0,338.0,0.0
5.6000000000000005,338.0,100.0,0.0,338.0,0.0
5.65,338.0,100.0,0.0,338.0,0.0
5.7,338.0,100.0,0.0,338.1875003398693,0.18750033986930248
5.75,338.1875003398693,100.0,0.0,338.50000020915036,0.312499869281055
5.800000000000001,338.50000020915036,100.0,0.0,338.81250007843136,0.31249986928099815
5.8500000000000005,338.81250007843136,100.0,0.0,339.0,0.18749992156864437
5.9,339.0,100.0,0.0,339.0,0.0
5.95,339.0,100.0,0.0,339.0,0.0
6.0,339.0,100.0,0.0,339.0,0.0
6.050000000000001,339.0,100.0,0.0,339.0,0.0
6.1000000000000005,339.0,100.0,0.0,339.0,0.0
6.15,339.0,100.0,0.0,339.0,0.0
6.2,339.0,100.0,0.0,339.1388889719626,0.13888897196261496
6.25,339.1388889719626,100.0,0.0,339.27777794392523,0.13888897196261496
6.300000000000001,339.27777794392523,100.0,0.0,339.4166668444444,0.13888890051919134
6.3500000000000005,339.4166668444444,100.0,0.0,339.55555573333334,0.13888888888891415
6.4,339.55555573333334,100.0,0.0,339.6944446222222,0.1388888888888573
6.45,339.6944446222222,100.0,0.0,339.8333335111111,0.13888888888891415
6.5,339.8333335111111,100.0,0.0,339.97222235897436,0.13888884786325661
6.550000000000001,339.97222235897436,100.0,0.0,340.0,0.027777641025636512
6.6000000000000005,340.0,100.0,0.0,340.0,0.0
6.65,340.0,100.0,0.0,340.0,0.0
6.7,340.0,100.0,0.0,340.0,0.0
6.75,340.0,100.0,0.0,340.0,0.0
6.800000000000001,340.0,100.0,0.0,340.0,0.0
6.8500000000000005,340.0,100.0,0.0,340.0,0.0
6.9,340.0,100.0,0.0,340.0,0.0
6.95,340.0,100.0,0.0,340.0,0.0
7.0,340.0,100.0,0.0,340.0,0.0
7.050000000000001,340.0,100.0,0.0,340.0,0.0
7.1000000000000005,340.0,100.0,0.0,340.0,0.0
7.15,340.0,100.0,0.0,340.0,0.0
7.2,340.0,100.0,0.0,340.0,0.0
7.25,340.0,100.0,0.0,340.0,0.0
7.300000000000001,340.0,100.0,0.0,340.0,0.0
7.3500000000000005,340.0,100.0,0.0,340.0,0.0
7.4,340.0,100.0,0.0,340.0,0.0
7.45,340.0,100.0,0.0,340.0,0.0
7.5,340.0,100.0,0.0,340.0,0.0
7.550000000000001,340.0,100.0,0.0,339.8571428571429,-0.14285714285711038
7.6000000000000005,339.8571428571429,100.0,0.0,339.67857142857144,-0.1785714285714448
7.65,339.67857142857144,100.0,0.0,339.5,-0.1785714285714448
7.7,339.5,100.0,0.0,339.32142857142856,-0.1785714285714448
7.75,339.32142857142856,100.0,0.0,339.14285714285717,-0.17857142857138797
7.800000000000001,339.14285714285717,100.0,0.0,339.0,-0.14285714285716722
7.8500000000000005,339.0,100.0,0.0,339.0,0.0
7.9,339.0,100.0,0.0,339.0,0.0
7.95,339.0,100.0,0.0,339.0,0.0
8.0,339.0,100.0,0.0,339.0,0.0
8.05,339.0,100.0,0.0,338.07142857142856,-0.9285714285714448
8.1,338.07142857142856,92.85714285714302,0.0,335.74999999999994,-2.321428571428612
8.15,335.74999999999994,74.9999999999999,0.09482758620689788,333.42857142857133,-2.321428571428612
8.200000000000001,333.42857142857133,57.14285714285673,0.3103448275862119,331.10714285714283,-2.3214285714284983
8.25,331.10714285714283,39.2857142857142,0.5258620689655183,328.7857142857142,-2.321428571428612
8.3,328.7857142857142,21.42857142857104,0.7413793103448324,326.4642857142857,-2.3214285714284983
8.35,326.4642857142857,3.5714285714285126,0.9568965517241388,324.24999999999994,-2.2142857142857792
8.4,324.24999999999994,0.0,1.0,322.06249999999994,-2.1875
8.450000000000001,322.06249999999994,0.0,1.0,319.875,-2.187499999999943
8.5,319.875,0.0,1.0,317.68749999999994,-2.187500000000057
8.55,317.68749999999994,0.0,1.0,315.5,-2.187499999999943
8.6,315.5,0.0,1.0,313.3125,-2.1875
8.65,313.3125,0.0,1.0,307.7777777777775,-5.534722222222513
8.700000000000001,307.7777777777775,0.0,1.0,297.2222222222222,-10.555555555555316
8.75,297.2222222222222,0.0,1.0,286.66666666666646,-10.555555555555713
8.8,286.66666666666646,0.0,1.0,276.1111111111111,-10.555555555555372
8.85,276.1111111111111,0.0,1.0,265.5555555555554,-10.555555555555713
8.9,265.5555555555554,0.0,1.0,254.99999999999966,-10.555555555555713
8.950000000000001,254.99999999999966,0.0,1.0,244.44444444444431,-10.555555555555344
9.0,244.44444444444431,0.0,1.0,234.6350977363612,-9.809346708083126
9.05,234.6350977363612,0.0,1.0,227.81058641816838,-6.824511318192805
9.1,227.81058641816838,0.0,1.0,220.98607509997532,-6.824511318193061
9.15,220.98607509997532,0.0,1.0,214.16156257168709,-6.824512528288238
9.200000000000001,214.16156257168709,0.0,1.0,207.33704936272056,-6.824513208966522
9.25,207.33704936272056,0.0,1.0,200.51253615375379,-6.824513208966778
9.3,200.51253615375379,0.0,1.0,193.68802294478726,-6.824513208966522
9.35,193.68802294478726,0.0,1.0,186.90500067555544,-6.783022269231822
9.4,186.90500067555544,0.0,1.0,182.15500607999985,-4.749994595555592
9.450000000000001,182.15500607999985,0.0,1.0,177.4050054227027,-4.750000657297164
9.5,177.4050054227027,0.0,1.0,172.6550026839639,-4.7500027387388
9.55,172.6550026839639,0.0,1.0,167.920000057528,-4.735002626435886
9.600000000000001,167.920000057528,0.0,1.0,163.92000293393258,-3.9999971235954206
9.65,163.92000293393258,0.0,1.0,159.9200049224437,-3.9999980114888842
9.700000000000001,159.9200049224437,0.0,1.0,155.92000409929264,-4.000000823151055
9.75,155.92000409929264,0.0,1.0,151.92000327614147,-4.000000823151169
9.8,151.92000327614147,0.0,1.0,147.92000245299027,-4.000000823151197
9.850000000000001,147.92000245299027,0.0,1.0,143.92000162983925,-4.0000008231510265
9.9,143.92000162983925,0.0,1.0,139.92000080668805,-4.000000823151197
9.950000000000001,139.92000080668805,0.0,1.0,135.95416672653064,-3.965834080157407
10.0,135.95416672653064,0.0,1.0,133.66250290261777,-2.29166382391287
10.05,133.66250290261777,0.0,1.0,131.37083546806278,-2.291667434554995
10.100000000000001,131.37083546806278,0.0,1.0,129.07916803350787,-2.2916674345549097
10.15,129.07916803350787,0.0,1.0,126.78750059895286,-2.291667434555009
10.200000000000001,126.78750059895286,0.0,1.0,124.26666734685995,-2.5208332520929133
10.25,124.26666734685995,0.0,1.0,120.93333710531397,-3.33333024154598
10.3,120.93333710531397,0.0,1.0,117.60000321871334,-3.3333338866006272
10.350000000000001,117.60000321871334,0.0,1.0,114.26666863781671,-3.333334580896633
10.4,114.26666863781671,0.0,1.0,110.93333405691996,-3.3333345808967465
10.450000000000001,110.93333405691996,0.0,1.0,108.34374999999999,-2.589584056919975
10.5,108.34374999999999,0.0,1.0,106.78124999999997,-1.5625000000000142
10.55,106.78124999999997,0.0,1.0,105.21874999999997,-1.5625
10.600000000000001,105.21874999999997,0.0,1.0,103.67499999999997,-1.5437500000000028
10.65,103.67499999999997,0.0,1.0,102.19772727272724,-1.4772727272727337
10.700000000000001,102.19772727272724,0.0,1.0,100.72045454545454,-1.477272727272691
10.75,100.72045454545454,0.0,1.0,99.2431818181818,-1.477272727272748
10.8,99.2431818181818,0.0,1.0,97.76590909090906,-1.4772727272727337
10.850000000000001,97.76590909090906,0.0,1.0,96.28863636363637,-1.477272727272691
10.9,96.28863636363637,0.0,1.0,94.81136363636362,-1.477272727272748
10.950000000000001,94.81136363636362,0.0,1.0,93.33409090909093,-1.477272727272691
11.0,93.33409090909093,0.0,1.0,91.85681818181818,-1.477272727272748
11.05,91.85681818181818,0.0,1.0,90.68499999999999,-1.171818181818196
11.100000000000001,90.68499999999999,0.0,1.0,89.935,-0.7499999999999858
11.15,89.935,0.0,1.0,89.18499999999999,-0.7500000000000142
11.200000000000001,89.18499999999999,0.0,1.0,88.435,-0.7499999999999858
11.25,88.435,0.0,1.0,87.47686820825466,-0.9581317917453447
11.3,87.47686820825466,0.0,1.0,86.23131632314674,-1.2455518851079148
11.350000000000001,86.23131632314674,0.0,1.0,84.98576443803887,-1.2455518851078722
11.4,84.98576443803887,0.0,1.0,83.74021255293094,-1.245551885107929
11.450000000000001,83.74021255293094,0.0,1.0,82.49466095174066,-1.2455516011902859
11.5,82.49466095174066,0.0,0.8219178082191805,81.24911015862344,-1.2455507931172178
11.55,81.24911015862344,0.0,0.13698630136985934,80.57142788571427,-0.6776822729091663
11.600000000000001,80.57142788571427,3.0000048000001027,0.0,80.0357136,-0.5357142857142776
11.65,80.0357136,6.750004800000036,0.0,79.4999993142857,-0.5357142857142918
11.700000000000001,79.4999993142857,10.500004800000102,0.0,78.96428502857142,-0.5357142857142776
11.75,78.96428502857142,14.250004800000037,0.0,78.42857105283757,-0.5357139757338558
11.8,78.42857105283757,18.000002630137068,0.0,78.10000004353743,-0.32857100930013416
11.850000000000001,78.10000004353743,21.200000087074862,0.0,78.6000002612245,0.5000002176870595
11.9,78.6000002612245,22.20000052244899,0.0,79.10000047891157,0.5000002176870737
11.950000000000001,79.10000047891157,23.20000095782315,0.0,79.60000048301886,0.5000000041072923
12.0,79.60000048301886,24.200000966037738,0.0,80.16666673053895,0.5666662475200894
12.05,80.16666673053895,24.041666299401058,0.0,81.00000038323356,0.8333336526946056
12.100000000000001,81.00000038323356,19.249997796407023,0.0,81.83333403592815,0.8333336526945914
12.15,81.83333403592815,14.45832929341316,0.0,82.66666768862277,0.8333336526946198
12.200000000000001,82.66666768862277,9.666660790419126,0.0,83.50000043835617,0.8333327497334011
12.25,83.50000043835617,4.874997479452048,0.0,84.0,0.49999956164383264
12.3,84.0,1.7499999999999856,0.0,84.0,0.0
12.350000000000001,84.0,1.124999999999983,0.0,84.0,0.0
12.4,84.0,0.5000000000000024,0.0,83.82142857142854,-0.17857142857145902
12.450000000000001,83.82142857142854,0.0,0.9642857142857089,82.92857142857143,-0.8928571428571104
12.5,82.92857142857143,0.0,0.7857142857142848,82.03571428571428,-0.892857142857153
12.55,82.03571428571428,0.0,0.6071428571428544,81.14285714285712,-0.892857142857153
12.600000000000001,81.14285714285712,0.0,0.42857142857142405,80.25,-0.8928571428571246
12.65,80.25,0.0,0.25,79.35714285714285,-0.892857142857153
12.700000000000001,79.35714285714285,0.0,0.07142857142856962,78.33333315853507,-1.0238096986077778
12.75,78.33333315853507,0.25000006554934995,0.0,77.22222165015516,-1.1111115083799064
12.8,77.22222165015516,0.6666668811918133,0.0,76.11111014177526,-1.1111115083799064
12.850000000000001,76.11111014177526,1.0833336968342766,0.0,74.99999863339539,-1.1111115083798637
12.9,74.99999863339539,1.500000512476725,0.0,73.88888782016697,-1.1111108132284215
12.950000000000001,73.88888782016697,1.916667067437388,0.0,72.77777712010277,-1.1111107000642022
13.0,72.77777712010277,2.333333579961464,0.0,71.66666642003852,-1.1111107000642448
13.05,71.66666642003852,2.7500000924855543,0.0,71.0,-0.6666664200385242
13.100000000000001,71.0,3.583333333333372,0.0,71.0,0.0
13.15,71.0,5.041666666666673,0.0,71.0,0.0
13.200000000000001,71.0,6.500000000000026,0.0,71.0,0.0
13.25,71.0,7.958333333333327,0.0,71.0,0.0
13.3,71.0,9.416666666666679,0.0,71.25000000000001,0.2500000000000142
13.350000000000001,71.25000000000001,11.875000000000119,0.0,71.66666666666667,0.4166666666666572
13.4,71.66666666666667,15.000000000000039,0.0,72.08333333333334,0.4166666666666714
13.450000000000001,72.08333333333334,18.125000000000068,0.0,72.5,0.4166666666666572
13.5,72.5,21.249999999999986,0.0,72.91666666666667,0.4166666666666714
13.55,72.91666666666667,24.375000000000018,0.0,73.83333333333336,0.9166666666666856
13.600000000000001,73.83333333333336,26.666666666666703,0.0,74.875,1.041666666666643
13.65,74.875,28.74999999999999,0.0,75.91666666666667,1.0416666666666714
13.700000000000001,75.91666666666667,30.83333333333335,0.0,76.95833333333331,1.041666666666643
13.75,76.95833333333331,32.916666666666636,0.0,78.0,1.0416666666666856
13.8,78.0,35.0,0.0,79.0416666666667,1.0416666666666998
13.850000000000001,79.0416666666667,37.70833333333342,0.0,80.08333333333336,1.0416666666666572
13.9,80.08333333333336,40.41666666666671,0.0,81.12500000000004,1.0416666666666856
13.950000000000001,81.12500000000004,43.125000000000085,0.0,82.16666666666669,1.041666666666643
14.0,82.16666666666669,45.83333333333337,0.0,83.38888888888891,1.2222222222222285
14.05,83.38888888888891,48.30555555555558,0.0,85.33333333333339,1.9444444444444713
14.100000000000001,85.33333333333339,49.83333333333338,0.0,87.27777777777779,1.9444444444444002
14.15,87.27777777777779,51.36111111111112,0.0,89.22222222222226,1.9444444444444713
14.200000000000001,89.22222222222226,52.888888888888914,0.0,91.16666666666666,1.9444444444444002
14.25,91.16666666666666,54.416666666666664,0.0,93.11111111111113,1.9444444444444713
14.3,93.11111111111113,55.94444444444446,0.0,95.0555555555556,1.9444444444444713
14.350000000000001,95.0555555555556,57.47222222222226,0.0,97.0,1.9444444444444002
14.4,97.0,59.0,0.0,98.60714285714288,1.6071428571428754
14.450000000000001,98.60714285714288,61.67857142857146,0.0,100.2142857142857,1.6071428571428186
14.5,100.2142857142857,64.35714285714283,0.0,101.82142857142858,1.6071428571428896
14.55,101.82142857142858,67.03571428571429,0.0,103.42857142857146,1.6071428571428754
14.600000000000001,103.42857142857146,69.71428571428575,0.0,105.03571428571429,1.6071428571428328
14.65,105.03571428571429,72.39285714285715,0.0,106.75000000000004,1.7142857142857508
14.700000000000001,106.75000000000004,75.33333333333343,0.0,108.625,1.8749999999999574
14.75,108.625,78.66666666666669,0.0,110.50000000000003,1.8750000000000284
14.8,110.50000000000003,82.00000000000006,0.0,112.37500000000006,1.8750000000000284
14.850000000000001,112.37500000000006,85.33333333333344,0.0,114.25000000000001,1.8749999999999574
14.9,114.25000000000001,88.6666666666667,0.0,117.14285807580183,2.8928580758018114
14.950000000000001,117.14285807580183,90.53571451895046,0.0,120.714288202138,3.5714301263361676
15.0,120.714288202138,91.4285720505345,0.0,124.28571832847429,3.5714301263362955
15.05,124.28571832847429,92.32142958211857,0.0,127.8571462943073,3.57142796583301
15.100000000000001,127.8571462943073,93.21428657357683,0.0,131.42857314715366,3.5714268528463577
15.15,131.42857314715366,94.10714328678841,0.0,135.00000000000009,3.571426852846429
15.200000000000001,135.00000000000009,95.00000000000004,0.0,137.29166666666669,2.2916666666666003
15.25,137.29166666666669,96.04166666666669,0.0,139.5833333333334,2.291666666666714
15.3,139.5833333333334,97.08333333333336,0.0,141.87500000000009,2.2916666666666856
15.350000000000001,141.87500000000009,98.12500000000004,0.0,144.1666666666667,2.2916666666666288
15.4,144.1666666666667,99.16666666666669,0.0,146.53571449101804,2.369047824351327
15.450000000000001,146.53571449101804,100.0,0.0,149.21428694610782,2.6785724550897783
15.5,149.21428694610782,100.0,0.0,151.89285940119765,2.678572455089835
15.55,151.89285940119765,100.0,0.0,154.57143185628752,2.6785724550898635
15.600000000000001,154.57143185628752,100.0,0.0,157.25000196888263,2.6785701125951107
15.65,157.25000196888263,100.0,0.0,159.9285717001415,2.678569731258875
15.700000000000001,159.9285717001415,100.0,0.0,162.87499999999997,2.946428299858468
15.75,162.87499999999997,100.0,0.0,166.0,3.1250000000000284
15.8,166.0,100.0,0.0,169.12500000000003,3.1250000000000284
15.850000000000001,169.12500000000003,100.0,0.0,172.24999999999997,3.124999999999943
15.9,172.24999999999997,100.0,0.0,175.375,3.1250000000000284
15.950000000000001,175.375,100.0,0.0,176.66945588767706,1.29445588767706
16.0,176.66945588767706,100.0,0.0,177.50627574727343,0.8368198595963747
16.05,177.50627574727343,100.0,0.0,178.34309572266758,0.8368199753941497
16.1,178.34309572266758,100.0,0.0,179.17991606475468,0.8368203420870941
16.150000000000002,179.17991606475468,100.0,0.0,180.03749998139526,0.8575839166405785
16.2,180.03749998139526,100.0,0.0,181.91249905116277,1.8749990697675116
16.25,181.91249905116277,100.0,0.0,183.78749812093028,1.8749990697675116
16.3,183.78749812093028,100.0,0.0,185.66249807567576,1.8749999547454763
16.35,185.66249807567576,100.0,0.0,187.53749915675684,1.8750010810810807
16.400000000000002,187.53749915675684,100.0,0.0,189.61874955505616,2.081250398299318
16.45,189.61874955505616,100.0,0.0,192.43124753258434,2.8124979775281815
16.5,192.43124753258434,100.0,0.0,195.24374674285727,2.8124992102729323
16.55,195.24374674285727,100.0,0.0,198.05624752207805,2.812500779220784
16.6,198.05624752207805,100.0,0.0,200.86874830129884,2.812500779220784
16.650000000000002,200.86874830129884,100.0,0.0,203.68124908051945,2.8125007792206134
16.7,203.68124908051945,100.0,0.0,206.49374985974023,2.812500779220784
16.75,206.49374985974023,100.0,0.0,208.22999839346943,1.7362485337291957
16.8,208.22999839346943,100.0,0.0,209.7299986140398,1.5000002205703709
16.85,209.7299986140398,100.0,0.0,211.2299992498014,1.5000006357616087
16.900000000000002,211.2299992498014,100.0,0.0,212.7299998855629,1.500000635761495
16.95,212.7299998855629,100.0,0.0,214.3325,1.602500114437106
17.0,214.3325,100.0,0.0,215.95750000000004,1.6250000000000284
17.05,215.95750000000004,100.0,0.0,217.58250000000007,1.6250000000000284
17.1,217.58250000000007,100.0,0.0,219.20750000000007,1.625
17.150000000000002,219.20750000000007,100.0,0.0,220.83249999999998,1.6249999999999147
17.2,220.83249999999998,100.0,0.0,222.45749999999998,1.625
17.25,222.45749999999998,100.0,0.0,224.08249999999998,1.625
17.3,224.08249999999998,100.0,0.0,225.70749999999998,1.625
17.35,225.70749999999998,100.0,0.0,226.51250000000002,0.8050000000000352
17.400000000000002,226.51250000000002,100.0,0.0,227.13749999999996,0.6249999999999432
17.45,227.13749999999996,100.0,0.0,227.7625,0.6250000000000284
17.5,227.7625,100.0,0.0,228.3875,0.625
17.55,228.3875,100.0,0.0,229.03928571428577,0.6517857142857792
17.6,229.03928571428577,100.0,0.0,231.0035714285715,1.9642857142857224
17.650000000000002,231.0035714285715,100.0,0.0,232.96785714285707,1.9642857142855803
17.7,232.96785714285707,100.0,0.0,234.93214285714282,1.9642857142857508
17.75,234.93214285714282,100.0,0.0,236.89642857142854,1.9642857142857224
17.8,236.89642857142854,100.0,0.0,238.8607142857143,1.9642857142857508
17.85,238.8607142857143,100.0,0.0,240.52369085664895,1.66297657093466
17.900000000000002,240.52369085664895,100.0,0.0,241.77057384867015,1.2468829920211988
17.95,241.77057384867015,100.0,0.0,243.01745684069138,1.2468829920212272
18.0,243.01745684069138,100.0,0.0,244.2643398327126,1.2468829920212272
18.05,244.2643398327126,100.0,0.0,245.51122282473386,1.2468829920212556
18.1,245.51122282473386,100.0,0.0,246.7581058167551,1.2468829920212272
18.150000000000002,246.7581058167551,100.0,0.0,248.00498880877623,1.246882992021142
18.2,248.00498880877623,100.0,0.0,249.25187086068186,1.2468820519056294
18.25,249.25187086068186,100.0,0.0,250.0,0.748129139318138
18.3,250.0,100.0,0.0,250.0,0.0
18.35,250.0,100.0,0.0,250.0,0.0
18.400000000000002,250.0,100.0,0.0,250.3055555555555,0.3055555555554861
18.45,250.3055555555555,100.0,0.0,251.83333333333331,1.5277777777778283
18.5,251.83333333333331,100.0,0.0,253.36111111111114,1.5277777777778283
18.55,253.36111111111114,100.0,0.0,254.88888888888894,1.5277777777777999
18.6,254.88888888888894,100.0,0.0,256.41666666666674,1.5277777777777999
18.650000000000002,256.41666666666674,100.0,0.0,257.94444444444446,1.5277777777777146
18.7,257.94444444444446,100.0,0.0,259.47222222222223,1.5277777777777715
18.75,259.47222222222223,100.0,0.0,261.0,1.5277777777777715
18.8,261.0,100.0,0.0,261.9375008955224,0.9375008955224189
18.85,261.9375008955224,100.0,0.0,262.87500077419355,0.937499878671133
18.900000000000002,262.87500077419355,100.0,0.0,263.81250012903223,0.9374993548386783
18.95,263.81250012903223,100.0,0.0,264.57142857142856,0.758928442396325
19.0,264.57142857142856,100.0,0.0,265.2857142857143,0.7142857142857224
19.05,265.2857142857143,100.0,0.0,266.0,0.7142857142857224
19.1,266.0,100.0,0.0,266.7142857142858,0.7142857142857792
19.150000000000002,266.7142857142858,100.0,0.0,267.4285714285715,0.7142857142857224
19.200000000000003,267.4285714285715,100.0,0.0,268.0,0.5714285714284983
19.25,268.0,100.0,0.0,268.0,0.0
19.3,268.0,100.0,0.0,268.0,0.0
19.35,268.0,100.0,0.0,268.0000000000001,1.1368683772161603e-13
19.400000000000002,268.0000000000001,100.0,0.0,269.4583333333334,1.4583333333333144
19.450000000000003,269.4583333333334,100.0,0.0,270.91666666666663,1.4583333333332007
19.5,270.91666666666663,100.0,0.0,272.37499999999994,1.4583333333333144
19.55,272.37499999999994,100.0,0.0,273.8333333333333,1.4583333333333712
19.6,273.8333333333333,100.0,0.0,275.18750025531915,1.3541669219858363
19.650000000000002,275.18750025531915,100.0,0.0,276.12500106194693,0.9375008066277815
19.700000000000003,276.12500106194693,100.0,0.0,277.06250053097347,0.9374994690265339
19.75,277.06250053097347,100.0,0.0,278.0,0.9374994690265339
19.8,278.0,100.0,0.0,278.6250004597701,0.6250004597700922
19.85,278.6250004597701,100.0,0.0,279.25000073202614,0.6250002722560453
19.900000000000002,279.25000073202614,100.0,0.0,279.87500047058825,0.62499973856211
19.950000000000003,279.87500047058825,100.0,0.0,280.50000020915036,0.62499973856211
20.0,280.50000020915036,100.0,0.0,281.1,0.5999997908496653
20.05,281.1,100.0,0.0,281.6,0.5
20.1,281.6,100.0,0.0,282.1,0.5
20.150000000000002,282.1,100.0,0.0,282.6,0.5
20.200000000000003,282.6,100.0,0.0,283.08333333333337,0.4833333333333485
20.25,283.08333333333337,100.0,0.0,283.5,0.41666666666662877
20.3,283.5,100.0,0.0,283.9166666666667,0.4166666666666856
20.35,283.9166666666667,100.0,0.0,284.33333333333337,0.4166666666666856
20.400000000000002,284.33333333333337,100.0,0.0,284.75,0.41666666666662877
20.450000000000003,284.75,100.0,0.0,285.3333333333333,0.5833333333333144
20.5,285.3333333333333,100.0,0.0,286.1666666666667,0.8333333333333712
20.55,286.1666666666667,100.0,0.0,287.0,0.8333333333333144
20.6,287.0,100.0,0.0,287.83333333333337,0.8333333333333712
20.650000000000002,287.83333333333337,100.0,0.0,288.66666666666674,0.8333333333333712
20.700000000000003,288.66666666666674,100.0,0.0,289.15,0.4833333333332348
20.75,289.15,100.0,0.0,289.4,0.25
20.8,289.4,100.0,0.0,289.65,0.25
20.85,289.65,100.0,0.0,289.9,0.25
20.900000000000002,289.9,100.0,0.0,290.3214285714286,0.42142857142863477
20.950000000000003,290.3214285714286,100.0,0.0,290.85714285714283,0.5357142857142208
21.0,290.85714285714283,100.0,0.0,291.39285714285717,0.5357142857143344
21.05,291.39285714285717,100.0,0.0,291.92857142857144,0.5357142857142776
21.1,291.92857142857144,100.0,0.0,292.4642857142857,0.5357142857142776
21.150000000000002,292.4642857142857,100.0,0.0,293.00000000000006,0.5357142857143344
21.200000000000003,293.00000000000006,100.0,0.0,293.4166666666667,0.41666666666662877
21.25,293.4166666666667,100.0,0.0,293.8333333333333,0.41666666666662877
21.3,293.8333333333333,100.0,0.0,294.25,0.4166666666666856
21.35,294.25,100.0,0.0,294.6666666666667,0.4166666666666856
21.400000000000002,294.6666666666667,100.0,0.0,295.0833333333333,0.41666666666662877
21.450000000000003,295.0833333333333,100.0,0.0,295.5,0.4166666666666856
21.5,295.5,100.0,0.0,295.9166666666667,0.4166666666666856
21.55,295.9166666666667,100.0,0.0,296.25,0.3333333333333144
21.6,296.25,100.0,0.0,296.5625,0.3125
21.650000000000002,296.5625,100.0,0.0,296.875,0.3125
21.700000000000003,296.875,100.0,0.0,297.15,0.27499999999997726
21.75,297.15,100.0,0.0,297.4,0.25
21.8,297.4,100.0,0.0,297.65,0.25
21.85,297.65,100.0,0.0,297.9,0.25
21.900000000000002,297.9,100.0,0.0,298.15000000000003,0.25000000000005684
21.950000000000003,298.15000000000003,100.0,0.0,298.4,0.24999999999994316
22.0,298.4,100.0,0.0,298.65,0.25
22.05,298.65,100.0,0.0,298.9,0.25
22.1,298.9,100.0,0.0,299.37500000000006,0.4750000000000796
22.150000000000002,299.37500000000006,100.0,0.0,300.00000000000006,0.625
22.200000000000003,300.00000000000006,100.0,0.0,300.625,0.6249999999999432
22.25,300.625,100.0,0.0,301.1666666666667,0.5416666666666856
22.3,301.1666666666667,100.0,0.0,301.58333333333337,0.4166666666666856
22.35,301.58333333333337,100.0,0.0,302.0,0.41666666666662877
22.400000000000002,302.0,100.0,0.0,302.4166666666667,0.4166666666666856
22.450000000000003,302.4166666666667,100.0,0.0,302.8333333333333,0.41666666666662877
22.5,302.8333333333333,100.0,0.0,303.0835654447126,0.2502321113792618
22.55,303.0835654447126,100.0,0.0,303.22284118590017,0.13927574118758912
22.6,303.22284118590017,100.0,0.0,303.36211692708775,0.13927574118758912
22.650000000000002,303.36211692708775,100.0,0.0,303.5013926682754,0.13927574118764596
22.700000000000003,303.5013926682754,100.0,0.0,303.640668409463,0.13927574118758912
22.75,303.640668409463,100.0,0.0,303.77994420204465,0.1392757925816568
22.8,303.77994420204465,100.0,0.0,303.9192200235354,0.1392758214907417
22.85,303.9192200235354,100.0,0.0,304.22499979130436,0.30577976776896776
22.900000000000002,304.22499979130436,100.0,0.0,304.76071360000003,0.5357138086956752
22.950000000000003,304.76071360000003,100.0,0.0,305.2964278857143,0.5357142857142776
23.0,305.2964278857143,100.0,0.0,305.8321421714286,0.5357142857142776
23.05,305.8321421714286,100.0,0.0,306.36785645714286,0.5357142857142776
23.1,306.36785645714286,100.0,0.0,306.9035713075631,0.53571485042022
23.150000000000002,306.9035713075631,100.0,0.0,307.20500000000004,0.30142869243695714
23.200000000000003,307.20500000000004,100.0,0.0,307.455,0.24999999999994316
23.25,307.455,100.0,0.0,307.705,0.25
23.3,307.705,100.0,0.0,307.955,0.25
23.35,307.955,100.0,0.0,308.0,0.045000000000015916
23.400000000000002,308.0,100.0,0.0,308.0,0.0
23.450000000000003,308.0,100.0,0.0,308.0,0.0
23.5,308.0,100.0,0.0,308.19375,0.19375000000002274
23.55,308.19375,100.0,0.0,308.50625,0.3125
23.6,308.50625,100.0,0.0,308.81875,0.3125
23.650000000000002,308.81875,100.0,0.0,309.13125,0.3125
23.700000000000003,309.13125,100.0,0.0,309.44375,0.3125
23.75,309.44375,100.0,0.0,309.75625,0.3125
23.8,309.75625,100.0,0.0,310.04583333333335,0.28958333333332575
23.85,310.04583333333335,100.0,0.0,310.25416666666666,0.20833333333331439
23.900000000000002,310.25416666666666,100.0,0.0,310.4625,0.20833333333331439
23.950000000000003,310.4625,100.0,0.0,310.67083333333335,0.20833333333337123
24.0,310.67083333333335,100.0,0.0,310.87916666666666,0.20833333333331439
24.05,310.87916666666666,100.0,0.0,311.105,0.2258333333333553
24.1,311.105,100.0,0.0,311.355,0.25
24.150000000000002,311.355,100.0,0.0,311.605,0.25
24.200000000000003,311.605,100.0,0.0,311.855,0.25
24.25,311.855,100.0,0.0,312.0871369526007,0.23213695260068334
24.3,312.0871369526007,100.0,0.0,312.29460588736424,0.2074689347635399
24.35,312.29460588736424,100.0,0.0,312.5020748221278,0.2074689347635399
24.400000000000002,312.5020748221278,100.0,0.0,312.7095437568913,0.2074689347635399
24.450000000000003,312.7095437568913,100.0,0.0,312.9170126916548,0.20746893476348305
24.5,312.9170126916548,100.0,0.0,313.125,0.20798730834519574
24.55,313.125,100.0,0.0,313.3333333333333,0.20833333333331439
24.6,313.3333333333333,100.0,0.0,313.5416666666667,0.20833333333337123
24.650000000000002,313.5416666666667,100.0,0.0,313.75,0.20833333333331439
24.700000000000003,313.75,100.0,0.0,313.9583333333333,0.20833333333331439
24.75,313.9583333333333,100.0,0.0,314.0,0.041666666666685614
24.8,314.0,100.0,0.0,314.0,0.0
24.85,314.0,100.0,0.0,314.0,0.0
24.900000000000002,314.0,100.0,0.0,314.1875,0.1875
24.950000000000003,314.1875,100.0,0.0,314.5,0.3125
25.0,314.5,100.0,0.0,314.8125,0.3125
25.05,314.8125,100.0,0.0,315.125,0.3125
25.1,315.125,100.0,0.0,315.4375,0.3125
25.150000000000002,315.4375,100.0,0.0,315.75000000000006,0.31250000000005684
25.200000000000003,315.75000000000006,100.0,0.0,316.03125,0.28124999999994316
25.25,316.03125,100.0,0.0,316.1875,0.15625
25.3,316.1875,100.0,0.0,316.34375,0.15625
25.35,316.34375,100.0,0.0,316.5,0.15625
25.400000000000002,316.5,100.0,0.0,316.65625,0.15625
25.450000000000003,316.65625,100.0,0.0,316.8125,0.15625
25.5,316.8125,100.0,0.0,316.96875,0.15625
25.55,316.96875,100.0,0.0,317.2,0.23124999999998863
25.6,317.2,100.0,0.0,317.45,0.25
25.650000000000002,317.45,100.0,0.0,317.7,0.25
25.700000000000003,317.7,100.0,0.0,317.95,0.25
25.75,317.95,100.0,0.0,318.0,0.05000000000001137
25.8,318.0,100.0,0.0,318.0,0.0
25.85,318.0,100.0,0.0,318.0,0.0
25.900000000000002,318.0,100.0,0.0,318.0,0.0
25.950000000000003,318.0,100.0,0.0,318.0,0.0
26.0,318.0,100.0,0.0,318.05,0.05000000000001137
26.05,318.05,100.0,0.0,318.3,0.25
26.1,318.3,100.0,0.0,318.55,0.25
26.150000000000002,318.55,100.0,0.0,318.8,0.25
26.200000000000003,318.8,100.0,0.0,319.0277777856094,0.22777778560936213
26.25,319.0277777856094,100.0,0.0,319.1666667136564,0.138888928047038
26.3,319.1666667136564,100.0,0.0,319.3055556417034,0.13888892804698116
26.35,319.3055556417034,100.0,0.0,319.4444445697504,0.13888892804698116
26.400000000000002,319.4444445697504,100.0,0.0,319.58333349779735,0.13888892804698116
26.450000000000003,319.58333349779735,100.0,0.0,319.7222223558897,0.13888885809234353
26.5,319.7222223558897,100.0,0.0,319.86111117794485,0.13888882205515074
26.55,319.86111117794485,100.0,0.0,320.0,0.13888882205515074
26.6,320.0,100.0,0.0,320.0,0.0
26.650000000000002,320.0,100.0,0.0,320.0,0.0
26.700000000000003,320.0,100.0,0.0,320.0,0.0
26.75,320.0,100.0,0.0,320.0,0.0
26.8,320.0,100.0,0.0,320.0,0.0
26.85,320.0,100.0,0.0,320.0,0.0
26.900000000000002,320.0,100.0,0.0,320.0,0.0
26.950000000000003,320.0,100.0,0.0,320.0,0.0
27.0,320.0,100.0,0.0,320.0,0.0
27.05,320.0,100.0,0.0,320.0,0.0
27.1,320.0,100.0,0.0,320.0,0.0
27.150000000000002,320.0,100.0,0.0,320.0,0.0
27.200000000000003,320.0,100.0,0.0,320.0,0.0
27.25,320.0,100.0,0.0,320.0,0.0
27.3,320.0,100.0,0.0,320.0,0.0
27.35,320.0,100.0,0.0,320.0,0.0
27.400000000000002,320.0,100.0,0.0,319.968749984252,-0.03125001574801445
27.450000000000003,319.968749984252,100.0,0.0,319.8124999055118,-0.15625007874018593
27.5,319.8124999055118,100.0,0.0,319.65624982677167,-0.15625007874012908
27.55,319.65624982677167,100.0,0.0,319.4999998341969,-0.15624999257477157
27.6,319.4999998341969,100.0,0.0,319.34374988601036,-0.1562499481865416
27.650000000000002,319.34374988601036,100.0,0.0,319.1874999378238,-0.1562499481865416
27.700000000000003,319.1874999378238,100.0,0.0,319.03124998963733,-0.15624994818648474
27.75,319.03124998963733,100.0,0.0,318.8571427206823,-0.17410726895502648
27.8,318.8571427206823,100.0,0.0,318.6785712434475,-0.17857147723481148
27.85,318.6785712434475,100.0,0.0,318.499999909327,-0.17857133412047688
27.900000000000002,318.499999909327,100.0,0.0,318.32142857142856,-0.17857133789846102
27.950000000000003,318.32142857142856,100.0,0.021739130434809472,318.14285714285717,-0.17857142857138797
28.0,318.14285714285717,100.0,0.5652173913043512,317.4999996321838,-0.642857510673366
28.05,317.4999996321838,94.99999632183828,1.0,314.9999977931033,-2.5000018390804826
28.1,314.9999977931033,69.99997793103326,1.0,312.49999745132726,-2.500000341776058
28.150000000000002,312.49999745132726,44.999974513272676,1.0,309.9999988672564,-2.499998584070852
28.200000000000003,309.9999988672564,19.99998867256425,1.0,306.39285714285694,-3.607141724399469
28.25,306.39285714285694,0.0,1.0,298.3571428571428,-8.035714285714164
28.3,298.3571428571428,0.0,1.0,290.3214285714283,-8.035714285714448
28.35,290.3214285714283,0.0,1.0,282.28571428571394,-8.035714285714391
28.400000000000002,282.28571428571394,0.0,1.0,274.2499999999995,-8.035714285714448
28.450000000000003,274.2499999999995,0.0,1.0,266.21428571428567,-8.035714285713823
28.5,266.21428571428567,0.0,1.0,256.24999706122435,-9.964288653061317
28.55,256.24999706122435,0.0,1.0,244.99999216326515,-11.250004897959201
28.6,244.99999216326515,0.0,1.0,233.74998726530595,-11.250004897959201
28.650000000000002,233.74998726530595,0.0,1.0,222.49999070967715,-11.249996555628798
28.700000000000003,222.49999070967715,0.0,1.0,211.24999845161327,-11.249992258063884
28.75,211.24999845161327,0.0,1.0,205.71428571428567,-5.5357127373276
28.8,205.71428571428567,0.0,1.0,201.60714285714275,-4.107142857142918
28.85,201.60714285714275,0.0,1.0,197.49999999999991,-4.107142857142833
28.900000000000002,197.49999999999991,0.0,1.0,193.39285714285697,-4.1071428571429465
28.950000000000003,193.39285714285697,0.0,1.0,189.28571428571428,-4.107142857142691
29.0,189.28571428571428,0.0,1.0,184.7499999999998,-4.5357142857144765
29.05,184.7499999999998,0.0,1.0,178.49999999999972,-6.250000000000085
29.1,178.49999999999972,0.0,1.0,172.24999999999963,-6.250000000000085
29.150000000000002,172.24999999999963,0.0,1.0,165.99999999999974,-6.249999999999886
29.200000000000003,165.99999999999974,0.0,1.0,162.59498285993223,-3.405017140067514
29.25,162.59498285993223,0.0,1.0,159.1899654460369,-3.4050174138953366
29.3,159.1899654460369,0.0,1.0,155.78494716502092,-3.4050182810159697
29.35,155.78494716502092,0.0,1.0,152.37992888400495,-3.4050182810159697
29.400000000000002,152.37992888400495,0.0,1.0,148.97491060298898,-3.4050182810159697
29.450000000000003,148.97491060298898,0.0,1.0,146.30000154482755,-2.6749090581614325
29.5,146.30000154482755,0.03888880306513569,1.0,144.63333546666664,-1.6666660781609153
29.55,144.63333546666664,0.13148136296296548,1.0,142.96666879999995,-1.6666666666666856
29.6,142.96666879999995,0.22407395555555892,1.0,141.30000213333327,-1.6666666666666856
29.650000000000002,141.30000213333327,0.3166665481481523,1.0,139.63333546666658,-1.6666666666666856
29.700000000000003,139.63333546666658,0.4092591407407457,1.0,137.9666688,-1.666666666666572
29.75,137.9666688,0.5018517333333326,1.0,136.30000213333332,-1.6666666666666856
29.8,136.30000213333332,0.5944443259259259,1.0,134.63333546666664,-1.6666666666666856
29.85,134.63333546666664,0.6870369185185193,1.0,132.96666879999995,-1.6666666666666856
29.900000000000002,132.96666879999995,0.7796295111111128,1.0,131.30000212207557,-1.6666666779243826
29.950000000000003,131.30000212207557,0.8722221043291357,1.0,129.6333351739666,-1.6666669481089684
30.0,129.6333351739666,0.9648147125574111,1.0,127.96666822585753,-1.666666948109068
30.05,127.96666822585753,1.057407320785693,1.0,126.30000127774845,-1.6666669481090821
30.1,126.30000127774845,1.1499999290139753,1.0,124.63333432963938,-1.666666948109068
30.150000000000002,124.63333432963938,1.2425925372422573,1.0,122.9666673815303,-1.6666669481090821
30.200000000000003,122.9666673815303,1.3351851454705392,1.0,121.30000043342133,-1.6666669481089684
30.25,121.30000043342133,1.4277777536988148,1.0,119.63333348531226,-1.666666948109068
30.3,119.63333348531226,1.520370361927097,1.0,117.96666666666667,-1.666666818645595
30.35,117.96666666666667,1.6129629629629634,1.0,116.29999999999994,-1.6666666666667282
30.400000000000002,116.29999999999994,1.7055555555555593,1.0,114.63333333333321,-1.6666666666667282
30.450000000000003,114.63333333333321,1.7981481481481552,1.0,112.96666666666663,-1.6666666666665861
30.5,112.96666666666663,1.890740740740743,1.0,111.3,-1.6666666666666288
30.55,111.3,1.9833333333333334,1.0,110.70714285714286,-0.5928571428571416
30.6,110.70714285714286,4.342857142857161,1.0,110.35,-0.3571428571428612
30.650000000000002,110.35,7.200000000000056,1.0,109.99285714285713,-0.3571428571428612
30.700000000000003,109.99285714285713,10.057142857142964,0.9144736842105139,109.63571428571429,-0.357142857142847
30.75,109.63571428571429,12.914285714285707,0.5855263157894744,109.27857142857142,-0.3571428571428612
30.8,109.27857142857142,15.771428571428652,0.2565789473684117,109.17133958846928,-0.10723184010214482
30.85,109.17133958846928,19.40498462544817,0.0,109.95015578387748,0.7788161954081971
30.900000000000002,109.95015578387748,25.791277427795354,0.0,110.72897197928567,0.7788161954081971
30.950000000000003,110.72897197928567,32.17757023014254,0.0,111.50778817469381,0.7788161954081403
31.0,111.50778817469381,38.56386303248927,0.0,112.28660437010201,0.7788161954081971
31.05,112.28660437010201,44.95015583483646,0.0,113.0654205655102,0.7788161954081829
31.1,113.0654205655102,51.33644863718364,0.0,113.84423676091839,0.7788161954081971
31.150000000000002,113.84423676091839,57.722741439530836,0.0,115.25000000000013,1.405763239081736
31.200000000000003,115.25000000000013,60.00000000000011,0.0,116.81250000000003,1.5624999999999005
31.25,116.81250000000003,61.25000000000002,0.0,118.37500000000003,1.5625
31.3,118.37500000000003,62.50000000000002,0.0,119.37500000000001,0.9999999999999858
31.35,119.37500000000001,60.14999999999988,0.0,120.00000000000003,0.6250000000000142
31.400000000000002,120.00000000000003,55.39999999999979,0.0,120.62500000000003,0.625
31.450000000000003,120.62500000000003,50.6499999999997,0.0,121.25,0.6249999999999716
31.5,121.25,45.899999999999956,0.0,121.87500000000001,0.6250000000000142
31.55,121.87500000000001,41.14999999999987,0.0,122.50000000000003,0.6250000000000142
31.6,122.50000000000003,36.39999999999979,0.0,123.12500000000004,0.6250000000000142
31.650000000000002,123.12500000000004,31.649999999999707,0.0,123.75000000000004,0.625
31.700000000000003,123.75000000000004,26.89999999999963,0.0,124.15000006530613,0.400000065306088
31.75,124.15000006530613,27.40000104489802,0.0,124.40000017414967,0.25000010884353685
31.8,124.40000017414967,31.40000278639462,0.0,124.6500002829932,0.25000010884353685
31.85,124.6500002829932,35.40000452789122,0.0,124.90000012075473,0.24999983776152135
31.900000000000002,124.90000012075473,39.40000193207553,0.0,125.56250000000004,0.662499879245317
31.950000000000003,125.56250000000004,44.37500000000022,0.0,126.50000000000001,0.9374999999999716
32.0,126.50000000000001,50.00000000000006,0.0,127.4375000000001,0.9375000000000853
32.050000000000004,127.4375000000001,55.62500000000059,0.0,128.37500000000003,0.937499999999929
32.1,128.37500000000003,61.25000000000018,0.0,129.31249999999997,0.9374999999999432
32.15,129.31249999999997,66.87499999999977,0.0,130.25000000000003,0.9375000000000568
32.2,130.25000000000003,72.50000000000017,0.0,131.49999999999991,1.2499999999998863
32.25,131.49999999999991,77.65624999999989,0.0,134.00000000000023,2.5000000000003126
32.300000000000004,134.00000000000023,80.93750000000028,0.0,136.50000084528313,2.500000845282898
32.35,136.50000084528313,84.2187511094341,0.0,139.0000018515723,2.5000010062891818
32.4,139.0000018515723,87.50000243018864,0.0,141.50000285786183,2.500001006289523
32.45,141.50000285786183,90.78125375094366,0.0,144.00000206451614,2.4999992066543086
32.5,144.00000206451614,94.06250270967742,0.0,146.50000034408615,2.4999982795700078
32.550000000000004,146.50000034408615,97.34375045161306,0.0,148.14285714285714,1.6428567987709926
32.6,148.14285714285714,98.28571428571428,0.0,149.5714285714285,1.4285714285713595
32.65,149.5714285714285,98.64285714285712,0.0,151.00000000000006,1.4285714285715585
32.7,151.00000000000006,99.00000000000001,0.0,152.42857142857142,1.4285714285713595
32.75,152.42857142857142,99.35714285714286,0.0,153.85714285714297,1.4285714285715585
32.800000000000004,153.85714285714297,99.71428571428575,0.0,155.3571428571428,1.4999999999998295
32.85,155.3571428571428,100.0,0.0,157.14285714285703,1.7857142857142208
32.9,157.14285714285703,100.0,0.0,158.92857142857147,1.7857142857144481
32.95,158.92857142857147,100.0,0.0,160.71428571428567,1.7857142857141923
33.0,160.71428571428567,100.0,0.0,162.5000000000001,1.7857142857144481
33.050000000000004,162.5000000000001,100.0,0.0,164.28571428571436,1.7857142857142492
33.1,164.28571428571436,100.0,0.0,167.25000113385832,2.9642868481439564
33.15,167.25000113385832,100.0,0.0,171.00000302362233,3.7500018897640075
33.2,171.00000302362233,100.0,0.0,174.75000436363638,3.7500013400140517
33.25,174.75000436363638,100.0,0.0,177.40000000000006,2.649995636363684
33.300000000000004,177.40000000000006,100.0,0.0,178.40000000000003,0.9999999999999716
33.35,178.40000000000003,100.0,0.0,179.4,0.9999999999999716
33.4,179.4,100.0,0.0,180.40000000000012,1.0000000000001137
33.45,180.40000000000012,100.0,0.0,182.14285782643535,1.7428578264352268
33.5,182.14285782643535,100.0,0.0,185.00000239252356,2.857144566088209
33.550000000000004,185.00000239252356,100.0,0.0,187.85714623947143,2.857143846947878
33.6,187.85714623947143,100.0,0.0,190.7142880396365,2.857141800165067
33.65,190.7142880396365,100.0,0.0,193.571429839802,2.8571418001654934
33.7,193.571429839802,100.0,0.0,196.42857163996706,2.857141800165067
33.75,196.42857163996706,100.0,0.0,198.11111192848034,1.6825402885132803
33.800000000000004,198.11111192848034,100.0,0.0,199.50000177777778,1.388889849297442
33.85,199.50000177777778,100.0,0.0,200.88889066666658,1.3888888888888005
33.9,200.88889066666658,100.0,0.0,202.2777795555556,1.3888888888890278
33.95,202.2777795555556,100.0,0.0,203.66666844444444,1.3888888888888289
34.0,203.66666844444444,100.0,0.0,205.05555733333344,1.3888888888889994
34.050000000000004,205.05555733333344,100.0,0.0,206.44444511530406,1.3888877819706238
34.1,206.44444511530406,100.0,0.0,207.87500000000003,1.4305548846959653
34.15,207.87500000000003,100.0,0.0,209.33333333333348,1.4583333333334565
34.2,209.33333333333348,100.0,0.0,210.7916666666667,1.4583333333332291
34.25,210.7916666666667,100.0,0.0,212.25000000000014,1.458333333333428
34.300000000000004,212.25000000000014,100.0,0.0,213.7083333333334,1.4583333333332575
34.35,213.7083333333334,100.0,0.0,215.27272900580277,1.5643956724693737
34.4,215.27272900580277,100.0,0.0,216.86363840000018,1.5909093941974106
34.45,216.86363840000018,100.0,0.0,218.4545474909092,1.5909090909090082
34.5,218.4545474909092,100.0,0.0,220.0454565818184,1.5909090909092072
34.550000000000004,220.0454565818184,100.0,0.0,221.63636567272738,1.5909090909089798
34.6,221.63636567272738,100.0,0.0,223.22727472370767,1.5909090509802866
34.65,223.22727472370767,100.0,0.0,224.8181831491386,1.5909084254309391
34.7,224.8181831491386,100.0,0.0,226.4090915745693,1.5909084254306833
34.75,226.4090915745693,100.0,0.0,228.00000000000009,1.590908425430797
34.800000000000004,228.00000000000009,100.0,0.0,228.62500000000003,0.6249999999999432
34.85,228.62500000000003,100.0,0.0,229.24999999999997,0.6249999999999432
34.9,229.24999999999997,100.0,0.0,229.87500000000003,0.6250000000000568
34.95,229.87500000000003,100.0,0.0,230.74999999999997,0.8749999999999432
35.0,230.74999999999997,100.0,0.0,231.68750000000006,0.9375000000000853
35.050000000000004,231.68750000000006,100.0,0.0,232.62500000000006,0.9375
35.1,232.62500000000006,100.0,0.0,233.74999999999997,1.1249999999999147
35.15,233.74999999999997,100.0,0.0,235.0,1.2500000000000284
35.2,235.0,100.0,0.0,236.24999999999997,1.2499999999999716
35.25,236.24999999999997,100.0,0.0,237.50000000000009,1.2500000000001137
35.300000000000004,237.50000000000009,100.0,0.0,238.75000000000006,1.2499999999999716
35.35,238.75000000000006,100.0,0.0,240.0,1.2499999999999432
35.4,240.0,100.0,0.0,241.27777777777786,1.2777777777778567
35.45,241.27777777777786,100.0,0.0,242.66666666666657,1.3888888888887152
35.5,242.66666666666657,100.0,0.0,244.05555555555563,1.3888888888890563
35.550000000000004,244.05555555555563,100.0,0.0,245.44444444444446,1.3888888888888289
35.6,245.44444444444446,100.0,0.0,246.8333333333333,1.3888888888888289
35.65,246.8333333333333,100.0,0.0,248.2222222222223,1.3888888888890278
35.7,248.2222222222223,100.0,0.0,249.61111111111117,1.3888888888888573
35.75,249.61111111111117,100.0,0.0,251.00000000000009,1.3888888888889142
35.800000000000004,251.00000000000009,100.0,0.0,251.625,0.6249999999999147
35.85,251.625,100.0,0.0,252.24999999999997,0.6249999999999716
35.9,252.24999999999997,100.0,0.0,252.87500000000003,0.6250000000000568
35.95,252.87500000000003,100.0,0.0,253.74999999999997,0.8749999999999432
36.0,253.74999999999997,100.0,0.0,254.68750000000006,0.9375000000000853
36.050000000000004,254.68750000000006,100.0,0.0,255.62500000000003,0.9374999999999716
36.1,255.62500000000003,100.0,0.0,256.4178272235628,0.7928272235627958
36.15,256.4178272235628,100.0,0.0,257.114205929501,0.696378705938173
36.2,257.114205929501,100.0,0.0,257.810584635439,0.6963787059380024
36.25,257.810584635439,100.0,0.0,258.5069633413771,0.6963787059381161
36.300000000000004,258.5069633413771,100.0,0.0,259.2033420473151,0.6963787059380024
36.35,259.2033420473151,100.0,0.0,259.8997207532531,0.6963787059380024
36.4,259.8997207532531,100.0,0.0,260.59609984370155,0.6963790904484313
36.45,260.59609984370155,100.0,0.0,259.635001344,-0.9610984997015635
36.5,259.635001344,89.50001033846135,0.0,256.38500454399974,-3.249996800000247
36.550000000000004,256.38500454399974,64.50003495384433,0.0,253.135007744,-3.2499967999997352
36.6,253.135007744,39.50005956923086,0.0,249.88500344685735,-3.2500042971426524
36.65,249.88500344685735,14.500026514287391,0.5857142857142379,246.4249999999999,-3.4600034468574563
36.7,246.4249999999999,0.0,1.0,242.675,-3.7499999999998863
36.75,242.675,0.0,1.0,238.9249999999996,-3.750000000000398
36.800000000000004,238.9249999999996,0.0,1.0,235.17499999999973,-3.7499999999998863
36.85,235.17499999999973,0.0,1.0,231.72499999999997,-3.4499999999997613
36.9,231.72499999999997,0.0,1.0,228.68928571428543,-3.0357142857145334
36.95,228.68928571428543,0.0,1.0,225.65357142857133,-3.035714285714107
37.0,225.65357142857133,0.0,1.0,222.6178571428568,-3.0357142857145334
37.050000000000004,222.6178571428568,0.0,1.0,219.58214285714268,-3.035714285714107
37.1,219.58214285714268,0.0,1.0,216.54642857142858,-3.035714285714107
37.15,216.54642857142858,0.0,1.0,215.12142974246566,-1.424998828962913
37.2,215.12142974246566,0.4392851287671598,1.0,214.05000085792562,-1.0714288845400404
37.25,214.05000085792562,0.9749995710371852,1.0,212.9785719733854,-1.071428884540211
37.300000000000004,212.9785719733854,1.5107140133072867,1.0,211.90714308884537,-1.0714288845400404
37.35,211.90714308884537,2.046428455577312,1.0,210.83571428571432,-1.071428803131056
37.4,210.83571428571432,2.582142857142838,0.7500000000000342,209.58921150916808,-1.2465027765462366
37.45,209.58921150916808,3.2738589938879428,0.0,207.72199109629634,-1.8672204128717453
37.5,207.72199109629634,4.518672602469114,0.0,205.85477073733503,-1.8672203589613048
37.550000000000004,205.85477073733503,5.763486175109976,0.0,203.98755122297544,-1.86721951435959
37.6,203.98755122297544,7.008299184683034,0.0,202.12033170861585,-1.86721951435959
37.65,202.12033170861585,8.253112194256094,0.0,200.87499990804596,-1.2453318005698861
37.7,200.87499990804596,9.625000459770188,0.0,200.56249967816095,-0.3125002298850177
37.75,200.56249967816095,11.187501609195328,0.0,200.24999978082192,-0.3124998973390234
37.800000000000004,200.24999978082192,12.750001095890445,0.0,199.91666666666669,-0.3333331141552378
37.85,199.91666666666669,15.395833333333092,0.0,199.50000000000003,-0.4166666666666572
37.9,199.50000000000003,22.374999999999545,0.0,199.08333333333331,-0.41666666666671404
37.95,199.08333333333331,29.354166666666984,0.0,198.6666666309125,-0.4166667024208266
38.0,198.6666666309125,36.33333393221606,0.0,198.24999981527,-0.4166668156424862
38.050000000000004,198.24999981527,43.31250309422775,0.0,197.83333299962754,-0.4166668156424578
38.1,197.83333299962754,50.29167225623844,0.0,197.41666618398511,-0.41666681564242936
38.15,197.41666618398511,57.27084141824914,0.0,196.9999995816993,-0.416666602285801
38.2,196.9999995816993,64.25000700653617,0.0,196.5833330893246,-0.4166664923747021
38.25,196.5833330893246,71.22917075381251,0.0,196.16666659694985,-0.41666649237475895
38.300000000000004,196.16666659694985,78.20833450108985,0.0,196.75000000000006,0.5833334030502044
38.35,196.75000000000006,79.49999999999991,0.0,198.00000000000017,1.2500000000001137
38.400000000000006,198.00000000000017,76.99999999999964,0.0,199.25000000000014,1.2499999999999716
38.45,199.25000000000014,74.49999999999973,0.0,200.38888981069962,1.1388898106994816
38.5,200.38888981069962,74.50000355555574,0.0,201.3611121777779,0.9722223670782739
38.550000000000004,201.3611121777779,78.25000411428617,0.0,202.3333341932817,0.972222015503803
38.6,202.3333341932817,82.00000331694375,0.0,203.30555620878565,0.9722220155039452
38.650000000000006,203.30555620878565,85.75000251960185,0.0,204.27777822428948,0.9722220155038315
38.7,204.27777822428948,89.50000172225941,0.0,205.25000023979328,0.972222015503803
38.75,205.25000023979328,93.25000092491698,0.0,206.22222225529723,0.9722220155039452
38.800000000000004,206.22222225529723,97.00000012757508,0.0,207.125,0.9027777447027745
38.85,207.125,100.0,0.0,207.75000000000009,0.6250000000000853
38.900000000000006,207.75000000000009,100.0,0.0,208.37500000000006,0.6249999999999716
38.95,208.37500000000006,100.0,0.0,209.0,0.6249999999999432
39.0,209.0,100.0,0.0,210.56250000000014,1.562500000000142
39.050000000000004,210.56250000000014,100.0,0.0,212.12500000000006,1.5624999999999147
39.1,212.12500000000006,100.0,0.0,213.6875000000002,1.562500000000142
39.150000000000006,213.6875000000002,100.0,0.0,215.2500000000001,1.5624999999999147
39.2,215.2500000000001,100.0,0.0,216.8125,1.5624999999998863
39.25,216.8125,100.0,0.0,218.37500000000014,1.562500000000142
39.300000000000004,218.37500000000014,100.0,0.0,219.67500000000004,1.2999999999998977
39.35,219.67500000000004,100.0,0.0,220.80000000000013,1.1250000000000853
39.400000000000006,220.80000000000013,100.0,0.0,221.92500000000004,1.1249999999999147
39.45,221.92500000000004,100.0,0.0,223.04999999999998,1.1249999999999432
39.5,223.04999999999998,100.0,0.0,224.17500000000004,1.1250000000000568
39.550000000000004,224.17500000000004,100.0,0.0,225.29999999999998,1.1249999999999432
39.6,225.29999999999998,100.0,0.0,226.42500000000004,1.1250000000000568
39.650000000000006,226.42500000000004,100.0,0.0,227.55000000000007,1.1250000000000284
39.7,227.55000000000007,100.0,0.0,228.0,0.4499999999999318
39.75,228.0,100.0,0.0,228.0,0.0
39.800000000000004,228.0,100.0,0.0,228.0,0.0
39.85,228.0,100.0,0.0,229.00000000000026,1.0000000000002558
39.900000000000006,229.00000000000026,100.0,0.0,231.50000000000028,2.5000000000000284
39.95,231.50000000000028,100.0,0.0,234.0000000000001,2.4999999999998295
40.0,234.0000000000001,100.0,0.0,236.5000000000003,2.500000000000199
40.050000000000004,236.5000000000003,100.0,0.0,238.50000012955473,2.0000001295544223
40.1,238.50000012955473,100.0,0.0,239.7500004534415,1.250000323886752
40.150000000000006,239.7500004534415,100.0,0.0,241.00000077732804,1.2500003238865531
40.2,241.00000077732804,100.0,0.0,242.25000110121462,1.2500003238865816
40.25,242.25000110121462,100.0,0.0,243.50000142510137,1.250000323886752
40.300000000000004,243.50000142510137,100.0,0.0,244.75000048484856,1.2499990597471822
40.35,244.75000048484856,100.0,0.0,245.66666666666677,0.9166661818182149
40.400000000000006,245.66666666666677,100.0,0.0,246.50000000000006,0.833333333333286
40.45,246.50000000000006,100.0,0.0,247.33333333333331,0.8333333333332575
40.5,247.33333333333331,100.0,0.0,248.1666666666667,0.8333333333333997
40.550000000000004,248.1666666666667,100.0,0.0,249.0,0.833333333333286
40.6,249.0,100.0,0.0,250.25000115032697,1.2500011503269661
40.650000000000006,250.25000115032697,100.0,0.0,251.5000006274511,1.2499994771241347
40.7,251.5000006274511,100.0,0.0,252.7500001045752,1.2499994771241063
40.75,252.7500001045752,100.0,0.0,253.50000000000006,0.7499998954248497
40.800000000000004,253.50000000000006,100.0,0.0,254.12500000000003,0.6249999999999716
40.85,254.12500000000003,100.0,0.0,254.75000000000006,0.6250000000000284
40.900000000000006,254.75000000000006,100.0,0.0,255.15000031403727,0.40000031403721437
40.95,255.15000031403727,100.0,0.0,255.40000021465838,0.24999990062110555
41.0,255.40000021465838,100.0,0.0,255.6500001152795,0.24999990062113397
41.050000000000004,255.6500001152795,100.0,0.0,255.90000001590064,0.24999990062113397
41.1,255.90000001590064,100.0,0.0,256.64285714285734,0.742857126956693
41.150000000000006,256.64285714285734,100.0,0.0,257.71428571428584,1.0714285714284983
41.2,257.71428571428584,100.0,0.0,258.78571428571433,1.0714285714284983
41.25,258.78571428571433,100.0,0.0,259.857142857143,1.0714285714286689
41.300000000000004,259.857142857143,100.0,0.0,260.9285714285715,1.0714285714284983
41.35,260.9285714285715,100.0,0.0,262.00000000000006,1.0714285714285552
41.400000000000006,262.00000000000006,100.0,0.0,262.3125,0.31249999999994316
41.45,262.3125,100.0,0.0,262.625,0.3125
41.5,262.625,100.0,0.0,262.9375,0.3125
41.550000000000004,262.9375,100.0,0.0,262.1666666666667,-0.7708333333333144
41.6,262.1666666666667,91.66666666666687,0.0,261.12499999999994,-1.0416666666667425
41.650000000000006,261.12499999999994,81.24999999999935,0.0,260.0833333333333,-1.0416666666666288
41.7,260.0833333333333,70.8333333333333,0.0,259.04166666666674,-1.041666666666572
41.75,259.04166666666674,60.41666666666726,0.0,258.0,-1.0416666666667425
41.800000000000004,258.0,49.99999999999974,0.0,256.95833333333337,-1.0416666666666288
41.85,256.95833333333337,39.5833333333337,0.0,255.91666666666663,-1.0416666666667425
41.900000000000006,255.91666666666663,29.166666666666174,0.0,254.875,-1.0416666666666288
41.95,254.875,18.750000000000128,0.0,253.83333261016952,-1.0416673898304794
42.0,253.83333261016952,8.333326101695366,0.0,252.24999999999963,-1.5833326101698901
42.050000000000004,252.24999999999963,0.0,1.0,248.49999999999994,-3.7499999999996874
42.1,248.49999999999994,0.0,1.0,244.7499999999997,-3.750000000000256
42.150000000000006,244.7499999999997,0.0,1.0,241.0,-3.7499999999996874
42.2,241.0,0.0,1.0,234.75000211640247,-6.24999788359753
42.25,234.75000211640247,0.0,1.0,228.50000423280406,-6.249997883598411
42.300000000000004,228.50000423280406,0.0,1.0,222.25000634920653,-6.24999788359753
42.35,222.25000634920653,0.0,1.0,216.00000627450933,-6.250000074697198
42.400000000000006,216.00000627450933,0.0,1.0,210.3999999999997,-5.600006274509639
42.45,210.3999999999997,0.0,1.0,207.39999999999992,-2.9999999999997726
42.5,207.39999999999992,0.0,1.0,204.3999999999997,-3.0000000000002274
42.550000000000004,204.3999999999997,0.0,1.0,201.39999999999992,-2.9999999999997726
42.6,201.39999999999992,0.0,1.0,198.69999999999985,-2.700000000000074
42.650000000000006,198.69999999999985,0.20000000000009474,1.0,197.2,-1.499999999999858
42.7,197.2,1.2000000000000075,0.9210526315789449,195.70000000000007,-1.4999999999999147
42.75,195.70000000000007,2.199999999999944,0.5921052631579131,194.19999999999996,-1.5000000000001137
42.800000000000004,194.19999999999996,3.2000000000000224,0.2631578947368347,192.7484277742178,-1.4515722257821722
42.85,192.7484277742178,4.0,0.0,191.49056664530642,-1.2578611289113724
42.900000000000006,191.49056664530642,4.0,0.0,190.2327054532555,-1.2578611920509104
42.95,190.2327054532555,4.0,0.0,188.98214286318975,-1.2505625900657549
43.0,188.98214286318975,4.010714282086143,0.0,188.0892860226757,-0.8928568405140425
43.050000000000004,188.0892860226757,4.546428386394578,0.0,187.19642918216178,-0.8928568405139288
43.1,187.19642918216178,5.082142490702938,0.0,186.3035723416477,-0.8928568405140709
43.150000000000006,186.3035723416477,5.617856595011373,0.0,185.410715277865,-0.8928570637827136
43.2,185.410715277865,6.153570833281008,0.0,184.51785750706443,-0.8928577708005605
43.25,184.51785750706443,6.689285495761348,0.0,184.0,-0.5178575070644342
43.300000000000004,184.0,16.318750000000552,0.0,184.0,0.0
43.35,184.0,38.50624999999977,0.0,184.0,0.0
43.400000000000006,184.0,60.693750000002126,0.0,184.27500000000006,0.27500000000006253
43.45,184.27500000000006,78.68750000000016,0.0,185.52499999999995,1.2499999999998863
43.5,185.52499999999995,81.81249999999991,0.0,186.77500000000003,1.2500000000000853
43.550000000000004,186.77500000000003,84.93750000000011,0.0,188.02499999999995,1.2499999999999147
43.6,188.02499999999995,88.0624999999999,0.0,189.2750000000001,1.250000000000142
43.650000000000006,189.2750000000001,91.1875000000002,0.0,190.70000000000005,1.4249999999999545
43.7,190.70000000000005,93.30625000000002,0.0,192.36666666666667,1.6666666666666288
43.75,192.36666666666667,94.03541666666666,0.0,194.03333333333353,1.6666666666668561
43.800000000000004,194.03333333333353,94.7645833333334,0.0,195.70000000000013,1.6666666666666003
43.85,195.70000000000013,95.49375000000005,0.0,197.36666666666696,1.6666666666668277
43.900000000000006,197.36666666666696,96.22291666666678,0.0,199.0333333333335,1.6666666666665435
43.95,199.0333333333335,96.9520833333334,0.0,200.70000000000007,1.666666666666572
44.0,200.70000000000007,97.68125000000003,0.0,202.36666666666687,1.6666666666667993
44.050000000000004,202.36666666666687,98.41041666666676,0.0,204.03333333333345,1.666666666666572
44.1,204.03333333333345,99.13958333333338,0.0,205.70000000000024,1.6666666666667993
44.150000000000006,205.70000000000024,99.8687500000001,0.0,206.78002384057262,1.0800238405723803
44.2,206.78002384057262,100.0,0.0,207.73127242663668,0.9512485860640538
44.25,207.73127242663668,100.0,0.0,208.68252101270085,0.9512485860641675
44.300000000000004,208.68252101270085,100.0,0.0,209.63376959876487,0.9512485860640254
44.35,209.63376959876487,100.0,0.0,210.58501818482907,0.9512485860641959
44.400000000000006,210.58501818482907,100.0,0.0,211.53626677089312,0.9512485860640538
44.45,211.53626677089312,100.0,0.0,212.48751535695718,0.9512485860640538
44.5,212.48751535695718,100.0,0.0,213.43876394302137,0.9512485860641959
44.550000000000004,213.43876394302137,100.0,0.0,214.39001252908542,0.9512485860640538
44.6,214.39001252908542,100.0,0.0,215.34126082588594,0.9512482968005145
44.650000000000006,215.34126082588594,100.0,0.0,216.2925090755969,0.9512482497109715
44.7,216.2925090755969,100.0,0.0,217.24375732530788,0.9512482497109715
44.75,217.24375732530788,100.0,0.0,218.19500565574373,0.9512483304358454
44.800000000000004,218.19500565574373,100.0,0.0,219.14625424180775,0.9512485860640254
44.85,219.14625424180775,100.0,0.0,220.09750282787192,0.9512485860641675
44.900000000000006,220.09750282787192,100.0,0.0,221.04875141393597,0.9512485860640538
44.95,221.04875141393597,100.0,0.0,222.0,0.9512485860640254
45.0,222.0,100.0,0.0,223.75000000000009,1.7500000000000853
45.050000000000004,223.75000000000009,100.0,0.0,225.49999999999997,1.7499999999998863
45.1,225.49999999999997,100.0,0.0,227.2500000000001,1.750000000000142
45.150000000000006,227.2500000000001,100.0,0.0,229.0,1.7499999999998863
45.2,229.0,100.0,0.0,230.75000104672887,1.750001046728869
45.25,230.75000104672887,100.0,0.0,232.50000209345802,1.7500010467291531
45.300000000000004,232.50000209345802,100.0,0.0,234.2500012043011,1.7499991108430777
45.35,234.2500012043011,100.0,0.0,236.0000000000002,1.7499987956990992
45.400000000000006,236.0000000000002,100.0,0.0,237.388888888889,1.3888888888888005
45.45,237.388888888889,100.0,0.0,238.77777777777777,1.388888888888772
45.5,238.77777777777777,100.0,0.0,240.16666666666677,1.3888888888889994
45.550000000000004,240.16666666666677,100.0,0.0,241.55555555555557,1.3888888888888005
45.6,241.55555555555557,100.0,0.0,242.94444444444454,1.388888888888971
45.650000000000006,242.94444444444454,100.0,0.0,244.33333333333337,1.3888888888888289
45.7,244.33333333333337,100.0,0.0,245.72222222222226,1.3888888888888857
45.75,245.72222222222226,100.0,0.0,247.00000000000014,1.2777777777778851
45.800000000000004,247.00000000000014,100.0,0.0,248.25000000000009,1.2499999999999432
45.85,248.25000000000009,100.0,0.0,249.50000000000017,1.2500000000000853
45.900000000000006,249.50000000000017,100.0,0.0,250.7500000000001,1.2499999999999432
45.95,250.7500000000001,100.0,0.0,252.00000000000003,1.2499999999999147
46.0,252.00000000000003,100.0,0.0,253.15625037037043,1.156250370370401
46.050000000000004,253.15625037037043,100.0,0.0,253.93750088737204,0.7812505170016095
46.1,253.93750088737204,100.0,0.0,254.71875071672363,0.7812498293515944
46.150000000000006,254.71875071672363,100.0,0.0,255.50000054607514,0.7812498293515091
46.2,255.50000054607514,100.0,0.0,256.2812503754266,0.7812498293514807
46.25,256.2812503754266,100.0,0.0,257.06250020477825,0.7812498293516228
46.300000000000004,257.06250020477825,100.0,0.0,257.8437500341297,0.7812498293514523
46.35,257.8437500341297,100.0,0.0,258.6666666666668,0.8229166325371011
46.400000000000006,258.6666666666668,100.0,0.0,259.50000000000006,0.8333333333332575
46.45,259.50000000000006,100.0,0.0,260.33333333333337,0.8333333333333144
46.5,260.33333333333337,100.0,0.0,261.16666666666674,0.8333333333333712
46.550000000000004,261.16666666666674,100.0,0.0,262.0,0.8333333333332575
46.6,262.0,100.0,0.0,262.83333333333337,0.8333333333333712
46.650000000000006,262.83333333333337,100.0,0.0,263.6666666666667,0.8333333333333144
46.7,263.6666666666667,100.0,0.0,264.85714328908887,1.1904766224221817
46.75,264.85714328908887,100.0,0.0,266.28571543757045,1.428572148481578
46.800000000000004,266.28571543757045,100.0,0.0,267.71428750700284,1.4285720694323913
46.85,267.71428750700284,100.0,0.0,269.14285833800204,1.428570830999206
46.900000000000006,269.14285833800204,100.0,0.0,270.571429169001,1.4285708309989786
46.95,270.571429169001,100.0,0.0,272.0,1.4285708309989786
47.0,272.0,100.0,0.0,273.25000000000006,1.2500000000000568
47.050000000000004,273.25000000000006,100.0,0.0,274.50000000000006,1.25
47.1,274.50000000000006,100.0,0.0,275.7500000000002,1.2500000000001705
47.150000000000006,275.7500000000002,100.0,0.0,276.6,0.8499999999997954
47.2,276.6,100.0,0.0,277.34999999999997,0.7499999999999432
47.25,277.34999999999997,100.0,0.0,278.1,0.7500000000000568
47.300000000000004,278.1,100.0,0.0,278.85,0.75
47.35,278.85,100.0,0.0,279.6000000000001,0.7500000000000568
47.400000000000006,279.6000000000001,100.0,0.0,280.35,0.7499999999999432
47.45,280.35,100.0,0.0,281.09999999999997,0.7499999999999432
47.5,281.09999999999997,100.0,0.0,281.85,0.7500000000000568
47.550000000000004,281.85,100.0,0.0,282.66666666666674,0.8166666666667197
47.6,282.66666666666674,100.0,0.0,283.5000000000001,0.8333333333333712
47.650000000000006,283.5000000000001,100.0,0.0,284.3333333333334,0.8333333333333144
47.7,284.3333333333334,100.0,0.0,285.1666666666667,0.8333333333332575
47.75,285.1666666666667,100.0,0.0,286.0000000000001,0.8333333333334281
47.800000000000004,286.0000000000001,100.0,0.0,286.71428595874715,0.7142859587470411
47.85,286.71428595874715,100.0,0.0,287.42857191749437,0.7142859587472117
47.900000000000006,287.42857191749437,100.0,0.0,288.1428578762414,0.7142859587470411
47.95,288.1428578762414,100.0,0.0,288.85714364362514,0.7142857673837284
48.0,288.85714364362514,100.0,0.0,289.5714288663595,0.714285222734361
48.050000000000004,289.5714288663595,100.0,0.0,290.0,0.4285711336405029
48.1,290.0,100.0,0.0,290.0,0.0
48.150000000000006,290.0,100.0,0.0,290.0,0.0
48.2,290.0,100.0,0.0,290.0,0.0
48.25,290.0,100.0,0.0,290.41666666666674,0.41666666666674246
48.300000000000004,290.41666666666674,100.0,0.0,291.4583333333333,1.041666666666572
48.35,291.4583333333333,100.0,0.0,292.50000000000006,1.0416666666667425
48.400000000000006,292.50000000000006,100.0,0.0,293.5416666666667,1.0416666666666288
48.45,293.5416666666667,100.0,0.0,294.58333333333326,1.041666666666572
48.5,294.58333333333326,100.0,0.0,295.25000000000006,0.6666666666667993
48.550000000000004,295.25000000000006,100.0,0.0,295.6666666666667,0.41666666666662877
48.6,295.6666666666667,100.0,0.0,296.08333333333337,0.4166666666666856
48.650000000000006,296.08333333333337,100.0,0.0,296.50000000000006,0.4166666666666856
48.7,296.50000000000006,100.0,0.0,296.9166666666667,0.41666666666662877
48.75,296.9166666666667,100.0,0.0,297.33333333333337,0.4166666666666856
48.800000000000004,297.33333333333337,100.0,0.0,297.75,0.41666666666662877
48.85,297.75,100.0,0.0,298.16666666666674,0.41666666666674246
48.900000000000006,298.16666666666674,100.0,0.0,298.58333333333337,0.41666666666662877
48.95,298.58333333333337,100.0,0.0,299.0,0.41666666666662877
49.0,299.0,100.0,0.0,299.83333333333337,0.8333333333333712
49.050000000000004,299.83333333333337,100.0,0.0,300.66666666666663,0.8333333333332575
49.1,300.66666666666663,100.0,0.0,301.5,0.8333333333333712
49.150000000000006,301.5,100.0,0.0,302.3333333333333,0.8333333333333144
49.2,302.3333333333333,100.0,0.0,303.05,0.716666666666697
49.25,303.05,100.0,0.0,303.3,0.25
49.300000000000004,303.3,100.0,0.0,303.55,0.25
49.35,303.55,100.0,0.0,303.8,0.25
49.400000000000006,303.8,100.0,0.0,304.10752685705484,0.30752685705482463
49.45,304.10752685705484,100.0,0.0,304.6451611423286,0.5376342852737821
49.5,304.6451611423286,100.0,0.0,305.1827954276025,0.5376342852738958
49.550000000000004,305.1827954276025,100.0,0.0,305.72042977591497,0.5376343483124515
49.6,305.72042977591497,100.0,0.0,306.2580643238499,0.5376345479349425
49.650000000000006,306.2580643238499,100.0,0.0,306.79569887178474,0.5376345479348288
49.7,306.79569887178474,100.0,0.0,307.0,0.20430112821526336
49.75,307.0,100.0,0.0,307.0,0.0
49.800000000000004,307.0,100.0,0.0,307.0,0.0
49.85,307.0,100.0,0.0,307.42000000000013,0.4200000000001296
49.900000000000006,307.42000000000013,100.0,0.0,308.4200000000001,0.9999999999999432
49.95,308.4200000000001,100.0,0.0,309.42,0.9999999999999432
50.0,309.42,100.0,0.0,310.4200000000001,1.0000000000000568
50.050000000000004,310.4200000000001,100.0,0.0,311.2099999097987,0.7899999097986097
50.1,311.2099999097987,100.0,0.0,311.7099996950336,0.4999997852349338
50.150000000000006,311.7099996950336,100.0,0.0,312.2099994802685,0.499999785234877
50.2,312.2099994802685,100.0,0.0,312.7099994160956,0.49999993582713387
50.25,312.7099994160956,100.0,0.0,313.2099995435857,0.5000001274900683
50.300000000000004,313.2099995435857,100.0,0.0,313.7099996710757,0.5000001274900114
50.35,313.7099996710757,100.0,0.0,314.2099997985658,0.5000001274900683
50.400000000000006,314.2099997985658,100.0,0.0,314.7099999260558,0.5000001274900114
50.45,314.7099999260558,100.0,0.0,315.105,0.39500007394423164
50.5,315.105,100.0,0.0,315.355,0.25
50.550000000000004,315.355,100.0,0.0,315.605,0.25
50.6,315.605,100.0,0.0,315.855,0.25
50.650000000000006,315.855,100.0,0.0,316.0871369526007,0.23213695260068334
50.7,316.0871369526007,100.0,0.0,316.2946058557172,0.20746890311647803
50.75,316.2946058557172,100.0,0.0,316.50207472168273,0.20746886596555214
50.800000000000004,316.50207472168273,100.0,0.0,316.7095435876482,0.2074688659654953
50.85,316.7095435876482,100.0,0.0,316.9170124536138,0.20746886596555214
50.900000000000006,316.9170124536138,100.0,0.0,317.5,0.5829875463862209
50.95,317.5,100.0,0.0,318.3333333333333,0.8333333333333144
51.0,318.3333333333333,100.0,0.0,319.16666666666674,0.8333333333334281
51.050000000000004,319.16666666666674,100.0,0.0,320.00000032820515,0.8333336615384042
51.1,320.00000032820515,100.0,0.0,320.8333336565658,0.8333333283606521
51.150000000000006,320.8333336565658,100.0,0.0,321.0909091087017,0.25757545213588173
51.2,321.0909091087017,100.0,0.0,321.20454549457884,0.11363638587715741
51.25,321.20454549457884,100.0,0.0,321.31818188045594,0.11363638587710057
51.300000000000004,321.31818188045594,100.0,0.0,321.43181826633304,0.11363638587710057
51.35,321.43181826633304,100.0,0.0,321.5454546522102,0.11363638587715741
51.400000000000006,321.5454546522102,100.0,0.0,321.6590910380873,0.11363638587710057
51.45,321.6590910380873,100.0,0.0,321.7727274014481,0.11363636336079708
51.5,321.7727274014481,100.0,0.0,321.8863637007241,0.1136362992759814
51.550000000000004,321.8863637007241,100.0,0.0,322.0,0.11363629927592456
51.6,322.0,100.0,0.0,322.500000477612,0.5000004776119908
51.650000000000006,322.500000477612,100.0,0.0,323.000000481203,0.5000000035910261
51.7,323.000000481203,100.0,0.0,323.50000024060154,0.4999997593985199
51.75,323.50000024060154,100.0,0.0,324.00000000000006,0.4999997593985199
51.800000000000004,324.00000000000006,100.0,0.0,324.20833333333337,0.20833333333331439
51.85,324.20833333333337,100.0,0.0,324.4166666666667,0.20833333333331439
51.900000000000006,324.4166666666667,100.0,0.0,324.625,0.20833333333331439
51.95,324.625,100.0,0.0,324.8333333333333,0.20833333333331439
52.0,324.8333333333333,100.0,0.0,325.08333333333337,0.25000000000005684
52.050000000000004,325.08333333333337,100.0,0.0,325.5,0.41666666666662877
52.1,325.5,100.0,0.0,325.9166667157602,0.41666671576018643
52.150000000000006,325.9166667157602,100.0,0.0,326.33333349400283,0.416666778242643
52.2,326.33333349400283,100.0,0.0,326.7500002722455,0.416666778242643
52.25,326.7500002722455,100.0,0.0,327.16666705048823,0.41666677824275666
52.300000000000004,327.16666705048823,100.0,0.0,327.5833338287309,0.416666778242643
52.35,327.5833338287309,100.0,0.0,328.0,0.41666617126912797
52.400000000000006,328.0,100.0,0.0,328.0,0.0
52.45,328.0,100.0,0.0,328.0,0.0
52.5,328.0,100.0,0.0,328.0,0.0
52.550000000000004,328.0,100.0,0.0,328.0,0.0
52.6,328.0,100.0,0.0,328.0,0.0
52.650000000000006,328.0,100.0,0.0,328.0,0.0
52.7,328.0,100.0,0.0,328.0,0.0
52.75,328.0,100.0,0.0,328.0,0.0
52.800000000000004,328.0,100.0,0.0,328.0625,0.0625
52.85,328.0625,100.0,0.0,328.375,0.3125
52.900000000000006,328.375,100.0,0.0,328.6875,0.3125
52.95,328.6875,100.0,0.0,329.0,0.3125
53.0,329.0,100.0,0.0,329.31250000000006,0.31250000000005684
53.050000000000004,329.31250000000006,100.0,0.0,329.625,0.31249999999994316
53.1,329.625,100.0,0.0,329.93750000000006,0.31250000000005684
53.150000000000006,329.93750000000006,100.0,0.0,330.20000026165746,0.2625002616574079
53.2,330.20000026165746,100.0,0.0,330.45000017325964,0.24999991160217405
53.25,330.45000017325964,100.0,0.0,330.7000000848619,0.24999991160228774
53.300000000000004,330.7000000848619,100.0,0.0,330.95,0.24999991513806208
53.35,330.95,100.0,0.0,331.0,0.05000000000001137
53.400000000000006,331.0,100.0,0.0,331.0,0.0
53.45,331.0,100.0,0.0,331.0,0.0
53.5,331.0,100.0,0.0,331.0,0.0
53.550000000000004,331.0,100.0,0.0,331.25,0.25
53.6,331.25,100.0,0.0,331.56250000000006,0.31250000000005684
53.650000000000006,331.56250000000006,100.0,0.0,331.875,0.31249999999994316
53.7,331.875,100.0,0.0,332.1875,0.3125
53.75,332.1875,100.0,0.0,332.5,0.3125
53.800000000000004,332.5,100.0,0.0,332.8125,0.3125
53.85,332.8125,100.0,0.0,333.0,0.1875
53.900000000000006,333.0,100.0,0.0,333.0,0.0
53.95,333.0,100.0,0.0,333.0,0.0
54.0,333.0,100.0,0.0,333.05,0.05000000000001137
54.050000000000004,333.05,100.0,0.0,333.3,0.25
54.1,333.3,100.0,0.0,333.55,0.25
54.150000000000006,333.55,100.0,0.0,333.8,0.25
54.2,333.8,100.0,0.0,334.0,0.19999999999998863
54.25,334.0,100.0,0.0,334.0,0.0
54.300000000000004,334.0,100.0,0.0,334.0,0.0
54.35,334.0,100.0,0.0,334.0,0.0
54.400000000000006,334.0,100.0,0.0,334.0,0.0
54.45,334.0,100.0,0.0,334.0,0.0
54.5,334.0,100.0,0.0,334.0,0.0
54.550000000000004,334.0,100.0,0.0,334.0,0.0
54.6,334.0,100.0,0.0,334.0,0.0
54.650000000000006,334.0,100.0,0.0,334.0,0.0
54.7,334.0,100.0,0.0,334.0,0.0
54.75,334.0,100.0,0.0,334.0,0.0
54.800000000000004,334.0,100.0,0.0,334.0,0.0
54.85,334.0,100.0,0.0,334.0,0.0
54.900000000000006,334.0,100.0,0.0,334.0,0.0
54.95,334.0,100.0,0.0,334.0,0.0
55.0,334.0,100.0,0.0,334.0,0.0
55.050000000000004,334.0,100.0,0.0,334.0,0.0
55.1,334.0,100.0,0.0,334.0,0.0
55.150000000000006,334.0,100.0,0.0,334.0,0.0
55.2,334.0,100.0,0.0,333.79166658682635,-0.20833341317364784
55.25,333.79166658682635,79.16665868263523,0.0,333.58333317365265,-0.20833341317370468
55.300000000000004,333.58333317365265,58.33331736526749,0.0,333.374999760479,-0.20833341317364784
55.35,333.374999760479,37.49997604790272,0.0,333.1666665205479,-0.20833323993110753
55.400000000000006,333.1666665205479,16.666652054791115,0.45205479452065994,331.49999999999926,-1.666666520548631
55.45,331.49999999999926,0.0,1.0,323.99999999999966,-7.499999999999602
55.5,323.99999999999966,0.0,1.0,316.49999999999903,-7.500000000000625
55.550000000000004,316.49999999999903,0.0,1.0,308.9999999999995,-7.499999999999545
55.6,308.9999999999995,0.0,1.0,301.4999999999989,-7.500000000000568
55.650000000000006,301.4999999999989,0.0,1.0,293.9999999999994,-7.499999999999545
55.7,293.9999999999994,0.0,1.0,285.6249999999999,-8.374999999999488
55.75,285.6249999999999,0.0,1.0,276.6666666666659,-8.958333333333997
55.800000000000004,276.6666666666659,0.0,1.0,267.7083333333331,-8.958333333332803
55.85,267.7083333333331,0.0,1.0,258.7499999999991,-8.958333333333997
55.900000000000006,258.7499999999991,0.0,1.0,249.7916666666663,-8.958333333332803
55.95,249.7916666666663,0.0,1.0,244.85714285714283,-4.934523809523455
56.0,244.85714285714283,0.0,1.0,240.92857142857096,-3.928571428571871
56.050000000000004,240.92857142857096,0.0,1.0,236.99999999999966,-3.9285714285713027
56.1,236.99999999999966,0.0,1.0,233.07142857142802,-3.9285714285716438
56.150000000000006,233.07142857142802,0.0,1.0,229.14285714285697,-3.928571428571047
56.2,229.14285714285697,0.0,1.0,225.0282133611109,-4.114643781746082
56.25,225.0282133611109,0.0,1.0,220.16928053797358,-4.858932823137309
56.300000000000004,220.16928053797358,0.0,1.0,215.31034889065086,-4.85893164732272
56.35,215.31034889065086,0.0,1.0,210.45141724332748,-4.858931647323374
56.400000000000006,210.45141724332748,0.0,1.0,205.59248559600476,-4.85893164732272
56.45,205.59248559600476,0.0,1.0,200.7335516536356,-4.858933942369163
56.5,200.7335516536356,0.0,1.0,195.87460957428277,-4.858942079352829
56.550000000000004,195.87460957428277,0.0,1.0,195.0,-0.874609574282772
56.6,195.0,1.0250000000000745,1.0,195.0,0.0
56.650000000000006,195.0,2.2750000000001522,1.0,195.0,0.0
56.7,195.0,3.5250000000000523,1.0,194.07000000000002,-0.9299999999999784
56.75,194.07000000000002,5.239999999999984,1.0,192.56999999999985,-1.5000000000001705
56.800000000000004,192.56999999999985,7.240000000000208,1.0,191.06999999999988,-1.4999999999999716
56.85,191.06999999999988,9.240000000000146,1.0,189.56999999999974,-1.500000000000142
56.900000000000006,189.56999999999974,11.240000000000345,0.3653846153844498,189.0,-0.5699999999997374
56.95,189.0,17.037500000000843,0.0,189.0,0.0
57.0,189.0,25.162500000000193,0.0,189.0,0.0
57.050000000000004,189.0,33.287500000000705,0.0,188.775,-0.22499999999999432
57.1,188.775,40.475,0.0,188.2392857142857,-0.535714285714306
57.150000000000006,188.2392857142857,46.36785714285753,0.0,187.70357142857142,-0.5357142857142776
57.2,187.70357142857142,52.26071428571436,0.0,187.16785714285717,-0.5357142857142492
57.25,187.16785714285717,58.15357142857118,0.0,186.63214285714284,-0.5357142857143344
57.300000000000004,186.63214285714284,64.04642857142885,0.0,186.0964285714286,-0.5357142857142492
57.35,186.0964285714286,69.93928571428567,0.0,186.4079602200172,0.3115316485886126
57.400000000000006,186.4079602200172,71.2039801100086,0.0,186.90547265126182,0.4975124312446155
57.45,186.90547265126182,71.45273632563091,0.0,187.4029850825064,0.4975124312445871
57.5,187.4029850825064,71.7014925412532,0.0,187.9004975137511,0.4975124312447008
57.550000000000004,187.9004975137511,71.95024875687555,0.0,189.60000117701153,1.6995036632604297
57.6,189.60000117701153,74.80000205977018,0.0,191.60000252179134,2.000001344779804
57.650000000000006,191.60000252179134,78.30000441313484,0.0,193.60000188497528,1.9999993631839459
57.7,193.60000188497528,81.80000329870677,0.0,195.60000124815926,1.9999993631839743
57.75,195.60000124815926,85.3000021842787,0.0,197.60000061134352,1.9999993631842585
57.800000000000004,197.60000061134352,88.80000106985112,0.0,199.6000000000001,1.9999993886565903
57.85,199.6000000000001,92.30000000000017,0.0,201.60000000000025,2.000000000000142
57.900000000000006,201.60000000000025,95.80000000000041,0.0,203.60000000000008,1.9999999999998295
57.95,203.60000000000008,99.30000000000015,0.0,205.0,1.3999999999999204
58.0,205.0,100.0,0.0,206.25000000000014,1.250000000000142
58.050000000000004,206.25000000000014,100.0,0.0,207.50000000000009,1.2499999999999432
58.1,207.50000000000009,100.0,0.0,208.75000000000023,1.250000000000142
58.150000000000006,208.75000000000023,100.0,0.0,209.0,0.24999999999977263
58.2,209.0,100.0,0.0,209.0,0.0
58.25,209.0,100.0,0.0,209.0,0.0
58.300000000000004,209.0,100.0,0.0,209.75000000000003,0.7500000000000284
58.35,209.75000000000003,100.0,0.0,211.0000000000001,1.2500000000000853
58.400000000000006,211.0000000000001,100.0,0.0,212.25000000000003,1.2499999999999147
58.45,212.25000000000003,100.0,0.0,213.49999999999994,1.2499999999999147
58.5,213.49999999999994,100.0,0.0,214.75000000000006,1.2500000000001137
58.550000000000004,214.75000000000006,100.0,0.0,216.33333546666668,1.5833354666666253
58.6,216.33333546666668,100.0,0.0,218.00000213333348,1.6666666666667993
58.650000000000006,218.00000213333348,100.0,0.0,219.66666880000002,1.6666666666665435
58.7,219.66666880000002,100.0,0.0,221.3333354666666,1.666666666666572
58.75,221.3333354666666,100.0,0.0,223.00000000000014,1.6666645333335453
58.800000000000004,223.00000000000014,100.0,0.0,224.00000000000009,0.9999999999999432
58.85,224.00000000000009,100.0,0.0,225.00000000000017,1.0000000000000853
58.900000000000006,225.00000000000017,100.0,0.0,226.00000000000009,0.9999999999999147
58.95,226.00000000000009,100.0,0.0,227.0,0.9999999999999147
59.0,227.0,100.0,0.0,228.12500082758626,1.1250008275862626
59.050000000000004,228.12500082758626,100.0,0.0,229.25000133657454,1.125000508988279
59.1,229.25000133657454,100.0,0.0,230.3750009387846,1.1249996022100675
59.150000000000006,230.3750009387846,100.0,0.0,231.5000005409945,1.124999602209897
59.2,231.5000005409945,100.0,0.0,232.6250001432044,1.124999602209897
59.25,232.6250001432044,100.0,0.0,233.75000000000009,1.1249998567956823
59.300000000000004,233.75000000000009,100.0,0.0,234.87500000000006,1.1249999999999716
59.35,234.87500000000006,100.0,0.0,236.00000000000014,1.1250000000000853
59.400000000000006,236.00000000000014,100.0,0.0,237.00000000000006,0.9999999999999147
59.45,237.00000000000006,100.0,0.0,238.0,0.9999999999999432
59.5,238.0,100.0,0.0,239.00000000000006,1.0000000000000568
59.550000000000004,239.00000000000006,100.0,0.0,240.0,0.9999999999999432
59.6,240.0,100.0,0.0,240.90909207272736,0.9090920727273613
59.650000000000006,240.90909207272736,100.0,0.0,241.8181829818182,0.9090909090908497
59.7,241.8181829818182,100.0,0.0,242.7272738909091,0.9090909090908781
59.75,242.7272738909091,100.0,0.0,243.63636480000008,0.9090909090909918
59.800000000000004,243.63636480000008,100.0,0.0,244.54545570909096,0.9090909090908781
59.85,244.54545570909096,100.0,0.0,245.45454661818195,0.9090909090909918
59.900000000000006,245.45454661818195,100.0,0.0,246.36363752727283,0.9090909090908781
59.95,246.36363752727283,100.0,0.0,247.27272843636368,0.9090909090908497
60.0,247.27272843636368,100.0,0.0,248.15000000000006,0.8772715636363841
60.050000000000004,248.15000000000006,100.0,0.0,248.90000000000003,0.7499999999999716
60.1,248.90000000000003,100.0,0.0,249.65000000000006,0.7500000000000284
60.150000000000006,249.65000000000006,100.0,0.0,250.40000000000003,0.7499999999999716
60.2,250.40000000000003,100.0,0.0,251.15000094507772,0.7500009450776872
60.25,251.15000094507772,100.0,0.0,251.90000069637313,0.7499997512954053
60.300000000000004,251.90000069637313,100.0,0.0,252.65000044766845,0.74999975129532
60.35,252.65000044766845,100.0,0.0,253.40000019896385,0.7499997512954053
60.400000000000006,253.40000019896385,100.0,0.0,254.11363663299667,0.7136364340328214
60.45,254.11363663299667,100.0,0.0,254.68181877649423,0.5681821434975518
60.5,254.68181877649423,100.0,0.0,255.250000393772,0.5681816172777872
60.550000000000004,255.250000393772,100.0,0.0,255.81818201104971,0.5681816172777019
60.6,255.81818201104971,100.0,0.0,256.3863636363637,0.5681816253139687
60.650000000000006,256.3863636363637,100.0,0.0,256.95454545454544,0.5681818181817562
60.7,256.95454545454544,100.0,0.0,257.52272727272725,0.568181818181813
60.75,257.52272727272725,100.0,0.0,258.0909090909091,0.5681818181818699
60.800000000000004,258.0909090909091,100.0,0.0,258.6590909090909,0.5681818181817562
60.85,258.6590909090909,100.0,0.0,259.2500000536314,0.5909091445405465
60.900000000000006,259.2500000536314,100.0,0.0,259.875000277095,0.6250002234635872
60.95,259.875000277095,100.0,0.0,260.50000050055866,0.625000223463644
61.0,260.50000050055866,100.0,0.0,261.1250007240224,0.6250002234637577
61.050000000000004,261.1250007240224,100.0,0.0,261.75000047407406,0.6249997500516429
61.1,261.75000047407406,100.0,0.0,262.37500000000006,0.6249995259260004
61.150000000000006,262.37500000000006,100.0,0.0,263.0,0.6249999999999432
61.2,263.0,100.0,0.0,263.625,0.625
61.25,263.625,100.0,0.0,264.0,0.375
61.300000000000004,264.0,100.0,0.0,264.0,0.0
61.35,264.0,100.0,0.0,264.0,0.0
61.400000000000006,264.0,100.0,0.0,264.0,0.0
61.45,264.0,100.0,0.0,264.0,0.0
61.5,264.0,100.0,0.0,264.0,0.0
61.550000000000004,264.0,100.0,0.0,265.5000014328358,1.500001432835802
61.6,265.5000014328358,100.0,0.0,267.375002080925,1.8750006480892125
61.650000000000006,267.375002080925,100.0,0.0,269.25000138728336,1.8749993063583474
61.7,269.25000138728336,100.0,0.0,271.12500069364165,1.8749993063582906
61.75,271.12500069364165,100.0,0.0,273.0000000000002,1.8749993063585748
61.800000000000004,273.0000000000002,100.0,0.0,274.5000000000001,1.4999999999998863
61.85,274.5000000000001,100.0,0.0,276.0000000000002,1.5000000000001137
61.900000000000006,276.0000000000002,100.0,0.0,277.5000000000001,1.4999999999998863
61.95,277.5000000000001,100.0,0.0,279.0,1.4999999999998863
62.0,279.0,100.0,0.0,279.9375000000001,0.9375000000001137
62.050000000000004,279.9375000000001,100.0,0.0,280.87500000000006,0.9374999999999432
62.1,280.87500000000006,100.0,0.0,281.81250000000017,0.9375000000001137
62.150000000000006,281.81250000000017,100.0,0.0,282.0,0.18749999999982947
62.2,282.0,100.0,0.0,282.0,0.0
62.25,282.0,100.0,0.0,282.0,0.0
62.300000000000004,282.0,100.0,0.0,282.0,0.0
62.35,282.0,100.0,0.0,282.0,0.0
62.400000000000006,282.0,100.0,0.0,282.0,0.0
62.45,282.0,100.0,0.0,282.50000000000006,0.5000000000000568
62.5,282.50000000000006,100.0,0.0,283.7500000000001,1.2500000000000568
62.550000000000004,283.7500000000001,100.0,0.0,285.00000000000006,1.2499999999999432
62.6,285.00000000000006,100.0,0.0,286.25000000000017,1.2500000000001137
62.650000000000006,286.25000000000017,100.0,0.0,287.2,0.9499999999998181
62.7,287.2,100.0,0.0,287.7,0.5
62.75,287.7,100.0,0.0,288.20000000000005,0.5000000000000568
62.800000000000004,288.20000000000005,100.0,0.0,288.7,0.49999999999994316
62.85,288.7,100.0,0.0,289.20000000000005,0.5000000000000568
62.900000000000006,289.20000000000005,100.0,0.0,289.70000000000005,0.5
62.95,289.70000000000005,100.0,0.0,290.2,0.49999999999994316
63.0,290.2,100.0,0.0,290.70000000000005,0.5000000000000568
63.050000000000004,290.70000000000005,100.0,0.0,291.16736407202484,0.46736407202479313
63.1,291.16736407202484,100.0,0.0,291.58577425208694,0.4184101800620965
63.150000000000006,291.58577425208694,100.0,0.0,292.00418436708037,0.41841011499343495
63.2,292.00418436708037,100.0,0.0,292.4225942968785,0.41840992979814473
63.25,292.4225942968785,100.0,0.0,292.8410042266767,0.4184099297982016
63.300000000000004,292.8410042266767,100.0,0.0,293.58125,0.740245773323295
63.35,293.58125,100.0,0.0,294.51875000000007,0.9375000000000568
63.400000000000006,294.51875000000007,100.0,0.0,295.45625000000007,0.9375
63.45,295.45625000000007,100.0,0.0,296.13097714840444,0.6747271484043722
63.5,296.13097714840444,100.0,0.0,296.44282750174835,0.31185035334391387
63.550000000000004,296.44282750174835,100.0,0.0,296.75467785509227,0.31185035334391387
63.6,296.75467785509227,100.0,0.0,297.0665282084362,0.31185035334391387
63.650000000000006,297.0665282084362,100.0,0.0,297.3783785617801,0.31185035334391387
63.7,297.3783785617801,100.0,0.0,297.690228915124,0.31185035334391387
63.75,297.690228915124,100.0,0.0,298.0020792684679,0.31185035334391387
63.800000000000004,298.0020792684679,100.0,0.0,298.31392962181184,0.31185035334391387
63.85,298.31392962181184,100.0,0.0,298.62577997515575,0.31185035334391387
63.900000000000006,298.62577997515575,100.0,0.0,298.9376302363839,0.3118502612281304
63.95,298.9376302363839,100.0,0.0,299.25,0.31236976361611823
64.0,299.25,100.0,0.0,299.56249999999994,0.31249999999994316
64.05,299.56249999999994,100.0,0.0,299.875,0.31250000000005684
64.10000000000001,299.875,100.0,0.0,300.2727273914657,0.39772739146570757
64.15,300.2727273914657,100.0,0.0,300.7272730439085,0.4545456524427891
64.2,300.7272730439085,100.0,0.0,301.1818186963513,0.4545456524427891
64.25,301.1818186963513,100.0,0.0,301.6363642181818,0.4545455218305392
64.3,301.6363642181818,100.0,0.0,302.0909096727274,0.45454545454555273
64.35000000000001,302.0909096727274,100.0,0.0,302.5454551272728,0.45454545454543904
64.4,302.5454551272728,100.0,0.0,303.0000005818182,0.4545454545453822
64.45,303.0000005818182,100.0,0.0,303.45454603636364,0.45454545454543904
64.5,303.45454603636364,100.0,0.0,303.9090910853994,0.4545450490357439
64.55,303.9090910853994,100.0,0.0,304.2727272727273,0.363636187327927
64.60000000000001,304.2727272727273,100.0,0.0,304.6136363636364,0.34090909090906507
64.65,304.6136363636364,100.0,0.0,304.9545454545455,0.3409090909091219
64.7,304.9545454545455,100.0,0.0,305.29545454545456,0.34090909090906507
64.75,305.29545454545456,100.0,0.0,305.6363636363636,0.34090909090906507
64.8,305.6363636363636,100.0,0.0,305.9772727272728,0.34090909090917876
64.85000000000001,305.9772727272728,100.0,0.0,306.31818181818187,0.34090909090906507
64.9,306.31818181818187,100.0,0.0,306.65909090909093,0.34090909090906507
64.95,306.65909090909093,100.0,0.0,307.0,0.34090909090906507
65.0,307.0,100.0,0.0,307.35714299401195,0.3571429940119515
65.05,307.35714299401195,100.0,0.0,307.714285988024,0.3571429940120652
65.10000000000001,307.714285988024,100.0,0.0,308.07142898203597,0.3571429940119515
65.15,308.07142898203597,100.0,0.0,308.42857163840756,0.35714265637159315
65.2,308.42857163840756,100.0,0.0,308.78571428571433,0.35714264730677314
65.25,308.78571428571433,100.0,0.0,309.0833333333333,0.29761904761897995
65.3,309.0833333333333,100.0,0.0,309.2916666666667,0.20833333333337123
65.35000000000001,309.2916666666667,100.0,0.0,309.50000000000006,0.20833333333337123
65.4,309.50000000000006,100.0,0.0,309.70833333333337,0.20833333333331439
65.45,309.70833333333337,100.0,0.0,309.9166666666667,0.20833333333331439
65.5,309.9166666666667,100.0,0.0,310.3749999999999,0.4583333333332007
65.55,310.3749999999999,100.0,0.0,311.00000000000006,0.6250000000001705
65.60000000000001,311.00000000000006,100.0,0.0,311.625,0.6249999999999432
65.65,311.625,100.0,0.0,312.0,0.375
65.7,312.0,100.0,0.0,312.0,0.0
65.75,312.0,100.0,0.0,312.0,0.0
65.8,312.0,100.0,0.0,312.0,0.0
65.85000000000001,312.0,100.0,0.0,312.0,0.0
65.9,312.0,100.0,0.0,312.0,0.0
65.95,312.0,100.0,0.0,312.0,0.0
66.0,312.0,100.0,0.0,312.07499999999993,0.07499999999993179
66.05,312.07499999999993,100.0,0.0,312.4500000000001,0.37500000000017053
66.10000000000001,312.4500000000001,100.0,0.0,312.8250000000001,0.375
66.15,312.8250000000001,100.0,0.0,313.20000000000005,0.37499999999994316
66.2,313.20000000000005,100.0,0.0,313.57500000000005,0.375
66.25,313.57500000000005,100.0,0.0,313.95,0.37499999999994316
66.3,313.95,100.0,0.0,314.3250000000001,0.3750000000001137
66.35000000000001,314.3250000000001,100.0,0.0,314.70000000000005,0.37499999999994316
66.4,314.70000000000005,100.0,0.0,315.0357142857143,0.3357142857142321
66.45,315.0357142857143,100.0,0.0,315.2142857142857,0.1785714285714448
66.5,315.2142857142857,100.0,0.0,315.39285714285717,0.1785714285714448
66.55,315.39285714285717,100.0,0.0,315.5714285714286,0.1785714285714448
66.60000000000001,315.5714285714286,100.0,0.0,315.75,0.17857142857138797
66.65,315.75,100.0,0.0,315.92857142857144,0.1785714285714448
66.7,315.92857142857144,100.0,0.0,316.16666702222216,0.2380955936507121
66.75,316.16666702222216,100.0,0.0,316.4444447999999,0.27777777777777146
66.8,316.4444447999999,100.0,0.0,316.7222225777778,0.27777777777788515
66.85000000000001,316.7222225777778,100.0,0.0,317.0000003555556,0.27777777777777146
66.9,317.0000003555556,100.0,0.0,317.27777813333336,0.27777777777777146
66.95,317.27777813333336,100.0,0.0,317.5555559111111,0.27777777777777146
67.0,317.5555559111111,100.0,0.0,317.83333347945205,0.27777756834092315
67.05,317.83333347945205,100.0,0.0,318.0,0.16666652054794895
67.10000000000001,318.0,100.0,0.0,318.0,0.0
67.15,318.0,100.0,0.0,318.0,0.0
67.2,318.0,100.0,0.0,318.0,0.0
67.25,318.0,100.0,0.0,318.0,0.0
67.3,318.0,100.0,0.0,318.2500000000001,0.2500000000001137
67.35000000000001,318.2500000000001,100.0,0.0,318.66666666666674,0.41666666666662877
67.4,318.66666666666674,100.0,0.0,319.08333333333337,0.41666666666662877
67.45,319.08333333333337,100.0,0.0,319.5,0.41666666666662877
67.5,319.5,100.0,0.0,319.91666666666663,0.41666666666662877
67.55,319.91666666666663,100.0,0.0,320.0,0.08333333333337123
67.60000000000001,320.0,100.0,0.0,320.0,0.0
67.65,320.0,100.0,0.0,320.0,0.0
67.7,320.0,100.0,0.0,320.0,0.0
67.75,320.0,100.0,0.0,320.0,0.0
67.8,320.0,100.0,0.0,320.0,0.0
67.85000000000001,320.0,100.0,0.0,320.0,0.0
67.9,320.0,100.0,0.0,320.0,0.0
67.95,320.0,100.0,0.0,320.11111111111114,0.11111111111114269
68.0,320.11111111111114,100.0,0.0,320.25,0.1388888888888573
68.05,320.25,100.0,0.0,320.3888888888889,0.13888888888891415
68.10000000000001,320.3888888888889,100.0,0.0,320.52777777777777,0.1388888888888573
68.15,320.52777777777777,100.0,0.0,320.6666666666667,0.13888888888891415
68.2,320.6666666666667,100.0,0.0,320.80555555555554,0.1388888888888573
68.25,320.80555555555554,100.0,0.0,320.94444444444446,0.13888888888891415
68.3,320.94444444444446,100.0,0.0,321.075,0.13055555555553156
68.35000000000001,321.075,100.0,0.0,321.2,0.125
68.4,321.2,100.0,0.0,321.325,0.125
68.45,321.325,100.0,0.0,321.45,0.125
68.5,321.45,100.0,0.0,321.575,0.125
68.55,321.575,100.0,0.0,321.7,0.125
68.60000000000001,321.7,100.0,0.0,321.825,0.125
68.65,321.825,100.0,0.0,321.95,0.125
68.7,321.95,100.0,0.0,322.1875,0.23750000000001137
68.75,322.1875,100.0,0.0,322.5,0.3125
68.8,322.5,100.0,0.0,322.8125000000001,0.3125000000001137
68.85000000000001,322.8125000000001,100.0,0.0,323.12500000000006,0.31249999999994316
68.9,323.12500000000006,100.0,0.0,323.4375,0.31249999999994316
68.95,323.4375,100.0,0.0,323.75,0.3125
69.0,323.75,100.0,0.0,324.0,0.25
69.05,324.0,100.0,0.0,324.0,0.0
69.10000000000001,324.0,100.0,0.0,324.0,0.0
69.15,324.0,100.0,0.0,324.0,0.0
69.2,324.0,100.0,0.0,324.0,0.0
69.25,324.0,100.0,0.0,324.0,0.0
69.3,324.0,100.0,0.0,324.0,0.0
69.35000000000001,324.0,100.0,0.0,324.0,0.0
69.4,324.0,100.0,0.0,324.0,0.0
69.45,324.0,100.0,0.0,324.0,0.0
69.5,324.0,100.0,0.0,324.0,0.0
69.55,324.0,100.0,0.0,324.0,0.0
69.60000000000001,324.0,100.0,0.0,324.0,0.0
69.65,324.0,100.0,0.0,324.0,0.0
69.7,324.0,100.0,0.0,324.0,0.0
69.75,324.0,100.0,0.0,324.0,0.0
69.8,324.0,100.0,0.0,324.0,0.0
69.85000000000001,324.0,100.0,0.0,324.0,0.0
69.9,324.0,100.0,0.0,324.0,0.0
69.95,324.0,100.0,0.0,324.0,0.0
70.0,324.0,100.0,0.0,324.0,0.0
70.05,324.0,100.0,0.0,324.0,0.0
70.10000000000001,324.0,100.0,0.0,324.0,0.0
70.15,324.0,100.0,0.0,324.0,0.0
70.2,324.0,100.0,0.0,324.0,0.0
70.25,324.0,100.0,0.0,324.0,0.0
70.3,324.0,100.0,0.0,324.0,0.0
70.35000000000001,324.0,100.0,0.0,324.0,0.0
70.4,324.0,100.0,0.0,324.0,0.0
70.45,324.0,100.0,0.0,324.0,0.0
70.5,324.0,100.0,0.0,324.0,0.0
70.55,324.0,100.0,0.0,324.0,0.0
70.60000000000001,324.0,100.0,0.0,324.0,0.0
70.65,324.0,100.0,0.0,324.0,0.0
70.7,324.0,100.0,0.0,324.0,0.0
70.75,324.0,100.0,0.0,324.0,0.0
70.8,324.0,100.0,0.0,324.0,0.0
70.85000000000001,324.0,100.0,0.0,322.3124945999996,-1.6875054000004184
70.9,322.3124945999996,93.74997999999844,0.0,318.0937445999999,-4.218749999999659
70.95,318.0937445999999,78.12497999999964,0.0,313.8749946000002,-4.218749999999716
71.0,313.8749946000002,62.49998000000083,0.0,309.65624460000055,-4.218749999999659
71.05,309.65624460000055,46.874980000002026,0.0,305.43749459999964,-4.2187500000009095
71.10000000000001,305.43749459999964,31.249979999998786,0.0,301.21874490566034,-4.218749694339294
71.15,301.21874490566034,15.624981132075382,0.05660377358491072,297.0,-4.218744905660344
71.2,297.0,0.0,1.0,289.1875000000003,-7.812499999999716
71.25,289.1875000000003,0.0,1.0,281.37500000000057,-7.812499999999716
71.3,281.37500000000057,0.0,1.0,273.56249999999864,-7.812500000001933
71.35000000000001,273.56249999999864,0.0,1.0,270.7142836571427,-2.848216342855949
71.4,270.7142836571427,0.0,1.0,269.10714079999985,-1.6071428571428328
71.45,269.10714079999985,0.0,1.0,267.4999979428571,-1.607142857142776
71.5,267.4999979428571,0.0,1.0,265.8928551520737,-1.6071427907833709
71.55,265.8928551520737,0.0,1.0,264.28571340092134,-1.6071417511523691
71.60000000000001,264.28571340092134,0.0,1.0,261.7499999999993,-2.5357134009220204
71.65,261.7499999999993,0.0,1.0,255.49999999999955,-6.249999999999773
71.7,255.49999999999955,0.0,1.0,249.24999999999977,-6.249999999999773
71.75,249.24999999999977,0.0,1.0,243.0,-6.249999999999773
71.8,243.0,0.0,1.0,241.33333333333326,-1.6666666666667425
71.85000000000001,241.33333333333326,0.20833333333334045,1.0,239.66666666666669,-1.666666666666572
71.9,239.66666666666669,0.4166666666666625,1.0,238.0000000000001,-1.666666666666572
71.95,238.0000000000001,0.6249999999999846,1.0,236.33333333333354,-1.666666666666572
72.0,236.33333333333354,0.8333333333333067,1.0,234.56250000000026,-1.770833333333286
72.05,234.56250000000026,1.6874999999995812,1.0,232.3749999999996,-2.1875000000006537
72.10000000000001,232.3749999999996,5.125000000000651,0.7575757575756858,230.1874999999998,-2.187499999999801
72.15,230.1874999999998,8.562500000000325,0.3787878787878429,228.0,-2.187499999999801
72.2,228.0,12.0,0.0,226.5714285714287,-1.4285714285713027
72.25,226.5714285714287,12.892857142857059,0.0,225.14285714285742,-1.4285714285712743
72.3,225.14285714285742,13.785714285714118,0.0,223.71428571428564,-1.4285714285717859
72.35000000000001,223.71428571428564,14.67857142857147,0.0,222.28571428571428,-1.4285714285713595
72.4,222.28571428571428,15.571428571428578,0.0,220.8571428571429,-1.428571428571388
72.45,220.8571428571429,16.464285714285687,0.0,219.6818174276095,-1.1753254295333875
72.5,219.6818174276095,19.772733845117187,0.0,218.8863628901187,-0.795454537490798
72.55,218.8863628901187,26.704551957536978,0.0,218.0909086608695,-0.7954542292492022
72.60000000000001,218.0909086608695,33.63636738385131,0.0,217.29545443162056,-0.7954542292489464
72.65,217.29545443162056,40.56818281016368,0.0,216.50000000000006,-0.7954544316204988
72.7,216.50000000000006,47.49999999999953,0.0,215.70454545454555,-0.7954545454545041
72.75,215.70454545454555,54.431818181817356,0.0,214.90909090909105,-0.7954545454545041
72.8,214.90909090909105,61.36363636363518,0.0,214.11363636363632,-0.7954545454547315
72.85000000000001,214.11363636363632,68.29545454545497,0.0,213.31818181818178,-0.7954545454545325
72.9,213.31818181818178,75.22727272727298,0.0,213.0,-0.3181818181817846
72.95,213.0,78.90000000000002,0.0,213.0,0.0
73.0,213.0,80.39999999999992,0.0,213.0,0.0
73.05,213.0,81.8999999999998,0.0,213.0,0.0
73.10000000000001,213.0,83.40000000000013,0.0,213.45000000000007,0.4500000000000739
73.15,213.45000000000007,85.05000000000014,0.0,214.2000000000001,0.7500000000000284
73.2,214.2000000000001,86.80000000000021,0.0,214.9500000000001,0.75
73.25,214.9500000000001,88.55000000000021,0.0,215.70000000000005,0.7499999999999432
73.3,215.70000000000005,90.30000000000013,0.0,216.37500000000017,0.6750000000001251
73.35000000000001,216.37500000000017,91.37500000000017,0.0,217.0000000000001,0.6249999999999432
73.4,217.0000000000001,92.00000000000011,0.0,217.62500000000003,0.6249999999999147
73.45,217.62500000000003,92.62500000000003,0.0,218.0,0.3749999999999716
73.5,218.0,93.87500052336432,0.0,218.0,0.0
73.55,218.0,96.06250183177542,0.0,218.0,0.0
73.60000000000001,218.0,98.2500021132078,0.0,218.2500000000001,0.2500000000001137
73.65,218.2500000000001,99.16666666666627,0.0,219.5,1.2499999999998863
73.7,219.5,95.0,0.0,220.7499999999999,1.2499999999998863
73.75,220.7499999999999,90.83333333333371,0.0,221.9999999999999,1.25
73.8,221.9999999999999,86.66666666666698,0.0,223.25000000000028,1.250000000000398
73.85000000000001,223.25000000000028,82.49999999999909,0.0,224.2500000000001,0.9999999999998295
73.9,224.2500000000001,81.00000000000048,0.0,224.87500000000006,0.6249999999999432
73.95,224.87500000000006,83.5000000000002,0.0,225.49999999999997,0.6249999999999147
74.0,225.49999999999997,85.99999999999984,0.0,226.10714285714275,0.6071428571427759
74.05,226.10714285714275,88.42857142857105,0.0,226.64285714285717,0.5357142857144197
74.10000000000001,226.64285714285717,90.57142857142868,0.0,227.17857142857144,0.5357142857142776
74.15,227.17857142857144,92.71428571428572,0.0,227.7142857142857,0.5357142857142492
74.2,227.7142857142857,94.85714285714276,0.0,228.24999999999994,0.5357142857142492
74.25,228.24999999999994,96.99999999999982,0.0,228.7857142857143,0.5357142857143629
74.3,228.7857142857143,99.14285714285718,0.0,229.8750006436786,1.0892863579642835
74.35000000000001,229.8750006436786,100.0,0.0,231.3333350498087,1.4583344061301204
74.4,231.3333350498087,100.0,0.0,232.79166800871474,1.458332958906027
74.45,232.79166800871474,100.0,0.0,234.25000073202614,1.4583327233114005
74.5,234.25000073202614,100.0,0.0,235.70833345533757,1.458332723311429
74.55,235.70833345533757,100.0,0.0,236.80000000000015,1.091666544662587
74.60000000000001,236.80000000000015,100.0,0.0,237.8000000000001,0.9999999999999432
74.65,237.8000000000001,100.0,0.0,238.8,0.9999999999999147
74.7,238.8,100.0,0.0,239.7999999999999,0.9999999999998863
74.75,239.7999999999999,100.0,0.0,240.69999999999987,0.8999999999999773
74.8,240.69999999999987,100.0,0.0,241.5750000000001,0.8750000000002274
74.85000000000001,241.5750000000001,100.0,0.0,242.45000000000007,0.8749999999999716
74.9,242.45000000000007,100.0,0.0,243.32500000000005,0.8749999999999716
74.95,243.32500000000005,100.0,0.0,244.2,0.8749999999999432
75.0,244.2,100.0,0.0,245.07499999999996,0.8749999999999716
75.05,245.07499999999996,100.0,0.0,245.9500000000002,0.8750000000002274
75.10000000000001,245.9500000000002,100.0,0.0,246.82500000000016,0.8749999999999716
75.15,246.82500000000016,100.0,0.0,247.60000000000008,0.7749999999999204
75.2,247.60000000000008,100.0,0.0,248.35,0.7499999999999147
75.25,248.35,100.0,0.0,249.09999999999997,0.7499999999999716
75.3,249.09999999999997,100.0,0.0,249.85000000000014,0.7500000000001705
75.35000000000001,249.85000000000014,100.0,0.0,250.80000000000013,0.9499999999999886
75.4,250.80000000000013,100.0,0.0,251.80000000000004,0.9999999999999147
75.45,251.80000000000004,100.0,0.0,252.79999999999998,0.9999999999999432
75.5,252.79999999999998,100.0,0.0,253.7999999999999,0.9999999999999147
75.55,253.7999999999999,100.0,0.0,254.0,0.20000000000010232
75.60000000000001,254.0,100.0,0.0,254.0,0.0
75.65,254.0,100.0,0.0,254.0,0.0
75.7,254.0,100.0,0.0,254.93750000000006,0.9375000000000568
75.75,254.93750000000006,100.0,0.0,256.5,1.5624999999999432
75.8,256.5,100.0,0.0,258.0625000000004,1.562500000000398
75.85000000000001,258.0625000000004,100.0,0.0,259.27777777777794,1.215277777777544
75.9,259.27777777777794,100.0,0.0,259.9722222222223,0.6944444444443434
75.95,259.9722222222223,100.0,0.0,260.6666666666667,0.6944444444444002
76.0,260.6666666666667,100.0,0.0,261.3611111111111,0.6944444444444002
76.05,261.3611111111111,100.0,0.0,262.0555555555557,0.6944444444446276
76.10000000000001,262.0555555555557,100.0,0.0,262.7500000000001,0.6944444444444002
76.15,262.7500000000001,100.0,0.0,263.4444444444445,0.6944444444444002
76.2,263.4444444444445,100.0,0.0,264.14285714285705,0.6984126984125396
76.25,264.14285714285705,100.0,0.0,264.8571428571428,0.7142857142857224
76.3,264.8571428571428,100.0,0.0,265.57142857142867,0.7142857142858929
76.35000000000001,265.57142857142867,100.0,0.0,266.28571428571433,0.7142857142856656
76.4,266.28571428571433,100.0,0.0,267.00000000000006,0.7142857142857224
76.45,267.00000000000006,100.0,0.0,267.7142857142858,0.7142857142857224
76.5,267.7142857142858,100.0,0.0,268.0,0.28571428571422075
76.55,268.0,100.0,0.0,268.0,0.0
76.60000000000001,268.0,100.0,0.0,268.0,0.0
76.65,268.0,100.0,0.0,268.52500000000015,0.5250000000001478
76.7,268.52500000000015,100.0,0.0,269.77500000000015,1.25
76.75,269.77500000000015,100.0,0.0,271.02500000000043,1.2500000000002842
76.80000000000001,271.02500000000043,100.0,0.0,272.2750000000003,1.2499999999998863
76.85000000000001,272.2750000000003,100.0,0.0,273.52500000000026,1.2499999999999432
76.9,273.52500000000026,100.0,0.0,274.7750000000002,1.2499999999999432
76.95,274.7750000000002,100.0,0.0,276.0149253731344,1.2399253731342128
77.0,276.0149253731344,100.0,0.0,276.76119402985097,0.746268656716552
77.05000000000001,276.76119402985097,100.0,0.0,277.5074626865673,0.7462686567163246
77.10000000000001,277.5074626865673,100.0,0.0,278.2537313432837,0.7462686567163814
77.15,278.2537313432837,100.0,0.0,279.0,0.7462686567163246
77.2,279.0,100.0,0.0,279.62500045977004,0.6250004597700354
77.25,279.62500045977004,100.0,0.0,280.25000080000007,0.6250003402300308
77.30000000000001,280.25000080000007,100.0,0.0,280.8750008,0.6249999999999432
77.35000000000001,280.8750008,100.0,0.0,281.5000008,0.625
77.4,281.5000008,100.0,0.0,282.1250008,0.625
77.45,282.1250008,100.0,0.0,282.75000079999995,0.6249999999999432
77.5,282.75000079999995,100.0,0.0,283.3750005479454,0.6249997479454237
77.55000000000001,283.3750005479454,100.0,0.0,284.00000000000017,0.6249994520547943
77.60000000000001,284.00000000000017,100.0,0.0,284.6250000000001,0.6249999999999432
77.65,284.6250000000001,100.0,0.0,285.25,0.6249999999998863
77.7,285.25,100.0,0.0,285.87499999999994,0.6249999999999432
77.75,285.87499999999994,100.0,0.0,286.50000021768716,0.6250002176872158
77.80000000000001,286.50000021768716,100.0,0.0,287.12500048979604,0.6250002721088777
77.85000000000001,287.12500048979604,100.0,0.0,287.75000076190486,0.6250002721088208
77.9,287.75000076190486,100.0,0.0,288.3750004301076,0.6249996682027472
77.95,288.3750004301076,100.0,0.0,289.0,0.6249995698923954
78.0,289.0,100.0,0.0,289.35714285714295,0.35714285714294647
78.05000000000001,289.35714285714295,100.0,0.0,289.7142857142858,0.3571428571428328
78.10000000000001,289.7142857142858,100.0,0.0,290.0714285714286,0.3571428571428328
78.15,290.0714285714286,100.0,0.0,290.42857142857144,0.3571428571428328
78.2,290.42857142857144,100.0,0.0,290.7857142857143,0.3571428571428328
78.25,290.7857142857143,100.0,0.0,291.2222223856961,0.43650809998183604
78.30000000000001,291.2222223856961,100.0,0.0,291.77777834993617,0.5555559642400567
78.35000000000001,291.77777834993617,100.0,0.0,292.33333392769487,0.555555577758696
78.4,292.33333392769487,100.0,0.0,292.8888893063571,0.555555378662234
78.45,292.8888893063571,100.0,0.0,293.44444468501933,0.555555378662234
78.5,293.44444468501933,100.0,0.0,294.00000006368174,0.5555553786624046
78.55000000000001,294.00000006368174,100.0,0.0,294.55555555555566,0.5555554918739176
78.60000000000001,294.55555555555566,100.0,0.0,295.1,0.5444444444443661
78.65,295.1,100.0,0.0,295.6,0.5
78.7,295.6,100.0,0.0,296.09999999999997,0.49999999999994316
78.75,296.09999999999997,100.0,0.0,296.6000000000001,0.5000000000001137
78.80000000000001,296.6000000000001,100.0,0.0,297.0833333831776,0.4833333831775235
78.85000000000001,297.0833333831776,100.0,0.0,297.50000029906545,0.4166669158878449
78.9,297.50000029906545,100.0,0.0,297.9166671879699,0.4166668889044445
78.95,297.9166671879699,100.0,0.0,298.3333336541353,0.4166664661653954
79.0,298.3333336541353,100.0,0.0,298.75000012030085,0.4166664661655659
79.05000000000001,298.75000012030085,100.0,0.0,299.12500000000006,0.3749998796992031
79.10000000000001,299.12500000000006,100.0,0.0,299.43750000000006,0.3125
79.15,299.43750000000006,100.0,0.0,299.75,0.31249999999994316
79.2,299.75,100.0,0.0,300.08333333333337,0.33333333333337123
79.25,300.08333333333337,100.0,0.0,300.5000000000001,0.41666666666674246
79.30000000000001,300.5000000000001,100.0,0.0,300.91666666666674,0.41666666666662877
79.35000000000001,300.91666666666674,100.0,0.0,301.3333333333334,0.4166666666666856
79.4,301.3333333333334,100.0,0.0,301.7500001988701,0.4166668655366834
79.45,301.7500001988701,100.0,0.0,302.1666671386431,0.41666693977299474
79.5,302.1666671386431,100.0,0.0,302.58333356932167,0.4166664306785606
79.55000000000001,302.58333356932167,100.0,0.0,303.0000000000001,0.4166664306784469
79.60000000000001,303.0000000000001,100.0,0.0,303.4687500000001,0.46875
79.65,303.4687500000001,100.0,0.0,303.93750000000006,0.46874999999994316
79.7,303.93750000000006,100.0,0.0,304.40625,0.46874999999994316
79.75,304.40625,100.0,0.0,304.8750000000001,0.4687500000001137
79.80000000000001,304.8750000000001,100.0,0.0,305.34375000000006,0.46874999999994316
79.85000000000001,305.34375000000006,100.0,0.0,305.8125,0.46874999999994316
79.9,305.8125,100.0,0.0,306.2142858075802,0.401785807580211
79.95,306.2142858075802,100.0,0.0,306.57142882021384,0.35714301263362813
80.0,306.57142882021384,100.0,0.0,306.9285718328475,0.357143012633685
80.05000000000001,306.9285718328475,100.0,0.0,307.2857146294308,0.3571427965832754
80.10000000000001,307.2857146294308,100.0,0.0,307.6428573147154,0.35714268528460025
80.15,307.6428573147154,100.0,0.0,308.0,0.35714268528460025
80.2,308.0,100.0,0.0,308.35714285714283,0.3571428571428328
80.25,308.35714285714283,100.0,0.0,308.7142857142858,0.35714285714294647
80.30000000000001,308.7142857142858,100.0,0.0,309.07142857142867,0.3571428571428896
80.35000000000001,309.07142857142867,100.0,0.0,309.4285714285715,0.3571428571428328
80.4,309.4285714285715,100.0,0.0,309.78571428571433,0.3571428571428328
80.45,309.78571428571433,100.0,0.0,310.1111111111111,0.3253968253967514
80.5,310.1111111111111,100.0,0.0,310.3888888888889,0.2777777777778283
80.55000000000001,310.3888888888889,100.0,0.0,310.6666666666667,0.27777777777777146
80.60000000000001,310.6666666666667,100.0,0.0,310.94444444444446,0.27777777777777146
80.65,310.94444444444446,100.0,0.0,311.22222222222223,0.27777777777777146
80.7,311.22222222222223,100.0,0.0,311.49999999999994,0.2777777777777146
80.75,311.49999999999994,100.0,0.0,311.7777777777778,0.27777777777788515
80.80000000000001,311.7777777777778,100.0,0.0,312.08333341293536,0.3055556351575319
80.85000000000001,312.08333341293536,100.0,0.0,312.500000477612,0.4166670646766306
80.9,312.500000477612,100.0,0.0,312.91666720000006,0.41666672238807223
80.95,312.91666720000006,100.0,0.0,313.3333338666667,0.41666666666662877
0.0,314.6375008,100.0,0.0,314.8458338666667,0.2083330666666825
0.05,314.8458338666667,100.0,0.0,315.0541672,0.20833333333331439
0.1,315.0541672,100.0,0.0,315.26250053333337,0.20833333333337123
0.15000000000000002,315.26250053333337,100.0,0.0,315.4708338666667,0.20833333333331439
0.2,315.4708338666667,100.0,0.0,315.6791671035461,0.20833323687941174
0.25,315.6791671035461,100.0,0.0,315.88750015319147,0.20833304964537547
0.30000000000000004,315.88750015319147,100.0,0.0,316.1916667857605,0.30416663256903576
0.35000000000000003,316.1916667857605,100.0,0.0,316.60833371132685,0.41666692556634644
0.4,316.60833371132685,100.0,0.0,317.0250006368932,0.41666692556634644
0.45,317.0250006368932,100.0,0.0,317.44166756245954,0.41666692556634644
0.5,317.44166756245954,100.0,0.0,317.85833386666667,0.41666630420712636
0.55,317.85833386666667,100.0,0.0,318.1833334287263,0.3249995620596451
0.6000000000000001,318.1833334287263,100.0,0.0,318.4611113510388,0.2777779223125094
0.65,318.4611113510388,100.0,0.0,318.7388892733514,0.27777792231256626
0.7000000000000001,318.7388892733514,100.0,0.0,319.01666719566396,0.27777792231256626
0.75,319.01666719566396,100.0,0.0,319.2944451179765,0.27777792231256626
0.8,319.2944451179765,100.0,0.0,319.57222270253413,0.2777775845576116
0.8500000000000001,319.57222270253413,100.0,0.0,319.85000016842105,0.27777746588691343
0.9,319.85000016842105,100.0,0.0,320.0,0.14999983157895258
0.9500000000000001,320.0,100.0,0.0,320.0,0.0
1.0,320.0,100.0,0.0,320.0,0.0
1.05,320.0,100.0,0.0,320.0464285714286,0.046428571428577925
1.1,320.0464285714286,100.0,0.0,320.225,0.1785714285714448
1.1500000000000001,320.225,100.0,0.0,320.4035714285714,0.17857142857138797
1.2000000000000002,320.4035714285714,100.0,0.0,320.58214285714286,0.1785714285714448
1.25,320.58214285714286,100.0,0.0,320.7607142857143,0.1785714285714448
1.3,320.7607142857143,100.0,0.0,320.9392857142857,0.17857142857138797
1.35,320.9392857142857,100.0,0.0,321.3300004911628,0.3907147768771324
1.4000000000000001,321.3300004911628,100.0,0.0,321.83000123534885,0.5000007441860248
1.4500000000000002,321.83000123534885,100.0,0.0,322.3300007522807,0.49999951693183675
1.5,322.3300007522807,100.0,0.0,322.8300001908772,0.49999943859648965
1.55,322.8300001908772,100.0,0.0,323.41250080000003,0.5825006091228602
1.6,323.41250080000003,100.0,0.0,324.03750131063833,0.6250005106383014
1.6500000000000001,324.03750131063833,100.0,0.0,324.66250045957446,0.6249991489361264
1.7000000000000002,324.66250045957446,100.0,0.0,325.17250008300755,0.5099996234330888
1.75,325.17250008300755,100.0,0.0,325.54750026345863,0.37500018045108163
1.8,325.54750026345863,100.0,0.0,325.92250044390977,0.3750001804511385
1.85,325.92250044390977,100.0,0.0,326.2975006243609,0.3750001804511385
1.9000000000000001,326.2975006243609,100.0,0.0,326.67250080481205,0.3750001804511385
1.9500000000000002,326.67250080481205,100.0,0.0,327.0475009098508,0.3750001050387368
2.0,327.0475009098508,100.0,0.0,327.4225005516418,0.3749996417910211
2.0500000000000003,327.4225005516418,100.0,0.0,327.7975001934328,0.3749996417910211
2.1,327.7975001934328,100.0,0.0,328.0958334490566,0.2983332556237883
2.15,328.0958334490566,100.0,0.0,328.30416703396224,0.20833358490563114
2.2,328.30416703396224,100.0,0.0,328.5125004656716,0.20833343170937724
2.25,328.5125004656716,100.0,0.0,328.7208336,0.2083331343283703
2.3000000000000003,328.7208336,100.0,0.0,328.92916673432836,0.2083331343283703
2.35,328.92916673432836,100.0,0.0,329.0,0.07083326567163795
2.4000000000000004,329.0,100.0,0.0,329.0,0.0
2.45,329.0,100.0,0.0,329.0,0.0
2.5,329.0,100.0,0.0,329.0,0.0
2.5500000000000003,329.0,100.0,0.0,329.2062502490566,0.20625024905660894
2.6,329.2062502490566,100.0,0.0,329.51875062641506,0.3125003773584467
2.6500000000000004,329.51875062641506,100.0,0.0,329.8312506990654,0.3125000726503231
2.7,329.8312506990654,100.0,0.0,330.1437505121495,0.31249981308411634
2.75,330.1437505121495,100.0,0.0,330.4562503252336,0.31249981308411634
2.8000000000000003,330.4562503252336,100.0,0.0,330.7687501383177,0.31249981308411634
2.85,330.7687501383177,100.0,0.0,331.13928581013823,0.3705356718205053
2.9000000000000004,331.13928581013823,100.0,0.0,331.67500046451613,0.5357146543778981
2.95,331.67500046451613,100.0,0.0,332.21071511889403,0.5357146543778981
3.0,332.21071511889403,100.0,0.0,332.7464297732719,0.5357146543778981
3.0500000000000003,332.7464297732719,100.0,0.0,333.28214383465047,0.5357140613785418
3.1,333.28214383465047,100.0,0.0,333.81785739088144,0.5357135562309736
3.1500000000000004,333.81785739088144,100.0,0.0,334.1375002112,0.3196428203185633
3.2,334.1375002112,100.0,0.0,334.34583386453335,0.20833365333334086
3.25,334.34583386453335,100.0,0.0,334.5541674110145,0.20833354648112845
3.3000000000000003,334.5541674110145,100.0,0.0,334.7625003965217,0.20833298550724066
3.35,334.7625003965217,100.0,0.0,334.970833382029,0.2083329855072975
3.4000000000000004,334.970833382029,100.0,0.0,335.1194445380499,0.14861115602087693
3.45,335.1194445380499,100.0,0.0,335.2583335357823,0.13888899773240837
3.5,335.2583335357823,100.0,0.0,335.3972225335147,0.13888899773240837
3.5500000000000003,335.3972225335147,100.0,0.0,335.5361115312472,0.1388889977324652
3.6,335.5361115312472,100.0,0.0,335.6750005289796,0.13888899773240837
3.6500000000000004,335.6750005289796,100.0,0.0,335.8138891996135,0.13888867063394628
3.7,335.8138891996135,100.0,0.0,335.95277785661835,0.1388886570048271
3.75,335.95277785661835,100.0,0.0,336.2357145978325,0.2829367412141437
3.8000000000000003,336.2357145978325,100.0,0.0,336.59285792788177,0.35714333004926857
3.85,336.59285792788177,100.0,0.0,336.95000125793104,0.35714333004926857
3.9000000000000004,336.95000125793104,100.0,0.0,337.3071438425397,0.35714258460865267
3.95,337.3071438425397,100.0,0.0,337.66428619174604,0.3571423492063559
4.0,337.66428619174604,100.0,0.0,338.0,0.33571380825395636
4.05,338.0,100.0,0.0,338.0,0.0
4.1000000000000005,338.0,100.0,0.0,338.0,0.0
4.15,338.0,100.0,0.0,338.0,0.0
4.2,338.0,100.0,0.0,338.0214286310559,0.021428631055925962
4.25,338.0214286310559,100.0,0.0,338.3785723155067,0.3571436844507616
4.3,338.3785723155067,100.0,0.0,338.7357149772894,0.3571426617826887
4.3500000000000005,338.7357149772894,100.0,0.0,339.092857639072,0.3571426617826319
4.4,339.092857639072,100.0,0.0,339.4500003008547,0.3571426617826887
4.45,339.4500003008547,100.0,0.0,339.8071429626374,0.3571426617826887
4.5,339.8071429626374,100.0,0.0,340.14375021395347,0.3366072513160816
4.55,340.14375021395347,100.0,0.0,340.45625067906974,0.3125004651162726
4.6000000000000005,340.45625067906974,100.0,0.0,340.76875067350426,0.3124999944345177
4.65,340.76875067350426,100.0,0.0,341.0812505025641,0.3124998290598455
4.7,341.0812505025641,100.0,0.0,341.3937503316239,0.3124998290597887
4.75,341.3937503316239,100.0,0.0,341.70625016068374,0.3124998290598455
4.800000000000001,341.70625016068374,100.0,0.0,342.0,0.29374983931626275
4.8500000000000005,342.0,100.0,0.0,342.0,0.0
4.9,342.0,100.0,0.0,342.0,0.0
4.95,342.0,100.0,0.0,342.0,0.0
5.0,342.0,100.0,0.0,342.0,0.0
5.050000000000001,342.0,100.0,0.0,342.0,0.0
5.1000000000000005,342.0,100.0,0.0,342.0,0.0
5.15,342.0,100.0,0.0,342.13750040615383,0.1375004061538334
5.2,342.13750040615383,100.0,0.0,342.34583405104763,0.20833364489379846
5.25,342.34583405104763,100.0,0.0,342.5541671558095,0.20833310476189126
5.300000000000001,342.5541671558095,100.0,0.0,342.7625002605714,0.20833310476189126
5.3500000000000005,342.7625002605714,100.0,0.0,342.97083336533336,0.2083331047619481
5.4,342.97083336533336,100.0,0.0,343.1535717754622,0.1827384101288203
5.45,343.1535717754622,100.0,0.0,343.33214351472526,0.17857173926307723
5.5,343.33214351472526,100.0,0.0,343.5107147674725,0.17857125274724694
5.550000000000001,343.5107147674725,100.0,0.0,343.68928602021975,0.17857125274724694
5.6000000000000005,343.68928602021975,100.0,0.0,343.86785727296706,0.1785712527473038
5.65,343.86785727296706,100.0,0.0,344.0,0.13214272703294228
5.7,344.0,100.0,0.0,344.0,0.0
5.75,344.0,100.0,0.0,344.0,0.0
5.800000000000001,344.0,100.0,0.0,344.0,0.0
5.8500000000000005,344.0,100.0,0.0,344.0,0.0
5.9,344.0,100.0,0.0,344.0,0.0
5.95,344.0,100.0,0.0,344.0,0.0
6.0,344.0,100.0,0.0,344.0,0.0
6.050000000000001,344.0,100.0,0.0,344.0,0.0
6.1000000000000005,344.0,100.0,0.0,344.0,0.0
6.15,344.0,100.0,0.0,344.0,0.0
6.2,344.0,100.0,0.0,344.0,0.0
6.25,344.0,100.0,0.0,344.0,0.0
6.300000000000001,344.0,100.0,0.0,344.0,0.0
6.3500000000000005,344.0,100.0,0.0,344.0,0.0
6.4,344.0,100.0,0.0,344.0,0.0
6.45,344.0,100.0,0.0,344.0325000392453,0.0325000392452921
6.5,344.0325000392453,100.0,0.0,344.15750019018867,0.12500015094337869
6.550000000000001,344.15750019018867,100.0,0.0,344.28250032,0.12500012981132613
6.6000000000000005,344.28250032,100.0,0.0,344.40750032,0.125
6.65,344.40750032,100.0,0.0,344.53250032,0.125
6.7,344.53250032,100.0,0.0,344.65750032,0.125
6.75,344.65750032,100.0,0.0,344.78250024421055,0.12499992421055595
6.800000000000001,344.78250024421055,100.0,0.0,344.90750010385966,0.1249998596491082
6.8500000000000005,344.90750010385966,100.0,0.0,344.9638888727273,0.05638876886763455
6.9,344.9638888727273,100.0,0.0,344.82499992167834,-0.13888895104895482
6.95,344.82499992167834,100.0,0.0,344.6861109706294,-0.13888895104895482
7.0,344.6861109706294,100.0,0.0,344.54722201958043,-0.13888895104895482
7.050000000000001,344.54722201958043,100.0,0.0,344.4083330685315,-0.13888895104895482
7.1000000000000005,344.4083330685315,100.0,0.0,344.2694441174825,-0.13888895104895482
7.15,344.2694441174825,100.0,0.0,344.1305553297297,-0.1388887877528191
7.2,344.1305553297297,100.0,0.0,344.0,-0.1305553297297024
7.25,344.0,100.0,0.0,344.0,0.0
7.300000000000001,344.0,100.0,0.0,344.0,0.0
7.3500000000000005,344.0,100.0,0.0,344.0,0.0
7.4,344.0,100.0,0.0,344.0,0.0
7.45,344.0,100.0,0.0,344.0,0.0
7.5,344.0,100.0,0.0,344.0,0.0
7.550000000000001,344.0,100.0,0.0,344.0,0.0
7.6000000000000005,344.0,100.0,0.0,344.0,0.0
7.65,344.0,100.0,0.0,344.0,0.0
7.7,344.0,100.0,0.0,344.0,0.0
7.75,344.0,100.0,0.0,344.0,0.0
7.800000000000001,344.0,100.0,0.0,344.0,0.0
7.8500000000000005,344.0,100.0,0.0,344.0,0.0
7.9,344.0,100.0,0.0,344.0,0.0
7.95,344.0,100.0,0.0,344.0,0.0
8.0,344.0,100.0,0.0,343.80499904,-0.19500096000001577
8.05,343.80499904,99.24999630769227,0.0,340.5549922806417,-3.250006759358257
8.1,340.5549922806417,86.74997031016059,0.07219251336898218,337.3049933929412,-3.249998887700542
8.15,337.3049933929412,74.24997458823523,0.20588235294117704,334.0549945052406,-3.249998887700599
8.200000000000001,334.0549945052406,61.74997886630989,0.3395721925133719,330.8049956175401,-3.2499988877004853
8.25,330.8049956175401,49.24998314438498,0.473262032085562,327.5549967298395,-3.249998887700599
8.3,327.5549967298395,36.749987422459625,0.6069518716577569,324.304997842139,-3.2499988877004853
8.35,324.304997842139,24.24999170053472,0.7406417112299469,321.0549989544384,-3.249998887700599
8.4,321.0549989544384,11.749995978609363,0.8743315508021419,317.59999146666644,-3.4550074877719794
8.450000000000001,317.59999146666644,0.0,1.0,310.9333196945868,-6.66667177207961
8.5,310.9333196945868,0.0,1.0,304.2666566746437,-6.666663019943144
8.55,304.2666566746437,0.0,1.0,297.5999936547008,-6.66666301994286
8.6,297.5999936547008,0.0,1.0,290.9333306347577,-6.666663019943144
8.65,290.9333306347577,0.0,1.0,285.0249981090908,-5.908332525666879
8.700000000000001,285.0249981090908,0.0,1.0,281.27499083636366,-3.750007272727146
8.75,281.27499083636366,0.0,1.0,277.5249937671642,-3.7499970691994804
8.8,277.5249937671642,0.0,1.0,273.7749973492538,-3.7499964179103813
8.85,273.7749973492538,0.0,1.0,268.205,-5.569997349253811
8.9,268.205,0.0,1.0,257.4549999999998,-10.75000000000017
8.950000000000001,257.4549999999998,0.0,1.0,246.705,-10.749999999999801
9.0,246.705,0.0,1.0,235.9549999999998,-10.750000000000199
9.05,235.9549999999998,0.0,1.0,225.99581360000005,-9.959186399999766
9.1,225.99581360000005,0.0,1.0,218.28748026666662,-7.708333333333428
9.15,218.28748026666662,0.0,1.0,210.57914693333322,-7.7083333333334
9.200000000000001,210.57914693333322,0.0,1.0,202.87081360000005,-7.708333333333172
9.25,202.87081360000005,0.0,1.0,195.16248026666662,-7.708333333333428
9.3,195.16248026666662,0.0,1.0,190.209374455914,-4.953105810752618
9.35,190.209374455914,0.0,1.0,188.49062327311827,-1.718751182795728
9.4,188.49062327311827,0.0,1.0,186.77187209032255,-1.718751182795728
9.450000000000001,186.77187209032255,0.0,1.0,185.05312090752687,-1.7187511827956712
9.5,185.05312090752687,0.0,1.0,183.33437181492533,-1.7187490926015414
9.55,183.33437181492533,0.0,1.0,181.61562345671638,-1.7187483582089556
9.600000000000001,181.61562345671638,0.0,1.0,179.45999999999998,-2.1556234567163983
9.65,179.45999999999998,0.0,1.0,170.4599999999998,-9.00000000000017
9.700000000000001,170.4599999999998,0.0,1.0,161.45999999999998,-8.99999999999983
9.75,161.45999999999998,0.0,1.0,152.4599999999998,-9.00000000000017
9.8,152.4599999999998,0.0,1.0,143.81249279999992,-8.647507199999893
9.850000000000001,143.81249279999992,0.0,1.0,140.6874904510638,-3.125002348936107
9.9,140.6874904510638,0.0,1.0,137.56249300425526,-3.1249974468085497
9.950000000000001,137.56249300425526,0.0,1.0,134.4374955574468,-3.1249974468084645
10.0,134.4374955574468,0.0,1.0,131.31249811063824,-3.1249974468085497
10.05,131.31249811063824,0.0,1.0,128.25714239556163,-3.0553557150766153
10.100000000000001,128.25714239556163,0.0,1.0,125.39999776310675,-2.857144632454876
10.15,125.39999776310675,0.0,1.0,122.54285313065178,-2.8571446324549754
10.200000000000001,122.54285313065178,0.0,1.0,119.68570849819692,-2.8571446324548617
10.25,119.68570849819692,0.0,1.0,116.82856480617754,-2.8571436920193776
10.3,116.82856480617754,0.0,1.0,113.97142689111963,-2.857137915057905
10.350000000000001,113.97142689111963,0.0,1.0,112.00999931870969,-1.9614275724099457
10.4,112.00999931870969,0.0,1.0,110.5099982864516,-1.5000010322580835
10.450000000000001,110.5099982864516,0.0,1.0,109.00999725419356,-1.5000010322580408
10.5,109.00999725419356,0.0,1.0,107.50999622193548,-1.5000010322580835
10.55,107.50999622193548,0.0,1.0,106.00999570653264,-1.5000005154028457
10.600000000000001,106.00999570653264,0.0,1.0,104.50999522412062,-1.5000004824120197
10.65,104.50999522412062,0.0,1.0,103.00999474170852,-1.5000004824120907
10.700000000000001,103.00999474170852,0.0,1.0,101.50999425929649,-1.5000004824120339
10.75,101.50999425929649,0.0,1.0,99.67999999999995,-1.8299942592965408
10.8,99.67999999999995,0.0,1.0,97.67999999999994,-2.000000000000014
10.850000000000001,97.67999999999994,0.0,1.0,95.67999999999999,-1.9999999999999432
10.9,95.67999999999999,0.0,1.0,93.67999999999998,-2.000000000000014
10.950000000000001,93.67999999999998,0.0,1.0,92.31249935609758,-1.3675006439024031
11.0,92.31249935609758,0.0,1.0,91.27083171382114,-1.0416676422764368
11.05,91.27083171382114,0.0,1.0,90.2291640715447,-1.0416676422764368
11.100000000000001,90.2291640715447,0.0,1.0,89.1874964292683,-1.0416676422764084
11.15,89.1874964292683,0.0,1.0,88.14583253333332,-1.041663895934974
11.200000000000001,88.14583253333332,0.0,1.0,86.11874197333336,-2.0270905599999622
11.25,86.11874197333336,0.0,1.0,83.93124510608696,-2.187496867246395
11.3,83.93124510608696,0.0,0.5826086956521743,81.74374875826085,-2.1874963478261122
11.350000000000001,81.74374875826085,0.0,0.14782608695651678,80.54166582857142,-1.2020829296894249
11.4,80.54166582857142,0.09166683428571401,0.0,79.84722011428569,-0.6944457142857345
11.450000000000001,79.84722011428569,0.2305559771428606,0.0,79.15277526570047,-0.6944448485852206
11.5,79.15277526570047,0.3694449468599049,0.0,78.45833109730847,-0.6944441683919962
11.55,78.45833109730847,0.5083337805383061,0.0,77.76388692891646,-0.6944441683920104
11.600000000000001,77.76388692891646,0.6472226142167073,0.0,77.06944298817965,-0.6944439407368179
11.65,77.06944298817965,0.7861114023640691,0.0,76.37499948936168,-0.6944434988179609
11.700000000000001,76.37499948936168,0.9250001021276626,0.0,76.2156251221239,-0.1593743672377883
11.75,76.2156251221239,2.5093758548672422,0.0,76.68437538761063,0.46875026548673304
11.8,76.68437538761063,5.7906277132743815,0.0,77.15312565309736,0.46875026548673304
11.850000000000001,77.15312565309736,9.07187957168152,0.0,77.62187591858408,0.46875026548671883
11.9,77.62187591858408,12.353131430088544,0.0,78.09062618407081,0.46875026548673304
11.950000000000001,78.09062618407081,15.634383288495684,0.0,78.55937560000001,0.46874941592919583
12.0,78.55937560000001,18.9156292,0.0,79.02500001553398,0.4656244155339664
12.05,79.02500001553398,21.737499836893193,0.0,79.44166694110034,0.41666692556636065
12.100000000000001,79.44166694110034,17.36249711844652,0.0,79.85833386666667,0.4166669255663322
12.15,79.85833386666667,12.987494400000001,0.0,80.27500079223302,0.41666692556634644
12.200000000000001,80.27500079223302,8.612491681553326,0.0,80.69166771779936,0.41666692556634644
12.25,80.69166771779936,4.237488963106806,0.0,80.90714285714286,0.21547513934349638
12.3,80.90714285714286,0.9535714285714288,0.0,80.55,-0.3571428571428612
12.350000000000001,80.55,0.7749999999999972,0.0,80.19285714285715,-0.357142857142847
12.4,80.19285714285715,0.5964285714285722,0.0,79.83571428571427,-0.3571428571428754
12.450000000000001,79.83571428571427,0.4178571428571406,0.0,79.47857142857143,-0.357142857142847
12.5,79.47857142857143,0.23928571428571543,0.0,79.12142857142857,-0.3571428571428612
12.55,79.12142857142857,0.060714285714283944,0.0,78.44999696500916,-0.6714316064194037
12.600000000000001,78.44999696500916,0.0,0.0,77.61666392633516,-0.8333330386739988
12.65,77.61666392633516,0.0,0.0,76.78333088766112,-0.8333330386740414
12.700000000000001,76.78333088766112,0.0,0.0,75.94999784898711,-0.833333038674013
12.75,75.94999784898711,0.0,0.0,75.11666639012346,-0.833331458863654
12.8,75.11666639012346,0.0,0.0,74.2321414530612,-0.8845249370622525
12.850000000000001,74.2321414530612,0.7678585469387909,0.0,73.33928267755103,-0.8928587755101773
12.9,73.33928267755103,1.6607173224489722,0.0,72.44642588734693,-0.8928567902040925
12.950000000000001,72.44642588734693,2.5535741126530698,0.0,71.55356972408164,-0.8928561632652929
13.0,71.55356972408164,3.4464302759183623,0.0,70.66071356081632,-0.8928561632653214
13.05,70.66071356081632,4.339286439183686,0.0,69.91874977391304,-0.741963786903284
13.100000000000001,69.91874977391304,5.0,0.0,69.60624931929823,-0.31250045461480624
13.15,69.60624931929823,5.0,0.0,69.29374967017543,-0.31249964912279893
13.200000000000001,69.29374967017543,5.0,0.0,69.02812502168675,-0.26562464848868217
13.25,69.02812502168675,5.196875151807236,0.0,69.49687538313253,0.4687503614457853
13.3,69.49687538313253,8.478127681927758,0.0,69.96562574457833,0.4687503614457995
13.350000000000001,69.96562574457833,11.759380212048278,0.0,70.4343761060241,0.4687503614457711
13.4,70.4343761060241,15.040632742168683,0.0,70.90312591168832,0.468749805664217
13.450000000000001,70.90312591168832,18.321881381818237,0.0,71.37187552207793,0.46874961038960805
13.5,71.37187552207793,21.60312865454544,0.0,71.84062513246754,0.46874961038960805
13.55,71.84062513246754,24.884375927272764,0.0,72.5892863129252,0.7486611804576597
13.600000000000001,72.5892863129252,27.060715363265352,0.0,73.48214436281181,0.8928580498866125
13.65,73.48214436281181,28.66785985306124,0.0,74.3750021818182,0.8928578190063945
13.700000000000001,74.3750021818182,30.275003927272774,0.0,75.26785858256031,0.8928564007421045
13.75,75.26785858256031,31.882145448608547,0.0,76.16071498330243,0.8928564007421187
13.8,76.16071498330243,33.48928696994438,0.0,77.12500007079655,0.9642850874941189
13.850000000000001,77.12500007079655,35.12500007079654,0.0,79.20833458407083,2.0833345132742807
13.9,79.20833458407083,37.20833458407082,0.0,81.29166909734518,2.0833345132743517
13.950000000000001,81.29166909734518,39.29166909734518,0.0,83.37500361061947,2.083334513274295
14.0,83.37500361061947,41.375003610619466,0.0,85.45833812389382,2.0833345132743517
14.05,85.45833812389382,43.458338123893824,0.0,87.54167092537318,2.083332801479358
14.100000000000001,87.54167092537318,45.541670925373175,0.0,89.62500226865671,2.0833313432835325
14.15,89.62500226865671,47.62500226865671,0.0,91.70833361194032,2.0833313432836036
14.200000000000001,91.70833361194032,49.70833361194031,0.0,92.71666863052958,1.008335018589264
14.25,92.71666863052958,51.61250441869157,0.0,93.55000146542056,0.8333328348909816
14.3,93.55000146542056,53.487503297196284,0.0,94.38333430031155,0.8333328348909816
14.350000000000001,94.38333430031155,55.362502175700996,0.0,95.2166671352025,0.8333328348909532
14.4,95.2166671352025,57.23750105420564,0.0,96.14166694141423,0.92499980621173
14.450000000000001,96.14166694141423,59.216667086868824,0.0,98.50278263164984,2.361115690235607
14.5,98.50278263164984,62.82778520134681,0.0,100.86389493333337,2.3611123016835336
14.55,100.86389493333337,66.4388981333334,0.0,103.22500604444451,2.3611111111111427
14.600000000000001,103.22500604444451,70.05000924444457,0.0,105.58611715555558,2.3611111111110716
14.65,105.58611715555558,73.6611203555556,0.0,107.94722789551663,2.361110739961049
14.700000000000001,107.94722789551663,77.27223089902544,0.0,110.30833635555555,2.3611084600389205
14.75,110.30833635555555,80.88333795555556,0.0,112.66944481559456,2.3611084600390058
14.8,112.66944481559456,84.49444501208579,0.0,115.68750000000006,3.0180551844054975
14.850000000000001,115.68750000000006,86.88125000000004,0.0,118.8125,3.124999999999943
14.9,118.8125,89.06875,0.0,121.93750000000003,3.1250000000000284
14.950000000000001,121.93750000000003,91.25625000000002,0.0,124.65000113548385,2.7125011354838193
15.0,124.65000113548385,92.33000022709678,0.0,127.15000285591398,2.5000017204301344
15.05,127.15000285591398,92.8300005711828,0.0,129.65000457634414,2.5000017204301628
15.100000000000001,129.65000457634414,93.33000091526883,0.0,132.1500062967742,2.500001720430049
15.15,132.1500062967742,93.83000125935484,0.0,133.47142905034016,1.3214227535659688
15.200000000000001,133.47142905034016,94.11785726258503,0.0,134.18571549024944,0.714286439909273
15.25,134.18571549024944,94.29642887256236,0.0,134.90000174545457,0.7142862552051383
15.3,134.90000174545457,94.47500043636364,0.0,135.61428686604827,0.7142851205937006
15.350000000000001,135.61428686604827,94.65357171651208,0.0,136.32857198664195,0.7142851205936722
15.4,136.32857198664195,94.8321429966605,0.0,137.27857167279862,0.9499996861566729
15.450000000000001,137.27857167279862,95.05357147553819,0.0,141.92143288610572,4.6428612133071
15.5,141.92143288610572,95.94642940117419,0.0,146.564294099413,4.64286121330727
15.55,146.564294099413,96.8392873268102,0.0,151.20715412196174,4.642860022548746
15.600000000000001,151.20715412196174,97.7321450234542,0.0,155.85000682985077,4.642852707889034
15.65,155.85000682985077,98.62500131343285,0.0,160.49285953773995,4.642852707889176
15.700000000000001,160.49285953773995,99.51785760341153,0.0,163.8944450599761,3.401585522236161
15.75,163.8944450599761,100.0,0.0,165.83889084253286,1.9444457825567554
15.8,165.83889084253286,100.0,0.0,167.78333662508965,1.9444457825567838
15.850000000000001,167.78333662508965,100.0,0.0,169.72778240764637,1.944445782556727
15.9,169.72778240764637,100.0,0.0,171.67222614150705,1.9444437338606804
15.950000000000001,171.67222614150705,100.0,0.0,173.61666915555557,1.9444430140485167
16.0,173.61666915555557,100.0,0.0,175.56111216960412,1.9444430140485451
16.05,175.56111216960412,100.0,0.0,177.68847380785357,2.127361638249454
16.1,177.68847380785357,100.0,0.0,180.3364499919054,2.647976184051828
16.150000000000002,180.3364499919054,100.0,0.0,182.98442617595703,2.647976184051629
16.2,182.98442617595703,100.0,0.0,185.63240036940536,2.6479741934483343
16.25,185.63240036940536,100.0,0.0,188.28037386345247,2.6479734940471076
16.3,188.28037386345247,100.0,0.0,190.9283481257649,2.647974262312431
16.35,190.9283481257649,100.0,0.0,193.5763238794159,2.6479757536509965
16.400000000000002,193.5763238794159,100.0,0.0,195.47738745958983,1.9010635801739397
16.45,195.47738745958983,100.0,0.0,197.23618205433974,1.7587945947499009
16.5,197.23618205433974,100.0,0.0,198.994975670123,1.7587936157832758
16.55,198.994975670123,100.0,0.0,200.753768941945,1.758793271821986
16.6,200.753768941945,100.0,0.0,202.2541694996079,1.500400557662914
16.650000000000002,202.2541694996079,100.0,0.0,203.7125053109677,1.4583358113598024
16.7,203.7125053109677,100.0,0.0,205.17083683784944,1.4583315268817216
16.75,205.17083683784944,100.0,0.0,206.62916836473119,1.45833152688175
16.8,206.62916836473119,100.0,0.0,208.08750011586207,1.4583317511308849
16.85,208.08750011586207,100.0,0.0,209.5458353802299,1.4583352643678325
16.900000000000002,209.5458353802299,100.0,0.0,211.00417064459765,1.4583352643677472
16.95,211.00417064459765,100.0,0.0,212.46250512842104,1.4583344838233927
17.0,212.46250512842104,100.0,0.0,213.92083551438597,1.4583303859649277
17.05,213.92083551438597,100.0,0.0,215.41785769615768,1.4970221817717118
17.1,215.41785769615768,100.0,0.0,217.0250026813794,1.6071449852217086
17.150000000000002,217.0250026813794,100.0,0.0,218.63214766660096,1.6071449852215665
17.2,218.63214766660096,100.0,0.0,220.23929106285715,1.6071433962561912
17.25,220.23929106285715,100.0,0.0,221.84643163428572,1.6071405714285731
17.3,221.84643163428572,100.0,0.0,223.4535722057143,1.6071405714285731
17.35,223.4535722057143,100.0,0.0,224.82500352000005,1.3714313142857577
17.400000000000002,224.82500352000005,100.0,0.0,226.07500454771784,1.2500010277177864
17.45,226.07500454771784,100.0,0.0,227.32500421576765,1.24999966804981
17.5,227.32500421576765,100.0,0.0,228.57500388381746,1.24999966804981
17.55,228.57500388381746,100.0,0.0,229.82500355186727,1.24999966804981
17.6,229.82500355186727,100.0,0.0,231.07500321991708,1.24999966804981
17.650000000000002,231.07500321991708,100.0,0.0,232.32500116756756,1.2499979476504848
17.7,232.32500116756756,100.0,0.0,233.65714352471653,1.3321423571489674
17.75,233.65714352471653,100.0,0.0,235.08571640453513,1.4285728798186028
17.8,235.08571640453513,100.0,0.0,236.51428928435374,1.4285728798186028
17.85,236.51428928435374,100.0,0.0,237.942859683859,1.4285703995052756
17.900000000000002,237.942859683859,100.0,0.0,239.37142992504633,1.428570241187316
17.95,239.37142992504633,100.0,0.0,240.80000016623373,1.4285702411874013
18.0,240.80000016623373,100.0,0.0,242.50500131945205,1.7050011532183191
18.05,242.50500131945205,100.0,0.0,244.25500285369867,1.7500015342466213
18.1,244.25500285369867,100.0,0.0,246.00500438794532,1.7500015342466497
18.150000000000002,246.00500438794532,100.0,0.0,247.7550005807407,1.749996192795379
18.2,247.7550005807407,100.0,0.0,248.64499999999998,0.8899994192592828
18.25,248.64499999999998,100.0,0.0,249.395,0.7500000000000284
18.3,249.395,100.0,0.0,250.145,0.75
18.35,250.145,100.0,0.0,250.89500000000004,0.7500000000000284
18.400000000000002,250.89500000000004,100.0,0.0,251.92143113540374,1.0264311354036977
18.45,251.92143113540374,100.0,0.0,252.9928598857143,1.0714287503105595
18.5,252.9928598857143,100.0,0.0,254.06428845714288,1.0714285714285836
18.55,254.06428845714288,100.0,0.0,255.13571702857146,1.0714285714285836
18.6,255.13571702857146,100.0,0.0,256.20714560000005,1.0714285714285836
18.650000000000002,256.20714560000005,100.0,0.0,257.22750009516335,1.0203544951633035
18.7,257.22750009516335,100.0,0.0,258.1025004611765,0.8750003660131256
18.75,258.1025004611765,100.0,0.0,258.97750082718954,0.8750003660130687
18.8,258.97750082718954,100.0,0.0,259.8525011932026,0.8750003660130687
18.85,259.8525011932026,100.0,0.0,260.72750155921574,0.8750003660131256
18.900000000000002,260.72750155921574,100.0,0.0,261.60250192522875,0.8750003660130119
18.95,261.60250192522875,100.0,0.0,262.4775020731915,0.8750001479627372
19.0,262.4775020731915,100.0,0.0,263.35250088170216,0.8749988085106679
19.05,263.35250088170216,100.0,0.0,264.2527779093045,0.9002770276023284
19.1,264.2527779093045,100.0,0.0,265.2250006373984,0.9722227280939251
19.150000000000002,265.2250006373984,100.0,0.0,266.1972233654924,0.9722227280939819
19.200000000000003,266.1972233654924,100.0,0.0,267.1694460935863,0.9722227280939251
19.25,267.1694460935863,100.0,0.0,268.14166882168024,0.9722227280939251
19.3,268.14166882168024,100.0,0.0,269.11389100662774,0.9722221849474977
19.35,269.11389100662774,100.0,0.0,270.086112137232,0.9722211306042823
19.400000000000002,270.086112137232,100.0,0.0,271.0500000507937,0.9638879135616776
19.450000000000003,271.0500000507937,100.0,0.0,271.8833342306878,0.8333341798941092
19.5,271.8833342306878,100.0,0.0,272.716668410582,0.833334179894166
19.55,272.716668410582,100.0,0.0,273.55000162807016,0.8333332174881889
19.6,273.55000162807016,100.0,0.0,274.383334025731,0.833332397660854
19.650000000000002,274.383334025731,100.0,0.0,275.1625001424658,0.779166116734757
19.700000000000003,275.1625001424658,100.0,0.0,275.787500690411,0.6250005479452057
19.75,275.787500690411,100.0,0.0,276.4125012383562,0.6250005479452057
19.8,276.4125012383562,100.0,0.0,277.03750131063833,0.6250000722821483
19.85,277.03750131063833,100.0,0.0,277.6625004595745,0.6249991489361832
19.900000000000002,277.6625004595745,100.0,0.0,278.34500026602416,0.6824998064496413
19.950000000000003,278.34500026602416,100.0,0.0,279.09500084433733,0.7500005783131769
20.0,279.09500084433733,100.0,0.0,279.8450014226506,0.7500005783132906
20.05,279.8450014226506,100.0,0.0,280.5950019537689,0.7500005311182463
20.1,280.5950019537689,100.0,0.0,281.3450021949749,0.7500002412060098
20.150000000000002,281.3450021949749,100.0,0.0,282.09500243618095,0.7500002412060667
20.200000000000003,282.09500243618095,100.0,0.0,282.8450026773869,0.750000241205953
20.25,282.8450026773869,100.0,0.0,283.59500222171425,0.7499995443273519
20.3,283.59500222171425,100.0,0.0,284.0,0.4049977782857468
20.35,284.0,100.0,0.0,284.0,0.0
20.400000000000002,284.0,100.0,0.0,284.0,0.0
20.450000000000003,284.0,100.0,0.0,284.16250160000004,0.16250160000004144
20.5,284.16250160000004,100.0,0.0,284.78750160000004,0.625
20.55,284.78750160000004,100.0,0.0,285.41250160000004,0.625
20.6,285.41250160000004,100.0,0.0,286.03750160000004,0.625
20.650000000000002,286.03750160000004,100.0,0.0,286.66250160000004,0.625
20.700000000000003,286.66250160000004,100.0,0.0,287.2875013669291,0.6249997669290792
20.75,287.2875013669291,100.0,0.0,287.9125010519685,0.62499968503937
20.8,287.9125010519685,100.0,0.0,288.5375007370079,0.6249996850394268
20.85,288.5375007370079,100.0,0.0,289.1625004220473,0.62499968503937
20.900000000000002,289.1625004220473,100.0,0.0,289.78750010708666,0.62499968503937
20.950000000000003,289.78750010708666,100.0,0.0,290.6187509209302,0.8312508138435533
21.0,290.6187509209302,100.0,0.0,291.55625231627903,0.9375013953488178
21.05,291.55625231627903,100.0,0.0,292.4937508756757,0.9374985593966585
21.1,292.4937508756757,100.0,0.0,293.0958334173516,0.6020825416759408
21.150000000000002,293.0958334173516,100.0,0.0,293.30416693333336,0.20833351598173522
21.200000000000003,293.30416693333336,100.0,0.0,293.5125004493151,0.20833351598173522
21.25,293.5125004493151,100.0,0.0,293.7208338666667,0.20833341735158228
21.3,293.7208338666667,100.0,0.0,293.9291672,0.20833333333331439
21.35,293.9291672,100.0,0.0,294.13750053333337,0.20833333333337123
21.400000000000002,294.13750053333337,100.0,0.0,294.3458338666667,0.20833333333331439
21.450000000000003,294.3458338666667,100.0,0.0,294.5541672,0.20833333333331439
21.5,294.5541672,100.0,0.0,294.7625005333333,0.20833333333331439
21.55,294.7625005333333,100.0,0.0,294.9708336,0.2083330666666825
21.6,294.9708336,100.0,0.0,295.5375004144579,0.5666668144579035
21.650000000000002,295.5375004144579,100.0,0.0,296.1625008963856,0.6250004819277137
21.700000000000003,296.1625008963856,100.0,0.0,296.78750137831327,0.6250004819276569
21.75,296.78750137831327,100.0,0.0,297.41250131948055,0.6249999411672889
21.8,297.41250131948055,100.0,0.0,298.03750080000003,0.6249994805194774
21.85,298.03750080000003,100.0,0.0,298.6625002805195,0.6249994805194774
21.900000000000002,298.6625002805195,100.0,0.0,299.095833475969,0.43333319544950655
21.950000000000003,299.095833475969,100.0,0.0,299.3041671193798,0.2083336434108105
22.0,299.3041671193798,100.0,0.0,299.5125004051948,0.20833328581500155
22.05,299.5125004051948,100.0,0.0,299.72083356536797,0.20833316017314019
22.1,299.72083356536797,100.0,0.0,299.9291667255411,0.20833316017314019
22.150000000000002,299.9291667255411,100.0,0.0,300.2357143991407,0.3065476735995958
22.200000000000003,300.2357143991407,100.0,0.0,300.59285742814177,0.3571430290010653
22.25,300.59285742814177,100.0,0.0,300.9500004571429,0.35714302900112216
22.3,300.9500004571429,100.0,0.0,301.30714348614396,0.3571430290010653
22.35,301.30714348614396,100.0,0.0,301.664286515145,0.3571430290010653
22.400000000000002,301.664286515145,100.0,0.0,302.032142889796,0.36785637465095533
22.450000000000003,302.032142889796,100.0,0.0,302.5678577197279,0.5357148299319192
22.5,302.5678577197279,100.0,0.0,303.1035725496599,0.535714829931976
22.55,303.1035725496599,100.0,0.0,303.639286845269,0.5357142956091252
22.6,303.639286845269,100.0,0.0,304.1750006857143,0.5357138404452826
22.650000000000002,304.1750006857143,100.0,0.0,304.71071452615956,0.5357138404452826
22.700000000000003,304.71071452615956,100.0,0.0,305.08185057671983,0.371136050560267
22.75,305.08185057671983,100.0,0.0,305.2597866130673,0.17793603634748933
22.8,305.2597866130673,100.0,0.0,305.43772259848544,0.17793598541811662
22.85,305.43772259848544,100.0,0.0,305.6156584850407,0.17793588655524673
22.900000000000002,305.6156584850407,100.0,0.0,305.79359437159593,0.17793588655524673
22.950000000000003,305.79359437159593,100.0,0.0,305.9715302581512,0.17793588655524673
23.0,305.9715302581512,100.0,0.0,306.34999950222226,0.3784692440710842
23.05,306.34999950222226,100.0,0.0,306.76666626188035,0.4166667596580851
23.1,306.76666626188035,100.0,0.0,307.18333306529917,0.41666680341882056
23.150000000000002,307.18333306529917,100.0,0.0,307.599999868718,0.41666680341882056
23.200000000000003,307.599999868718,100.0,0.0,308.0,0.40000013128201317
23.25,308.0,100.0,0.0,308.0,0.0
23.3,308.0,100.0,0.0,308.0,0.0
23.35,308.0,100.0,0.0,308.0,0.0
23.400000000000002,308.0,100.0,0.0,308.0,0.0
23.450000000000003,308.0,100.0,0.0,308.0928572810631,0.09285728106311808
23.5,308.0928572810631,100.0,0.0,308.45000066976746,0.35714338870434403
23.55,308.45000066976746,100.0,0.0,308.80714364418264,0.35714297441518283
23.6,308.80714364418264,100.0,0.0,309.16428626568484,0.35714262150219156
23.650000000000002,309.16428626568484,100.0,0.0,309.5214288871871,0.3571426215022484
23.700000000000003,309.5214288871871,100.0,0.0,309.8785715086893,0.35714262150219156
23.75,309.8785715086893,100.0,0.0,310.41250121846156,0.5339297097722806
23.8,310.41250121846156,100.0,0.0,311.0375019452632,0.6250007268016589
23.85,311.0375019452632,100.0,0.0,311.6625006821053,0.6249987368420875
23.900000000000002,311.6625006821053,100.0,0.0,312.0,0.33749931789469656
23.950000000000003,312.0,100.0,0.0,312.0,0.0
24.0,312.0,100.0,0.0,312.0,0.0
24.05,312.0,100.0,0.0,312.0,0.0
24.1,312.0,100.0,0.0,312.1150001711628,0.11500017116281924
24.150000000000002,312.1150001711628,100.0,0.0,312.3650005432558,0.250000372092984
24.200000000000003,312.3650005432558,100.0,0.0,312.6150004322807,0.24999988902487758
24.25,312.6150004322807,100.0,0.0,312.86500015157895,0.24999971929827325
24.3,312.86500015157895,100.0,0.0,313.1150002230303,0.25000007145132486
24.35,313.1150002230303,100.0,0.0,313.36500060656715,0.2500003835368716
24.400000000000002,313.36500060656715,100.0,0.0,313.6150003677612,0.249999761194033
24.450000000000003,313.6150003677612,100.0,0.0,313.8650001289552,0.249999761194033
24.5,313.8650001289552,100.0,0.0,314.14375061333334,0.2787504843781221
24.55,314.14375061333334,100.0,0.0,314.4562512,0.31250058666665836
24.6,314.4562512,100.0,0.0,314.7687512,0.3125
24.650000000000002,314.7687512,100.0,0.0,315.0812512,0.3125
24.700000000000003,315.0812512,100.0,0.0,315.3937512,0.3125
24.75,315.3937512,100.0,0.0,315.7062512,0.3125
24.8,315.7062512,100.0,0.0,316.015,0.3087487999999894
24.85,316.015,100.0,0.0,316.265,0.25
24.900000000000002,316.265,100.0,0.0,316.515,0.25
24.950000000000003,316.515,100.0,0.0,316.765,0.25
25.0,316.765,100.0,0.0,317.0,0.23500000000001364
25.05,317.0,100.0,0.0,317.0,0.0
25.1,317.0,100.0,0.0,317.0,0.0
25.150000000000002,317.0,100.0,0.0,317.0,0.0
25.200000000000003,317.0,100.0,0.0,317.0,0.0
25.25,317.0,100.0,0.0,317.09285805714285,0.09285805714284834
25.3,317.09285805714285,100.0,0.0,317.45000091428574,0.3571428571428896
25.35,317.45000091428574,100.0,0.0,317.80714377142857,0.3571428571428328
25.400000000000002,317.80714377142857,100.0,0.0,318.16428662857146,0.3571428571428896
25.450000000000003,318.16428662857146,100.0,0.0,318.5214293992278,0.3571427706563668
25.5,318.5214293992278,100.0,0.0,318.87857163861,0.357142239382199
25.55,318.87857163861,100.0,0.0,319.18333333333334,0.30476169472331094
25.6,319.18333333333334,100.0,0.0,319.4611111111111,0.27777777777777146
25.650000000000002,319.4611111111111,100.0,0.0,319.7388888888889,0.27777777777777146
25.700000000000003,319.7388888888889,100.0,0.0,320.01666666666665,0.27777777777777146
25.75,320.01666666666665,100.0,0.0,320.2944444444444,0.27777777777777146
25.8,320.2944444444444,100.0,0.0,320.57222222222225,0.2777777777778283
25.85,320.57222222222225,100.0,0.0,320.85,0.27777777777777146
25.900000000000002,320.85,100.0,0.0,321.09583407205673,0.24583407205670937
25.950000000000003,321.09583407205673,100.0,0.0,321.3041672351773,0.20833316312058514
26.0,321.3041672351773,100.0,0.0,321.51250039829785,0.2083331631205283
26.05,321.51250039829785,100.0,0.0,321.72083356141843,0.20833316312058514
26.1,321.72083356141843,100.0,0.0,321.929166724539,0.20833316312058514
26.150000000000002,321.929166724539,100.0,0.0,321.834999296,-0.0941674285390377
26.200000000000003,321.834999296,100.0,0.0,321.58499927535485,-0.2500000206451318
26.25,321.58499927535485,100.0,0.0,321.3349995850323,-0.24999969032256786
26.3,321.3349995850323,100.0,0.0,321.08499989470965,-0.2499996903226247
26.35,321.08499989470965,100.0,0.0,321.1375001427027,0.052500247993066296
26.400000000000002,321.1375001427027,100.0,0.0,321.34583369225226,0.2083335495495362
26.450000000000003,321.34583369225226,100.0,0.0,321.5541672418018,0.2083335495495362
26.5,321.5541672418018,100.0,0.0,321.76250079135133,0.2083335495495362
26.55,321.76250079135133,100.0,0.0,321.9708334351515,0.20833264380019045
26.6,321.9708334351515,100.0,0.0,321.8656249238938,-0.10520851125772879
26.650000000000002,321.8656249238938,100.0,0.0,321.70937483539825,-0.15625008849553979
26.700000000000003,321.70937483539825,100.0,0.0,321.55312474690265,-0.15625008849559663
26.75,321.55312474690265,100.0,0.0,321.39687465840706,-0.15625008849559663
26.8,321.39687465840706,100.0,0.0,321.2406246723404,-0.15624998606665486
26.85,321.2406246723404,100.0,0.0,321.0843748851064,-0.15624978723400318
26.900000000000002,321.0843748851064,100.0,0.0,321.0,-0.08437488510639923
26.950000000000003,321.0,100.0,0.0,321.0,0.0
27.0,321.0,100.0,0.0,321.0,0.0
27.05,321.0,100.0,0.0,321.0,0.0
27.1,321.0,100.0,0.0,321.0,0.0
27.150000000000002,321.0,100.0,0.0,321.0,0.0
27.200000000000003,321.0,100.0,0.0,321.0,0.0
27.25,321.0,100.0,0.0,321.0,0.0
27.3,321.0,100.0,0.0,321.0,0.0
27.35,321.0,100.0,0.0,321.1375000778761,0.13750007787609775
27.400000000000002,321.1375000778761,100.0,0.0,321.34583352920356,0.20833345132746217
27.450000000000003,321.34583352920356,100.0,0.0,321.55416698053097,0.20833345132740533
27.5,321.55416698053097,100.0,0.0,321.76250043185837,0.20833345132740533
27.55,321.76250043185837,100.0,0.0,321.9708336,0.20833316814162117
27.6,321.9708336,100.0,0.0,322.0,0.029166400000008252
27.650000000000002,322.0,100.0,0.0,322.0,0.0
27.700000000000003,322.0,100.0,0.0,322.0,0.0
27.75,322.0,100.0,0.0,322.0,0.0
27.8,322.0,100.0,0.0,322.0,0.0
27.85,322.0,100.0,0.0,322.0,0.0
27.900000000000002,322.0,100.0,0.0,320.94583252048176,-1.0541674795182416
27.950000000000003,320.94583252048176,90.4166592771071,0.0,318.65416408674696,-2.291668433734799
28.0,318.65416408674696,69.58330987951797,0.0,316.362495653012,-2.2916684337349693
28.05,316.362495653012,48.74996048192737,0.0,314.0708280216216,-2.2916676313903963
28.1,314.0708280216216,27.91661837837784,0.09459459459461211,311.7791653189189,-2.291662702702695
28.150000000000002,311.7791653189189,7.083321081080701,0.7702702702702826,304.5649971199997,-7.214168198919197
28.200000000000003,304.5649971199997,0.0,1.0,294.81499275636384,-9.750004363635867
28.25,294.81499275636384,0.0,1.0,285.06498839272723,-9.750004363636606
28.3,285.06498839272723,0.0,1.0,275.3149840290907,-9.750004363636549
28.35,275.3149840290907,0.0,1.0,265.5649796654541,-9.750004363636606
28.400000000000002,265.5649796654541,0.0,1.0,255.81497530181753,-9.750004363636549
28.450000000000003,255.81497530181753,0.0,1.0,246.06497740108082,-9.749997900736702
28.5,246.06497740108082,0.0,1.0,236.31499426594576,-9.749983135135068
28.55,236.31499426594576,0.0,1.0,230.85499926588227,-5.459995000063486
28.6,230.85499926588227,0.0,1.0,227.60499815358278,-3.2500011122994863
28.650000000000002,227.60499815358278,0.0,1.0,224.3549970412833,-3.2500011122994863
28.700000000000003,224.3549970412833,0.0,1.0,221.10499592898404,-3.250001112299259
28.75,221.10499592898404,0.0,1.0,217.8549999999999,-3.2499959289841343
28.8,217.8549999999999,0.0,1.0,214.60499999999985,-3.250000000000057
28.85,214.60499999999985,0.0,1.0,211.3549999999998,-3.250000000000057
28.900000000000002,211.3549999999998,0.0,1.0,208.10499999999973,-3.250000000000057
28.950000000000003,208.10499999999973,0.0,1.0,198.3374681552235,-9.767531844776244
29.0,198.3374681552235,0.0,1.0,185.2124806925368,-13.124987462686704
29.05,185.2124806925368,0.0,1.0,172.08749322985005,-13.124987462686732
29.1,172.08749322985005,0.0,1.0,163.75416481240296,-8.333328417447092
29.150000000000002,163.75416481240296,0.0,1.0,161.04582744806189,-2.7083373643410766
29.200000000000003,161.04582744806189,0.0,1.0,158.33749473246758,-2.7083327155943095
29.25,158.33749473246758,0.0,1.0,155.62916365021647,-2.7083310822511066
29.3,155.62916365021647,0.0,1.0,152.92083256796533,-2.708331082251135
29.35,152.92083256796533,0.0,1.0,149.33540372670794,-3.5854288412573965
29.400000000000002,149.33540372670794,0.0,1.0,145.29813664596247,-4.037267080745465
29.450000000000003,145.29813664596247,0.0,1.0,141.26086956521732,-4.037267080745153
29.5,141.26086956521732,0.0,1.0,138.44999999999996,-2.8108695652173594
29.55,138.44999999999996,0.0,1.0,137.19999999999993,-1.2500000000000284
29.6,137.19999999999993,0.0,1.0,135.9499999999999,-1.2500000000000284
29.650000000000002,135.9499999999999,0.0,1.0,134.6999999999999,-1.25
29.700000000000003,134.6999999999999,0.0,1.0,133.44999999999996,-1.2499999999999432
29.75,133.44999999999996,0.0,1.0,132.19999999999996,-1.25
29.8,132.19999999999996,0.0,1.0,130.91959894152254,-1.2804010584774232
29.85,130.91959894152254,0.0,1.0,128.90954954128634,-2.0100494002361984
29.900000000000002,128.90954954128634,0.0,1.0,126.89949867690318,-2.0100508643831603
29.950000000000003,126.89949867690318,0.0,1.0,124.88944781252016,-2.010050864383018
30.0,124.88944781252016,0.0,1.0,122.9099998660465,-1.9794479464736554
30.05,122.9099998660465,0.0,1.0,121.40999763348832,-1.500002232558188
30.1,121.40999763348832,0.0,1.0,119.90999673263148,-1.5000009008568327
30.150000000000002,119.90999673263148,0.0,1.0,118.409998416842,-1.4999983157894832
30.200000000000003,118.409998416842,0.0,1.0,116.94999996144578,-1.4599984553962173
30.25,116.94999996144578,0.012500009638554663,1.0,116.11666598554216,-0.8333339759036278
30.3,116.11666598554216,0.2208335036144608,1.0,115.28333200963853,-0.8333339759036278
30.35,115.28333200963853,0.4291669975903669,1.0,114.4499980337349,-0.8333339759036278
30.400000000000002,114.4499980337349,0.6375004915662731,1.0,113.61666559999993,-0.8333324337349666
30.450000000000003,113.61666559999993,0.8458336000000148,0.49999999999995204,112.67499999999995,-0.941665599999979
30.5,112.67499999999995,1.3250000000000417,0.0,111.42499999999994,-1.2500000000000142
30.55,111.42499999999994,2.5750000000000584,0.0,110.17499999999993,-1.2500000000000142
30.6,110.17499999999993,3.8250000000000752,0.0,108.98499997090907,-1.1900000290908537
30.650000000000002,108.98499997090907,5.3300006400003905,0.0,108.7349994860606,-0.2500004848484707
30.700000000000003,108.7349994860606,10.830011306666929,0.0,108.48499953671643,-0.24999994934417202
30.75,108.48499953671643,16.33001019223869,0.0,108.2349997755224,-0.249999761194033
30.8,108.2349997755224,21.83000493850741,0.0,108.05833337831325,-0.17666639720914645
30.85,108.05833337831325,27.316666910843384,0.0,109.03055635020081,0.972222971887561
30.900000000000002,109.03055635020081,32.59444875823301,0.0,110.00277932208839,0.9722229718875752
30.950000000000003,110.00277932208839,37.872230605622626,0.0,110.97500229397588,0.97222297188749
31.0,110.97500229397588,43.15001245301187,0.0,111.94722423642611,0.9722219424502327
31.05,111.94722423642611,48.42778871202741,0.0,112.91944581718214,0.9722215807560275
31.1,112.91944581718214,53.70556300756015,0.0,113.89166739793816,0.9722215807560275
31.150000000000002,113.89166739793816,58.9833373030929,0.0,114.86388897869419,0.9722215807560275
31.200000000000003,114.86388897869419,64.26111159862565,0.0,116.53571910152739,1.6718301228331995
31.25,116.53571910152739,58.089264043126754,0.0,118.3214341060198,1.7857150044924026
31.3,118.3214341060198,50.05354652291095,0.0,120.10714911051218,1.7857150044923884
31.35,120.10714911051218,42.017829002695144,0.0,121.89286342255649,1.7857143120443055
31.400000000000002,121.89286342255649,33.98211459849579,0.0,123.67857409924827,1.785710676691778
31.450000000000003,123.67857409924827,25.9464165533828,0.0,125.0,1.3214259007517342
31.5,125.0,19.349999999999927,0.0,125.0,0.0
31.55,125.0,16.849999999999927,0.0,125.0,0.0
31.6,125.0,14.349999999999925,0.0,125.0,0.0
31.650000000000002,125.0,11.849999999999925,0.0,124.83749954782607,-0.16250045217392994
31.700000000000003,124.83749954782607,10.243750678260904,0.0,124.2124986385965,-0.6250009092295699
31.75,124.2124986385965,11.181252042105251,0.0,123.58749934035089,-0.6249992982456121
31.8,123.58749934035089,12.118750989473678,0.0,123.02142861061225,-0.5660707297386409
31.85,123.02142861061225,13.407143601632667,0.0,123.37857212081633,0.3571435102040823
31.900000000000002,123.37857212081633,20.19287029551029,0.0,123.73571563102041,0.3571435102040823
31.950000000000003,123.73571563102041,26.97859698938791,0.0,124.09285813812244,0.3571425071020258
32.0,124.09285813812244,33.76430462432627,0.0,124.45000060342859,0.3571424653061541
32.050000000000004,124.45000060342859,40.55001146514314,0.0,124.80714306873469,0.3571424653060973
32.1,124.80714306873469,47.33571830595906,0.0,125.51750045369855,0.7103573849638565
32.15,125.51750045369855,52.322501159451825,0.0,126.64250144,1.1250009863014583
32.2,126.64250144,55.19750368,0.0,127.7675024263013,1.125000986301302
32.25,127.7675024263013,58.072506200547764,0.0,128.89250288000005,1.1250004536987461
32.300000000000004,128.89250288000005,60.947507360000095,0.0,130.01750288,1.1249999999999432
32.35,130.01750288,63.82250735999999,0.0,131.14250287999997,1.1249999999999716
32.4,131.14250287999997,66.69750735999989,0.0,132.267502359149,1.1249994791490394
32.45,132.267502359149,69.57250602893633,0.0,133.39250082723402,1.1249984680850105
32.5,133.39250082723402,72.4475021140425,0.0,135.61000000000027,2.217499172766253
32.550000000000004,135.61000000000027,76.99000000000049,0.0,139.11000000000013,3.499999999999858
32.6,139.11000000000013,83.49000000000025,0.0,142.61,3.4999999999998863
32.65,142.61,89.99000000000002,0.0,146.11000000000038,3.5000000000003695
32.7,146.11000000000038,96.49000000000072,0.0,148.0,1.8899999999996169
32.75,148.0,100.0,0.0,148.0,0.0
32.800000000000004,148.0,100.0,0.0,148.0,0.0
32.85,148.0,100.0,0.0,148.5849999999999,0.5849999999998943
32.9,148.5849999999999,100.0,0.0,150.83500000000006,2.2500000000001705
32.95,150.83500000000006,100.0,0.0,153.0849999999999,2.2499999999998295
33.0,153.0849999999999,100.0,0.0,155.33500000000006,2.2500000000001705
33.050000000000004,155.33500000000006,100.0,0.0,157.60357745173738,2.2685774517373147
33.1,157.60357745173738,100.0,0.0,159.92500659680073,2.321429145063348
33.15,159.92500659680073,100.0,0.0,162.24643574186442,2.3214291450636892
33.2,162.24643574186442,100.0,0.0,164.56786488692777,2.321429145063348
33.25,164.56786488692777,100.0,0.0,166.88929403199145,2.3214291450636892
33.300000000000004,166.88929403199145,100.0,0.0,169.21072317705483,2.3214291450633766
33.35,169.21072317705483,100.0,0.0,171.7875015253334,2.576778348278566
33.4,171.7875015253334,100.0,0.0,174.49583716977804,2.708335644444645
33.45,174.49583716977804,100.0,0.0,177.20417281422232,2.7083356444442757
33.5,177.20417281422232,100.0,0.0,179.912508458667,2.7083356444446736
33.550000000000004,179.912508458667,100.0,0.0,182.6208381866668,2.7083297279997964
33.6,182.6208381866668,100.0,0.0,184.6125014136986,1.9916632270318075
33.65,184.6125014136986,100.0,0.0,186.48750305753435,1.875001643835759
33.7,186.48750305753435,100.0,0.0,188.36250470136986,1.8750016438355033
33.75,188.36250470136986,100.0,0.0,190.23750480000018,1.8750000986303235
33.800000000000004,190.23750480000018,100.0,0.0,192.11250480000012,1.8749999999999432
33.85,192.11250480000012,100.0,0.0,193.98750480000007,1.8749999999999432
33.9,193.98750480000007,100.0,0.0,195.8625029106385,1.874998110638444
33.95,195.8625029106385,100.0,0.0,197.7375003574469,1.8749974468083792
34.0,197.7375003574469,100.0,0.0,198.8062500000001,1.0687496425532004
34.050000000000004,198.8062500000001,100.0,0.0,199.74375000000003,0.9374999999999432
34.1,199.74375000000003,100.0,0.0,200.68124999999995,0.9374999999999147
34.15,200.68124999999995,100.0,0.0,202.65000199245287,1.9687519924529227
34.2,202.65000199245287,100.0,0.0,205.15000501132062,2.5000030188677442
34.25,205.15000501132062,100.0,0.0,207.65000320000019,2.4999981886795695
34.300000000000004,207.65000320000019,100.0,0.0,210.03500000000014,2.3849967999999535
34.35,210.03500000000014,100.0,0.0,212.28499999999997,2.2499999999998295
34.4,212.28499999999997,100.0,0.0,214.53500000000014,2.2500000000001705
34.45,214.53500000000014,100.0,0.0,216.78499999999997,2.2499999999998295
34.5,216.78499999999997,100.0,0.0,218.6900006049316,1.9050006049316437
34.550000000000004,218.6900006049316,100.0,0.0,220.19000192,1.5000013150683742
34.6,220.19000192,100.0,0.0,221.6900032350684,1.5000013150684026
34.65,221.6900032350684,100.0,0.0,223.1900019200001,1.499998684931711
34.7,223.1900019200001,100.0,0.0,224.34500000000006,1.154998079999956
34.75,224.34500000000006,100.0,0.0,225.09500000000008,0.7500000000000284
34.800000000000004,225.09500000000008,100.0,0.0,225.84500000000006,0.7499999999999716
34.85,225.84500000000006,100.0,0.0,226.595,0.7499999999999432
34.9,226.595,100.0,0.0,227.57500320000005,0.9800032000000556
34.95,227.57500320000005,100.0,0.0,228.8250032,1.2499999999999432
35.0,228.8250032,100.0,0.0,230.0750032000001,1.2500000000001137
35.050000000000004,230.0750032000001,100.0,0.0,231.32500320000003,1.2499999999999147
35.1,231.32500320000003,100.0,0.0,232.65714317336187,1.3321399733618478
35.15,232.65714317336187,100.0,0.0,234.0857152893663,1.4285721160044318
35.2,234.0857152893663,100.0,0.0,235.5142874053705,1.4285721160042044
35.25,235.5142874053705,100.0,0.0,236.94285952137494,1.4285721160044318
35.300000000000004,236.94285952137494,100.0,0.0,238.37143163737917,1.4285721160042328
35.35,238.37143163737917,100.0,0.0,239.80000182857142,1.4285701911922501
35.4,239.80000182857142,100.0,0.0,240.43000029591403,0.6299984673426025
35.45,240.43000029591403,100.0,0.0,240.93000064,0.5000003440859757
35.5,240.93000064,100.0,0.0,241.43000098408606,0.500000344086061
35.550000000000004,241.43000098408606,100.0,0.0,241.93000064,0.499999655913939
35.6,241.93000064,100.0,0.0,242.86000059182794,0.9299999518279378
35.65,242.86000059182794,100.0,0.0,243.86000128000006,1.000000688172122
35.7,243.86000128000006,100.0,0.0,244.86000196817207,1.0000006881720083
35.75,244.86000196817207,100.0,0.0,245.86000128000006,0.9999993118279917
35.800000000000004,245.86000128000006,100.0,0.0,246.9181493165809,1.0581480365808318
35.85,246.9181493165809,100.0,0.0,247.98576480097725,1.067615484396356
35.9,247.98576480097725,100.0,0.0,249.05338028537378,1.0676154843965264
35.95,249.05338028537378,100.0,0.0,250.12099576977013,1.067615484396356
36.0,250.12099576977013,100.0,0.0,251.18861125416663,1.067615484396498
36.050000000000004,251.18861125416663,100.0,0.0,252.3,1.1113887458333807
36.1,252.3,100.0,0.0,253.54999999999998,1.2499999999999716
36.15,253.54999999999998,100.0,0.0,254.8000000000001,1.2500000000001137
36.2,254.8000000000001,100.0,0.0,256.025,1.2249999999998806
36.25,256.025,100.0,0.0,256.65000000000003,0.6250000000000568
36.300000000000004,256.65000000000003,100.0,0.0,257.275,0.6249999999999432
36.35,257.275,100.0,0.0,257.9,0.625
36.4,257.9,100.0,0.0,258.35,0.4500000000000455
36.45,258.35,84.77499999999955,0.0,258.76666666666665,0.41666666666662877
36.5,258.76666666666665,66.65000000000073,0.0,259.18333333333334,0.4166666666666856
36.550000000000004,259.18333333333334,48.52499999999934,0.0,259.59999999999997,0.41666666666662877
36.6,259.59999999999997,30.400000000000517,0.0,259.9079497168469,0.3079497168469061
36.65,259.9079497168469,12.891213301728094,0.0,257.6066926380125,-2.3012570788343965
36.7,257.6066926380125,10.171545844923884,0.0,255.30543747803236,-2.3012551599801156
36.75,255.30543747803236,7.451880655856454,0.21714285714284182,253.00418292400576,-2.301254554026599
36.800000000000004,253.00418292400576,4.732216182915919,0.5028571428571565,250.7029283699795,-2.301254554026258
36.85,250.7029283699795,2.0125517099757717,0.7885714285714306,248.08999905556772,-2.6129293144117867
36.9,248.08999905556772,0.0,1.0,244.58999542313504,-3.50000363243268
36.95,244.58999542313504,0.0,1.0,241.08999179070284,-3.500003632432197
37.0,241.08999179070284,0.0,1.0,237.58998815827016,-3.50000363243268
37.050000000000004,237.58998815827016,0.0,1.0,234.1062500000001,-3.4837381582700573
37.1,234.1062500000001,0.0,1.0,230.66875000000024,-3.437499999999858
37.15,230.66875000000024,0.0,1.0,227.23124999999987,-3.4375000000003695
37.2,227.23124999999987,0.0,1.0,223.8874996676923,-3.3437503323075646
37.25,223.8874996676923,0.0375001107692335,1.0,222.01249412923053,-1.875005538461778
37.300000000000004,222.01249412923053,0.6625019569231548,1.0,220.13749436342846,-1.8749997658020732
37.35,220.13749436342846,1.2875018788571788,1.0,218.26249642057147,-1.874997942856993
37.4,218.26249642057147,1.9125011931428424,1.0,216.38749847771422,-1.8749979428572487
37.45,216.38749847771422,2.537500507428595,1.0,214.53570971428576,-1.851788763428459
37.5,214.53570971428576,3.1857161142856865,1.0,212.7499954285713,-1.7857142857144481
37.550000000000004,212.7499954285713,3.900001828571477,1.0,210.9642811428571,-1.7857142857142208
37.6,210.9642811428571,4.6142875428571655,1.0,209.17856685714287,-1.7857142857142208
37.65,209.17856685714287,5.328573257142855,1.0,207.3928525714284,-1.7857142857144765
37.7,207.3928525714284,6.042858971428645,1.0,205.60714057142857,-1.785711999999819
37.75,205.60714057142857,6.757143771428572,0.5,204.25749913599998,-1.3496414354285946
37.800000000000004,204.25749913599998,10.547504128000153,0.0,203.13249782690912,-1.1250013090908624
37.85,203.13249782690912,15.92251038254533,0.0,202.00749651781828,-1.125001309090834
37.9,202.00749651781828,21.297516637090506,0.0,200.88249584099378,-1.1250006768244987
37.95,200.88249584099378,26.67251987080751,0.0,199.75749628819884,-1.1249995527949466
38.0,199.75749628819884,32.0475177341612,0.0,198.63249673540372,-1.124999552795117
38.050000000000004,198.63249673540372,37.42251559751565,0.0,197.5074973924325,-1.124999342971222
38.1,197.5074973924325,42.79751245837817,0.0,196.38249933837847,-1.124998054054032
38.15,196.38249933837847,48.17250316108071,0.0,195.66999977290322,-0.7124995654752411
38.2,195.66999977290322,54.62000317935502,0.0,195.16999942881722,-0.5000003440860041
38.25,195.16999942881722,61.62000799655892,0.0,194.66999908473116,-0.500000344086061
38.300000000000004,194.66999908473116,68.62001281376382,0.0,194.16999874064516,-0.5000003440860041
38.35,194.16999874064516,75.62001763096772,0.0,194.30937523855428,0.13937649790912587
38.400000000000006,194.30937523855428,79.23750095421715,0.0,194.77812560000004,0.4687503614457569
38.45,194.77812560000004,81.11250240000012,0.0,195.24687596144577,0.46875036144572846
38.5,195.24687596144577,82.98750384578311,0.0,195.7156260675325,0.4687501060867305
38.550000000000004,195.7156260675325,84.86250427012999,0.0,196.18437567792208,0.46874961038957963
38.6,196.18437567792208,86.73750271168838,0.0,196.65312528831174,0.4687496103896649
38.650000000000006,196.65312528831174,88.61250115324702,0.0,197.27857142857155,0.625446140259811
38.7,197.27857142857155,90.4642857142859,0.0,198.35000000000005,1.0714285714284983
38.75,198.35000000000005,92.25000000000007,0.0,199.4214285714287,1.0714285714286405
38.800000000000004,199.4214285714287,94.0357142857145,0.0,200.49285714285722,1.0714285714285268
38.85,200.49285714285722,95.82142857142868,0.0,201.56428571428586,1.0714285714286405
38.900000000000006,201.56428571428586,97.60714285714312,0.0,202.63571428571439,1.0714285714285268
38.95,202.63571428571439,99.3928571428573,0.0,204.10000629399593,1.4642920082815465
39.0,204.10000629399593,100.0,0.0,205.76667229813685,1.6666660041409216
39.050000000000004,205.76667229813685,100.0,0.0,207.43333830227755,1.6666660041406942
39.1,207.43333830227755,100.0,0.0,209.10000430641844,1.6666660041408932
39.150000000000006,209.10000430641844,100.0,0.0,210.76666721975317,1.6666629133347328
39.2,210.76666721975317,100.0,0.0,211.89583394982077,1.1291667300675954
39.25,211.89583394982077,100.0,0.0,212.93750133333342,1.041667383512646
39.300000000000004,212.93750133333342,100.0,0.0,213.9791687168459,1.0416673835124755
39.35,213.9791687168459,100.0,0.0,215.02083565432108,1.0416669374751848
39.400000000000006,215.02083565432108,100.0,0.0,216.06562509767443,1.044789443353352
39.45,216.06562509767443,100.0,0.0,217.15937672558135,1.0937516279069257
39.5,217.15937672558135,100.0,0.0,218.25312759658127,1.0937508709999122
39.550000000000004,218.25312759658127,100.0,0.0,219.34687699829058,1.0937494017093172
39.6,219.34687699829058,100.0,0.0,220.44062640000007,1.0937494017094878
39.650000000000006,220.44062640000007,100.0,0.0,221.53437580170942,1.0937494017093456
39.7,221.53437580170942,100.0,0.0,222.62812520341873,1.0937494017093172
39.75,222.62812520341873,100.0,0.0,224.03125286956526,1.4031276661465313
39.800000000000004,224.03125286956526,100.0,0.0,225.59375270175437,1.5624998321891042
39.85,225.59375270175437,100.0,0.0,227.1562509473686,1.562498245614222
39.900000000000006,227.1562509473686,100.0,0.0,228.50312544109596,1.3468744937273698
39.95,228.50312544109596,100.0,0.0,229.59687639999999,1.0937509589040246
40.0,229.59687639999999,100.0,0.0,230.6906273589042,1.0937509589042236
40.050000000000004,230.6906273589042,100.0,0.0,231.78437736551726,1.0937500066130497
40.1,231.78437736551726,100.0,0.0,232.87812656091967,1.0937491954024097
40.150000000000006,232.87812656091967,100.0,0.0,233.9718757563219,1.0937491954022391
40.2,233.9718757563219,100.0,0.0,235.0750016,1.1031258436781002
40.25,235.0750016,100.0,0.0,236.3250028182742,1.2500012182742068
40.300000000000004,236.3250028182742,100.0,0.0,237.57500241218278,1.2499995939085693
40.35,237.57500241218278,100.0,0.0,238.82500200609152,1.2499995939087398
40.400000000000006,238.82500200609152,100.0,0.0,240.0750016000001,1.2499995939085693
40.45,240.0750016000001,100.0,0.0,241.32500119390863,1.2499995939085409
40.5,241.32500119390863,100.0,0.0,242.5750007878174,1.2499995939087682
40.550000000000004,242.5750007878174,100.0,0.0,243.82500038172594,1.2499995939085409
40.6,243.82500038172594,100.0,0.0,245.05454572307704,1.2295453413510984
40.650000000000006,245.05454572307704,100.0,0.0,245.9636386909091,0.9090929678320663
40.7,245.9636386909091,100.0,0.0,246.87272959999999,0.9090909090908781
40.75,246.87272959999999,100.0,0.0,247.78182050909095,0.9090909090909634
40.800000000000004,247.78182050909095,100.0,0.0,248.69091141818183,0.9090909090908781
40.85,248.69091141818183,100.0,0.0,249.60000232727282,0.9090909090909918
40.900000000000006,249.60000232727282,100.0,0.0,250.50909323636367,0.9090909090908497
40.95,250.50909323636367,100.0,0.0,251.41818414545452,0.9090909090908497
41.0,251.41818414545452,100.0,0.0,252.32727432188557,0.9090901764310502
41.050000000000004,252.32727432188557,100.0,0.0,253.19500007656438,0.8677257546788155
41.1,253.19500007656438,100.0,0.0,253.945000371043,0.7500002944786104
41.150000000000006,253.945000371043,100.0,0.0,254.6950006655215,0.7500002944784967
41.2,254.6950006655215,100.0,0.0,255.44500096,0.7500002944784967
41.25,255.44500096,100.0,0.0,256.1950012544786,0.7500002944786104
41.300000000000004,256.1950012544786,100.0,0.0,256.94500154895707,0.7500002944784683
41.35,256.94500154895707,100.0,0.0,257.6950018434357,0.7500002944786388
41.400000000000006,257.6950018434357,100.0,0.0,258.44500096,0.749999116564311
41.45,258.44500096,100.0,0.0,259.1950001980952,0.7499992380951994
41.5,259.1950001980952,100.0,0.0,259.94500096,0.7500007619048006
41.550000000000004,259.94500096,100.0,0.0,260.69500172190476,0.7500007619047437
41.6,260.69500172190476,100.0,0.0,261.4450009600001,0.7499992380953131
41.650000000000006,261.4450009600001,100.0,0.0,262.162500111828,0.7174991518279512
41.7,262.162500111828,96.74999776343955,0.0,262.7875005419355,0.625000430107491
41.75,262.7875005419355,84.24998916128972,0.0,263.4125009720431,0.6250004301076046
41.800000000000004,263.4125009720431,71.74998055913812,0.0,264.0375014021506,0.625000430107491
41.85,264.0375014021506,59.24997195698828,0.0,264.6625013981309,0.6249999959803176
41.900000000000006,264.6625013981309,46.749972037381326,0.12616822429910002,265.2875010242991,0.6249996261681758
41.95,265.2875010242991,34.24997951401789,0.3598130841121646,265.9125006504673,0.6249996261681758
42.0,265.9125006504673,21.74998699065445,0.5934579439252292,266.5375002766355,0.6249996261682327
42.050000000000004,266.5375002766355,9.249994467289234,0.8271028037383269,265.0499976452832,-1.4875026313522994
42.1,265.0499976452832,0.0,1.0,257.5499885886784,-7.500009056604824
42.150000000000006,257.5499885886784,0.0,1.0,250.04998328888817,-7.500005299790217
42.2,250.04998328888817,0.0,1.0,242.67,-7.379983288888184
42.25,242.67,0.0,1.0,237.1699999999996,-5.500000000000398
42.300000000000004,237.1699999999996,0.0,1.0,231.67,-5.499999999999602
42.35,231.67,0.0,1.0,226.1699999999996,-5.500000000000398
42.400000000000006,226.1699999999996,0.0,1.0,220.9004148968432,-5.269585103156402
42.45,220.9004148968432,0.0,1.0,219.24066317756296,-1.659751719280223
42.5,219.24066317756296,0.0,1.0,217.5809114582825,-1.6597517192804787
42.550000000000004,217.5809114582825,0.0,1.0,215.92116088334126,-1.6597505749412278
42.6,215.92116088334126,0.0,1.0,214.2614103814427,-1.6597505018985714
42.650000000000006,214.2614103814427,0.0,1.0,212.0000009846153,-2.261409396827389
42.7,212.0000009846153,0.049999950769234414,1.0,207.83333842051283,-4.166662564102467
42.75,207.83333842051283,0.2583330789743581,1.0,203.66667056761864,-4.166667852894193
42.800000000000004,203.66667056761864,0.46666647161906805,1.0,199.5000023771426,-4.166668190476031
42.85,199.5000023771426,0.674999881142869,1.0,195.333334186666,-4.166668190476599
42.900000000000006,195.333334186666,0.8833332906666997,1.0,192.23000197119995,-3.103332215466054
42.95,192.23000197119995,1.3299991552000086,1.0,190.4800015778617,-1.7500003933382402
43.0,190.4800015778617,2.0799993237735452,1.0,188.73000087345903,-1.7500007044026802
43.050000000000004,188.73000087345903,2.829999625660407,1.0,186.98000016905664,-1.750000704402396
43.1,186.98000016905664,3.5799999275471617,1.0,185.6993164971953,-1.2806836718613397
43.150000000000006,185.6993164971953,7.658315950790595,0.0,185.01594489991209,-0.6833715972832124
43.2,185.01594489991209,15.972670384403003,0.0,184.33257330262887,-0.6833715972832124
43.25,184.33257330262887,24.28702481801541,0.0,183.64920170534558,-0.6833715972832977
43.300000000000004,183.64920170534558,32.601379251629,0.0,182.96583010806236,-0.6833715972832124
43.35,182.96583010806236,40.91573368524141,0.0,182.28245888757962,-0.6833712204827407
43.400000000000006,182.28245888757962,49.230083534447864,0.0,181.5990879631546,-0.6833709244250201
43.45,181.5990879631546,57.544429781618966,0.0,180.91571703872958,-0.6833709244250201
43.5,180.91571703872958,65.85877602879006,0.0,180.23234611430448,-0.6833709244251054
43.550000000000004,180.23234611430448,74.17312227596234,0.0,181.23750226285722,1.005156148552743
43.6,181.23750226285722,80.91875716571455,0.0,183.11250569142888,1.8750034285716595
43.650000000000006,183.11250569142888,86.85626802285809,0.0,184.98750353454568,1.8749978431168017
43.7,184.98750353454568,92.79376119272797,0.0,186.3833338409196,1.3958303063739095
43.75,186.3833338409196,96.2555558939464,0.0,187.21666827770125,0.8333344367816551
43.800000000000004,187.21666827770125,96.81111218513416,0.0,188.0500027144828,0.8333344367815414
43.85,188.0500027144828,97.36666847632186,0.0,188.88333611658925,0.8333334021064616
43.900000000000006,188.88333611658925,97.92222407772616,0.0,189.71666870573645,0.8333325891472043
43.95,189.71666870573645,98.47777913715764,0.0,190.55000129488369,0.8333325891472327
44.0,190.55000129488369,99.03333419658912,0.0,191.38333388403103,0.8333325891473464
44.050000000000004,191.38333388403103,99.58888925602069,0.0,192.4694464474074,1.0861125633763606
44.1,192.4694464474074,100.0,0.0,194.27500653714313,1.8055600897357351
44.150000000000006,194.27500653714313,100.0,0.0,196.08056099216947,1.8055544550263392
44.2,196.08056099216947,100.0,0.0,197.88611544719578,1.8055544550263107
44.25,197.88611544719578,100.0,0.0,199.69166990222237,1.805554455026595
44.300000000000004,199.69166990222237,100.0,0.0,201.49722435724868,1.8055544550263107
44.35,201.49722435724868,100.0,0.0,203.30277881227528,1.805554455026595
44.400000000000006,203.30277881227528,100.0,0.0,205.13125038769232,1.8284715754170406
44.45,205.13125038769232,100.0,0.0,207.31875684923074,2.187506461538419
44.5,207.31875684923074,100.0,0.0,209.50625504000018,2.187498190769446
44.550000000000004,209.50625504000018,100.0,0.0,211.69375061894746,2.187495578947278
44.6,211.69375061894746,100.0,0.0,212.83611168649952,1.1423610675520592
44.650000000000006,212.83611168649952,100.0,0.0,213.80833457777783,0.9722228912783066
44.7,213.80833457777783,100.0,0.0,214.78055746905616,0.972222891278335
44.75,214.78055746905616,100.0,0.0,215.75278016653903,0.9722226974828629
44.800000000000004,215.75278016653903,100.0,0.0,216.72500167356324,0.9722215070242157
44.85,216.72500167356324,100.0,0.0,217.6972231805876,0.9722215070243578
44.900000000000006,217.6972231805876,100.0,0.0,218.66944468761181,0.9722215070242157
44.95,218.66944468761181,100.0,0.0,220.237500700885,1.5680560132731785
45.0,220.237500700885,100.0,0.0,222.11250176283207,1.8750010619470743
45.050000000000004,222.11250176283207,100.0,0.0,223.9875028247789,1.8750010619468185
45.1,223.9875028247789,100.0,0.0,225.86250388672596,1.8750010619470743
45.150000000000006,225.86250388672596,100.0,0.0,227.73750240000012,1.8749985132741642
45.2,227.73750240000012,100.0,0.0,228.80625,1.068747599999881
45.25,228.80625,100.0,0.0,229.7437500000001,0.9375000000000853
45.300000000000004,229.7437500000001,100.0,0.0,230.68125000000006,0.9374999999999716
45.35,230.68125000000006,100.0,0.0,231.91666844444464,1.2354184444445764
45.400000000000006,231.91666844444464,100.0,0.0,233.30555936507943,1.3888909206347932
45.45,233.30555936507943,100.0,0.0,234.69444900093373,1.388889635854298
45.5,234.69444900093373,100.0,0.0,236.0833386367882,1.3888896358544685
45.550000000000004,236.0833386367882,100.0,0.0,237.4722260926985,1.388887455910293
45.6,237.4722260926985,100.0,0.0,238.861113457778,1.388887365079512
45.650000000000006,238.861113457778,100.0,0.0,240.2500008228573,1.3888873650792846
45.7,240.2500008228573,100.0,0.0,241.35937606153848,1.1093752386811957
45.75,241.35937606153848,100.0,0.0,242.14062790588238,0.7812518443438989
45.800000000000004,242.14062790588238,100.0,0.0,242.92187731764707,0.7812494117646906
45.85,242.92187731764707,100.0,0.0,243.70312672941185,0.7812494117647759
45.900000000000006,243.70312672941185,100.0,0.0,244.48437614117654,0.7812494117646906
45.95,244.48437614117654,100.0,0.0,245.2656255529412,0.7812494117646622
46.0,245.2656255529412,100.0,0.0,246.096428669388,0.8308031164467877
46.050000000000004,246.096428669388,100.0,0.0,247.70357315918375,1.6071444897957576
46.1,247.70357315918375,100.0,0.0,249.31071764897973,1.607144489795985
46.150000000000006,249.31071764897973,100.0,0.0,250.9178605358071,1.6071428868273756
46.2,250.9178605358071,100.0,0.0,252.52500205714284,1.607141521335734
46.25,252.52500205714284,100.0,0.0,254.13214357847883,1.6071415213359899
46.300000000000004,254.13214357847883,100.0,0.0,255.28750142337665,1.1553578448978215
46.35,255.28750142337665,100.0,0.0,255.9125009038962,0.6249994805195342
46.400000000000006,255.9125009038962,100.0,0.0,256.53750038441564,0.624999480519449
46.45,256.53750038441564,100.0,0.0,257.32500028493143,0.7874999005157974
46.5,257.32500028493143,100.0,0.0,258.57500138082196,1.250001095890525
46.550000000000004,258.57500138082196,100.0,0.0,259.8250024767123,1.2500010958903545
46.6,259.8250024767123,100.0,0.0,261.0750032000001,1.2500007232877692
46.650000000000006,261.0750032000001,100.0,0.0,262.3250032000001,1.25
46.7,262.3250032000001,100.0,0.0,263.5750032,1.2499999999999432
46.75,263.5750032,100.0,0.0,264.55000064,0.9749974399999815
46.800000000000004,264.55000064,100.0,0.0,265.38333494303026,0.8333343030302558
46.85,265.38333494303026,100.0,0.0,266.21666924606063,0.8333343030303695
46.900000000000006,266.21666924606063,100.0,0.0,267.05000243200004,0.8333331859394093
46.95,267.05000243200004,100.0,0.0,267.883333632,0.8333311999999751
47.0,267.883333632,100.0,0.0,268.80625062168684,0.9229169896868257
47.050000000000004,268.80625062168684,100.0,0.0,269.74375134457836,0.9375007228915138
47.1,269.74375134457836,100.0,0.0,270.6812520674699,0.9375007228915706
47.150000000000006,270.6812520674699,100.0,0.0,271.6187519792208,0.9374999117508764
47.2,271.6187519792208,100.0,0.0,272.5562512,0.9374992207792161
47.25,272.5562512,100.0,0.0,273.4937504207793,0.937499220779273
47.300000000000004,273.4937504207793,100.0,0.0,274.4312505018182,0.9375000810389338
47.35,274.4312505018182,100.0,0.0,275.36875159272745,0.9375010909092225
47.400000000000006,275.36875159272745,100.0,0.0,276.3062526836365,0.937501090909052
47.45,276.3062526836365,100.0,0.0,277.24375341419363,0.937500730557133
47.5,277.24375341419363,100.0,0.0,278.18125225290333,0.9374988387097005
47.550000000000004,278.18125225290333,100.0,0.0,279.118751091613,0.9374988387096437
47.6,279.118751091613,100.0,0.0,280.0525001460871,0.9337490544741058
47.650000000000006,280.0525001460871,100.0,0.0,280.9275021957063,0.8750020496192406
47.7,280.9275021957063,100.0,0.0,281.8025018793221,0.8749996836157834
47.75,281.8025018793221,100.0,0.0,282.677501562938,0.8749996836158971
47.800000000000004,282.677501562938,100.0,0.0,283.55250124655373,0.8749996836157266
47.85,283.55250124655373,100.0,0.0,284.42750093016963,0.8749996836158971
47.900000000000006,284.42750093016963,100.0,0.0,285.3025006137854,0.8749996836157834
47.95,285.3025006137854,100.0,0.0,286.1775002974012,0.8749996836157834
48.0,286.1775002974012,100.0,0.0,287.03750018461545,0.8599998872142578
48.050000000000004,287.03750018461545,100.0,0.0,287.66250160000004,0.6250014153845882
48.1,287.66250160000004,100.0,0.0,288.28750160000004,0.625
48.150000000000006,288.28750160000004,100.0,0.0,288.91250160000004,0.625
48.2,288.91250160000004,100.0,0.0,289.5375016,0.6249999999999432
48.25,289.5375016,100.0,0.0,290.16250114042555,0.6249995404255628
48.300000000000004,290.16250114042555,100.0,0.0,290.78750028936173,0.6249991489361832
48.35,290.78750028936173,100.0,0.0,291.55000081860476,0.7625005292430274
48.400000000000006,291.55000081860476,100.0,0.0,292.38333539224806,0.8333345736432989
48.45,292.38333539224806,100.0,0.0,293.2166688,0.8333334077519226
48.5,293.2166688,100.0,0.0,294.0500021333334,0.8333333333334281
48.550000000000004,294.0500021333334,100.0,0.0,294.88333546666667,0.8333333333332575
48.6,294.88333546666667,100.0,0.0,295.7166688000001,0.8333333333334281
48.650000000000006,295.7166688000001,100.0,0.0,296.5500007783785,0.8333319783783963
48.7,296.5500007783785,100.0,0.0,297.0958334490566,0.5458326706781236
48.75,297.0958334490566,100.0,0.0,297.3041670339623,0.20833358490568799
48.800000000000004,297.3041670339623,100.0,0.0,297.5125004656716,0.2083334317093204
48.85,297.5125004656716,100.0,0.0,297.72083360000005,0.20833313432842715
48.900000000000006,297.72083360000005,100.0,0.0,297.92916673432836,0.20833313432831346
48.95,297.92916673432836,100.0,0.0,298.41121506782787,0.48204833349950604
49.0,298.41121506782787,100.0,0.0,299.0342682009004,0.6230531330725171
49.050000000000004,299.0342682009004,100.0,0.0,299.6573213339728,0.6230531330724034
49.1,299.6573213339728,100.0,0.0,300.28037423144514,0.6230528974723484
49.150000000000006,300.28037423144514,100.0,0.0,300.9034270461389,0.6230528146937786
49.2,300.9034270461389,100.0,0.0,301.52647986083275,0.6230528146938354
49.25,301.52647986083275,100.0,0.0,302.22500000000014,0.6985201391673854
49.300000000000004,302.22500000000014,100.0,0.0,303.1625000000001,0.9374999999999432
49.35,303.1625000000001,100.0,0.0,304.10000000000014,0.9375000000000568
49.400000000000006,304.10000000000014,100.0,0.0,305.02500000000003,0.9249999999998977
49.45,305.02500000000003,100.0,0.0,305.65000000000003,0.625
49.5,305.65000000000003,100.0,0.0,306.2750000000001,0.6250000000000568
49.550000000000004,306.2750000000001,100.0,0.0,306.90000000000003,0.6249999999999432
49.6,306.90000000000003,100.0,0.0,307.4199997849601,0.5199997849600777
49.650000000000006,307.4199997849601,100.0,0.0,307.91999952896003,0.499999743999922
49.7,307.91999952896003,100.0,0.0,308.4199995050667,0.4999999761066647
49.75,308.4199995050667,100.0,0.0,308.9199999317334,0.500000426666702
49.800000000000004,308.9199999317334,100.0,0.0,309.35,0.4300000682666223
49.85,309.35,100.0,0.0,309.7666666666667,0.4166666666666856
49.900000000000006,309.7666666666667,100.0,0.0,310.18333333333334,0.41666666666662877
49.95,310.18333333333334,100.0,0.0,310.6,0.4166666666666856
50.0,310.6,100.0,0.0,311.01880878875016,0.41880878875014105
50.050000000000004,311.01880878875016,100.0,0.0,311.48902850750306,0.4702197187529009
50.1,311.48902850750306,100.0,0.0,311.95924812276513,0.47021961526206724
50.150000000000006,311.95924812276513,100.0,0.0,312.4294677053458,0.4702195825806825
50.2,312.4294677053458,100.0,0.0,312.8996872879265,0.4702195825806825
50.25,312.8996872879265,100.0,0.0,313.36990687050724,0.47021958258073937
50.300000000000004,313.36990687050724,100.0,0.0,313.8401258975053,0.47021902699805196
50.35,313.8401258975053,100.0,0.0,314.30937519223306,0.4692492947277742
50.400000000000006,314.30937519223306,100.0,0.0,314.7781254834952,0.46875029126215395
50.45,314.7781254834952,100.0,0.0,315.2468757747573,0.4687502912620971
50.5,315.2468757747573,100.0,0.0,315.71562606601947,0.46875029126215395
50.550000000000004,315.71562606601947,100.0,0.0,316.18437591578953,0.46874984977006307
50.6,316.18437591578953,100.0,0.0,316.65312538947376,0.4687494736842268
50.650000000000006,316.65312538947376,100.0,0.0,317.13000189452737,0.47687650505361034
50.7,317.13000189452737,100.0,0.0,317.6300017353234,0.499999840796022
50.75,317.6300017353234,100.0,0.0,318.1300015761194,0.499999840796022
50.800000000000004,318.1300015761194,100.0,0.0,318.63000141691543,0.499999840796022
50.85,318.63000141691543,100.0,0.0,319.1300012338145,0.4999998168990487
50.900000000000006,319.1300012338145,100.0,0.0,319.63000090391756,0.49999967010307955
50.95,319.63000090391756,100.0,0.0,320.1300005740206,0.4999996701030227
51.0,320.1300005740206,100.0,0.0,320.6300002441237,0.4999996701031364
51.050000000000004,320.6300002441237,100.0,0.0,321.0812507636363,0.4512505195125982
51.1,321.0812507636363,100.0,0.0,321.3937505038961,0.31249974025979554
51.150000000000006,321.3937505038961,100.0,0.0,321.70625024415585,0.3124997402597387
51.2,321.70625024415585,100.0,0.0,322.0321429520879,0.3258927079320415
51.25,322.0321429520879,100.0,0.0,322.56785882021984,0.5357158681319447
51.300000000000004,322.56785882021984,100.0,0.0,323.10357312212625,0.5357143019064097
51.35,323.10357312212625,100.0,0.0,323.6392869294353,0.5357138073090368
51.400000000000006,323.6392869294353,100.0,0.0,324.1750007367442,0.5357138073089232
51.45,324.1750007367442,100.0,0.0,324.71071454405313,0.5357138073089232
51.5,324.71071454405313,100.0,0.0,325.0,0.2892854559468674
51.550000000000004,325.0,100.0,0.0,325.0,0.0
51.6,325.0,100.0,0.0,325.0,0.0
51.650000000000006,325.0,100.0,0.0,325.12187522285717,0.12187522285717023
51.7,325.12187522285717,100.0,0.0,325.59062608,0.4687508571428225
51.75,325.59062608,100.0,0.0,326.05937673302327,0.4687506530232781
51.800000000000004,326.05937673302327,100.0,0.0,326.5281263144186,0.4687495813953433
51.85,326.5281263144186,100.0,0.0,326.996875895814,0.46874958139540013
51.900000000000006,326.996875895814,100.0,0.0,327.46562547720936,0.4687495813953433
51.95,327.46562547720936,100.0,0.0,327.93437505860464,0.46874958139528644
52.0,327.93437505860464,100.0,0.0,328.3225010068602,0.38812594825554925
52.050000000000004,328.3225010068602,100.0,0.0,328.69750107018467,0.3750000633244781
52.1,328.69750107018467,100.0,0.0,329.07250113350926,0.3750000633245918
52.150000000000006,329.07250113350926,100.0,0.0,329.4475011968338,0.37500006332453495
52.2,329.4475011968338,100.0,0.0,329.8225012601583,0.3750000633244781
52.25,329.8225012601583,100.0,0.0,330.19750132348287,0.3750000633245918
52.300000000000004,330.19750132348287,100.0,0.0,330.57250138680735,0.3750000633244781
52.35,330.57250138680735,100.0,0.0,330.94750067200005,0.3749992851927004
52.400000000000006,330.94750067200005,100.0,0.0,331.26875,0.32124932799996486
52.45,331.26875,100.0,0.0,331.58125,0.3125
52.5,331.58125,100.0,0.0,331.89375,0.3125
52.550000000000004,331.89375,100.0,0.0,332.20625018082194,0.3125001808219281
52.6,332.20625018082194,100.0,0.0,332.51875045479454,0.3125002739726028
52.650000000000006,332.51875045479454,100.0,0.0,332.8312507287671,0.312500273972546
52.7,332.8312507287671,100.0,0.0,333.0,0.16874927123291172
52.75,333.0,100.0,0.0,333.0,0.0
52.800000000000004,333.0,100.0,0.0,333.0,0.0
52.85,333.0,100.0,0.0,333.0,0.0
52.900000000000006,333.0,100.0,0.0,333.19166703838386,0.19166703838385502
52.95,333.19166703838386,100.0,0.0,333.6083344,0.4166673616161347
53.0,333.6083344,100.0,0.0,334.0250010666667,0.4166666666666856
53.050000000000004,334.0250010666667,100.0,0.0,334.44166773333336,0.4166666666666856
53.1,334.44166773333336,100.0,0.0,334.8583344000001,0.41666666666674246
53.150000000000006,334.8583344000001,100.0,0.0,335.0916667373494,0.23333233734928172
53.2,335.0916667373494,100.0,0.0,335.23055573333335,0.13888899598396165
53.25,335.23055573333335,100.0,0.0,335.3694447293173,0.13888899598396165
53.300000000000004,335.3694447293173,100.0,0.0,335.508333657732,0.13888892841470124
53.35,335.508333657732,100.0,0.0,335.64722245498285,0.1388887972508428
53.400000000000006,335.64722245498285,100.0,0.0,335.7861112522337,0.1388887972508428
53.45,335.7861112522337,100.0,0.0,335.92500004948454,0.1388887972508428
53.5,335.92500004948454,100.0,0.0,336.11500010082193,0.1900000513373925
53.550000000000004,336.11500010082193,100.0,0.0,336.36500032000004,0.250000219178105
53.6,336.36500032000004,100.0,0.0,336.61500053917814,0.250000219178105
53.650000000000006,336.61500053917814,100.0,0.0,336.86500032000004,0.249999780821895
53.7,336.86500032000004,100.0,0.0,337.07187507301586,0.2068747530158248
53.75,337.07187507301586,100.0,0.0,337.22812523174605,0.1562501587301881
53.800000000000004,337.22812523174605,100.0,0.0,337.3843753904762,0.15625015873013126
53.85,337.3843753904762,100.0,0.0,337.5406254,0.1562500095238306
53.900000000000006,337.5406254,100.0,0.0,337.6968754,0.15625
53.95,337.6968754,100.0,0.0,337.8531254,0.15625
54.0,337.8531254,100.0,0.0,338.0,0.14687459999998964
54.050000000000004,338.0,100.0,0.0,338.0,0.0
54.1,338.0,100.0,0.0,338.0,0.0
54.150000000000006,338.0,100.0,0.0,338.0,0.0
54.2,338.0,100.0,0.0,338.0,0.0
54.25,338.0,100.0,0.0,338.0406250252427,0.04062502524271849
54.300000000000004,338.0406250252427,100.0,0.0,338.1968751223301,0.1562500970873657
54.35,338.1968751223301,100.0,0.0,338.3531252194175,0.15625009708742255
54.400000000000006,338.3531252194175,100.0,0.0,338.5093753165049,0.1562500970873657
54.45,338.5093753165049,100.0,0.0,338.6656253754386,0.1562500589337219
54.5,338.6656253754386,100.0,0.0,338.8218752,0.15624982456142789
54.550000000000004,338.8218752,100.0,0.0,338.9781250245614,0.15624982456137104
54.6,338.9781250245614,100.0,0.0,339.0,0.021874975438606725
54.650000000000006,339.0,100.0,0.0,339.0,0.0
54.7,339.0,100.0,0.0,339.0,0.0
54.75,339.0,100.0,0.0,339.0,0.0
54.800000000000004,339.0,100.0,0.0,339.0,0.0
54.85,339.0,100.0,0.0,339.0,0.0
54.900000000000006,339.0,100.0,0.0,339.0,0.0
54.95,339.0,94.37777619265717,0.0,339.0,0.0
55.0,339.0,82.15555052452297,0.0,339.0,0.0
55.050000000000004,339.0,69.93332485638703,0.0,339.0,0.0
55.1,339.0,57.711099188252845,0.0,339.0,0.0
55.150000000000006,339.0,45.48887352011692,0.0,339.0,0.0
55.2,339.0,33.26665643308249,0.0,339.0,0.0
55.25,339.0,21.044440092230644,0.0,337.64583249190883,-1.354167508091166
55.300000000000004,337.64583249190883,11.349999596116254,0.0,332.43749592232996,-5.208336569578876
55.35,332.43749592232996,8.849998042718374,0.0,327.2291593527503,-5.2083365695796715
55.400000000000006,327.2291593527503,6.349996489320141,0.0,322.02082278317135,-5.2083365695789325
55.45,322.02082278317135,3.849994935922263,0.0,316.8124894117649,-5.208333371406468
55.5,316.8124894117649,1.3499949176471535,0.20588235294112114,310.70404846737966,-6.108440944385222
55.550000000000004,310.70404846737966,0.0,1.0,303.5389364399456,-7.165112027434077
55.6,303.5389364399456,0.0,1.0,296.3738244125105,-7.1651120274351
55.650000000000006,296.3738244125105,0.0,1.0,289.20871701665624,-7.16510739585425
55.7,289.20871701665624,0.0,1.0,282.0436099164348,-7.165107100221462
55.75,282.0436099164348,0.0,1.0,274.8785028162123,-7.165107100222485
55.800000000000004,274.8785028162123,0.0,1.0,267.76000307199985,-7.118499744212443
55.85,267.76000307199985,0.0,1.0,261.760005663463,-5.999997408536842
55.900000000000006,261.760005663463,0.0,1.0,255.76000351821182,-6.000002145251187
55.95,255.76000351821182,0.0,1.0,249.7600013729606,-6.000002145251216
56.0,249.7600013729606,0.0,1.0,243.81874999999977,-5.941251372960835
56.050000000000004,243.81874999999977,0.0,1.0,239.28749999999997,-4.531249999999801
56.1,239.28749999999997,0.0,1.0,234.7562499999995,-4.531250000000455
56.150000000000006,234.7562499999995,0.0,1.0,230.22499999999968,-4.5312499999998295
56.2,230.22499999999968,0.0,1.0,225.69374999999985,-4.5312499999998295
56.25,225.69374999999985,0.0,1.0,221.1624999999994,-4.531250000000455
56.300000000000004,221.1624999999994,0.0,1.0,216.63124999999994,-4.53124999999946
56.35,216.63124999999994,0.0,1.0,213.13333333333307,-3.4979166666668675
56.400000000000006,213.13333333333307,0.1777777777778045,1.0,210.21666666666644,-2.9166666666666288
56.45,210.21666666666644,0.4555555555555772,1.0,207.29999999999987,-2.916666666666572
56.5,207.29999999999987,0.7333333333333474,1.0,204.383333333333,-2.916666666666856
56.550000000000004,204.383333333333,1.011111111111144,1.0,201.46666666666655,-2.9166666666664582
56.6,201.46666666666655,1.288888888888901,1.0,198.54999999999967,-2.9166666666668846
56.650000000000006,198.54999999999967,1.5666666666666975,1.0,195.63333333333324,-2.91666666666643
56.7,195.63333333333324,1.8444444444444545,1.0,193.5875,-2.045833333333235
56.75,193.5875,2.27500000000001,0.8846153846153794,192.6499999999999,-0.9375000000001137
56.800000000000004,192.6499999999999,2.9000000000000683,0.564102564102529,191.71249999999995,-0.9374999999999432
56.85,191.71249999999995,3.5250000000000377,0.2435897435897243,190.77358490566024,-0.9389150943397055
56.900000000000006,190.77358490566024,5.056603773585579,0.0,189.8301886792452,-0.9433962264150466
56.95,189.8301886792452,9.459119496855799,0.0,188.88679245283015,-0.9433962264150466
57.0,188.88679245283015,13.861635220126018,0.0,187.90999955692288,-0.9767928959072663
57.050000000000004,187.90999955692288,18.585002880001333,0.0,186.40999675586204,-1.5000028010608446
57.1,186.40999675586204,28.335021086896766,0.0,184.90999785931018,-1.4999988965518583
57.150000000000006,184.90999785931018,38.08501391448384,0.0,183.40999896275852,-1.4999988965516593
57.2,183.40999896275852,47.83500674206952,0.0,182.042857472,-1.367141490758513
57.25,182.042857472,57.36428851200004,0.0,182.75714529882362,0.7142878268236075
57.300000000000004,182.75714529882362,63.435735040000665,0.0,183.47143047529414,0.7142851764705256
57.35,183.47143047529414,69.50715904000026,0.0,184.18571565176478,0.7142851764706393
57.400000000000006,184.18571565176478,75.57858304000072,0.0,184.90000082823533,0.714285176470554
57.45,184.90000082823533,81.6500070400003,0.0,185.61428600470586,0.7142851764705256
57.5,185.61428600470586,87.72143103999991,0.0,186.9104205511112,1.2961345464053409
57.550000000000004,186.9104205511112,91.43125184000004,0.0,188.88959069767438,1.9791701465631775
57.6,188.88959069767438,92.36875348837208,0.0,190.86875694352176,1.9791662458473809
57.650000000000006,190.86875694352176,93.30625328903662,0.0,192.84792318936888,1.979166245847125
57.7,192.84792318936888,94.24375308970104,0.0,194.82708943521598,1.9791662458470967
57.75,194.82708943521598,95.18125289036546,0.0,196.80625568106336,1.9791662458473809
57.800000000000004,196.80625568106336,96.11875269103,0.0,198.78542192691046,1.9791662458470967
57.85,198.78542192691046,97.05625249169441,0.0,200.7645873791048,1.9791654521943371
57.900000000000006,200.7645873791048,97.99375191641806,0.0,202.7437521552241,1.9791647761192905
57.95,202.7437521552241,98.93125102089562,0.0,204.72291693134338,1.9791647761192905
58.0,204.72291693134338,99.86875012537317,0.0,206.07500458666678,1.3520876553234018
58.050000000000004,206.07500458666678,100.0,0.0,207.32500437569067,1.2499997890238888
58.1,207.32500437569067,100.0,0.0,208.57500393370185,1.249999558011183
58.150000000000006,208.57500393370185,100.0,0.0,209.82500349171283,1.249999558010984
58.2,209.82500349171283,100.0,0.0,211.07500301496603,1.2499995232531944
58.25,211.07500301496603,100.0,0.0,212.32500247074844,1.2499994557824152
58.300000000000004,212.32500247074844,100.0,0.0,213.57500192653066,1.2499994557822163
58.35,213.57500192653066,100.0,0.0,214.82500138231308,1.2499994557824152
58.400000000000006,214.82500138231308,100.0,0.0,216.07500083809532,1.2499994557822447
58.45,216.07500083809532,100.0,0.0,217.32500029387754,1.2499994557822163
58.5,217.32500029387754,100.0,0.0,218.44722256706834,1.1222222731908005
58.550000000000004,218.44722256706834,100.0,0.0,219.41944553895584,0.9722229718875042
58.6,219.41944553895584,100.0,0.0,220.39166851084352,0.9722229718876747
58.650000000000006,220.39166851084352,100.0,0.0,221.3638912879726,0.9722227771290761
58.7,221.3638912879726,100.0,0.0,222.33611286872855,0.9722215807559564
58.75,222.33611286872855,100.0,0.0,223.30833444948462,0.9722215807560701
58.800000000000004,223.30833444948462,100.0,0.0,224.28055603024058,0.9722215807559564
58.85,224.28055603024058,100.0,0.0,225.26591298747007,0.9853569572294987
58.900000000000006,225.26591298747007,100.0,0.0,226.28864006824847,1.0227270807783952
58.95,226.28864006824847,100.0,0.0,227.3113671490269,1.0227270807784237
59.0,227.3113671490269,100.0,0.0,228.33409422980546,1.0227270807785658
59.050000000000004,228.33409422980546,100.0,0.0,229.35682131058388,1.0227270807784237
59.1,229.35682131058388,100.0,0.0,230.37954839136245,1.0227270807785658
59.150000000000006,230.37954839136245,100.0,0.0,231.40227547214087,1.0227270807784237
59.2,231.40227547214087,100.0,0.0,232.42500214468092,1.0227266725400455
59.25,232.42500214468092,100.0,0.0,233.44772802475836,1.022725880077445
59.300000000000004,233.44772802475836,100.0,0.0,234.6900004748388,1.242272450080435
59.35,234.6900004748388,100.0,0.0,236.190001507097,1.5000010322582114
59.400000000000006,236.190001507097,100.0,0.0,237.69000253935496,1.5000010322579556
59.45,237.69000253935496,100.0,0.0,239.19000357161295,1.500001032257984
59.5,239.19000357161295,100.0,0.0,240.57500059675684,1.384997025143889
59.550000000000004,240.57500059675684,100.0,0.0,241.82500189405405,1.2500012972972172
59.6,241.82500189405405,100.0,0.0,243.07500319135144,1.2500012972973877
59.650000000000006,243.07500319135144,100.0,0.0,244.32500448864863,1.2500012972971888
59.7,244.32500448864863,100.0,0.0,245.575000395699,1.2499959070503621
59.75,245.575000395699,100.0,0.0,246.82500125591417,1.2500008602151809
59.800000000000004,246.82500125591417,100.0,0.0,248.07500211612913,1.2500008602149535
59.85,248.07500211612913,100.0,0.0,249.3250029763443,1.2500008602151809
59.900000000000006,249.3250029763443,100.0,0.0,250.09583333333336,0.7708303569890518
59.95,250.09583333333336,100.0,0.0,250.30416666666667,0.20833333333331439
60.0,250.30416666666667,100.0,0.0,250.51250000000002,0.2083333333333428
60.050000000000004,250.51250000000002,100.0,0.0,250.72083333333333,0.20833333333331439
60.1,250.72083333333333,100.0,0.0,250.92916666666667,0.2083333333333428
60.150000000000006,250.92916666666667,100.0,0.0,251.61875000000003,0.6895833333333599
60.2,251.61875000000003,100.0,0.0,252.55625,0.9374999999999716
60.25,252.55625,100.0,0.0,253.4937500000001,0.9375000000000853
60.300000000000004,253.4937500000001,100.0,0.0,254.1568181818182,0.6630681818181188
60.35,254.1568181818182,100.0,0.0,254.49772727272733,0.3409090909091219
60.400000000000006,254.49772727272733,100.0,0.0,254.8386363636364,0.34090909090906507
60.45,254.8386363636364,100.0,0.0,255.17954545454546,0.34090909090906507
60.5,255.17954545454546,100.0,0.0,255.52045454545458,0.3409090909091219
60.550000000000004,255.52045454545458,100.0,0.0,255.86136363636365,0.34090909090906507
60.6,255.86136363636365,100.0,0.0,256.20227272727277,0.3409090909091219
60.650000000000006,256.20227272727277,100.0,0.0,256.54318181818184,0.34090909090906507
60.7,256.54318181818184,100.0,0.0,256.8840909090909,0.34090909090906507
60.75,256.8840909090909,100.0,0.0,257.82500000000005,0.9409090909091447
60.800000000000004,257.82500000000005,100.0,0.0,259.075,1.2499999999999432
60.85,259.075,100.0,0.0,260.32500000000016,1.2500000000001705
60.900000000000006,260.32500000000016,100.0,0.0,261.19166686137567,0.8666668613755064
60.95,261.19166686137567,100.0,0.0,261.6083339513228,0.41666708994711144
61.0,261.6083339513228,100.0,0.0,262.0250010412699,0.41666708994711144
61.050000000000004,262.0250010412699,100.0,0.0,262.44166729356726,0.4166662522973752
61.1,262.44166729356726,100.0,0.0,262.8583334923977,0.4166661988304554
61.150000000000006,262.8583334923977,100.0,0.0,263.5775011200001,0.71916762760236
61.2,263.5775011200001,100.0,0.0,264.45250224000006,0.875001119999979
61.25,264.45250224000006,100.0,0.0,265.3275022400001,0.8750000000000568
61.300000000000004,265.3275022400001,100.0,0.0,266.20250224000006,0.8749999999999432
61.35,266.20250224000006,100.0,0.0,267.0775022400002,0.8750000000001137
61.400000000000006,267.0775022400002,100.0,0.0,267.9525022400001,0.8749999999999432
61.45,267.9525022400001,100.0,0.0,268.82750224000006,0.8749999999999432
61.5,268.82750224000006,100.0,0.0,269.7025022400001,0.8750000000000568
61.550000000000004,269.7025022400001,100.0,0.0,270.6750002360656,0.9724979960654991
61.6,270.6750002360656,100.0,0.0,271.6977278664681,1.0227276304024713
61.650000000000006,271.6977278664681,100.0,0.0,272.7204554968704,1.0227276304023007
61.7,272.7204554968704,100.0,0.0,273.7431831272727,1.0227276304023007
61.75,273.7431831272727,100.0,0.0,274.76591075767516,1.0227276304024713
61.800000000000004,274.76591075767516,100.0,0.0,275.7886383880775,1.0227276304023576
61.85,275.7886383880775,100.0,0.0,276.81136601848,1.0227276304024713
61.900000000000006,276.81136601848,100.0,0.0,277.8340929257986,1.0227269073185994
61.95,277.8340929257986,100.0,0.0,278.85681842948406,1.0227255036854785
62.0,278.85681842948406,100.0,0.0,279.645000778868,0.7881823493839306
62.050000000000004,279.645000778868,100.0,0.0,280.3950016845283,0.750000905660329
62.1,280.3950016845283,100.0,0.0,281.1450011642554,0.7499994797270801
62.150000000000006,281.1450011642554,100.0,0.0,281.89500014297874,0.7499989787233403
62.2,281.89500014297874,100.0,0.0,282.4764545242407,0.581454381261949
62.25,282.4764545242407,100.0,0.0,283.0304714128927,0.5540168886520291
62.300000000000004,283.0304714128927,100.0,0.0,283.5844880353109,0.554016622418203
62.35,283.5844880353109,100.0,0.0,284.13850414092263,0.5540161056117086
62.400000000000006,284.13850414092263,100.0,0.0,284.69252024653423,0.5540161056115949
62.45,284.69252024653423,100.0,0.0,285.2465364935693,0.5540162470350651
62.5,285.2465364935693,100.0,0.0,285.8005537777096,0.5540172841402864
62.550000000000004,285.8005537777096,100.0,0.0,286.34285714285716,0.5423033651475748
62.6,286.34285714285716,100.0,0.0,286.87857142857143,0.5357142857142776
62.650000000000006,286.87857142857143,100.0,0.0,287.4142857142857,0.5357142857142776
62.7,287.4142857142857,100.0,0.0,287.95,0.5357142857142776
62.75,287.95,100.0,0.0,288.4857142857143,0.5357142857143344
62.800000000000004,288.4857142857143,100.0,0.0,289.0277777777778,0.5420634920635052
62.85,289.0277777777778,100.0,0.0,289.72222222222234,0.6944444444445139
62.900000000000006,289.72222222222234,100.0,0.0,290.41666666666674,0.6944444444444002
62.95,290.41666666666674,100.0,0.0,291.11111111111114,0.6944444444444002
63.0,291.11111111111114,100.0,0.0,291.80555555555566,0.6944444444445139
63.050000000000004,291.80555555555566,100.0,0.0,292.50000000000006,0.6944444444444002
63.1,292.50000000000006,100.0,0.0,293.19444444444457,0.6944444444445139
63.150000000000006,293.19444444444457,100.0,0.0,293.88888888888897,0.6944444444444002
63.2,293.88888888888897,100.0,0.0,294.41999999999996,0.5311111111109881
63.25,294.41999999999996,100.0,0.0,294.92,0.5000000000000568
63.300000000000004,294.92,100.0,0.0,295.42,0.5
63.35,295.42,100.0,0.0,295.92,0.5
63.400000000000006,295.92,100.0,0.0,296.2625,0.3424999999999727
63.45,296.2625,100.0,0.0,296.575,0.3125
63.5,296.575,100.0,0.0,296.88750000000005,0.31250000000005684
63.550000000000004,296.88750000000005,100.0,0.0,297.3009406200019,0.4134406200018361
63.6,297.3009406200019,100.0,0.0,297.7711603387549,0.4702197187530146
63.650000000000006,297.7711603387549,100.0,0.0,298.2413800575078,0.4702197187529009
63.7,298.2413800575078,100.0,0.0,298.7115997762607,0.4702197187529009
63.75,298.7115997762607,100.0,0.0,299.18181949501366,0.47021971875295776
63.800000000000004,299.18181949501366,100.0,0.0,299.6520382989071,0.47021880389343096
63.85,299.6520382989071,100.0,0.0,300.13000023771434,0.4779619388072547
63.900000000000006,300.13000023771434,100.0,0.0,300.63000115200003,0.5000009142856925
63.95,300.63000115200003,100.0,0.0,301.1300017583158,0.5000006063157798
64.0,301.1300017583158,100.0,0.0,301.63000074778944,0.49999898947362453
64.05,301.63000074778944,100.0,0.0,302.16250006797395,0.5324993201845132
64.10000000000001,302.16250006797395,100.0,0.0,302.7875003294118,0.6250002614378332
64.15,302.7875003294118,100.0,0.0,303.4125005908497,0.62500026143789
64.2,303.4125005908497,100.0,0.0,304.03750085228756,0.62500026143789
64.25,304.03750085228756,100.0,0.0,304.66250111372545,0.62500026143789
64.3,304.66250111372545,100.0,0.0,305.2875013751635,0.6250002614380605
64.35000000000001,305.2875013751635,100.0,0.0,305.9125008000001,0.6249994248365738
64.4,305.9125008000001,100.0,0.0,306.1535716319212,0.24107083192109258
64.45,306.1535716319212,100.0,0.0,306.3321432969458,0.17857166502460586
64.5,306.3321432969458,100.0,0.0,306.5107149619704,0.17857166502460586
64.55,306.5107149619704,100.0,0.0,306.6892861561905,0.17857119422012602
64.60000000000001,306.6892861561905,100.0,0.0,306.8678573307937,0.17857117460317795
64.65,306.8678573307937,100.0,0.0,307.1625000000001,0.2946426692063824
64.7,307.1625000000001,100.0,0.0,307.7875,0.6249999999999432
64.75,307.7875,100.0,0.0,308.4125,0.625
64.8,308.4125,100.0,0.0,309.01250048,0.6000004800000056
64.85000000000001,309.01250048,100.0,0.0,309.2208340275482,0.2083335475481931
64.9,309.2208340275482,100.0,0.0,309.42916725068875,0.20833322314052793
64.95,309.42916725068875,100.0,0.0,309.63750053333337,0.2083332826446167
65.0,309.63750053333337,100.0,0.0,309.8458338666667,0.20833333333331439
65.05,309.8458338666667,100.0,0.0,310.05416720000005,0.20833333333337123
65.10000000000001,310.05416720000005,100.0,0.0,310.26250053333337,0.20833333333331439
65.15,310.26250053333337,100.0,0.0,310.4708338666667,0.20833333333331439
65.2,310.4708338666667,100.0,0.0,310.6791671035461,0.20833323687941174
65.25,310.6791671035461,100.0,0.0,310.88750015319147,0.20833304964537547
65.3,310.88750015319147,100.0,0.0,311.11500033969236,0.22750018650089032
65.35000000000001,311.11500033969236,100.0,0.0,311.3650009031112,0.2500005634188369
65.4,311.3650009031112,100.0,0.0,311.6150005475556,0.24999964444441503
65.45,311.6150005475556,100.0,0.0,311.865000192,0.24999964444441503
65.5,311.865000192,100.0,0.0,312.1437501903448,0.27874999834477876
65.55,312.1437501903448,100.0,0.0,312.456250604138,0.31250041379320237
65.60000000000001,312.456250604138,100.0,0.0,312.7687510179311,0.3125004137930887
65.65,312.7687510179311,100.0,0.0,313.16250014246583,0.393749124534736
65.7,313.16250014246583,100.0,0.0,313.787500690411,0.6250005479451488
65.75,313.787500690411,100.0,0.0,314.4125012383561,0.6250005479451488
65.8,314.4125012383561,100.0,0.0,315.0,0.5874987616438716
65.85000000000001,315.0,100.0,0.0,315.0,0.0
65.9,315.0,100.0,0.0,315.0,0.0
65.95,315.0,100.0,0.0,315.0,0.0
66.0,315.0,100.0,0.0,315.0,0.0
66.05,315.0,100.0,0.0,315.05416670032366,0.05416670032366255
66.10000000000001,315.05416670032366,100.0,0.0,315.2625001631068,0.20833346278311637
66.15,315.2625001631068,100.0,0.0,315.47083362588995,0.20833346278317322
66.2,315.47083362588995,100.0,0.0,315.6791670886731,0.20833346278317322
66.25,315.6791670886731,100.0,0.0,315.8875004235294,0.20833333485626326
66.3,315.8875004235294,100.0,0.0,316.2300002387028,0.34249981517342576
66.35000000000001,316.2300002387028,100.0,0.0,316.73000075762167,0.5000005189188528
66.4,316.73000075762167,100.0,0.0,317.2300012765406,0.5000005189189096
66.45,317.2300012765406,100.0,0.0,317.7300017954595,0.5000005189189096
66.5,317.7300017954595,100.0,0.0,318.0958333333333,0.3658315378738166
66.55,318.0958333333333,100.0,0.0,318.30416666666673,0.20833333333342807
66.60000000000001,318.30416666666673,100.0,0.0,318.51250000000005,0.20833333333331439
66.65,318.51250000000005,100.0,0.0,318.72083333333336,0.20833333333331439
66.7,318.72083333333336,100.0,0.0,318.9291666666667,0.20833333333331439
66.75,318.9291666666667,100.0,0.0,319.10312544000004,0.17395877333336784
66.8,319.10312544000004,100.0,0.0,319.2593755708813,0.15625013088123296
66.85000000000001,319.2593755708813,100.0,0.0,319.4156255325671,0.15624996168583039
66.9,319.4156255325671,100.0,0.0,319.5718754942529,0.15624996168577354
66.95,319.5718754942529,100.0,0.0,319.7281254559387,0.15624996168583039
67.0,319.7281254559387,100.0,0.0,319.88437541762454,0.15624996168583039
67.05,319.88437541762454,100.0,0.0,320.08125,0.19687458237547162
67.10000000000001,320.08125,100.0,0.0,320.39375,0.3125
67.15,320.39375,100.0,0.0,320.70625,0.3125
67.2,320.70625,100.0,0.0,321.0125000347826,0.30625003478257895
67.25,321.0125000347826,100.0,0.0,321.2208338474226,0.20833381264003492
67.3,321.2208338474226,100.0,0.0,321.429167043299,0.20833319587637789
67.35000000000001,321.429167043299,100.0,0.0,321.63750023917527,0.2083331958762642
67.4,321.63750023917527,100.0,0.0,321.8458334350516,0.20833319587632104
67.45,321.8458334350516,100.0,0.0,322.08125012093024,0.23541668587864706
67.5,322.08125012093024,100.0,0.0,322.3937505860465,0.3125004651162726
67.55,322.3937505860465,100.0,0.0,322.70625050810816,0.31249992206164734
67.60000000000001,322.70625050810816,100.0,0.0,323.0125,0.30624949189183326
67.65,323.0125,100.0,0.0,323.2208333333333,0.20833333333331439
67.7,323.2208333333333,100.0,0.0,323.4291666666667,0.20833333333337123
67.75,323.4291666666667,100.0,0.0,323.6375,0.20833333333331439
67.8,323.6375,100.0,0.0,323.84583333333336,0.20833333333337123
67.85000000000001,323.84583333333336,100.0,0.0,324.0406250604651,0.19479172713175785
67.9,324.0406250604651,100.0,0.0,324.19687529302325,0.1562502325581363
67.95,324.19687529302325,100.0,0.0,324.35312535384617,0.15625006082291293
68.0,324.35312535384617,100.0,0.0,324.50937526837606,0.15624991452989434
68.05,324.50937526837606,100.0,0.0,324.665625182906,0.15624991452995118
68.10000000000001,324.665625182906,100.0,0.0,324.8218750974359,0.15624991452989434
68.15,324.8218750974359,100.0,0.0,324.97812501196586,0.15624991452995118
68.2,324.97812501196586,100.0,0.0,325.0,0.021874988034142007
68.25,325.0,100.0,0.0,325.0,0.0
68.3,325.0,100.0,0.0,325.0,0.0
68.35000000000001,325.0,100.0,0.0,325.0,0.0
68.4,325.0,100.0,0.0,325.0,0.0
68.45,325.0,100.0,0.0,325.0,0.0
68.5,325.0,100.0,0.0,325.0,0.0
68.55,325.0,100.0,0.0,325.0,0.0
68.60000000000001,325.0,100.0,0.0,325.15357149543246,0.15357149543245896
68.65,325.15357149543246,100.0,0.0,325.3321430017493,0.17857150631681407
68.7,325.3321430017493,100.0,0.0,325.51071450806603,0.17857150631675722
68.75,325.51071450806603,100.0,0.0,325.6892858638023,0.17857135573626692
68.8,325.6892858638023,100.0,0.0,325.8678572064447,0.1785713426423854
68.85000000000001,325.8678572064447,100.0,0.0,326.06467665139763,0.19681944495295056
68.9,326.06467665139763,100.0,0.0,326.3134330029269,0.24875635152926634
68.95,326.3134330029269,100.0,0.0,326.56218922928235,0.2487562263554537
69.0,326.56218922928235,100.0,0.0,326.8109453490083,0.2487561197259538
69.05,326.8109453490083,100.0,0.0,327.0,0.18905465099169305
69.10000000000001,327.0,100.0,0.0,327.0,0.0
69.15,327.0,100.0,0.0,327.0,0.0
69.2,327.0,100.0,0.0,327.0,0.0
69.25,327.0,100.0,0.0,327.0,0.0
69.3,327.0,100.0,0.0,327.0,0.0
69.35000000000001,327.0,100.0,0.0,327.0,0.0
69.4,327.0,100.0,0.0,327.0,0.0
69.45,327.0,100.0,0.0,327.0,0.0
69.5,327.0,100.0,0.0,327.0,0.0
69.55,327.0,100.0,0.0,327.0,0.0
69.60000000000001,327.0,100.0,0.0,327.0,0.0
69.65,327.0,100.0,0.0,327.0,0.0
69.7,327.0,100.0,0.0,327.0,0.0
69.75,327.0,100.0,0.0,327.0,0.0
69.8,327.0,100.0,0.0,327.0,0.0
69.85000000000001,327.0,100.0,0.0,327.0,0.0
69.9,327.0,100.0,0.0,327.0,0.0
69.95,327.0,100.0,0.0,327.0,0.0
70.0,327.0,100.0,0.0,327.0,0.0
70.05,327.0,100.0,0.0,327.0,0.0
70.10000000000001,327.0,100.0,0.0,327.0,0.0
70.15,327.0,100.0,0.0,327.0,0.0
70.2,327.0,100.0,0.0,327.0,0.0
70.25,327.0,100.0,0.0,327.0,0.0
70.3,327.0,100.0,0.0,327.0,0.0
70.35000000000001,327.0,100.0,0.0,327.0,0.0
70.4,327.0,100.0,0.0,327.0,0.0
70.45,327.0,100.0,0.0,327.0,0.0
70.5,327.0,100.0,0.0,327.0,0.0
70.55,327.0,100.0,0.0,327.0,0.0
70.60000000000001,327.0,100.0,0.0,327.0,0.0
70.65,327.0,100.0,0.0,327.0,0.0
70.7,327.0,98.94374999999955,0.0,327.0,0.0
70.75,327.0,94.8812499999997,0.0,327.0,0.0
70.8,327.0,90.81874999999984,0.0,326.77499999999895,-0.22500000000104592
70.85000000000001,326.77499999999895,85.91249999999485,0.012500000000059212,323.0249999999993,-3.749999999999659
70.9,323.0249999999993,67.78749999999657,0.22083333333337282,319.27499999999964,-3.749999999999659
70.95,319.27499999999964,49.66249999999828,0.4291666666666864,315.525,-3.749999999999659
71.0,315.525,31.5375,0.6375000000000001,311.7750000000004,-3.749999999999602
71.05,311.7750000000004,13.412500000001728,0.8458333333333136,307.24499481599923,-4.530005184001141
71.10000000000001,307.24499481599923,0.0,1.0,300.4949748775378,-6.750019938461435
71.15,300.4949748775378,0.0,1.0,293.744983296,-6.749991581537813
71.2,293.744983296,0.0,1.0,286.9949928960006,-6.749990399999376
71.25,286.9949928960006,0.0,1.0,280.57812411650576,-6.416868779494848
71.3,280.57812411650576,0.0,1.0,275.109370718446,-5.468753398059789
71.35000000000001,275.109370718446,0.0,1.0,269.6406173203877,-5.468753398058254
71.4,269.6406173203877,0.0,1.0,264.17186392232946,-5.468753398058254
71.45,264.17186392232946,0.0,1.0,258.7031118596486,-5.468752062680892
71.5,258.7031118596486,0.0,1.0,253.234368,-5.468743859648583
71.55,253.234368,0.0,1.0,247.76562414034984,-5.4687438596501465
71.60000000000001,247.76562414034984,0.0,1.0,244.98437409790182,-2.781250042448022
71.65,244.98437409790182,0.13437506013987938,1.0,242.64062304895089,-2.343751048950935
71.7,242.64062304895089,0.2906251300699397,1.0,240.296872,-2.343751048950878
71.75,240.296872,0.4468752,1.0,237.95312095104907,-2.343751048950935
71.8,237.95312095104907,0.6031252699300603,1.0,235.6093699020975,-2.3437510489515603
71.85000000000001,235.6093699020975,0.759375339860165,1.0,233.26562023529394,-2.343749666803575
71.9,233.26562023529394,0.9156253176470706,1.0,231.25249958400013,-2.0131206512938036
71.95,231.25249958400013,1.2875001599999525,1.0,229.62749867965238,-1.6250009043477576
72.0,229.62749867965238,1.9125005078260062,1.0,228.00249777530465,-1.6250009043477291
72.05,228.00249777530465,2.5375008556520595,1.0,226.37749687095643,-1.6250009043482123
72.10000000000001,226.37749687095643,3.162501203478291,1.0,224.7524959666087,-1.6250009043477291
72.15,224.7524959666087,3.787501551304344,1.0,223.12749506226095,-1.6250009043477576
72.2,223.12749506226095,4.4125018991303975,1.0,221.50249415791322,-1.6250009043477291
72.25,221.50249415791322,5.037502246956451,1.0,219.87749693672743,-1.6249972211857937
72.3,219.87749693672743,5.66250117818176,0.49090909090917545,218.42499949589015,-1.452497440837277
72.35000000000001,218.42499949589015,6.575000504109845,0.0,217.17499839999982,-1.250001095890326
72.4,217.17499839999982,7.825001600000178,0.0,215.9249973041095,-1.250001095890326
72.45,215.9249973041095,9.075002695890511,0.0,214.7562499999999,-1.168747304109587
72.5,214.7562499999999,10.0,0.0,213.81875000000002,-0.9374999999998863
72.55,213.81875000000002,10.0,0.0,212.88124999999988,-0.9375000000001421
72.60000000000001,212.88124999999988,10.0,0.0,211.98333331126437,-0.8979166887355063
72.65,211.98333331126437,10.608334138850614,0.0,211.70555516567052,-0.2777781455938566
72.7,211.70555516567052,20.747236453026563,0.0,211.42777702007666,-0.2777781455938566
72.75,211.42777702007666,30.88613876720251,0.0,211.14999896844998,-0.277778051626683
72.8,211.14999896844998,41.02503765157655,0.0,210.87222141015087,-0.2777775582991069
72.85000000000001,210.87222141015087,51.163918529493415,0.0,210.5944438766169,-0.27777753353396406
72.9,210.5944438766169,61.30279850348278,0.0,210.3166663641791,-0.2777775124378081
72.95,210.3166663641791,71.44167770746228,0.0,210.03888885174132,-0.2777775124377797
73.0,210.03888885174132,81.58055691144178,0.0,210.5375004712328,0.49861161949147004
73.05,210.5375004712328,85.95625259178027,0.0,211.16250101917814,0.6250005479453478
73.10000000000001,211.16250101917814,89.39375560547965,0.0,211.7875015671233,0.6250005479451488
73.15,211.7875015671233,92.83125861917807,0.0,212.75000026229512,0.9624986951718313
73.2,212.75000026229512,94.45000015737706,0.0,213.88636429607547,1.1363640337803531
73.25,213.88636429607547,95.13181857764529,0.0,215.02272832985582,1.1363640337803531
73.3,215.02272832985582,95.8136369979135,0.0,216.15909236363652,1.1363640337806942
73.35000000000001,216.15909236363652,96.49545541818192,0.0,217.2954563974169,1.1363640337803815
73.4,217.2954563974169,97.17727383845013,0.0,218.43182043119725,1.1363640337803531
73.45,218.43182043119725,97.85909225871835,0.0,219.5681844649776,1.1363640337803531
73.5,219.5681844649776,98.54091067898658,0.0,220.7045476953316,1.136363230353993
73.55,220.7045476953316,99.22272861719897,0.0,221.84090936609357,1.1363616707619713
73.60000000000001,221.84090936609357,99.90454561965615,0.0,222.64500077886805,0.8040914127744827
73.65,222.64500077886805,100.0,0.0,223.3950016845284,0.7500009056603574
73.7,223.3950016845284,100.0,0.0,224.14500116425535,0.749999479726938
73.75,224.14500116425535,100.0,0.0,224.89500014297866,0.7499989787233119
73.8,224.89500014297866,100.0,0.0,226.0750009424659,1.1800007994872317
73.85000000000001,226.0750009424659,100.0,0.0,227.32500203835622,1.250001095890326
73.9,227.32500203835622,100.0,0.0,228.57500313424657,1.2500010958903545
73.95,228.57500313424657,100.0,0.0,229.8250004148147,1.2499972805681239
74.0,229.8250004148147,100.0,0.0,230.5972227458142,0.7722223309995115
74.05,230.5972227458142,100.0,0.0,231.2916677990868,0.6944450532726023
74.10000000000001,231.2916677990868,100.0,0.0,231.9861128523592,0.6944450532724034
74.15,231.9861128523592,100.0,0.0,232.68055694288677,0.6944440905275542
74.2,232.68055694288677,100.0,0.0,233.37500097196255,0.6944440290757825
74.25,233.37500097196255,100.0,0.0,234.0694450010383,0.6944440290757541
74.3,234.0694450010383,100.0,0.0,234.76388903011429,0.6944440290759815
74.35000000000001,234.76388903011429,100.0,0.0,235.67500257391313,0.911113543798848
74.4,235.67500257391313,100.0,0.0,236.69772953043483,1.0227269565216943
74.45,236.69772953043483,100.0,0.0,237.7204564869565,1.022726956521666
74.5,237.7204564869565,100.0,0.0,238.74318344347816,1.022726956521666
74.55,238.74318344347816,100.0,0.0,239.76591040000014,1.0227269565219785
74.60000000000001,239.76591040000014,100.0,0.0,240.78863735652183,1.0227269565216943
74.65,240.78863735652183,100.0,0.0,241.8113643130435,1.022726956521666
74.7,241.8113643130435,100.0,0.0,242.83409126956516,1.022726956521666
74.75,242.83409126956516,100.0,0.0,243.85681822608686,1.0227269565216943
74.8,243.85681822608686,100.0,0.0,244.75250023265716,0.8956820065702971
74.85000000000001,244.75250023265716,100.0,0.0,245.62750050318851,0.8750002705313591
74.9,245.62750050318851,100.0,0.0,246.5025007737199,0.8750002705313875
74.95,246.5025007737199,100.0,0.0,247.3775010442513,0.8750002705313875
75.0,247.3775010442513,100.0,0.0,248.25250091108813,0.8749998668368448
75.05,248.25250091108813,100.0,0.0,249.1275006209329,0.874999709844758
75.10000000000001,249.1275006209329,100.0,0.0,250.0025003307774,0.8749997098445021
75.15,250.0025003307774,100.0,0.0,250.87750004062192,0.8749997098445306
75.2,250.87750004062192,100.0,0.0,251.46071475374154,0.5832147131196166
75.25,251.46071475374154,100.0,0.0,251.99642958367346,0.5357148299319192
75.3,251.99642958367346,100.0,0.0,252.53214407718008,0.5357144935066174
75.35000000000001,252.53214407718008,100.0,0.0,253.06785791762533,0.5357138404452542
75.4,253.06785791762533,100.0,0.0,253.6035717580706,0.5357138404452542
75.45,253.6035717580706,100.0,0.0,254.21606658657436,0.6124948285037703
75.5,254.21606658657436,100.0,0.0,255.04709191955223,0.8310253329778732
75.55,255.04709191955223,100.0,0.0,255.87811725253036,0.831025332978129
75.60000000000001,255.87811725253036,100.0,0.0,256.7091421806622,0.8310249281318249
75.65,256.7091421806622,100.0,0.0,257.54016696655077,0.8310247858885873
75.7,257.54016696655077,100.0,0.0,258.37119175243936,0.8310247858885873
75.75,258.37119175243936,100.0,0.0,259.2022164907878,0.8310247383484466
75.8,259.2022164907878,100.0,0.0,260.0318181818183,0.8296016910305184
75.85000000000001,260.0318181818183,100.0,0.0,260.8272727272728,0.7954545454545041
75.9,260.8272727272728,100.0,0.0,261.62272727272733,0.7954545454545041
75.95,261.62272727272733,100.0,0.0,262.4181818181818,0.7954545454544473
76.0,262.4181818181818,100.0,0.0,263.2136363636363,0.7954545454545041
76.05,263.2136363636363,100.0,0.0,264.009090909091,0.7954545454547315
76.10000000000001,264.009090909091,100.0,0.0,264.8045454545455,0.7954545454545041
76.15,264.8045454545455,100.0,0.0,265.6000000000001,0.795454545454561
76.2,265.6000000000001,100.0,0.0,266.3954545454546,0.7954545454545041
76.25,266.3954545454546,100.0,0.0,267.1499998870588,0.7545453416042278
76.3,267.1499998870588,100.0,0.0,267.7749994164707,0.6249995294118662
76.35000000000001,267.7749994164707,100.0,0.0,268.39999929037657,0.6249998739058924
76.4,268.39999929037657,100.0,0.0,269.0249994577406,0.6250001673640213
76.45,269.0249994577406,100.0,0.0,269.6499996251046,0.6250001673640213
76.5,269.6499996251046,100.0,0.0,270.27499979246863,0.6250001673640213
76.55,270.27499979246863,100.0,0.0,270.8999999598328,0.6250001673641918
76.60000000000001,270.8999999598328,100.0,0.0,271.5250000000001,0.6250000401672651
76.65,271.5250000000001,100.0,0.0,272.24,0.7149999999999181
76.7,272.24,100.0,0.0,273.23999999999995,0.9999999999999432
76.75,273.23999999999995,100.0,0.0,274.2400000000001,1.0000000000001705
76.80000000000001,274.2400000000001,100.0,0.0,275.24000000000007,0.9999999999999432
76.85000000000001,275.24000000000007,100.0,0.0,276.17999990784,0.9399999078399333
76.9,276.17999990784,100.0,0.0,276.92999952383997,0.7499996159999682
76.95,276.92999952383997,100.0,0.0,277.6799991398399,0.7499996159999114
77.0,277.6799991398399,100.0,0.0,278.42999951360014,0.7500003737602583
77.05000000000001,278.42999951360014,100.0,0.0,279.16713090673477,0.7371313931346322
77.10000000000001,279.16713090673477,100.0,0.0,279.86350968479536,0.6963787780605912
77.15,279.86350968479536,100.0,0.0,280.5598884731499,0.6963787883545365
77.2,280.5598884731499,100.0,0.0,281.256267324739,0.6963788515890883
77.25,281.256267324739,100.0,0.0,281.9526461763282,0.696378851589202
77.30000000000001,281.9526461763282,100.0,0.0,282.6490250279173,0.6963788515890883
77.35000000000001,282.6490250279173,100.0,0.0,283.3454038795063,0.6963788515890315
77.4,283.3454038795063,100.0,0.0,284.03214354285717,0.6867396633508633
77.45,284.03214354285717,100.0,0.0,284.56785827904065,0.5357147361834791
77.5,284.56785827904065,100.0,0.0,285.10357231449433,0.5357140354536796
77.55000000000001,285.10357231449433,100.0,0.0,285.6392863499479,0.5357140354535659
77.60000000000001,285.6392863499479,100.0,0.0,286.17500038540146,0.5357140354535659
77.65,286.17500038540146,100.0,0.0,286.710714420855,0.5357140354535659
77.7,286.710714420855,100.0,0.0,287.34500175175253,0.6342873308975072
77.75,287.34500175175253,100.0,0.0,288.0950012569073,0.7499995051547899
77.80000000000001,288.0950012569073,100.0,0.0,288.8450007620619,0.7499995051545625
77.85000000000001,288.8450007620619,100.0,0.0,289.5950002672165,0.7499995051546193
77.9,289.5950002672165,100.0,0.0,290.2300009813333,0.6350007141168135
77.95,290.2300009813333,100.0,0.0,290.7300015731613,0.500000591827984
78.0,290.7300015731613,100.0,0.0,291.2300009538066,0.49999938064530625
78.05000000000001,291.2300009538066,100.0,0.0,291.73000033445174,0.4999993806451357
78.10000000000001,291.73000033445174,100.0,0.0,292.2300011323077,0.5000007978559324
78.15,292.2300011323077,100.0,0.0,292.73000127999995,0.5000001476922762
78.2,292.73000127999995,100.0,0.0,293.23000127999995,0.5
78.25,293.23000127999995,100.0,0.0,293.73000128000007,0.5000000000001137
78.30000000000001,293.73000128000007,100.0,0.0,294.2300014289309,0.5000001489308374
78.35000000000001,294.2300014289309,100.0,0.0,294.7300016301887,0.5000002012578193
78.4,294.7300016301887,100.0,0.0,295.2300018314466,0.5000002012578761
78.45,295.2300018314466,100.0,0.0,295.7300009425455,0.4999991110988731
78.5,295.7300009425455,100.0,0.0,296.2300000000001,0.4999990574546018
78.55000000000001,296.2300000000001,100.0,0.0,296.7300000000001,0.5
78.60000000000001,296.7300000000001,100.0,0.0,297.23,0.49999999999994316
78.65,297.23,100.0,0.0,297.73,0.5
78.7,297.73,100.0,0.0,298.1437506133333,0.4137506133332636
78.75,298.1437506133333,100.0,0.0,298.45625110743805,0.31250049410476777
78.80000000000001,298.45625110743805,100.0,0.0,298.76875094214876,0.31249983471070664
78.85000000000001,298.76875094214876,100.0,0.0,299.0812507636364,0.31249982148762
78.9,299.0812507636364,100.0,0.0,299.3937505038961,0.3124997402597387
78.95,299.3937505038961,100.0,0.0,299.70625024415585,0.3124997402597387
79.0,299.70625024415585,100.0,0.0,300.0450000543398,0.33874981018396966
79.05000000000001,300.0450000543398,100.0,0.0,300.7950009600001,0.7500009056602721
79.10000000000001,300.7950009600001,100.0,0.0,301.5450018656604,0.750000905660329
79.15,301.5450018656604,100.0,0.0,302.29500096000004,0.7499990943396142
79.2,302.29500096000004,100.0,0.0,303.0214285835651,0.7264276235650868
79.25,303.0214285835651,100.0,0.0,303.3785716429837,0.3571430594185472
79.30000000000001,303.3785716429837,100.0,0.0,303.7357147024021,0.3571430594184335
79.35000000000001,303.7357147024021,100.0,0.0,304.09285776182054,0.3571430594184335
79.4,304.09285776182054,100.0,0.0,304.450000821239,0.3571430594184335
79.45,304.450000821239,100.0,0.0,304.8071433142857,0.3571424930467515
79.5,304.8071433142857,100.0,0.0,305.17692329056615,0.3697799762804266
79.55000000000001,305.17692329056615,100.0,0.0,305.5615391396227,0.38461584905655855
79.60000000000001,305.5615391396227,100.0,0.0,305.94615483076933,0.384615691146621
79.65,305.94615483076933,100.0,0.0,306.3307702153847,0.3846153846153584
79.7,306.3307702153847,100.0,0.0,306.71538560000005,0.3846153846153584
79.75,306.71538560000005,100.0,0.0,307.10000098461546,0.3846153846154152
79.80000000000001,307.10000098461546,100.0,0.0,307.4846163692308,0.3846153846153584
79.85000000000001,307.4846163692308,100.0,0.0,307.8692317538462,0.3846153846153584
79.9,307.8692317538462,100.0,0.0,308.25384713846154,0.3846153846153584
79.95,308.25384713846154,100.0,0.0,308.63846203076923,0.3846148923076953
80.0,308.63846203076923,100.0,0.0,309.0166666770227,0.3782046462534936
80.05000000000001,309.0166666770227,100.0,0.0,309.29444462740025,0.2777779503775264
80.10000000000001,309.29444462740025,100.0,0.0,309.57222257777784,0.27777795037758324
80.15,309.57222257777784,100.0,0.0,309.85000052815536,0.2777779503775264
80.2,309.85000052815536,100.0,0.0,310.1277784785329,0.2777779503775264
80.25,310.1277784785329,100.0,0.0,310.4055560496393,0.2777775711064123
80.30000000000001,310.4055560496393,100.0,0.0,310.68333359653684,0.2777775468975392
80.35000000000001,310.68333359653684,100.0,0.0,310.9611111434344,0.2777775468975392
80.4,310.9611111434344,100.0,0.0,311.21500093793105,0.25388979449667204
80.45,311.21500093793105,100.0,0.0,311.4650008766284,0.24999993869732862
80.5,311.4650008766284,100.0,0.0,311.71500081532577,0.24999993869738546
80.55000000000001,311.71500081532577,100.0,0.0,311.96500075402304,0.24999993869727177
80.60000000000001,311.96500075402304,100.0,0.0,312.21500069272037,0.24999993869732862
80.65,312.21500069272037,100.0,0.0,312.4650006007018,0.2499999079814188
80.7,312.4650006007018,100.0,0.0,312.71500032,0.2499997192982164
80.75,312.71500032,100.0,0.0,312.9650000392983,0.24999971929827325
80.80000000000001,312.9650000392983,100.0,0.0,313.3071431595605,0.3421431202622216
80.85000000000001,313.3071431595605,100.0,0.0,313.66428636835167,0.3571432087911717
0.0,316.50999936,100.0,0.0,316.7599996509091,0.2500002909090995
0.05,316.7599996509091,100.0,0.0,317.00833332877494,0.24833367786584404
0.1,317.00833332877494,100.0,0.0,317.21666654814817,0.20833321937323035
0.15000000000000002,317.21666654814817,100.0,0.0,317.42499976752134,0.2083332193731735
0.2,317.42499976752134,100.0,0.0,317.63333314254743,0.2083333750260863
0.25,317.63333314254743,100.0,0.0,317.8416665842818,0.20833344173439627
0.30000000000000004,317.8416665842818,100.0,0.0,318.06,0.21833341571817755
0.35000000000000003,318.06,100.0,0.0,318.31,0.25
0.4,318.31,100.0,0.0,318.56,0.25
0.45,318.56,100.0,0.0,318.81,0.25
0.5,318.81,100.0,0.0,319.04999981176474,0.23999981176473284
0.55,319.04999981176474,100.0,0.0,319.25833312047837,0.20833330871363387
0.6000000000000001,319.25833312047837,100.0,0.0,319.46666651360243,0.20833339312406451
0.65,319.46666651360243,100.0,0.0,319.67499990672644,0.20833339312400767
0.7000000000000001,319.67499990672644,100.0,0.0,319.8833332998505,0.20833339312406451
0.75,319.8833332998505,100.0,0.0,320.0916666165242,0.20833331667370203
0.8,320.0916666165242,100.0,0.0,320.29999983589744,0.20833321937323035
0.8500000000000001,320.29999983589744,100.0,0.0,320.5083330775068,0.20833324160935263
0.9,320.5083330775068,100.0,0.0,320.7166665192412,0.20833344173439627
0.9500000000000001,320.7166665192412,100.0,0.0,320.9249999609756,0.20833344173439627
1.0,320.9249999609756,100.0,0.0,321.0,0.07500003902441676
1.05,321.0,100.0,0.0,321.0,0.0
1.1,321.0,100.0,0.0,321.0,0.0
1.1500000000000001,321.0,100.0,0.0,321.0,0.0
1.2000000000000002,321.0,100.0,0.0,321.0,0.0
1.25,321.0,100.0,0.0,321.0,0.0
1.3,321.0,100.0,0.0,321.0,0.0
1.35,321.0,100.0,0.0,321.18333328767835,0.18333328767835155
1.4000000000000001,321.18333328767835,100.0,0.0,321.5999998505837,0.4166665629053341
1.4500000000000002,321.5999998505837,100.0,0.0,322.01666641348896,0.41666656290527726
1.5,322.01666641348896,100.0,0.0,322.4333329763943,0.4166665629053341
1.55,322.4333329763943,100.0,0.0,322.84999953929963,0.4166665629053341
1.6,322.84999953929963,100.0,0.0,323.2666661692078,0.41666662990814984
1.6500000000000001,323.2666661692078,100.0,0.0,323.6833329554559,0.41666678624812903
1.7000000000000002,323.6833329554559,100.0,0.0,324.09999974170404,0.41666678624812903
1.75,324.09999974170404,100.0,0.0,324.51666652795217,0.41666678624812903
1.8,324.51666652795217,100.0,0.0,324.9333333142003,0.41666678624812903
1.85,324.9333333142003,100.0,0.0,325.26249987737225,0.3291665631719525
1.9000000000000001,325.26249987737225,100.0,0.0,325.57499973138687,0.312499854014618
1.9500000000000002,325.57499973138687,100.0,0.0,325.8874996869565,0.31249995556964905
2.0,325.8874996869565,100.0,0.0,326.0,0.1125003130434834
2.0500000000000003,326.0,100.0,0.0,326.0,0.0
2.1,326.0,100.0,0.0,326.0,0.0
2.15,326.0,100.0,0.0,326.0,0.0
2.2,326.0,100.0,0.0,326.0,0.0
2.25,326.0,100.0,0.0,326.3149999215564,0.31499992155642076
2.3000000000000003,326.3149999215564,100.0,0.0,326.6899998281712,0.3749999066147893
2.35,326.6899998281712,100.0,0.0,327.064999734786,0.3749999066147893
2.4000000000000004,327.064999734786,100.0,0.0,327.4399996414008,0.3749999066147893
2.45,327.4399996414008,100.0,0.0,327.8149995480156,0.3749999066147893
2.5,327.8149995480156,100.0,0.0,328.1899996374825,0.37500008946693697
2.5500000000000003,328.1899996374825,100.0,0.0,328.5649998053147,0.3750001678321837
2.6,328.5649998053147,100.0,0.0,328.9399999731469,0.3750001678321837
2.6500000000000004,328.9399999731469,100.0,0.0,329.14999990303033,0.20999992988345184
2.7,329.14999990303033,100.0,0.0,329.3285712161616,0.17857131313127184
2.75,329.3285712161616,100.0,0.0,329.50714252929293,0.17857131313132868
2.8000000000000003,329.50714252929293,100.0,0.0,329.68571384242426,0.17857131313132868
2.85,329.68571384242426,100.0,0.0,329.86428550243903,0.17857166001476799
2.9000000000000004,329.86428550243903,100.0,0.0,330.05999996041237,0.19571445797333809
2.95,330.05999996041237,100.0,0.0,330.3099997954639,0.24999983505153978
3.0,330.3099997954639,100.0,0.0,330.5599997266019,0.24999993113800656
3.0500000000000003,330.5599997266019,100.0,0.0,330.80999988194174,0.25000015533981923
3.1,330.80999988194174,100.0,0.0,331.04285709636804,0.23285721442630347
3.1500000000000004,331.04285709636804,100.0,0.0,331.2214283312349,0.17857123486686532
3.2,331.2214283312349,100.0,0.0,331.3999995661017,0.17857123486680848
3.25,331.3999995661017,100.0,0.0,331.57857109559086,0.17857152948914745
3.3000000000000003,331.57857109559086,100.0,0.0,331.75714266525574,0.1785715696648822
3.35,331.75714266525574,100.0,0.0,331.9357142349206,0.1785715696648822
3.4000000000000004,331.9357142349206,100.0,0.0,332.1327805993533,0.1970663644326578
3.45,332.1327805993533,100.0,0.0,332.3402493554889,0.20746875613559723
3.5,332.3402493554889,100.0,0.0,332.5477181116245,0.20746875613559723
3.5500000000000003,332.5477181116245,100.0,0.0,332.75518686776,0.2074687561355404
3.6,332.75518686776,100.0,0.0,332.9626556238956,0.20746875613559723
3.6500000000000004,332.9626556238956,100.0,0.0,333.0931821320574,0.13052650816177902
3.7,333.0931821320574,100.0,0.0,333.2068185420979,0.11363641004049896
3.75,333.2068185420979,100.0,0.0,333.3204547938461,0.11363625174823255
3.8000000000000003,333.3204547938461,100.0,0.0,333.4340910455944,0.1136362517482894
3.85,333.4340910455944,100.0,0.0,333.54772729734265,0.11363625174823255
3.9000000000000004,333.54772729734265,100.0,0.0,333.6613635490909,0.11363625174823255
3.95,333.6613635490909,100.0,0.0,333.7749998829268,0.11363633383592742
4.0,333.7749998829268,100.0,0.0,333.8886363056911,0.11363642276427299
4.05,333.8886363056911,100.0,0.0,334.0035714317314,0.1149351260403364
4.1000000000000005,334.0035714317314,100.0,0.0,334.18214301830153,0.17857158657011496
4.15,334.18214301830153,100.0,0.0,334.36071460487165,0.17857158657011496
4.2,334.36071460487165,100.0,0.0,334.53928619144176,0.17857158657011496
4.25,334.53928619144176,100.0,0.0,334.7178577780119,0.17857158657011496
4.3,334.7178577780119,100.0,0.0,334.8964288870748,0.17857110906294338
4.3500000000000005,334.8964288870748,100.0,0.0,335.0875,0.1910711129251581
4.4,335.0875,100.0,0.0,335.29583333333335,0.20833333333337123
4.45,335.29583333333335,100.0,0.0,335.50416666666666,0.20833333333331439
4.5,335.50416666666666,100.0,0.0,335.7125,0.20833333333331439
4.55,335.7125,100.0,0.0,335.92083333333335,0.20833333333337123
4.6000000000000005,335.92083333333335,100.0,0.0,336.15499973189185,0.23416639855850008
4.65,336.15499973189185,100.0,0.0,336.40499976638034,0.25000003448849384
4.7,336.40499976638034,100.0,0.0,336.6549998645399,0.25000009815954627
4.75,336.6549998645399,100.0,0.0,336.9049999626994,0.2500000981594894
4.800000000000001,336.9049999626994,100.0,0.0,337.0,0.0950000373006219
4.8500000000000005,337.0,100.0,0.0,337.0,0.0
4.9,337.0,100.0,0.0,337.0,0.0
4.95,337.0,100.0,0.0,337.06562496410254,0.0656249641025397
5.0,337.06562496410254,100.0,0.0,337.2218748786325,0.15624991452995118
5.050000000000001,337.2218748786325,100.0,0.0,337.37812481777775,0.15624993914525476
5.1000000000000005,337.37812481777775,100.0,0.0,337.53437504,0.1562502222222406
5.15,337.53437504,100.0,0.0,337.6906252622222,0.1562502222222406
5.2,337.6906252622222,100.0,0.0,337.8468754844444,0.15625022222218377
5.25,337.8468754844444,100.0,0.0,338.00357142857143,0.1566959441270228
5.300000000000001,338.00357142857143,100.0,0.0,338.1821428571429,0.1785714285714448
5.3500000000000005,338.1821428571429,100.0,0.0,338.36071428571427,0.17857142857138797
5.4,338.36071428571427,100.0,0.0,338.5392857142857,0.1785714285714448
5.45,338.5392857142857,100.0,0.0,338.71785714285716,0.1785714285714448
5.5,338.71785714285716,100.0,0.0,338.89642857142854,0.17857142857138797
5.550000000000001,338.89642857142854,100.0,0.0,339.0,0.10357142857145618
5.6000000000000005,339.0,100.0,0.0,339.0,0.0
5.65,339.0,100.0,0.0,339.0,0.0
5.7,339.0,100.0,0.0,339.06918236209015,0.06918236209014594
5.75,339.06918236209015,100.0,0.0,339.3836476638575,0.3144653017673704
5.800000000000001,339.3836476638575,100.0,0.0,339.69811314148126,0.31446547762374166
5.8500000000000005,339.69811314148126,100.0,0.0,340.0,0.301886858518742
5.9,340.0,100.0,0.0,340.0,0.0
5.95,340.0,100.0,0.0,340.0,0.0
6.0,340.0,100.0,0.0,340.0,0.0
6.050000000000001,340.0,100.0,0.0,340.0,0.0
6.1000000000000005,340.0,100.0,0.0,340.0,0.0
6.15,340.0,100.0,0.0,340.0,0.0
6.2,340.0,100.0,0.0,340.0,0.0
6.25,340.0,100.0,0.0,340.0,0.0
6.300000000000001,340.0,100.0,0.0,340.0,0.0
6.3500000000000005,340.0,100.0,0.0,340.0785714030457,0.0785714030457143
6.4,340.0785714030457,100.0,0.0,340.2571427736041,0.17857137055835892
6.45,340.2571427736041,100.0,0.0,340.43571414416243,0.17857137055835892
6.5,340.43571414416243,100.0,0.0,340.6142855147208,0.17857137055835892
6.550000000000001,340.6142855147208,100.0,0.0,340.79285698313254,0.17857146841174654
6.6000000000000005,340.79285698313254,100.0,0.0,340.9714285493976,0.1785715662650773
6.65,340.9714285493976,100.0,0.0,340.88333338783457,-0.08809516156304653
6.7,340.88333338783457,100.0,0.0,340.74444456382804,-0.13888882400652847
6.75,340.74444456382804,100.0,0.0,340.6055557382443,-0.1388888255837628
6.800000000000001,340.6055557382443,100.0,0.0,340.4666668984653,-0.13888883977898558
6.8500000000000005,340.4666668984653,100.0,0.0,340.3277780586863,-0.13888883977898558
6.9,340.3277780586863,100.0,0.0,340.18888921890726,-0.13888883977904243
6.95,340.18888921890726,100.0,0.0,340.05000015238096,-0.1388890665263034
7.0,340.05000015238096,100.0,0.0,340.0,-0.05000015238096012
7.050000000000001,340.0,100.0,0.0,340.0,0.0
7.1000000000000005,340.0,100.0,0.0,340.0,0.0
7.15,340.0,100.0,0.0,339.8900001805128,-0.10999981948720006
7.2,339.8900001805128,100.0,0.0,339.64000059076926,-0.2499995897435383
7.25,339.64000059076926,100.0,0.0,339.39000040918035,-0.25000018158891635
7.300000000000001,339.39000040918035,100.0,0.0,339.14000014688526,-0.25000026229508876
7.3500000000000005,339.14000014688526,100.0,0.0,339.0,-0.14000014688525653
7.4,339.0,100.0,0.0,339.0,0.0
7.45,339.0,100.0,0.0,339.0,0.0
7.5,339.0,100.0,0.0,339.0,0.0
7.550000000000001,339.0,100.0,0.0,339.0,0.0
7.6000000000000005,339.0,100.0,0.0,339.0,0.0
7.65,339.0,100.0,0.0,339.0,0.0
7.7,339.0,100.0,0.0,339.0,0.0
7.75,339.0,100.0,0.0,339.0,0.0
7.800000000000001,339.0,100.0,0.0,339.0,0.0
7.8500000000000005,339.0,100.0,0.0,339.0,0.0
7.9,339.0,100.0,0.0,339.0,0.0
7.95,339.0,100.0,0.0,339.0,0.0
8.0,339.0,100.0,0.0,339.0,0.0
8.05,339.0,100.0,0.0,338.57999888879124,-0.42000111120876227
8.1,338.57999888879124,100.0,0.0,338.0799992404396,-0.4999996483516611
8.15,338.0799992404396,100.0,0.0,337.5799995920879,-0.4999996483516611
8.200000000000001,337.5799995920879,100.0,0.0,337.07999994373625,-0.4999996483516611
8.25,337.07999994373625,100.0,0.0,337.0,-0.07999994373625441
8.3,337.0,78.99998052173859,0.0,337.0,0.0
8.35,337.0,53.99995733333363,0.0,337.0,0.0
8.4,337.0,28.999940129032463,0.0645161290322516,337.0,0.0
8.450000000000001,337.0,3.9999917419350837,0.8709677419354969,330.28000000000003,-6.71999999999997
8.5,330.28000000000003,0.0,1.0,322.27999999999986,-8.00000000000017
8.55,322.27999999999986,0.0,1.0,314.28000000000003,-7.9999999999998295
8.6,314.28000000000003,0.0,1.0,306.27999999999986,-8.00000000000017
8.65,306.27999999999986,0.0,1.0,297.9125045818179,-8.367495418181932
8.700000000000001,297.9125045818179,0.0,1.0,289.4750100363636,-8.437494545454342
8.75,289.4750100363636,0.0,1.0,281.03751549090896,-8.437494545454626
8.8,281.03751549090896,0.0,1.0,272.60002094545456,-8.437494545454399
8.85,272.60002094545456,0.0,1.0,264.16251822978717,-8.437502715667392
8.9,264.16251822978717,0.0,1.0,255.7250143999998,-8.437503829787374
8.950000000000001,255.7250143999998,0.0,1.0,247.28751057021276,-8.437503829787033
9.0,247.28751057021276,0.0,1.0,238.85000674042539,-8.437503829787374
9.05,238.85000674042539,0.0,1.0,230.41250291063835,-8.437503829787033
9.1,230.41250291063835,0.0,1.0,222.59000152949147,-7.822501381146878
9.15,222.59000152949147,0.0,1.0,216.71500790237278,-5.874993627118698
9.200000000000001,216.71500790237278,0.0,1.0,210.84001427525428,-5.874993627118499
9.25,210.84001427525428,0.0,1.0,204.96501269333328,-5.875001581920998
9.3,204.96501269333328,0.0,1.0,199.09001002666673,-5.875002666666546
9.35,199.09001002666673,0.0,1.0,193.21500736,-5.875002666666745
9.4,193.21500736,0.0,1.0,187.34000469333324,-5.875002666666745
9.450000000000001,187.34000469333324,0.0,1.0,181.4650020266667,-5.875002666666546
9.5,181.4650020266667,0.0,1.0,175.8600007521649,-5.605001274501802
9.55,175.8600007521649,0.0,1.0,171.1100038861854,-4.749996865979483
9.600000000000001,171.1100038861854,0.0,1.0,166.36000519456303,-4.74999869162238
9.65,166.36000519456303,0.0,1.0,161.61000224310666,-4.750002951456366
9.700000000000001,161.61000224310666,0.0,1.0,156.92000069818178,-4.690001544924883
9.75,156.92000069818178,0.0,1.0,152.42000360727263,-4.499997090909147
9.8,152.42000360727263,0.0,1.0,147.9200065163635,-4.499997090909147
9.850000000000001,147.9200065163635,0.0,1.0,143.4200094254545,-4.499997090908977
9.9,143.4200094254545,0.0,1.0,139.45228215767634,-3.967727267778173
9.950000000000001,139.45228215767634,0.0,1.0,137.17012448132783,-2.282157676348504
10.0,137.17012448132783,0.0,1.0,134.88796680497924,-2.2821576763485893
10.05,134.88796680497924,0.0,1.0,132.60580912863065,-2.2821576763485893
10.100000000000001,132.60580912863065,0.0,1.0,130.32365145228215,-2.282157676348504
10.15,130.32365145228215,0.0,1.0,127.55623716923068,-2.7674142830514654
10.200000000000001,127.55623716923068,0.0,1.0,124.11874178461538,-3.4374953846153034
10.25,124.11874178461538,0.0,1.0,120.68124639999996,-3.437495384615417
10.3,120.68124639999996,0.0,1.0,117.58749999999996,-3.0937464000000006
10.350000000000001,117.58749999999996,0.0,1.0,115.71249999999996,-1.875
10.4,115.71249999999996,0.0,1.0,113.83749999999995,-1.8750000000000142
10.450000000000001,113.83749999999995,0.0,1.0,111.96250000000002,-1.874999999999929
10.5,111.96250000000002,0.0,1.0,110.08749999999999,-1.8750000000000284
10.55,110.08749999999999,0.0,1.0,108.21249999999996,-1.8750000000000284
10.600000000000001,108.21249999999996,0.0,1.0,106.3375,-1.8749999999999574
10.65,106.3375,0.0,1.0,104.46249999999998,-1.8750000000000284
10.700000000000001,104.46249999999998,0.0,1.0,102.58750000000002,-1.8749999999999574
10.75,102.58750000000002,0.0,1.0,100.7125,-1.8750000000000142
10.8,100.7125,0.0,1.0,98.83749837080289,-1.875001629197115
10.850000000000001,98.83749837080289,0.0,1.0,96.96249574306569,-1.875002627737203
10.9,96.96249574306569,0.0,1.0,95.08749311532841,-1.875002627737274
10.950000000000001,95.08749311532841,0.0,1.0,93.21249453114751,-1.8749985841809007
11.0,93.21249453114751,0.0,1.0,91.33749649836061,-1.8749980327869054
11.05,91.33749649836061,0.0,1.0,89.46249846557369,-1.8749980327869196
11.100000000000001,89.46249846557369,0.0,1.0,87.8166668190476,-1.6458316465260907
11.15,87.8166668190476,0.0,1.0,86.98333417835495,-0.833332640692646
11.200000000000001,86.98333417835495,0.0,1.0,86.15000084417177,-0.8333333341831803
11.25,86.15000084417177,0.0,1.0,85.31666718364006,-0.8333336605317072
11.3,85.31666718364006,0.0,1.0,84.48333352310836,-0.8333336605317072
11.350000000000001,84.48333352310836,0.0,1.0,83.59166630537634,-0.8916672177320208
11.4,83.59166630537634,1.6916681634409203,1.0,82.61944322293904,-0.9722230824372957
11.450000000000001,82.61944322293904,5.719449504966826,1.0,81.64722014050179,-0.9722230824372531
11.5,81.64722014050179,9.747230846492588,1.0,80.6749970580645,-0.9722230824372815
11.55,80.6749970580645,13.775012188018492,1.0,79.70277414887332,-0.9722229091911885
11.600000000000001,79.70277414887332,17.802792811810516,0.9720279720279629,78.73055323201243,-0.9722209168608913
11.65,78.73055323201243,21.830565181662784,0.6223776223776223,77.7583323151515,-0.9722209168609197
11.700000000000001,77.7583323151515,25.85833755151519,0.2727272727272694,77.06875,-0.6895823151515117
11.75,77.06875,29.48124999999997,0.0,77.38125000000001,0.3125000000000142
11.8,77.38125000000001,31.668750000000024,0.0,77.69375000000001,0.3125
11.850000000000001,77.69375000000001,33.85625000000008,0.0,78.03125000000004,0.3375000000000341
11.9,78.03125000000004,36.05000000000006,0.0,79.59375000000004,1.5625
11.950000000000001,79.59375000000004,38.55000000000006,0.0,81.15624999999999,1.5624999999999432
12.0,81.15624999999999,41.049999999999976,0.0,82.71875000000004,1.5625000000000568
12.05,82.71875000000004,43.55000000000006,0.0,82.8975,0.17874999999995111
12.100000000000001,82.8975,39.48999999999977,0.10250000000000527,82.7725,-0.125
12.15,82.7725,33.98999999999989,0.2275000000000025,82.6475,-0.125
12.200000000000001,82.6475,28.489999999999817,0.35250000000000414,82.5225,-0.125
12.25,82.5225,22.989999999999938,0.47750000000000137,82.3975,-0.125
12.3,82.3975,17.489999999999867,0.602500000000003,82.2725,-0.125
12.350000000000001,82.2725,11.989999999999796,0.7275000000000047,82.1475,-0.125
12.4,82.1475,6.489999999999917,0.8525000000000019,82.0225,-0.125
12.450000000000001,82.0225,0.9899999999998386,0.9775000000000036,81.17587939698491,-0.8466206030150829
12.5,81.17587939698491,0.0,0.7939698492462292,80.17085427135676,-1.0050251256281513
12.55,80.17085427135676,0.0,0.5427135678391901,79.16582914572861,-1.0050251256281513
12.600000000000001,79.16582914572861,0.0,0.2914572864321513,78.16080402010049,-1.0050251256281229
12.65,78.16080402010049,0.0,0.04020100502512125,77.73750021818181,-0.4233038019186779
12.700000000000001,77.73750021818181,1.3124989090909593,0.0,77.42500032771085,-0.31249989047095994
12.75,77.42500032771085,2.8749983614457997,0.0,77.11250008674698,-0.3125002409638711
12.8,77.11250008674698,4.437499566265096,0.0,76.33333271497581,-0.779167371771166
12.850000000000001,76.33333271497581,5.266666914009677,0.0,75.29166508212559,-1.0416676328502206
12.9,75.29166508212559,5.683333967149765,0.0,74.24999744927534,-1.041667632850249
12.950000000000001,74.24999744927534,6.100001020289868,0.0,73.20833181699346,-1.0416656322818767
13.0,73.20833181699346,6.516667273202617,0.0,72.16666645751633,-1.0416653594771361
13.05,72.16666645751633,6.933333416993472,0.0,72.1049999425641,-0.061666514952221974
13.100000000000001,72.1049999425641,8.889998966153904,0.0,72.22999987418804,0.12499993162393253
13.15,72.22999987418804,11.139997735384608,0.0,72.35499984,0.12499996581196626
13.200000000000001,72.35499984,13.389997120000022,0.0,72.47999984,0.125
13.25,72.47999984,15.639997119999986,0.0,72.60499984,0.125
13.3,72.60499984,17.88999712000003,0.0,72.72999984,0.125
13.350000000000001,72.72999984,20.13999712000007,0.0,72.85499985269841,0.12500001269840766
13.4,72.85499985269841,22.38999734857146,0.0,72.97999997968255,0.12500012698413343
13.450000000000001,72.97999997968255,24.639999634285758,0.0,73.34999985732485,0.36999987764230013
13.5,73.34999985732485,26.866665905732475,0.0,73.76666635414013,0.41666649681528156
13.55,73.76666635414013,29.0888872220807,0.0,74.18333285095542,0.4166664968152958
13.600000000000001,74.18333285095542,31.31110853842893,0.0,74.5999995586207,0.4166667076652715
13.65,74.5999995586207,33.53333097931036,0.0,75.01666635665026,0.4166667980295671
13.700000000000001,75.01666635665026,35.75555390213469,0.0,75.4333331546798,0.41666679802953865
13.75,75.4333331546798,37.97777682495896,0.0,75.84999995270937,0.4166667980295671
13.8,75.84999995270937,40.199999747783295,0.0,77.27999744000002,1.429997487290649
13.850000000000001,77.27999744000002,42.43999712000003,0.0,79.27999744,1.9999999999999858
13.9,79.27999744,44.68999712000001,0.0,81.27999744000006,2.000000000000057
13.950000000000001,81.27999744000006,46.93999712000006,0.0,83.27999799652176,2.000000556521698
14.0,83.27999799652176,49.18999774608697,0.0,85.11999959502825,1.8400015985064897
14.05,85.11999959502825,51.59999942146893,0.0,86.86999896225993,1.7499993672316805
14.100000000000001,86.86999896225993,54.09999851751417,0.0,88.61999832949152,1.7499993672315952
14.15,88.61999832949152,56.59999761355932,0.0,90.36999824695656,1.7499999174650327
14.200000000000001,90.36999824695656,59.09999749565222,0.0,92.14285820289855,1.7728599559419962
14.25,92.14285820289855,61.828573124637686,0.0,93.92857414492757,1.7857159420290145
14.3,93.92857414492757,64.6857186318841,0.0,95.71429008695657,1.7857159420290003
14.350000000000001,95.71429008695657,67.54286413913051,0.0,97.5000031549296,1.7857130679730346
14.4,97.5000031549296,70.40000504788736,0.0,99.28571583098596,1.785712676056363
14.450000000000001,99.28571583098596,73.25714532957755,0.0,101.11250000000004,1.8267841690140756
14.5,101.11250000000004,76.03750000000001,0.0,103.92500000000007,2.8125000000000284
14.55,103.92500000000007,76.97500000000002,0.0,106.73750000000011,2.8125000000000426
14.600000000000001,106.73750000000011,77.91250000000004,0.0,109.55000000000005,2.812499999999943
14.65,109.55000000000005,78.85000000000002,0.0,112.20499691845308,2.6549969184530227
14.700000000000001,112.20499691845308,80.57499779889505,0.0,114.82999970298343,2.625002784530352
14.75,114.82999970298343,82.4499997878453,0.0,117.45500248751385,2.625002784530423
14.8,117.45500248751385,84.32500177679562,0.0,120.08000527204429,2.6250027845304373
14.850000000000001,120.08000527204429,86.20000376574592,0.0,122.7050058338462,2.6250005618019117
14.9,122.7050058338462,88.075004167033,0.0,125.33000398769238,2.624998153846178
14.950000000000001,125.33000398769238,89.9500028483517,0.0,127.95500214153847,2.624998153846093
15.0,127.95500214153847,91.82500152967035,0.0,130.58000029538465,2.624998153846178
15.05,130.58000029538465,93.70000021098905,0.0,132.31250171428576,1.7325014189011085
15.100000000000001,132.31250171428576,95.5750020571429,0.0,133.87500375510203,1.5625020408162698
15.15,133.87500375510203,97.45000450612244,0.0,135.43750116129036,1.5624974061883279
15.200000000000001,135.43750116129036,99.32500139354842,0.0,137.5703712924227,2.1328701311323357
15.25,137.5703712924227,100.0,0.0,140.0240764368332,2.4537051444105202
15.3,140.0240764368332,100.0,0.0,142.4777815812437,2.453705144410492
15.350000000000001,142.4777815812437,100.0,0.0,144.9314867256541,2.4537051444104065
15.4,144.9314867256541,100.0,0.0,147.38519066720545,2.453703941551339
15.450000000000001,147.38519066720545,100.0,0.0,149.83889151569022,2.4537008484847718
15.5,149.83889151569022,100.0,0.0,152.2925923641751,2.4537008484848855
15.55,152.2925923641751,100.0,0.0,154.74629321266,2.4537008484848855
15.600000000000001,154.74629321266,100.0,0.0,157.1999940611448,2.4537008484848
15.65,157.1999940611448,100.0,0.0,159.65369829135807,2.453704230213276
15.700000000000001,159.65369829135807,100.0,0.0,162.10740298271605,2.4537046913579843
15.75,162.10740298271605,100.0,0.0,164.56110767407412,2.4537046913580696
15.8,164.56110767407412,100.0,0.0,167.01481167407417,2.4537040000000445
15.850000000000001,167.01481167407417,100.0,0.0,169.4685153777778,2.4537037037036384
15.9,169.4685153777778,100.0,0.0,171.92221908148156,2.453703703703752
15.950000000000001,171.92221908148156,100.0,0.0,174.37592278518522,2.453703703703667
16.0,174.37592278518522,100.0,0.0,176.82962648888895,2.4537037037037237
16.05,176.82962648888895,100.0,0.0,179.28333026995085,2.453703781061904
16.1,179.28333026995085,100.0,0.0,181.73703474723607,2.453704477285214
16.150000000000002,181.73703474723607,100.0,0.0,184.1907392245211,2.4537044772850436
16.2,184.1907392245211,100.0,0.0,186.64444370180632,2.453704477285214
16.25,186.64444370180632,100.0,0.0,189.04999983157902,2.405556129772691
16.3,189.04999983157902,100.0,0.0,190.2999968000001,1.2499969684210726
16.35,190.2999968000001,100.0,0.0,191.5499968000001,1.25
16.400000000000002,191.5499968000001,100.0,0.0,192.79999680000003,1.2499999999999432
16.45,192.79999680000003,100.0,0.0,194.04999690491806,1.2500001049180298
16.5,194.04999690491806,100.0,0.0,195.2999982163935,1.2500013114754438
16.55,195.2999982163935,100.0,0.0,196.54999952786892,1.2500013114754154
16.6,196.54999952786892,100.0,0.0,198.69470522851296,2.144705700644039
16.650000000000002,198.69470522851296,100.0,0.0,201.34268214806403,2.64797691955107
16.7,201.34268214806403,100.0,0.0,203.99065906761527,2.6479769195512404
16.75,203.99065906761527,100.0,0.0,206.63863598716654,2.647976919551269
16.8,206.63863598716654,100.0,0.0,209.28661290671778,2.6479769195512404
16.85,209.28661290671778,100.0,0.0,211.93458532207137,2.6479724153535926
16.900000000000002,211.93458532207137,100.0,0.0,214.20624999999998,2.2716646779286123
16.95,214.20624999999998,100.0,0.0,215.14375,0.9375000000000284
17.0,215.14375,100.0,0.0,216.08125,0.9375
17.05,216.08125,100.0,0.0,217.03750000000005,0.9562500000000398
17.1,217.03750000000005,100.0,0.0,218.91250000000008,1.8750000000000284
17.150000000000002,218.91250000000008,100.0,0.0,220.7875,1.8749999999999147
17.2,220.7875,100.0,0.0,222.66250000000002,1.8750000000000284
17.25,222.66250000000002,100.0,0.0,224.31785671472082,1.6553567147207957
17.3,224.31785671472082,100.0,0.0,225.92499904974625,1.6071423350254292
17.35,225.92499904974625,100.0,0.0,227.53214138477165,1.6071423350254008
17.400000000000002,227.53214138477165,100.0,0.0,229.13928371979694,1.6071423350252871
17.45,229.13928371979694,100.0,0.0,230.74642760481925,1.6071438850223103
17.5,230.74642760481925,100.0,0.0,232.27499999999998,1.5285723951807313
17.55,232.27499999999998,100.0,0.0,233.525,1.2500000000000284
17.6,233.525,100.0,0.0,234.77500000000003,1.2500000000000284
17.650000000000002,234.77500000000003,100.0,0.0,236.02499999999995,1.2499999999999147
17.7,236.02499999999995,100.0,0.0,237.19642857142856,1.1714285714286063
17.75,237.19642857142856,100.0,0.0,238.08928568271506,0.8928571112865029
17.8,238.08928568271506,100.0,0.0,238.98214250986584,0.89285682715078
17.85,238.98214250986584,100.0,0.0,239.87499933701662,0.89285682715078
17.900000000000002,239.87499933701662,100.0,0.0,240.7678561641673,0.8928568271506947
17.95,240.7678561641673,100.0,0.0,241.66071378073093,0.8928576165636173
18.0,241.66071378073093,100.0,0.0,242.77500108613145,1.1142873054005236
18.05,242.77500108613145,100.0,0.0,244.0250028379563,1.2500017518248399
18.1,244.0250028379563,100.0,0.0,245.2750045897811,1.2500017518248114
18.150000000000002,245.2750045897811,100.0,0.0,246.52500144761902,1.249996857837914
18.2,246.52500144761902,100.0,0.0,247.66428702916053,1.1392855815415146
18.25,247.66428702916053,100.0,0.0,248.73571772135497,1.0714306921944399
18.3,248.73571772135497,100.0,0.0,249.80714620702582,1.0714284856708503
18.35,249.80714620702582,100.0,0.0,250.87857365433263,1.071427447306803
18.400000000000002,250.87857365433263,100.0,0.0,251.95000110163934,1.0714274473067178
18.45,251.95000110163934,100.0,0.0,253.02187500000002,1.0718738983606784
18.5,253.02187500000002,100.0,0.0,254.11562500000002,1.09375
18.55,254.11562500000002,100.0,0.0,255.20937500000005,1.0937500000000284
18.6,255.20937500000005,100.0,0.0,256.3031250000001,1.0937500000000284
18.650000000000002,256.3031250000001,100.0,0.0,257.396875,1.0937499999999432
18.7,257.396875,100.0,0.0,258.490625,1.09375
18.75,258.490625,100.0,0.0,259.584375,1.09375
18.8,259.584375,100.0,0.0,260.64583333333337,1.0614583333333485
18.85,260.64583333333337,100.0,0.0,261.68750000000006,1.0416666666666856
18.900000000000002,261.68750000000006,100.0,0.0,262.72916666666663,1.041666666666572
18.95,262.72916666666663,100.0,0.0,263.7708333333333,1.0416666666666856
19.0,263.7708333333333,100.0,0.0,264.8125,1.0416666666666856
19.05,264.8125,100.0,0.0,265.58781348523274,0.7753134852327435
19.1,265.58781348523274,100.0,0.0,266.30465919893123,0.7168457136984898
19.150000000000002,266.30465919893123,100.0,0.0,267.0215049126297,0.7168457136984898
19.200000000000003,267.0215049126297,100.0,0.0,267.7383506263282,0.7168457136984898
19.25,267.7383506263282,100.0,0.0,268.4551968375003,0.7168462111720828
19.3,268.4551968375003,100.0,0.0,269.19999986804123,0.7448030305409361
19.35,269.19999986804123,100.0,0.0,270.0333326515464,0.8333327835051705
19.400000000000002,270.0333326515464,100.0,0.0,270.86666566083653,0.8333330092901292
19.450000000000003,270.86666566083653,100.0,0.0,271.6999991969582,0.8333335361216427
19.5,271.6999991969582,100.0,0.0,272.5333327330799,0.8333335361216996
19.55,272.5333327330799,100.0,0.0,273.3666662692015,0.8333335361216427
19.6,273.3666662692015,100.0,0.0,274.1999998053232,0.8333335361216996
19.650000000000002,274.1999998053232,100.0,0.0,275.0249999835052,0.8250001781819947
19.700000000000003,275.0249999835052,100.0,0.0,275.649999571134,0.6249995876287926
19.75,275.649999571134,100.0,0.0,276.27499918190045,0.6249996107664515
19.8,276.27499918190045,100.0,0.0,276.899999000905,0.624999819004529
19.85,276.899999000905,100.0,0.0,277.52499881990957,0.6249998190045858
19.900000000000002,277.52499881990957,100.0,0.0,278.1499986389141,0.624999819004529
19.950000000000003,278.1499986389141,100.0,0.0,278.77499845791857,0.6249998190044721
20.0,278.77499845791857,100.0,0.0,279.39999906341467,0.6250006054960977
20.05,279.39999906341467,100.0,0.0,280.03000000000003,0.6300009365853612
20.1,280.03000000000003,100.0,0.0,280.78000000000003,0.75
20.150000000000002,280.78000000000003,100.0,0.0,281.5300000000001,0.7500000000000568
20.200000000000003,281.5300000000001,100.0,0.0,282.28000000000003,0.7499999999999432
20.25,282.28000000000003,100.0,0.0,283.0166666598726,0.7366666598725828
20.3,283.0166666598726,100.0,0.0,283.4333331566879,0.41666649681531
20.35,283.4333331566879,100.0,0.0,283.84999965350323,0.41666649681531
20.400000000000002,283.84999965350323,100.0,0.0,284.26666615031854,0.41666649681531
20.450000000000003,284.26666615031854,100.0,0.0,284.68333308915663,0.416666938838091
20.5,284.68333308915663,100.0,0.0,285.1999999459916,0.5166668568349451
20.55,285.1999999459916,100.0,0.0,286.03333305428976,0.8333331082981772
20.6,286.03333305428976,100.0,0.0,286.86666616258793,0.8333331082981772
20.650000000000002,286.86666616258793,100.0,0.0,287.69999927088617,0.833333108298234
20.700000000000003,287.69999927088617,100.0,0.0,288.5333323791843,0.8333331082981204
20.75,288.5333323791843,100.0,0.0,289.2062499523466,0.6729175731622945
20.8,289.2062499523466,100.0,0.0,289.6749998440433,0.46874989169674564
20.85,289.6749998440433,100.0,0.0,290.1437497357401,0.46874989169674564
20.900000000000002,290.1437497357401,100.0,0.0,290.6124996274369,0.4687498916968025
20.950000000000003,290.6124996274369,100.0,0.0,291.08124951913356,0.4687498916966888
21.0,291.08124951913356,100.0,0.0,291.5499994108303,0.46874989169674564
21.05,291.5499994108303,100.0,0.0,292.0142857064713,0.46428629564098856
21.1,292.0142857064713,100.0,0.0,292.371428368254,0.3571426617826887
21.150000000000002,292.371428368254,100.0,0.0,292.7285710300367,0.3571426617826887
21.200000000000003,292.7285710300367,100.0,0.0,293.08571392673093,0.35714289669425625
21.25,293.08571392673093,100.0,0.0,293.4428569241017,0.35714299737077226
21.3,293.4428569241017,100.0,0.0,293.7999999214724,0.3571429973707154
21.35,293.7999999214724,100.0,0.0,294.1499999388535,0.35000001738109177
21.400000000000002,294.1499999388535,100.0,0.0,294.4909088907933,0.3409089519398094
21.450000000000003,294.4909088907933,100.0,0.0,294.8318178427331,0.34090895193975257
21.5,294.8318178427331,100.0,0.0,295.17272694485183,0.3409091021187578
21.55,295.17272694485183,100.0,0.0,295.51363639738827,0.3409094525364367
21.6,295.51363639738827,100.0,0.0,295.85454584992465,0.34090945253637983
21.650000000000002,295.85454584992465,100.0,0.0,296.1954553024611,0.3409094525364367
21.700000000000003,296.1954553024611,100.0,0.0,296.5363642181818,0.3409089157207177
21.75,296.5363642181818,100.0,0.0,296.87727288128343,0.3409086631016294
21.8,296.87727288128343,100.0,0.0,297.29999975696205,0.4227268756786202
21.85,297.29999975696205,100.0,0.0,297.7687493772152,0.46874962025316336
21.900000000000002,297.7687493772152,100.0,0.0,298.2374989974684,0.46874962025316336
21.950000000000003,298.2374989974684,100.0,0.0,298.70624897777776,0.46874998030938286
22.0,298.70624897777776,100.0,0.0,299.17499934814816,0.468750370370401
22.05,299.17499934814816,100.0,0.0,299.6437497185185,0.46875037037034417
22.1,299.6437497185185,100.0,0.0,300.10000007191013,0.45625035339162423
22.150000000000002,300.10000007191013,100.0,0.0,300.5166670382023,0.41666696629215494
22.200000000000003,300.5166670382023,100.0,0.0,300.9333340044944,0.4166669662920981
22.25,300.9333340044944,100.0,0.0,301.35000097078654,0.41666696629215494
22.3,301.35000097078654,100.0,0.0,301.7666671483871,0.41666617760057534
22.35,301.7666671483871,100.0,0.0,302.0,0.23333285161288586
22.400000000000002,302.0,100.0,0.0,302.0,0.0
22.450000000000003,302.0,100.0,0.0,302.0,0.0
22.5,302.0,100.0,0.0,302.0750000440367,0.07500004403669891
22.55,302.0750000440367,100.0,0.0,302.38750022752293,0.312500183486236
22.6,302.38750022752293,100.0,0.0,302.70000041100917,0.312500183486236
22.650000000000002,302.70000041100917,100.0,0.0,303.01250059449546,0.3125001834862928
22.700000000000003,303.01250059449546,100.0,0.0,303.32500077798164,0.31250018348617914
22.75,303.32500077798164,100.0,0.0,303.63750045490195,0.3124996769203108
22.8,303.63750045490195,100.0,0.0,303.9500000627451,0.312499607843165
22.85,303.9500000627451,100.0,0.0,304.2624998564103,0.3124997936651539
22.900000000000002,304.2624998564103,100.0,0.0,304.5749996854701,0.3124998290598455
22.950000000000003,304.5749996854701,100.0,0.0,304.8874996492611,0.31249996379096956
23.0,304.8874996492611,100.0,0.0,305.19999974778324,0.31250009852215044
23.05,305.19999974778324,100.0,0.0,305.51249984630545,0.3125000985222073
23.1,305.51249984630545,100.0,0.0,305.8249999448276,0.31250009852215044
23.150000000000002,305.8249999448276,100.0,0.0,306.13664586882567,0.31164592399807134
23.200000000000003,306.13664586882567,100.0,0.0,306.4472046616112,0.310558792785514
23.25,306.4472046616112,100.0,0.0,306.7577635183252,0.3105588567140103
23.3,306.7577635183252,100.0,0.0,307.06875,0.31098648167483134
23.35,307.06875,100.0,0.0,307.38125,0.3125
23.400000000000002,307.38125,100.0,0.0,307.69375,0.3125
23.450000000000003,307.69375,100.0,0.0,308.00625,0.3125
23.5,308.00625,100.0,0.0,308.31875,0.3125
23.55,308.31875,100.0,0.0,308.63125,0.3125
23.6,308.63125,100.0,0.0,308.94375,0.3125
23.650000000000002,308.94375,100.0,0.0,309.1708330719212,0.22708307192118582
23.700000000000003,309.1708330719212,100.0,0.0,309.37916647093596,0.208333399014748
23.75,309.37916647093596,100.0,0.0,309.58749986995076,0.20833339901480485
23.8,309.58749986995076,100.0,0.0,309.7958332689655,0.208333399014748
23.85,309.7958332689655,100.0,0.0,310.00357142560296,0.207738156637447
23.900000000000002,310.00357142560296,100.0,0.0,310.1821427057514,0.17857128014844648
23.950000000000003,310.1821427057514,100.0,0.0,310.3607140841661,0.17857137841468784
24.0,310.3607140841661,100.0,0.0,310.5392855690359,0.17857148486979213
24.05,310.5392855690359,100.0,0.0,310.7178570539057,0.17857148486979213
24.1,310.7178570539057,100.0,0.0,310.8964285387755,0.17857148486984897
24.150000000000002,310.8964285387755,100.0,0.0,311.0,0.10357146122447602
24.200000000000003,311.0,100.0,0.0,311.0,0.0
24.25,311.0,100.0,0.0,311.0,0.0
24.3,311.0,100.0,0.0,311.0916677019608,0.09166770196077323
24.35,311.0916677019608,100.0,0.0,311.5083346176383,0.41666691567752423
24.400000000000002,311.5083346176383,100.0,0.0,311.92500092556054,0.4166663079222417
24.450000000000003,311.92500092556054,100.0,0.0,312.3416672334828,0.4166663079222417
24.5,312.3416672334828,100.0,0.0,312.7583335414051,0.41666630792229853
24.55,312.7583335414051,100.0,0.0,313.065625,0.307291458594932
24.6,313.065625,100.0,0.0,313.221875,0.15625
24.650000000000002,313.221875,100.0,0.0,313.378125,0.15625
24.700000000000003,313.378125,100.0,0.0,313.534375,0.15625
24.75,313.534375,100.0,0.0,313.690625,0.15625
24.8,313.690625,100.0,0.0,313.846875,0.15625
24.85,313.846875,100.0,0.0,314.00416666666666,0.1572916666666515
24.900000000000002,314.00416666666666,100.0,0.0,314.21250000000003,0.20833333333337123
24.950000000000003,314.21250000000003,100.0,0.0,314.42083333333335,0.20833333333331439
25.0,314.42083333333335,100.0,0.0,314.62916666666666,0.20833333333331439
25.05,314.62916666666666,100.0,0.0,314.83750000000003,0.20833333333337123
25.1,314.83750000000003,100.0,0.0,315.06875,0.23124999999998863
25.150000000000002,315.06875,100.0,0.0,315.38125,0.3125
25.200000000000003,315.38125,100.0,0.0,315.69375,0.3125
25.25,315.69375,100.0,0.0,316.0022727272727,0.30852272727270247
25.3,316.0022727272727,100.0,0.0,316.1159090909091,0.11363636363637397
25.35,316.1159090909091,100.0,0.0,316.2295454545455,0.11363636363637397
25.400000000000002,316.2295454545455,100.0,0.0,316.3431818181818,0.11363636363631713
25.450000000000003,316.3431818181818,100.0,0.0,316.4568182270841,0.11363640890232318
25.5,316.4568182270841,100.0,0.0,316.57045468125233,0.11363645416821555
25.55,316.57045468125233,100.0,0.0,316.68409113542054,0.11363645416821555
25.6,316.68409113542054,100.0,0.0,316.7977275895888,0.1136364541682724
25.650000000000002,316.7977275895888,100.0,0.0,316.91136404375703,0.11363645416821555
25.700000000000003,316.91136404375703,100.0,0.0,317.06875,0.15738595624299023
25.75,317.06875,100.0,0.0,317.38125,0.3125
25.8,317.38125,100.0,0.0,317.69375,0.3125
25.85,317.69375,100.0,0.0,318.00418409929796,0.310434099297936
25.900000000000002,318.00418409929796,100.0,0.0,318.2133890641971,0.2092049648991292
25.950000000000003,318.2133890641971,100.0,0.0,318.42259402909616,0.20920496489907237
26.0,318.42259402909616,100.0,0.0,318.63179899399523,0.20920496489907237
26.05,318.63179899399523,100.0,0.0,318.8410041040775,0.20920511008228004
26.1,318.8410041040775,100.0,0.0,319.0,0.1589958959224873
26.150000000000002,319.0,100.0,0.0,319.0,0.0
26.200000000000003,319.0,100.0,0.0,319.0,0.0
26.25,319.0,100.0,0.0,319.0,0.0
26.3,319.0,100.0,0.0,319.0,0.0
26.35,319.0,100.0,0.0,319.0,0.0
26.400000000000002,319.0,100.0,0.0,319.0,0.0
26.450000000000003,319.0,100.0,0.0,319.0,0.0
26.5,319.0,100.0,0.0,318.96666677894734,-0.03333322105265779
26.55,318.96666677894734,100.0,0.0,318.8277781333333,-0.13888864561403125
26.6,318.8277781333333,100.0,0.0,318.6888892444444,-0.13888888888891415
26.650000000000002,318.6888892444444,100.0,0.0,318.55000035555554,-0.1388888888888573
26.700000000000003,318.55000035555554,100.0,0.0,318.4111114666667,-0.1388888888888573
26.75,318.4111114666667,100.0,0.0,318.27222257777777,-0.13888888888891415
26.8,318.27222257777777,100.0,0.0,318.1333335414634,-0.13888903631436733
26.85,318.1333335414634,100.0,0.0,318.00999999452995,-0.123333546933452
26.900000000000002,318.00999999452995,100.0,0.0,318.2599998577778,0.24999986324786505
26.950000000000003,318.2599998577778,100.0,0.0,318.5099997210256,0.2499998632478082
27.0,318.5099997210256,100.0,0.0,318.75999981493976,0.2500000939141387
27.05,318.75999981493976,100.0,0.0,319.0,0.24000018506023935
27.1,319.0,100.0,0.0,319.0,0.0
27.150000000000002,319.0,100.0,0.0,319.0,0.0
27.200000000000003,319.0,100.0,0.0,319.0,0.0
27.25,319.0,100.0,0.0,318.991666668917,-0.008333331083008488
27.3,318.991666668917,100.0,0.0,318.78333339184246,-0.2083332770745301
27.35,318.78333339184246,100.0,0.0,318.57500011476793,-0.2083332770745301
27.400000000000002,318.57500011476793,100.0,0.0,318.3666668376934,-0.2083332770745301
27.450000000000003,318.3666668376934,100.0,0.0,318.15833356061887,-0.2083332770745301
27.5,318.15833356061887,100.0,0.0,318.05000003595507,-0.10833352466380575
27.55,318.05000003595507,100.0,0.0,318.25833351910114,0.20833348314607747
27.6,318.25833351910114,100.0,0.0,318.4666670022472,0.20833348314607747
27.650000000000002,318.4666670022472,100.0,0.0,318.67500048539324,0.20833348314602063
27.700000000000003,318.67500048539324,100.0,0.0,318.88333357419356,0.2083330888003161
27.75,318.88333357419356,100.0,0.0,318.862500386014,-0.0208331881795516
27.8,318.862500386014,99.86250038601399,0.0,318.55000024615384,-0.31250013986016256
27.85,318.55000024615384,99.55000024615384,0.0,318.2375001062937,-0.31250013986016256
27.900000000000002,318.2375001062937,99.2375001062937,0.0,317.35714285714266,-0.8803572491510181
27.950000000000003,317.35714285714266,94.75714285714146,0.042857142857157,314.6785714285714,-2.6785714285712743
28.0,314.6785714285714,77.07857142857111,0.2214285714285747,311.99999999999994,-2.678571428571445
28.05,311.99999999999994,59.3999999999995,0.4000000000000051,309.32142857142844,-2.6785714285715017
28.1,309.32142857142844,41.72142857142789,0.5785714285714355,306.642857142857,-2.678571428571445
28.150000000000002,306.642857142857,24.042857142856278,0.7571428571428659,303.96428571428555,-2.678571428571445
28.200000000000003,303.96428571428555,6.3642857142846765,0.9357142857142963,297.88,-6.084285714285556
28.25,297.88,0.0,1.0,289.8799999999998,-8.00000000000017
28.3,289.8799999999998,0.0,1.0,281.8799999999997,-8.000000000000114
28.35,281.8799999999997,0.0,1.0,273.87999999999954,-8.00000000000017
28.400000000000002,273.87999999999954,0.0,1.0,265.8799999999994,-8.000000000000114
28.450000000000003,265.8799999999994,0.0,1.0,257.8799999999998,-7.999999999999602
28.5,257.8799999999998,0.0,1.0,249.87999999999968,-8.000000000000142
28.55,249.87999999999968,0.0,1.0,241.87999999999954,-8.000000000000142
28.6,241.87999999999954,0.0,1.0,234.68000747243224,-7.199992527567304
28.650000000000002,234.68000747243224,0.0,1.0,227.9300062547237,-6.75000121770853
28.700000000000003,227.9300062547237,0.0,1.0,221.18000360441735,-6.750002650306357
28.75,221.18000360441735,0.0,1.0,214.4300009541105,-6.75000265030684
28.8,214.4300009541105,0.0,1.0,207.46666400489295,-6.963336949217563
28.85,207.46666400489295,0.0,1.0,200.3833265125381,-7.083337492354843
28.900000000000002,200.3833265125381,0.0,1.0,193.29998902018326,-7.083337492354843
28.950000000000003,193.29998902018326,0.0,1.0,186.21665152782893,-7.083337492354332
29.0,186.21665152782893,0.0,1.0,179.13332673939388,-7.08332478843505
29.05,179.13332673939388,0.0,1.0,174.8500012840763,-4.283325455317566
29.1,174.8500012840763,0.0,1.0,171.10000281273867,-3.7499984713376477
29.150000000000002,171.10000281273867,0.0,1.0,167.35000434140105,-3.7499984713376193
29.200000000000003,167.35000434140105,0.0,1.0,164.2,-3.1500043414010577
29.25,164.2,0.0,1.0,161.38749999999996,-2.8125000000000284
29.3,161.38749999999996,0.0,1.0,158.57499999999993,-2.8125000000000284
29.35,158.57499999999993,0.0,1.0,155.2714275564874,-3.303572443512536
29.400000000000002,155.2714275564874,0.0,1.0,151.34285382123176,-3.9285737352556396
29.450000000000003,151.34285382123176,0.0,1.0,147.41428008597643,-3.928573735255327
29.5,147.41428008597643,0.0,1.0,143.4857063507208,-3.9285737352556396
29.55,143.4857063507208,0.0,1.0,139.55713344884782,-3.9285729018729683
29.6,139.55713344884782,0.0,1.0,135.6285701308755,-3.9285633179723334
29.650000000000002,135.6285701308755,0.0,1.0,133.60387861968707,-2.024691511188422
29.700000000000003,133.60387861968707,0.0,1.0,131.94182935740994,-1.6620492622771224
29.75,131.94182935740994,0.0,1.0,130.2797800951327,-1.662049262277236
29.8,130.2797800951327,0.0,1.0,128.61773083285544,-1.6620492622772645
29.85,128.61773083285544,0.0,1.0,126.95568142988363,-1.6620494029718174
29.900000000000002,126.95568142988363,0.0,1.0,125.29363040892405,-1.6620510209595807
29.950000000000003,125.29363040892405,0.0,1.0,123.63157938796458,-1.662051020959467
30.0,123.63157938796458,0.0,1.0,122.03124999999993,-1.6003293879646492
30.05,122.03124999999993,0.0,1.0,120.4687499999999,-1.5625000000000284
30.1,120.4687499999999,0.0,1.0,118.90624999999989,-1.5625000000000142
30.150000000000002,118.90624999999989,0.0,1.0,117.56250075675669,-1.3437492432431952
30.200000000000003,117.56250075675669,0.34999939459464263,1.0,116.52083444334977,-1.041666313406921
30.25,116.52083444334977,1.1833324453201808,0.8325123152709408,115.47916744827586,-1.0416669950739106
30.3,115.47916744827586,2.0166660413793083,0.5862068965517248,114.43750045320195,-1.0416669950739106
30.35,114.43750045320195,2.8499996374384358,0.3399014778325087,113.39583345812805,-1.0416669950738964
30.400000000000002,113.39583345812805,3.6833332334975633,0.0935960591132926,112.44642549841264,-0.9494079597154155
30.450000000000003,112.44642549841264,6.325012906666886,0.0,111.55356962539682,-0.8928558730158187
30.5,111.55356962539682,10.075007573333345,0.0,110.66071375238094,-0.8928558730158755
30.55,110.66071375238094,13.825002240000071,0.0,109.76785787936505,-0.8928558730158898
30.6,109.76785787936505,17.574996906666797,0.0,108.87500067469877,-0.892857204666285
30.650000000000002,108.87500067469877,21.324997166265184,0.0,108.00625000000001,-0.8687506746987594
30.700000000000003,108.00625000000001,25.11250000000014,0.0,108.31875,0.3124999999999858
30.75,108.31875,30.737499999999862,0.0,108.63125,0.3125
30.8,108.63125,36.36249999999998,0.0,108.94375,0.3125
30.85,108.94375,41.987500000000104,0.0,109.25625000000001,0.3125000000000142
30.900000000000002,109.25625000000001,47.61250000000025,0.0,109.56875000000002,0.3125000000000142
30.950000000000003,109.56875000000002,53.23750000000041,0.0,109.88125000000001,0.3124999999999858
31.0,109.88125000000001,58.86250000000015,0.0,111.64687461949471,1.7656246194947016
31.05,111.64687461949471,60.80625004476533,0.0,114.30312400577633,2.6562493862816154
31.1,114.30312400577633,60.49375011696749,0.0,116.95937339205794,2.6562493862816154
31.150000000000002,116.95937339205794,60.18125018916965,0.0,119.61562277833956,2.6562493862816154
31.200000000000003,119.61562277833956,59.868750261371815,0.0,122.27187216462099,2.6562493862814307
31.25,122.27187216462099,59.556250333574006,0.0,124.92812191627915,2.656249751658166
31.3,124.92812191627915,59.24375036279069,0.0,127.06875007457629,2.140628158297133
31.35,127.06875007457629,57.65937354576237,0.0,127.38125041355934,0.31250033898305674
31.400000000000002,127.38125041355934,51.56561693559278,0.0,127.6937507525424,0.31250033898305674
31.450000000000003,127.6937507525424,45.47186032542319,0.0,128.00625109152543,0.3125003389830283
31.5,128.00625109152543,39.37810371525403,0.0,128.31875091468532,0.31249982315989655
31.55,128.31875091468532,33.28435716363609,0.0,128.63125049510492,0.3124995804195976
31.6,128.63125049510492,27.19061534545421,0.0,128.9437500755245,0.31249958041956916
31.650000000000002,128.9437500755245,21.09687352727233,0.0,128.48749999999995,-0.45625007552453667
31.700000000000003,128.48749999999995,27.431250000000702,0.0,127.86249999999998,-0.6249999999999716
31.75,127.86249999999998,36.493750000000176,0.0,127.23749999999998,-0.625
31.8,127.23749999999998,45.556250000000304,0.0,127.31,0.07250000000001933
31.85,127.31,51.48000000000006,0.0,127.81000000000002,0.5000000000000142
31.900000000000002,127.81000000000002,55.480000000000175,0.0,128.31000000000003,0.5000000000000142
31.950000000000003,128.31000000000003,59.48000000000029,0.0,128.81,0.4999999999999716
32.0,128.81,63.48000000000011,0.0,129.77500000000015,0.9650000000001455
32.050000000000004,129.77500000000015,68.72000000000074,0.0,131.0250000000001,1.2499999999999432
32.1,131.0250000000001,74.72000000000044,0.0,132.27500000000003,1.2499999999999432
32.15,132.27500000000003,80.72000000000014,0.0,133.5250000000001,1.2500000000000568
32.2,133.5250000000001,86.72000000000041,0.0,134.77499999999998,1.2499999999998863
32.25,134.77499999999998,90.21785714285711,0.0,136.0250000000001,1.2500000000001137
32.300000000000004,136.0250000000001,92.18214285714302,0.0,137.27500000000006,1.2499999999999716
32.35,137.27500000000006,94.14642857142864,0.0,138.525,1.2499999999999432
32.4,138.525,96.11071428571427,0.0,139.77500000000012,1.2500000000001137
32.45,139.77500000000012,98.07500000000017,0.0,141.07083333333318,1.2958333333330643
32.5,141.07083333333318,100.0,0.0,144.6125000000002,3.5416666666670267
32.550000000000004,144.6125000000002,100.0,0.0,148.15416666666675,3.5416666666665435
32.6,148.15416666666675,100.0,0.0,151.6958333333333,3.5416666666665435
32.65,151.6958333333333,100.0,0.0,155.23750000000035,3.541666666667055
32.7,155.23750000000035,100.0,0.0,158.48427569696335,3.246775696962999
32.75,158.48427569696335,100.0,0.0,160.68553180118408,2.2012561042207324
32.800000000000004,160.68553180118408,100.0,0.0,162.88679108629415,2.201259285110069
32.85,162.88679108629415,100.0,0.0,165.0499999999999,2.163208913705745
32.9,165.0499999999999,100.0,0.0,166.3,1.2500000000001137
32.95,166.3,100.0,0.0,167.54999999999998,1.2499999999999716
33.0,167.54999999999998,100.0,0.0,168.8000000000001,1.2500000000001137
33.050000000000004,168.8000000000001,100.0,0.0,170.08749984864875,1.2874998486486504
33.1,170.08749984864875,100.0,0.0,172.27499754146342,2.1874976928146737
33.15,172.27499754146342,100.0,0.0,174.4624986796749,2.1875011382114735
33.2,174.4624986796749,100.0,0.0,176.64999981788608,2.1875011382111893
33.25,176.64999981788608,100.0,0.0,178.34999794285721,1.6999981249711311
33.300000000000004,178.34999794285721,100.0,0.0,179.95714080000002,1.6071428571428044
33.35,179.95714080000002,100.0,0.0,181.56428365714282,1.6071428571428044
33.4,181.56428365714282,100.0,0.0,183.17142651428586,1.6071428571430317
33.45,183.17142651428586,100.0,0.0,184.77856937142866,1.6071428571428044
33.5,184.77856937142866,100.0,0.0,186.45000000000027,1.6714306285716134
33.550000000000004,186.45000000000027,100.0,0.0,188.32500000000013,1.874999999999858
33.6,188.32500000000013,100.0,0.0,190.20000000000002,1.8749999999998863
33.65,190.20000000000002,100.0,0.0,192.07500000000013,1.8750000000001137
33.7,192.07500000000013,100.0,0.0,193.95000000000002,1.8749999999998863
33.75,193.95000000000002,100.0,0.0,195.82500000000013,1.8750000000001137
33.800000000000004,195.82500000000013,100.0,0.0,197.70000000000002,1.8749999999998863
33.85,197.70000000000002,100.0,0.0,199.57499999999987,1.874999999999858
33.9,199.57499999999987,100.0,0.0,201.42000298666667,1.845002986666799
33.95,201.42000298666667,100.0,0.0,203.17000339692302,1.750000410256348
34.0,203.17000339692302,100.0,0.0,204.92000216615398,1.749998769230956
34.050000000000004,204.92000216615398,100.0,0.0,206.6700009353847,1.7499987692307286
34.1,206.6700009353847,100.0,0.0,208.35999980307693,1.6899988676922248
34.15,208.35999980307693,100.0,0.0,209.85999898256418,1.4999991794872471
34.2,209.85999898256418,100.0,0.0,211.35999816205123,1.4999991794870482
34.25,211.35999816205123,100.0,0.0,212.85999912096392,1.5000009589126932
34.300000000000004,212.85999912096392,100.0,0.0,214.29999950769235,1.4400003867284283
34.35,214.29999950769235,100.0,0.0,215.5499974564103,1.2499979487179473
34.4,215.5499974564103,100.0,0.0,216.79999725714302,1.2499998007327235
34.45,216.79999725714302,100.0,0.0,218.04999792941186,1.2500006722688397
34.5,218.04999792941186,100.0,0.0,219.29999868915678,1.2500007597449212
34.550000000000004,219.29999868915678,100.0,0.0,220.54999965301207,1.2500009638552854
34.6,220.54999965301207,100.0,0.0,221.79999999999993,1.2500003469878607
34.65,221.79999999999993,100.0,0.0,223.05000000000007,1.250000000000142
34.7,223.05000000000007,100.0,0.0,224.3,1.2499999999999432
34.75,224.3,100.0,0.0,225.55000000000015,1.250000000000142
34.800000000000004,225.55000000000015,100.0,0.0,226.91428468771937,1.3642846877192198
34.85,226.91428468771937,100.0,0.0,228.34285599658844,1.428571308869067
34.9,228.34285599658844,100.0,0.0,229.77142878976554,1.4285727931770964
34.95,229.77142878976554,100.0,0.0,231.2000015829424,1.428572793176869
35.0,231.2000015829424,100.0,0.0,232.6285743761195,1.4285727931770964
35.050000000000004,232.6285743761195,100.0,0.0,234.05000000000007,1.421425623880566
35.1,234.05000000000007,100.0,0.0,235.29999999999998,1.2499999999999147
35.15,235.29999999999998,100.0,0.0,236.5500000000001,1.2500000000001137
35.2,236.5500000000001,100.0,0.0,237.8,1.2499999999999147
35.25,237.8,100.0,0.0,239.05000000000013,1.2500000000001137
35.300000000000004,239.05000000000013,100.0,0.0,240.30000000000004,1.2499999999999147
35.35,240.30000000000004,100.0,0.0,241.47142900869562,1.1714290086955828
35.4,241.47142900869562,100.0,0.0,242.54285857391312,1.0714295652174997
35.45,242.54285857391312,100.0,0.0,243.61428813913045,1.0714295652173291
35.5,243.61428813913045,100.0,0.0,244.68571702857156,1.0714288894411084
35.550000000000004,244.68571702857156,100.0,0.0,245.75714441680677,1.0714273882352074
35.6,245.75714441680677,100.0,0.0,246.82857164369742,1.0714272268906484
35.65,246.82857164369742,100.0,0.0,247.6681821496829,0.8396105059854904
35.7,247.6681821496829,100.0,0.0,248.46363708978154,0.7954549400986366
35.75,248.46363708978154,100.0,0.0,249.2590920298803,0.7954549400987503
35.800000000000004,249.2590920298803,100.0,0.0,250.0545469699789,0.7954549400986082
35.85,250.0545469699789,100.0,0.0,250.85000191007754,0.7954549400986366
35.9,250.85000191007754,100.0,0.0,251.64545620139867,0.7954542913211355
35.95,251.64545620139867,100.0,0.0,252.4409101874126,0.7954539860139391
36.0,252.4409101874126,100.0,0.0,253.23636417342667,0.7954539860140528
36.050000000000004,253.23636417342667,100.0,0.0,254.041666962963,0.8053027895363414
36.1,254.041666962963,100.0,0.0,255.08333524022342,1.0416682772604133
36.15,255.08333524022342,100.0,0.0,256.12500078957174,1.0416655493483233
36.2,256.12500078957174,100.0,0.0,257.1666663389199,1.0416655493481812
36.25,257.1666663389199,100.0,0.0,258.2083321550388,1.0416658161188934
36.300000000000004,258.2083321550388,100.0,0.0,259.0,0.7916678449611823
36.35,259.0,95.72953736654786,0.04270462633452137,259.0,0.0
36.4,259.0,77.93594306049897,0.22064056939501023,259.0,0.0
36.45,259.0,60.14234875444756,0.3985765124555244,259.0,0.0
36.5,259.0,42.34875444839868,0.5765124555160133,259.0,0.0
36.550000000000004,259.0,24.555160142347262,0.7544483985765275,259.0,0.0
36.6,259.0,6.761565836298374,0.9323843416370162,256.5781202061857,-2.4218797938142984
36.65,256.5781202061857,0.0,1.0,252.67186247422666,-3.9062577319590446
36.7,252.67186247422666,0.0,1.0,248.76561377777787,-3.9062486964487846
36.75,248.76561377777787,0.0,1.0,244.85936933333306,-3.906244444444809
36.800000000000004,244.85936933333306,0.0,1.0,240.95312488888885,-3.906244444444212
36.85,240.95312488888885,0.0,1.0,237.04687953488389,-3.906245354004966
36.9,237.04687953488389,0.0,1.0,233.56785737924287,-3.479022155641019
36.95,233.56785737924287,0.15714277118441458,1.0,231.60357273943828,-1.964284639804589
37.0,231.60357273943828,0.8714280947497139,1.0,229.63928809963343,-1.9642846398048448
37.050000000000004,229.63928809963343,1.5857134183151147,1.0,227.67500183558272,-1.9642862640507133
37.1,227.67500183558272,2.2999993325153802,1.0,225.71071535004387,-1.9642864855388495
37.15,225.71071535004387,3.0142853272567782,1.0,223.74642886450474,-1.9642864855391338
37.2,223.74642886450474,3.7285713219982775,1.0,221.83749325201785,-1.9089356124868857
37.25,221.83749325201785,4.645837082212309,1.0,219.9624948663675,-1.8749983856503434
37.300000000000004,219.9624948663675,5.68750285201805,1.0,218.08749648071745,-1.8749983856500592
37.35,218.08749648071745,6.729168621823643,1.0,216.2124980950674,-1.8749983856500592
37.4,216.2124980950674,7.770834391629235,1.0,214.33749970941705,-1.8749983856503434
37.45,214.33749970941705,8.812500161434976,1.0,212.7187519349594,-1.6187477744576313
37.5,212.7187519349594,14.893741099186686,0.9674796747967653,211.15625112195113,-1.5625008130082847
37.550000000000004,211.15625112195113,22.08124483902484,0.5609756097560721,209.59375030894304,-1.5625008130080857
37.6,209.59375030894304,29.268748578861974,0.15447154471543678,208.22499520000008,-1.3687551089429633
37.65,208.22499520000008,32.516669866666604,0.0,206.97499519999997,-1.2500000000001137
37.7,206.97499519999997,33.350003200000025,0.0,205.7249952,-1.2499999999999716
37.75,205.7249952,34.18333653333333,0.0,204.47499519999985,-1.250000000000142
37.800000000000004,204.47499519999985,35.01666986666675,0.0,203.2249981217391,-1.2499970782607477
37.85,203.2249981217391,35.85000125217393,0.0,203.0,-0.22499812173910527
37.9,203.0,41.637499999999555,0.0,203.0,0.0
37.95,203.0,48.51250000000014,0.0,203.0,0.0
38.0,203.0,55.38749999999974,0.0,203.0,0.0
38.050000000000004,203.0,62.26250000000032,0.0,203.0,0.0
38.1,203.0,69.13749999999993,0.0,203.0,0.0
38.15,203.0,76.01249999999953,0.0,203.1750015713005,0.17500157130049843
38.2,203.1750015713005,79.56249607174878,0.0,203.59166787922274,0.4166663079222417
38.25,203.59166787922274,78.52083030194315,0.0,204.00833418714504,0.41666630792229853
38.300000000000004,204.00833418714504,77.47916453213737,0.0,204.4250004950673,0.4166663079222701
38.35,204.4250004950673,76.43749876233176,0.0,204.8416668029896,0.41666630792229853
38.400000000000006,204.8416668029896,75.39583299252598,0.0,205.5812500000001,0.7395831970104894
38.45,205.5812500000001,77.42187500000037,0.0,206.51875,0.9374999999999147
38.5,206.51875,81.328125,0.0,207.45625000000007,0.9375000000000568
38.550000000000004,207.45625000000007,85.23437500000018,0.0,208.39374999999998,0.9374999999999147
38.6,208.39374999999998,89.14062499999993,0.0,209.3312500000001,0.9375000000001137
38.650000000000006,209.3312500000001,93.04687500000034,0.0,210.26875000000007,0.9374999999999716
38.7,210.26875000000007,96.9531250000003,0.0,211.20000000000005,0.9312499999999773
38.75,211.20000000000005,99.94999999999999,0.0,212.10909090909104,0.9090909090909918
38.800000000000004,212.10909090909104,99.72272727272724,0.0,213.0181818181819,0.9090909090908497
38.85,213.0181818181819,99.49545454545454,0.0,213.92727272727288,0.9090909090909918
38.900000000000006,213.92727272727288,99.26818181818179,0.0,214.83636363636373,0.9090909090908497
38.95,214.83636363636373,99.04090909090907,0.0,215.74545454545458,0.9090909090908497
39.0,215.74545454545458,98.81363636363636,0.0,216.65454545454554,0.9090909090909634
39.050000000000004,216.65454545454554,98.58636363636361,0.0,217.5636363636364,0.9090909090908497
39.1,217.5636363636364,98.35909090909091,0.0,218.47272727272735,0.9090909090909634
39.150000000000006,218.47272727272735,98.13181818181816,0.0,219.31500000000005,0.8422727272727002
39.2,219.31500000000005,98.21000000000002,0.0,220.06500000000003,0.7499999999999716
39.25,220.06500000000003,98.71000000000001,0.0,220.81500000000008,0.7500000000000568
39.300000000000004,220.81500000000008,99.21000000000005,0.0,221.56500000000005,0.7499999999999716
39.35,221.56500000000005,99.71000000000004,0.0,222.40947067909173,0.8444706790916712
39.400000000000006,222.40947067909173,100.0,0.0,223.38440086740496,0.9749301883132375
39.45,223.38440086740496,100.0,0.0,224.35933108139537,0.9749302139904046
39.5,224.35933108139537,100.0,0.0,225.33426152648045,0.9749304450850786
39.550000000000004,225.33426152648045,100.0,0.0,226.3091919715654,0.974930445084965
39.6,226.3091919715654,100.0,0.0,227.2841224166505,0.9749304450850786
39.650000000000006,227.2841224166505,100.0,0.0,228.25905286173546,0.974930445084965
39.7,228.25905286173546,100.0,0.0,229.29999887058818,1.0409460088527283
39.75,229.29999887058818,100.0,0.0,230.54999890349654,1.2500000329083605
39.800000000000004,230.54999890349654,100.0,0.0,231.79999946293702,1.2500005594404797
39.85,231.79999946293702,100.0,0.0,233.05714284028974,1.257143377352719
39.900000000000006,233.05714284028974,100.0,0.0,234.48571384753126,1.4285710072415156
39.95,234.48571384753126,100.0,0.0,235.9142848547728,1.428571007241544
40.0,235.9142848547728,100.0,0.0,237.34285586201455,1.428571007241743
40.050000000000004,237.34285586201455,100.0,0.0,238.77142686925606,1.4285710072415156
40.1,238.77142686925606,100.0,0.0,240.19999918730176,1.4285723180456955
40.150000000000006,240.19999918730176,100.0,0.0,241.54999980113007,1.350000613828314
40.2,241.54999980113007,100.0,0.0,242.7999993491526,1.2499995480225436
40.25,242.7999993491526,100.0,0.0,244.04999889717533,1.2499995480227142
40.300000000000004,244.04999889717533,100.0,0.0,245.29999844519784,1.2499995480225152
40.35,245.29999844519784,100.0,0.0,246.54999909902932,1.2500006538314778
40.400000000000006,246.54999909902932,100.0,0.0,247.79999987572828,1.250000776698954
40.45,247.79999987572828,100.0,0.0,248.26250000000002,0.4625001242717417
40.5,248.26250000000002,100.0,0.0,248.57500000000002,0.3125
40.550000000000004,248.57500000000002,100.0,0.0,248.8875,0.3124999999999716
40.6,248.8875,100.0,0.0,249.4965507310346,0.609050731034614
40.650000000000006,249.4965507310346,99.03448468965495,0.0,250.27241280000007,0.7758620689654663
40.7,250.27241280000007,97.52586399999988,0.0,251.04827486896554,0.7758620689654663
40.75,251.04827486896554,96.01724331034481,0.0,251.82413693793112,0.77586206896558
40.800000000000004,251.82413693793112,94.50862262068952,0.0,252.59999900689658,0.7758620689654663
40.85,252.59999900689658,93.00000193103445,0.0,253.37586107586213,0.7758620689655515
40.900000000000006,253.37586107586213,91.49138124137917,0.0,254.1517231448276,0.7758620689654663
40.95,254.1517231448276,89.9827605517241,0.0,254.92758521379307,0.7758620689654663
41.0,254.92758521379307,88.47413986206902,0.0,255.70344728275865,0.77586206896558
41.050000000000004,255.70344728275865,86.96551917241374,0.0,256.47930921455514,0.7758619317964985
41.1,256.47930921455514,85.45689874947612,0.0,257.25517100918273,0.7758617946275876
41.150000000000006,257.25517100918273,83.94827859325574,0.0,258.03103280381026,0.7758617946275308
41.2,258.03103280381026,82.43965843703558,0.0,258.8068945984378,0.7758617946275308
41.25,258.8068945984378,80.9310382808154,0.0,259.582756743998,0.775862145560211
41.300000000000004,259.582756743998,79.42241744222613,0.0,260.35861893741253,0.7758621934145253
41.35,260.35861893741253,77.91379651058678,0.0,261.13448113082717,0.775862193414639
41.400000000000006,261.13448113082717,76.40517557894721,0.0,261.9103433242417,0.7758621934145253
41.45,261.9103433242417,74.89655464730785,0.0,262.6862055176562,0.7758621934145253
41.5,262.6862055176562,73.38793371566851,0.0,263.46206771107086,0.775862193414639
41.550000000000004,263.46206771107086,71.87931278402894,0.0,264.2379299044854,0.7758621934145253
41.6,264.2379299044854,70.37069185238958,0.0,265.01379209789997,0.7758621934145822
41.650000000000006,265.01379209789997,68.86207092075001,0.0,265.7896545426409,0.7758624447409375
41.7,265.7896545426409,67.35344950042044,0.0,266.56551701530697,0.7758624726660628
41.75,266.56551701530697,65.84482802579195,0.0,264.721428571428,-1.8440884438789453
41.800000000000004,264.721428571428,59.892857142855874,0.07857142857144815,259.5428571428569,-5.178571428571104
41.85,259.5428571428569,48.28571428571372,0.25714285714286583,254.36428571428505,-5.178571428571871
41.900000000000006,254.36428571428505,36.678571428569924,0.4357142857143089,249.1857142857139,-5.178571428571132
41.95,249.1857142857139,25.071428571427774,0.6142857142857266,244.0071428571428,-5.178571428571104
42.0,244.0071428571428,13.464285714285623,0.7928571428571444,238.82857142857097,-5.178571428571843
42.050000000000004,238.82857142857097,1.8571428571418167,0.9714285714285874,235.3750043076923,-3.4535671208786596
42.1,235.3750043076923,0.0,1.0,232.2500066341462,-3.124997673546119
42.150000000000006,232.2500066341462,0.0,1.0,229.1250017560976,-3.1250048780485997
42.2,229.1250017560976,0.0,1.0,224.96000196525276,-4.164999790844831
42.25,224.96000196525276,0.0,1.0,220.21000503595926,-4.749996929293502
42.300000000000004,220.21000503595926,0.0,1.0,215.46000810666644,-4.74999692929282
42.35,215.46000810666644,0.0,1.0,210.71001117737296,-4.749996929293474
42.400000000000006,210.71001117737296,0.0,1.0,207.1999999999998,-3.5100111773731726
42.45,207.1999999999998,1.2000000000001332,1.0,204.38749999999996,-2.8124999999998295
42.5,204.38749999999996,3.0750000000000246,1.0,201.57499999999973,-2.8125000000002274
42.550000000000004,201.57499999999973,4.950000000000183,1.0,198.76249999999987,-2.812499999999858
42.6,198.76249999999987,6.825000000000075,1.0,195.94999999999965,-2.8125000000002274
42.650000000000006,195.94999999999965,8.700000000000232,1.0,193.13749999999982,-2.8124999999998295
42.7,193.13749999999982,10.575000000000124,1.0,190.82,-2.317499999999825
42.75,190.82,12.660000000000016,0.9399999999999986,190.06999999999994,-0.7500000000000568
42.800000000000004,190.06999999999994,15.410000000000212,0.6899999999999809,189.32,-0.7499999999999432
42.85,189.32,18.160000000000014,0.4399999999999986,188.56999999999994,-0.7500000000000568
42.900000000000006,188.56999999999994,20.91000000000021,0.18999999999998085,187.850622406639,-0.7193775933609459
42.95,187.850622406639,24.89211618257269,0.0,187.22821576763488,-0.6224066390041116
43.0,187.22821576763488,32.775933609958145,0.0,186.60580912863068,-0.6224066390041969
43.050000000000004,186.60580912863068,40.65975103734472,0.0,185.98340248962657,-0.6224066390041116
43.1,185.98340248962657,48.54356846473017,0.0,185.36099585062237,-0.6224066390041969
43.150000000000006,185.36099585062237,56.42738589211675,0.0,185.52500103917527,0.16400518855289192
43.2,185.52500103917527,62.890003741030974,0.0,186.775003513402,1.2500024742267328
43.25,186.775003513402,67.39001264824715,0.0,188.02500368155347,1.2500001681514732
43.300000000000004,188.02500368155347,71.89001325359243,0.0,189.27500135145635,1.249997669902882
43.35,189.27500135145635,76.3900048652429,0.0,190.1050002078351,0.8299988563787508
43.400000000000006,190.1050002078351,79.52500103917545,0.0,190.35500070268043,0.25000049484532383
43.45,190.35500070268043,80.77500351340217,0.0,190.6050007363107,0.2500000336302719
43.5,190.6050007363107,82.02500368155341,0.0,190.85500027029127,0.24999953398057073
43.550000000000004,190.85500027029127,83.27500135145641,0.0,191.26250000000002,0.40749972970874637
43.6,191.26250000000002,85.05000000000003,0.0,191.88750000000005,0.6250000000000284
43.650000000000006,191.88750000000005,87.55000000000022,0.0,192.51250000000005,0.625
43.7,192.51250000000005,90.05000000000018,0.0,193.49500000000012,0.9825000000000728
43.75,193.49500000000012,92.44000000000011,0.0,195.7450000000003,2.2500000000001705
43.800000000000004,195.7450000000003,94.44000000000025,0.0,197.99500000000012,2.2499999999998295
43.85,197.99500000000012,96.44000000000011,0.0,200.2450000000003,2.2500000000001705
43.900000000000006,200.2450000000003,98.44000000000025,0.0,202.1964282316603,1.9514282316600031
43.95,202.1964282316603,100.0,0.0,203.08928468430335,0.8928564526430591
44.0,203.08928468430335,100.0,0.0,203.98214206231637,0.8928573780130193
44.050000000000004,203.98214206231637,100.0,0.0,204.87499944032925,0.8928573780128772
44.1,204.87499944032925,100.0,0.0,205.76785681834224,0.8928573780129909
44.150000000000006,205.76785681834224,100.0,0.0,206.66071419635512,0.8928573780128772
44.2,206.66071419635512,100.0,0.0,208.25938231466677,1.5986681183116502
44.25,208.25938231466677,100.0,0.0,210.2906305813336,2.031248266666836
44.300000000000004,210.2906305813336,100.0,0.0,212.3218788480001,2.031248266666495
44.35,212.3218788480001,100.0,0.0,214.35312711466693,2.031248266666836
44.400000000000006,214.35312711466693,100.0,0.0,216.38437538133343,2.031248266666495
44.45,216.38437538133343,100.0,0.0,218.41562364799995,2.0312482666665233
44.5,218.41562364799995,100.0,0.0,220.06875009635039,1.6531264483504344
44.550000000000004,220.06875009635039,100.0,0.0,220.38125053430656,0.31250043795617444
44.6,220.38125053430656,100.0,0.0,220.6937509722628,0.3125004379562313
44.650000000000006,220.6937509722628,100.0,0.0,221.02812500000013,0.33437402773733993
44.7,221.02812500000013,100.0,0.0,222.43437500000005,1.4062499999999147
44.75,222.43437500000005,100.0,0.0,223.8406250000002,1.406250000000142
44.800000000000004,223.8406250000002,100.0,0.0,225.2468750000001,1.4062499999999147
44.85,225.2468750000001,100.0,0.0,226.65312500000022,1.4062500000001137
44.900000000000006,226.65312500000022,100.0,0.0,228.05937500000013,1.4062499999999147
44.95,228.05937500000013,100.0,0.0,229.46562500000005,1.4062499999999147
45.0,229.46562500000005,100.0,0.0,230.77500000000015,1.3093750000001023
45.050000000000004,230.77500000000015,100.0,0.0,232.02500000000003,1.2499999999998863
45.1,232.02500000000003,100.0,0.0,233.27500000000015,1.2500000000001137
45.150000000000006,233.27500000000015,100.0,0.0,234.52500000000003,1.2499999999998863
45.2,234.52500000000003,100.0,0.0,235.7750015340206,1.250001534020555
45.25,235.7750015340206,100.0,0.0,237.0250040082475,1.2500024742269034
45.300000000000004,237.0250040082475,100.0,0.0,238.27500397989948,1.249999971651988
45.35,238.27500397989948,100.0,0.0,239.52500277386946,1.2499987939699793
45.400000000000006,239.52500277386946,100.0,0.0,240.77500156783924,1.2499987939697803
45.45,240.77500156783924,100.0,0.0,242.02500036180902,1.2499987939697803
45.5,242.02500036180902,100.0,0.0,243.2750000000001,1.2499996381910705
45.550000000000004,243.2750000000001,100.0,0.0,244.63000000000005,1.3549999999999613
45.6,244.63000000000005,100.0,0.0,246.13000000000022,1.5000000000001705
45.650000000000006,246.13000000000022,100.0,0.0,247.6300000000001,1.4999999999998863
45.7,247.6300000000001,100.0,0.0,249.12999999999994,1.4999999999998295
45.75,249.12999999999994,100.0,0.0,250.26250000000002,1.1325000000000784
45.800000000000004,250.26250000000002,100.0,0.0,250.8875,0.6249999999999716
45.85,250.8875,100.0,0.0,251.51250000000007,0.6250000000000853
45.900000000000006,251.51250000000007,100.0,0.0,252.13750000000005,0.6249999999999716
45.95,252.13750000000005,100.0,0.0,252.76250000000002,0.6249999999999716
46.0,252.76250000000002,100.0,0.0,253.96875000000017,1.2062500000001535
46.050000000000004,253.96875000000017,100.0,0.0,255.53125000000003,1.562499999999858
46.1,255.53125000000003,100.0,0.0,257.0937500000001,1.5625000000000853
46.150000000000006,257.0937500000001,100.0,0.0,258.2635982557729,1.169848255772763
46.2,258.2635982557729,100.0,0.0,258.8912131504701,0.6276148946972171
46.25,258.8912131504701,100.0,0.0,259.5188282669504,0.6276151164802855
46.300000000000004,259.5188282669504,100.0,0.0,260.1464434080731,0.6276151411227033
46.35,260.1464434080731,100.0,0.0,260.7740585491959,0.627615141122817
46.400000000000006,260.7740585491959,100.0,0.0,261.79999976405537,1.025941214859472
46.45,261.79999976405537,100.0,0.0,263.04999939539175,1.2499996313363795
46.5,263.04999939539175,100.0,0.0,264.29999902672824,1.2499996313364932
46.550000000000004,264.29999902672824,100.0,0.0,265.54999865806457,1.2499996313363226
46.6,265.54999865806457,100.0,0.0,266.7999994434784,1.2500007854138175
46.650000000000006,266.7999994434784,100.0,0.0,267.52500000000003,0.7250005565216497
46.7,267.52500000000003,100.0,0.0,268.15000000000003,0.625
46.75,268.15000000000003,100.0,0.0,268.7750000000001,0.6250000000000568
46.800000000000004,268.7750000000001,100.0,0.0,269.79999850762334,1.024998507623252
46.85,269.79999850762334,100.0,0.0,271.04999886636784,1.2500003587445008
46.900000000000006,271.04999886636784,100.0,0.0,272.2999992251122,1.2500003587443302
46.95,272.2999992251122,100.0,0.0,273.5499995838565,1.2500003587443302
47.0,273.5499995838565,100.0,0.0,274.799999942601,1.2500003587445008
47.050000000000004,274.799999942601,100.0,0.0,275.52500000000003,0.7250000573990292
47.1,275.52500000000003,100.0,0.0,276.15000000000003,0.625
47.150000000000006,276.15000000000003,100.0,0.0,276.775,0.6249999999999432
47.2,276.775,100.0,0.0,277.4571425555228,0.6821425555228302
47.25,277.4571425555228,100.0,0.0,278.1714277985273,0.7142852430044968
47.300000000000004,278.1714277985273,100.0,0.0,278.8857139677019,0.7142861691746134
47.35,278.8857139677019,100.0,0.0,279.6000005338067,0.7142865661047608
47.400000000000006,279.6000005338067,100.0,0.0,280.3142870999113,0.7142865661046471
47.45,280.3142870999113,100.0,0.0,281.0374999889401,0.7232128890287868
47.5,281.0374999889401,100.0,0.0,281.97499971244247,0.9374997235023557
47.550000000000004,281.97499971244247,100.0,0.0,282.9124994359447,0.937499723502242
47.6,282.9124994359447,100.0,0.0,283.84999915944707,0.9374997235023557
47.650000000000006,283.84999915944707,100.0,0.0,284.7874988829493,0.937499723502242
47.7,284.7874988829493,100.0,0.0,285.7249992077669,0.9375003248176199
47.75,285.7249992077669,100.0,0.0,286.66249979029135,0.9375005825244216
47.800000000000004,286.66249979029135,100.0,0.0,287.40000000000003,0.7375002097086849
47.85,287.40000000000003,100.0,0.0,288.0250000000001,0.6250000000000568
47.900000000000006,288.0250000000001,100.0,0.0,288.65000000000003,0.6249999999999432
47.95,288.65000000000003,100.0,0.0,289.27500000000003,0.625
48.0,289.27500000000003,100.0,0.0,289.90000000000003,0.625
48.050000000000004,289.90000000000003,100.0,0.0,290.5250006857143,0.6250006857142694
48.1,290.5250006857143,100.0,0.0,291.1500015020409,0.6250008163265761
48.150000000000006,291.1500015020409,100.0,0.0,291.77500046451615,0.6249989624752743
48.2,291.77500046451615,100.0,0.0,292.4444441571268,0.6694436926106277
48.25,292.4444441571268,100.0,0.0,293.13888815263755,0.6944439955107669
48.300000000000004,293.13888815263755,100.0,0.0,293.8333321481482,0.6944439955106532
48.35,293.8333321481482,100.0,0.0,294.52777614365897,0.6944439955107669
48.400000000000006,294.52777614365897,100.0,0.0,295.22222081755837,0.6944446738993975
48.45,295.22222081755837,100.0,0.0,295.9166658106996,0.6944449931412464
48.5,295.9166658106996,100.0,0.0,296.6111108038409,0.6944449931413033
48.550000000000004,296.6111108038409,100.0,0.0,297.275,0.6638891961590616
48.6,297.275,100.0,0.0,297.90000000000003,0.6250000000000568
48.650000000000006,297.90000000000003,100.0,0.0,298.52500000000003,0.625
48.7,298.52500000000003,100.0,0.0,299.0749998702703,0.5499998702702555
48.75,299.0749998702703,100.0,0.0,299.3874996813009,0.312499811030591
48.800000000000004,299.3874996813009,100.0,0.0,299.69999984390245,0.312500162601566
48.85,299.69999984390245,100.0,0.0,300.0199999907914,0.32000014688895817
48.900000000000006,300.0199999907914,100.0,0.0,300.51999976057556,0.4999997697841536
48.95,300.51999976057556,100.0,0.0,301.01999953035966,0.49999976978409677
49.0,301.01999953035966,100.0,0.0,301.51999930014387,0.49999976978421046
49.050000000000004,301.51999930014387,100.0,0.0,302.019999069928,0.4999997697841536
49.1,302.019999069928,100.0,0.0,302.51999883971223,0.49999976978421046
49.150000000000006,302.51999883971223,100.0,0.0,303.01999897180326,0.5000001320910314
49.2,303.01999897180326,100.0,0.0,303.51999949639344,0.5000005245901775
49.25,303.51999949639344,100.0,0.0,304.03333336425123,0.5133338678577957
49.300000000000004,304.03333336425123,100.0,0.0,304.8666674705314,0.8333341062801765
49.35,304.8666674705314,100.0,0.0,305.7000015768117,0.8333341062802901
49.400000000000006,305.7000015768117,100.0,0.0,306.5333351738563,0.8333335970446001
49.45,306.5333351738563,100.0,0.0,307.36666746143794,0.8333322875816407
49.5,307.36666746143794,100.0,0.0,308.0,0.6333325385620583
49.550000000000004,308.0,100.0,0.0,308.0,0.0
49.6,308.0,100.0,0.0,308.0,0.0
49.650000000000006,308.0,100.0,0.0,308.0,0.0
49.7,308.0,100.0,0.0,308.0,0.0
49.75,308.0,100.0,0.0,308.0,0.0
49.800000000000004,308.0,100.0,0.0,308.31,0.3100000000000023
49.85,308.31,100.0,0.0,308.81000000000006,0.5000000000000568
49.900000000000006,308.81000000000006,100.0,0.0,309.31,0.49999999999994316
49.95,309.31,100.0,0.0,309.81,0.5
50.0,309.81,100.0,0.0,310.4305564077893,0.6205564077893087
50.050000000000004,310.4305564077893,100.0,0.0,311.12500222680416,0.6944458190148453
50.1,311.12500222680416,100.0,0.0,311.819446766371,0.6944445395668595
50.150000000000006,311.819446766371,100.0,0.0,312.5138907038446,0.6944439374735794
50.2,312.5138907038446,100.0,0.0,313.2083346413181,0.6944439374735225
50.25,313.2083346413181,100.0,0.0,313.9027785787918,0.694443937473693
50.300000000000004,313.9027785787918,100.0,0.0,314.5972225162654,0.6944439374735794
50.35,314.5972225162654,100.0,0.0,315.08749997637136,0.49027746010597184
50.400000000000006,315.08749997637136,100.0,0.0,315.2958332534459,0.2083332770745301
50.45,315.2958332534459,100.0,0.0,315.5041665305204,0.2083332770745301
50.5,315.5041665305204,100.0,0.0,315.71249980759495,0.2083332770745301
50.550000000000004,315.71249980759495,100.0,0.0,315.9208330846695,0.2083332770745301
50.6,315.9208330846695,100.0,0.0,316.31000000000006,0.389166915330577
50.650000000000006,316.31000000000006,100.0,0.0,316.81,0.49999999999994316
50.7,316.81,100.0,0.0,317.30999999999995,0.49999999999994316
50.75,317.30999999999995,100.0,0.0,317.81,0.5000000000000568
50.800000000000004,317.81,100.0,0.0,318.155,0.34499999999997044
50.85,318.155,100.0,0.0,318.40500000000003,0.25000000000005684
50.900000000000006,318.40500000000003,100.0,0.0,318.65500000000003,0.25
50.95,318.65500000000003,100.0,0.0,318.90500000000003,0.25
51.0,318.90500000000003,100.0,0.0,319.38750000000005,0.4825000000000159
51.050000000000004,319.38750000000005,100.0,0.0,320.0125,0.6249999999999432
51.1,320.0125,100.0,0.0,320.63750000000005,0.6250000000000568
51.150000000000006,320.63750000000005,100.0,0.0,321.1312504421053,0.4937504421052381
51.2,321.1312504421053,100.0,0.0,321.44375115990454,0.3125007177992529
51.25,321.44375115990454,100.0,0.0,321.75625101670647,0.31249985680193504
51.300000000000004,321.75625101670647,100.0,0.0,322.06875087350835,0.3124998568018782
51.35,322.06875087350835,100.0,0.0,322.3812507303103,0.31249985680193504
51.400000000000006,322.3812507303103,100.0,0.0,322.6937505871122,0.31249985680193504
51.45,322.6937505871122,100.0,0.0,323.0062504439141,0.3124998568018782
51.5,323.0062504439141,100.0,0.0,323.31875030071603,0.31249985680193504
51.550000000000004,323.31875030071603,100.0,0.0,323.6312501575179,0.3124998568018782
51.6,323.6312501575179,100.0,0.0,323.94375001431985,0.31249985680193504
51.650000000000006,323.94375001431985,100.0,0.0,324.38437500000003,0.4406249856801878
51.7,324.38437500000003,100.0,0.0,324.853125,0.46874999999994316
51.75,324.853125,100.0,0.0,325.321875,0.46875
51.800000000000004,325.321875,100.0,0.0,325.790625,0.46875
51.85,325.790625,100.0,0.0,326.25937500000003,0.46875000000005684
51.900000000000006,326.25937500000003,100.0,0.0,326.72812500000003,0.46875
51.95,326.72812500000003,100.0,0.0,327.0,0.2718749999999659
52.0,327.0,100.0,0.0,327.0,0.0
52.050000000000004,327.0,100.0,0.0,327.0,0.0
52.1,327.0,100.0,0.0,327.06875,0.06875000000002274
52.150000000000006,327.06875,100.0,0.0,327.38125,0.3125
52.2,327.38125,100.0,0.0,327.69375,0.3125
52.25,327.69375,100.0,0.0,328.00625,0.3125
52.300000000000004,328.00625,100.0,0.0,328.31875,0.3125
52.35,328.31875,100.0,0.0,328.63125,0.3125
52.400000000000006,328.63125,100.0,0.0,328.94375,0.3125
52.45,328.94375,100.0,0.0,329.0931818181818,0.14943181818176754
52.5,329.0931818181818,100.0,0.0,329.2068181818182,0.11363636363643081
52.550000000000004,329.2068181818182,100.0,0.0,329.32045454545454,0.11363636363631713
52.6,329.32045454545454,100.0,0.0,329.4340909090909,0.11363636363637397
52.650000000000006,329.4340909090909,100.0,0.0,329.5477272727273,0.11363636363637397
52.7,329.5477272727273,100.0,0.0,329.6613636363636,0.11363636363631713
52.75,329.6613636363636,100.0,0.0,329.775,0.11363636363637397
52.800000000000004,329.775,100.0,0.0,329.88863636363635,0.11363636363637397
52.85,329.88863636363635,100.0,0.0,330.0025062652622,0.11386990162583288
52.900000000000006,330.0025062652622,100.0,0.0,330.1278195283698,0.12531326310761415
52.95,330.1278195283698,100.0,0.0,330.2531327914774,0.12531326310761415
53.0,330.2531327914774,100.0,0.0,330.3784460545851,0.125313263107671
53.050000000000004,330.3784460545851,100.0,0.0,330.5037593356749,0.12531328108980233
53.1,330.5037593356749,100.0,0.0,330.6290726347469,0.1253132990719905
53.150000000000006,330.6290726347469,100.0,0.0,330.75438593381887,0.1253132990719905
53.2,330.75438593381887,100.0,0.0,330.87969923289086,0.1253132990719905
53.25,330.87969923289086,100.0,0.0,331.009090903214,0.12939167032311616
53.300000000000004,331.009090903214,100.0,0.0,331.2363634835629,0.22727258034893794
53.35,331.2363634835629,100.0,0.0,331.46363606391185,0.22727258034893794
53.400000000000006,331.46363606391185,100.0,0.0,331.6909086442608,0.22727258034893794
53.45,331.6909086442608,100.0,0.0,331.91818124598046,0.227272601719676
53.5,331.91818124598046,100.0,0.0,332.14545409346357,0.22727284748310694
53.550000000000004,332.14545409346357,100.0,0.0,332.3727269409467,0.22727284748310694
53.6,332.3727269409467,100.0,0.0,332.5999997884298,0.22727284748310694
53.650000000000006,332.5999997884298,100.0,0.0,332.8272726359129,0.22727284748310694
53.7,332.8272726359129,100.0,0.0,333.0,0.17272736408710898
53.75,333.0,100.0,0.0,333.0,0.0
53.800000000000004,333.0,100.0,0.0,333.0,0.0
53.85,333.0,100.0,0.0,333.0083333019608,0.008333301960817607
53.900000000000006,333.0083333019608,100.0,0.0,333.2166665393035,0.2083332373426856
53.95,333.2166665393035,100.0,0.0,333.4250000716418,0.2083335323383153
54.0,333.4250000716418,100.0,0.0,333.63333360398013,0.2083335323383153
54.050000000000004,333.63333360398013,100.0,0.0,333.84166713631845,0.2083335323383153
54.1,333.84166713631845,100.0,0.0,334.0,0.15833286368155086
54.150000000000006,334.0,100.0,0.0,334.0,0.0
54.2,334.0,100.0,0.0,334.0,0.0
54.25,334.0,100.0,0.0,334.0,0.0
54.300000000000004,334.0,100.0,0.0,334.0,0.0
54.35,334.0,100.0,0.0,334.0,0.0
54.400000000000006,334.0,100.0,0.0,334.0,0.0
54.45,334.0,100.0,0.0,334.0,0.0
54.5,334.0,100.0,0.0,334.0,0.0
54.550000000000004,334.0,100.0,0.0,333.8899993740659,-0.11000062593410576
54.6,333.8899993740659,100.0,0.0,333.63999954989004,-0.24999982417585898
54.650000000000006,333.63999954989004,100.0,0.0,333.38999972571423,-0.24999982417580213
54.7,333.38999972571423,100.0,0.0,333.13999990153843,-0.24999982417580213
54.75,333.13999990153843,100.0,0.0,333.0,-0.139999901538431
54.800000000000004,333.0,100.0,0.0,333.0,0.0
54.85,333.0,100.0,0.0,333.0,0.0
54.900000000000006,333.0,100.0,0.0,333.0,0.0
54.95,333.0,100.0,0.0,333.0,0.0
55.0,333.0,90.83334327683642,0.0,333.0,0.0
55.050000000000004,333.0,70.00003254237048,0.0,333.0,0.0
55.1,333.0,49.16671825136418,0.03278688524593983,333.0,0.0
55.150000000000006,333.0,28.333363060106766,0.4426229508197218,333.0,0.0
55.2,333.0,7.500007868852315,0.8524590163934455,330.2000000000003,-2.799999999999727
55.25,330.2000000000003,0.0,1.0,325.82499999999976,-4.375000000000512
55.300000000000004,325.82499999999976,0.0,1.0,321.44999999999993,-4.3749999999998295
55.35,321.44999999999993,0.0,1.0,315.70000107208045,-5.749998927919478
55.400000000000006,315.70000107208045,0.0,1.0,308.20000350862915,-7.499997563451302
55.45,308.20000350862915,0.0,1.0,300.7000059451779,-7.499997563451245
55.5,300.7000059451779,0.0,1.0,293.20000838172564,-7.499997563452268
55.550000000000004,293.20000838172564,0.0,1.0,285.7000076487806,-7.500000732945011
55.6,285.7000076487806,0.0,1.0,278.2000037463408,-7.500003902439801
55.650000000000006,278.2000037463408,0.0,1.0,270.6833343999996,-7.516669346341246
55.7,270.6833343999996,0.0,1.0,262.76668552871246,-7.916648871287123
55.75,262.76668552871246,0.0,1.0,254.85001384554369,-7.916671683168772
55.800000000000004,254.85001384554369,0.0,1.0,246.93334216237602,-7.916671683167664
55.85,246.93334216237602,0.0,1.0,239.01667047920725,-7.916671683168772
55.900000000000006,239.01667047920725,0.0,1.0,232.0400032336841,-6.976667245523146
55.95,232.0400032336841,0.0,1.0,228.04000872296288,-3.9999945107212227
56.0,228.04000872296288,0.0,1.0,224.04000556246868,-4.000003160494202
56.050000000000004,224.04000556246868,0.0,1.0,220.04000240197507,-4.0000031604936055
56.1,220.04000240197507,0.0,1.0,216.36448689749616,-3.675515504478909
56.150000000000006,216.36448689749616,0.0,1.0,213.71651563706538,-2.6479712604307792
56.2,213.71651563706538,0.0,1.0,211.06854089555577,-2.647974741509614
56.25,211.06854089555577,0.0,1.0,208.42056451589102,-2.6479763796647546
56.300000000000004,208.42056451589102,0.0,1.0,205.77258813622666,-2.6479763796643567
56.35,205.77258813622666,0.0,1.0,203.1246117565619,-2.6479763796647546
56.400000000000006,203.1246117565619,0.0,1.0,200.47663560904886,-2.6479761475130488
56.45,200.47663560904886,0.0,1.0,199.12142857142862,-1.3552070376202323
56.5,199.12142857142862,2.782142857142719,1.0,198.04999999999993,-1.0714285714286973
56.550000000000004,198.04999999999993,6.175000000000246,1.0,196.97857142857137,-1.0714285714285552
56.6,196.97857142857137,9.56785714285729,1.0,195.90714285714267,-1.0714285714286973
56.650000000000006,195.90714285714267,12.960714285714817,1.0,194.83571428571418,-1.0714285714284983
56.7,194.83571428571418,16.353571428571815,0.6093749999999115,193.82812499999997,-1.0075892857142037
56.75,193.82812499999997,20.512500000000355,0.0,193.04687499999991,-0.7812500000000568
56.800000000000004,193.04687499999991,27.38750000000082,0.0,192.26562499999997,-0.7812499999999432
56.85,192.26562499999997,34.26250000000031,0.0,191.48437499999991,-0.7812500000000568
56.900000000000006,191.48437499999991,41.13750000000077,0.0,190.70312499999997,-0.7812499999999432
56.95,190.70312499999997,48.01250000000026,0.0,189.921875,-0.7812499999999716
57.0,189.921875,54.88749999999997,0.0,189.14062499999991,-0.7812500000000853
57.050000000000004,189.14062499999991,61.76250000000087,0.0,189.0,-0.14062499999991473
57.1,189.0,69.91876369484594,0.0,189.0,0.0
57.150000000000006,189.0,78.35628039587746,0.0,189.0,0.0
57.2,189.0,86.79375977142897,0.0,189.61999999999998,0.6199999999999761
57.25,189.61999999999998,91.54999999999997,0.0,190.6200000000001,1.0000000000001137
57.300000000000004,190.6200000000001,94.05000000000024,0.0,191.62000000000006,0.9999999999999716
57.35,191.62000000000006,96.55000000000015,0.0,192.62000000000018,1.0000000000001137
57.400000000000006,192.62000000000018,99.05000000000042,0.0,193.77500433007,1.1550043300698292
57.45,193.77500433007,100.0,0.0,195.02500265174825,1.2499983216782482
57.5,195.02500265174825,100.0,0.0,196.27500097342667,1.2499983216784187
57.550000000000004,196.27500097342667,100.0,0.0,197.96249968730967,1.6874987138830022
57.6,197.96249968730967,100.0,0.0,200.25416560947565,2.2916659221659756
57.650000000000006,200.25416560947565,100.0,0.0,202.5458315316413,2.291665922165663
57.7,202.5458315316413,100.0,0.0,204.83749745380698,2.291665922165663
57.75,204.83749745380698,100.0,0.0,207.1291653705427,2.291667916735719
57.800000000000004,207.1291653705427,100.0,0.0,209.03333478150847,1.9041694109657783
57.85,209.03333478150847,100.0,0.0,210.7000037839417,1.666669002433224
57.900000000000006,210.7000037839417,100.0,0.0,212.3666727863747,1.6666690024329966
57.95,212.3666727863747,100.0,0.0,214.03333699935274,1.6666642129780485
58.0,214.03333699935274,100.0,0.0,215.70000055922353,1.6666635598707842
58.050000000000004,215.70000055922353,100.0,0.0,216.51250000000005,0.81249944077652
58.1,216.51250000000005,100.0,0.0,217.13750000000007,0.6250000000000284
58.150000000000006,217.13750000000007,100.0,0.0,217.76250000000002,0.6249999999999432
58.2,217.76250000000002,100.0,0.0,218.77499999999998,1.0124999999999602
58.25,218.77499999999998,100.0,0.0,220.02500000000012,1.250000000000142
58.300000000000004,220.02500000000012,100.0,0.0,221.27500000000006,1.2499999999999432
58.35,221.27500000000006,100.0,0.0,222.5250000000002,1.250000000000142
58.400000000000006,222.5250000000002,100.0,0.0,223.31000000000003,0.7849999999998261
58.45,223.31000000000003,100.0,0.0,223.81,0.4999999999999716
58.5,223.81,100.0,0.0,224.31000000000003,0.5000000000000284
58.550000000000004,224.31000000000003,100.0,0.0,224.81,0.4999999999999716
58.6,224.81,100.0,0.0,225.96875493670896,1.1587549367089593
58.650000000000006,225.96875493670896,100.0,0.0,227.53125113924048,1.5624962025315199
58.7,227.53125113924048,100.0,0.0,229.09374999999991,1.5624988607594332
58.75,229.09374999999991,100.0,0.0,230.65625000000006,1.562500000000142
58.800000000000004,230.65625000000006,100.0,0.0,232.21875,1.5624999999999432
58.85,232.21875,100.0,0.0,233.78125000000017,1.5625000000001705
58.900000000000006,233.78125000000017,100.0,0.0,235.1833333333334,1.4020833333332234
58.95,235.1833333333334,100.0,0.0,236.0166666666667,0.8333333333333144
59.0,236.0166666666667,100.0,0.0,236.8500000000001,0.8333333333333997
59.050000000000004,236.8500000000001,100.0,0.0,237.68333333333337,0.8333333333332575
59.1,237.68333333333337,100.0,0.0,238.51666666666674,0.8333333333333712
59.150000000000006,238.51666666666674,100.0,0.0,239.60000000000002,1.083333333333286
59.2,239.60000000000002,100.0,0.0,241.02857142857138,1.4285714285713595
59.25,241.02857142857138,100.0,0.0,242.45714285714297,1.428571428571587
59.300000000000004,242.45714285714297,100.0,0.0,243.88571428571433,1.4285714285713595
59.35,243.88571428571433,100.0,0.0,245.3142857142859,1.4285714285715585
59.400000000000006,245.3142857142859,100.0,0.0,246.74285714285716,1.4285714285712743
59.45,246.74285714285716,100.0,0.0,247.51410647992844,0.7712493370712821
59.5,247.51410647992844,100.0,0.0,248.14106560179252,0.6269591218640755
59.550000000000004,248.14106560179252,100.0,0.0,248.76802472365648,0.6269591218639619
59.6,248.76802472365648,100.0,0.0,249.39498384552056,0.6269591218640755
59.650000000000006,249.39498384552056,100.0,0.0,250.02194301572837,0.6269591702078117
59.7,250.02194301572837,100.0,0.0,250.6489026210307,0.6269596053023179
59.75,250.6489026210307,100.0,0.0,251.13749984561406,0.48859722458337274
59.800000000000004,251.13749984561406,100.0,0.0,251.44999965825244,0.31249981263837867
59.85,251.44999965825244,100.0,0.0,251.76249985242723,0.31250019417478825
59.900000000000006,251.76249985242723,100.0,0.0,252.15000019591838,0.3875003434911548
59.95,252.15000019591838,100.0,0.0,252.77500101224487,0.6250008163264908
60.0,252.77500101224487,100.0,0.0,253.40000152582786,0.6250005135829895
60.050000000000004,253.40000152582786,100.0,0.0,254.02500126092716,0.6249997350992942
60.1,254.02500126092716,100.0,0.0,254.65000099602656,0.6249997350994079
60.150000000000006,254.65000099602656,100.0,0.0,255.27500073112586,0.6249997350992942
60.2,255.27500073112586,100.0,0.0,255.90000046622515,0.6249997350992942
60.25,255.90000046622515,100.0,0.0,256.52500020132453,0.6249997350993794
60.300000000000004,256.52500020132453,100.0,0.0,257.1799999266242,0.6549997252996604
60.35,257.1799999266242,100.0,0.0,257.9299996208918,0.7499996942676148
60.400000000000006,257.9299996208918,100.0,0.0,258.6799993151593,0.7499996942675011
60.45,258.6799993151593,100.0,0.0,259.42999915162795,0.7499998364686462
60.5,259.42999915162795,100.0,0.0,260.14999995949375,0.7200008078658016
60.550000000000004,260.14999995949375,100.0,0.0,260.77499979071735,0.6249998312235903
60.6,260.77499979071735,100.0,0.0,261.39999962194105,0.624999831223704
60.650000000000006,261.39999962194105,100.0,0.0,262.02499945316464,0.6249998312235903
60.7,262.02499945316464,100.0,0.0,262.64999928438823,0.6249998312235903
60.75,262.64999928438823,100.0,0.0,263.23571421619494,0.5857149318067059
60.800000000000004,263.23571421619494,100.0,0.0,263.7714283439105,0.5357141277155506
60.85,263.7714283439105,100.0,0.0,264.30714247162615,0.5357141277156643
60.900000000000006,264.30714247162615,100.0,0.0,264.84285659934176,0.5357141277156074
60.95,264.84285659934176,100.0,0.0,265.37857079727894,0.5357141979371818
61.0,265.37857079727894,100.0,0.0,265.9142856272109,0.535714829931976
61.050000000000004,265.9142856272109,100.0,0.0,266.89999970761426,0.9857140804033406
61.1,266.89999970761426,100.0,0.0,267.9714279309646,1.071428223350324
61.150000000000006,267.9714279309646,100.0,0.0,269.04285615431473,1.0714282233501535
61.2,269.04285615431473,100.0,0.0,270.1142843776649,1.0714282233501535
61.25,270.1142843776649,100.0,0.0,271.1857136578314,1.0714292801665124
61.300000000000004,271.1857136578314,100.0,0.0,272.20999965538465,1.0242859975532497
61.35,272.20999965538465,100.0,0.0,273.0849982194873,0.8749985641026683
61.400000000000006,273.0849982194873,100.0,0.0,273.9599977600001,0.8749995405127606
61.45,273.9599977600001,100.0,0.0,274.8349977600001,0.875
61.5,274.8349977600001,100.0,0.0,275.70999776000014,0.8750000000000568
61.550000000000004,275.70999776000014,100.0,0.0,276.5849977600001,0.8749999999999432
61.6,276.5849977600001,100.0,0.0,277.45999776000014,0.8750000000000568
61.650000000000006,277.45999776000014,100.0,0.0,278.33499776000014,0.875
61.7,278.33499776000014,100.0,0.0,279.1499999388535,0.8150021788533763
61.75,279.1499999388535,100.0,0.0,279.7749996840765,0.624999745222965
61.800000000000004,279.7749996840765,100.0,0.0,280.3999994292994,0.6249997452229081
61.85,280.3999994292994,100.0,0.0,281.02499922453995,0.6249997952405693
61.900000000000006,281.02499922453995,100.0,0.0,281.6499994699387,0.6250002453987236
61.95,281.6499994699387,100.0,0.0,282.2749997153374,0.6250002453987236
62.0,282.2749997153374,100.0,0.0,282.89999996073624,0.6250002453988373
62.050000000000004,282.89999996073624,100.0,0.0,283.52499949850744,0.6249995377712025
62.1,283.52499949850744,100.0,0.0,284.15000009552244,0.6250005970150028
62.150000000000006,284.15000009552244,100.0,0.0,284.77500069253733,0.6250005970148891
62.2,284.77500069253733,100.0,0.0,285.40000128955216,0.6250005970148322
62.25,285.40000128955216,100.0,0.0,286.02500122352944,0.6249999339772785
62.300000000000004,286.02500122352944,100.0,0.0,286.65000043921566,0.6249992156862163
62.35,286.65000043921566,100.0,0.0,287.23571403002427,0.5857135908086093
62.400000000000006,287.23571403002427,100.0,0.0,287.7714277346247,0.5357137046004254
62.45,287.7714277346247,100.0,0.0,288.3071415195767,0.5357137849520086
62.5,288.3071415195767,100.0,0.0,288.84285622857146,0.5357147089947603
62.550000000000004,288.84285622857146,100.0,0.0,289.3785709375661,0.5357147089946466
62.6,289.3785709375661,100.0,0.0,289.91428564656087,0.5357147089947603
62.650000000000006,289.91428564656087,100.0,0.0,290.1742737387308,0.2599880921699196
62.7,290.1742737387308,100.0,0.0,290.3817428716736,0.2074691329428333
62.75,290.3817428716736,100.0,0.0,290.58921200461646,0.2074691329428333
62.800000000000004,290.58921200461646,100.0,0.0,290.79668113755923,0.20746913294277647
62.85,290.79668113755923,100.0,0.0,291.01071428571436,0.2140331481551243
62.900000000000006,291.01071428571436,100.0,0.0,291.5464285714286,0.5357142857142208
62.95,291.5464285714286,100.0,0.0,292.08214285714286,0.5357142857142776
63.0,292.08214285714286,100.0,0.0,292.6178571428572,0.5357142857143344
63.050000000000004,292.6178571428572,100.0,0.0,293.1535714285714,0.5357142857142208
63.1,293.1535714285714,100.0,0.0,293.68928571428575,0.5357142857143344
63.150000000000006,293.68928571428575,100.0,0.0,294.2625,0.5732142857142435
63.2,294.2625,100.0,0.0,294.8875,0.625
63.25,294.8875,100.0,0.0,295.51250000000005,0.6250000000000568
63.300000000000004,295.51250000000005,100.0,0.0,296.13750000000005,0.625
63.35,296.13750000000005,100.0,0.0,296.7625000000001,0.6250000000000568
63.400000000000006,296.7625000000001,100.0,0.0,297.3321428571429,0.56964285714281
63.45,297.3321428571429,100.0,0.0,297.86785714285713,0.5357142857142208
63.5,297.86785714285713,100.0,0.0,298.40357142857147,0.5357142857143344
63.550000000000004,298.40357142857147,100.0,0.0,298.93928571428575,0.5357142857142776
63.6,298.93928571428575,100.0,0.0,299.4750000000001,0.5357142857143344
63.650000000000006,299.4750000000001,100.0,0.0,300.0083333387206,0.5333333387205244
63.7,300.0083333387206,100.0,0.0,300.4250002747475,0.41666693602689975
63.75,300.4250002747475,100.0,0.0,300.84166721077446,0.4166669360269566
63.800000000000004,300.84166721077446,100.0,0.0,301.25833414680136,0.41666693602689975
63.85,301.25833414680136,100.0,0.0,301.6750010828283,0.4166669360269566
63.900000000000006,301.6750010828283,100.0,0.0,302.0916680188552,0.41666693602689975
63.95,302.0916680188552,100.0,0.0,302.508334831746,0.41666681289081
64.0,302.508334831746,100.0,0.0,302.92500022857143,0.41666539682540815
64.05,302.92500022857143,100.0,0.0,303.41000057459866,0.48500034602722053
64.10000000000001,303.41000057459866,100.0,0.0,303.91000127532857,0.5000007007299132
64.15,303.91000127532857,100.0,0.0,304.41000179809527,0.5000005227666975
64.2,304.41000179809527,100.0,0.0,304.9100002742857,0.4999984761904557
64.25,304.9100002742857,100.0,0.0,305.25624985982904,0.34624958554331897
64.3,305.25624985982904,100.0,0.0,305.56874968888894,0.31249982905990237
64.35000000000001,305.56874968888894,100.0,0.0,305.88124960000005,0.31249991111110376
64.4,305.88124960000005,100.0,0.0,306.1937496,0.31249999999994316
64.45,306.1937496,100.0,0.0,306.5062496,0.3125
64.5,306.5062496,100.0,0.0,306.8187497302326,0.3125001302325927
64.55,306.8187497302326,100.0,0.0,307.19687500000015,0.37812526976756544
64.60000000000001,307.19687500000015,100.0,0.0,307.6656250000001,0.46874999999994316
64.65,307.6656250000001,100.0,0.0,308.1343750000001,0.46875
64.7,308.1343750000001,100.0,0.0,308.60312500000003,0.46874999999994316
64.75,308.60312500000003,100.0,0.0,309.071875,0.46874999999994316
64.8,309.071875,100.0,0.0,309.5406250000001,0.4687500000001137
64.85000000000001,309.5406250000001,100.0,0.0,310.00416666666666,0.4635416666665719
64.9,310.00416666666666,100.0,0.0,310.2125,0.20833333333331439
64.95,310.2125,100.0,0.0,310.4208333333333,0.20833333333331439
65.0,310.4208333333333,100.0,0.0,310.6291666666666,0.20833333333331439
65.05,310.6291666666666,100.0,0.0,310.83750000000003,0.20833333333342807
65.10000000000001,310.83750000000003,100.0,0.0,311.0611111111112,0.22361111111115406
65.15,311.0611111111112,100.0,0.0,311.3388888888889,0.2777777777777146
65.2,311.3388888888889,100.0,0.0,311.6166666666667,0.27777777777777146
65.25,311.6166666666667,100.0,0.0,311.89444444444445,0.27777777777777146
65.3,311.89444444444445,100.0,0.0,312.1722222222223,0.2777777777778283
65.35000000000001,312.1722222222223,100.0,0.0,312.45000000000005,0.27777777777777146
65.4,312.45000000000005,100.0,0.0,312.7277777777778,0.27777777777777146
65.45,312.7277777777778,100.0,0.0,313.00625,0.2784722222222058
65.5,313.00625,100.0,0.0,313.31874999999997,0.31249999999994316
65.55,313.31874999999997,100.0,0.0,313.63125,0.31250000000005684
65.60000000000001,313.63125,100.0,0.0,313.94375,0.3125
65.65,313.94375,100.0,0.0,314.0,0.05624999999997726
65.7,314.0,100.0,0.0,314.0,0.0
65.75,314.0,100.0,0.0,314.0,0.0
65.8,314.0,100.0,0.0,314.15500000000003,0.15500000000002956
65.85000000000001,314.15500000000003,100.0,0.0,314.40500000000003,0.25
65.9,314.40500000000003,100.0,0.0,314.655,0.24999999999994316
65.95,314.655,100.0,0.0,314.905,0.25
66.0,314.905,100.0,0.0,315.155,0.25
66.05,315.155,100.0,0.0,315.40500000000003,0.25000000000005684
66.10000000000001,315.40500000000003,100.0,0.0,315.65500000000003,0.25
66.15,315.65500000000003,100.0,0.0,315.90500000000003,0.25
66.2,315.90500000000003,100.0,0.0,316.1943573277779,0.28935732777785006
66.25,316.1943573277779,100.0,0.0,316.50783688870985,0.3134795609319667
66.3,316.50783688870985,100.0,0.0,316.8213164496419,0.3134795609320804
66.35000000000001,316.8213164496419,100.0,0.0,317.1347960105739,0.3134795609319667
66.4,317.1347960105739,100.0,0.0,317.44827557150586,0.3134795609319667
66.45,317.44827557150586,100.0,0.0,317.76175517909525,0.313479607589386
66.5,317.76175517909525,100.0,0.0,318.0,0.23824482090475385
66.55,318.0,100.0,0.0,318.0,0.0
66.60000000000001,318.0,100.0,0.0,318.0,0.0
66.65,318.0,100.0,0.0,318.0099999918988,0.009999991898780536
66.7,318.0099999918988,100.0,0.0,318.2599997893671,0.24999979746831968
66.75,318.2599997893671,100.0,0.0,318.5099995868355,0.24999979746837653
66.8,318.5099995868355,100.0,0.0,318.7599993843039,0.24999979746843337
66.85000000000001,318.7599993843039,100.0,0.0,319.01250000000005,0.25250061569613536
66.9,319.01250000000005,100.0,0.0,319.32500000000005,0.3125
66.95,319.32500000000005,100.0,0.0,319.6375,0.31249999999994316
67.0,319.6375,100.0,0.0,319.94999999999993,0.31249999999994316
67.05,319.94999999999993,100.0,0.0,320.0,0.05000000000006821
67.10000000000001,320.0,100.0,0.0,320.0,0.0
67.15,320.0,100.0,0.0,320.0,0.0
67.2,320.0,100.0,0.0,320.0,0.0
67.25,320.0,100.0,0.0,320.21,0.20999999999997954
67.3,320.21,100.0,0.0,320.46000000000004,0.25000000000005684
67.35000000000001,320.46000000000004,100.0,0.0,320.71000000000004,0.25
67.4,320.71000000000004,100.0,0.0,320.96000000000004,0.25
67.45,320.96000000000004,100.0,0.0,321.0,0.03999999999996362
67.5,321.0,100.0,0.0,321.0,0.0
67.55,321.0,100.0,0.0,321.0,0.0
67.60000000000001,321.0,100.0,0.0,321.1333333333334,0.1333333333333826
67.65,321.1333333333334,100.0,0.0,321.3416666666667,0.20833333333331439
67.7,321.3416666666667,100.0,0.0,321.55,0.20833333333331439
67.75,321.55,100.0,0.0,321.7583333333333,0.20833333333331439
67.8,321.7583333333333,100.0,0.0,321.9666666666667,0.20833333333337123
67.85000000000001,321.9666666666667,100.0,0.0,322.0,0.03333333333330302
67.9,322.0,100.0,0.0,322.0,0.0
67.95,322.0,100.0,0.0,322.0,0.0
68.0,322.0,100.0,0.0,322.0,0.0
68.05,322.0,100.0,0.0,322.01250000000005,0.012500000000045475
68.10000000000001,322.01250000000005,100.0,0.0,322.32500000000005,0.3125
68.15,322.32500000000005,100.0,0.0,322.63750000000005,0.3125
68.2,322.63750000000005,100.0,0.0,322.95000000000005,0.3125
68.25,322.95000000000005,100.0,0.0,323.1312502933333,0.18125029333327802
68.3,323.1312502933333,100.0,0.0,323.28750007111114,0.15624977777781623
68.35000000000001,323.28750007111114,100.0,0.0,323.4437498488889,0.1562497777777594
68.4,323.4437498488889,100.0,0.0,323.59999962666666,0.1562497777777594
68.45,323.59999962666666,100.0,0.0,323.7562497442623,0.15625011759561858
68.5,323.7562497442623,100.0,0.0,323.9124999081967,0.15625016393443047
68.55,323.9124999081967,100.0,0.0,324.0,0.08750009180329243
68.60000000000001,324.0,100.0,0.0,324.0,0.0
68.65,324.0,100.0,0.0,324.0,0.0
68.7,324.0,100.0,0.0,324.0,0.0
68.75,324.0,100.0,0.0,324.0,0.0
68.8,324.0,100.0,0.0,324.0,0.0
68.85000000000001,324.0,100.0,0.0,324.0,0.0
68.9,324.0,100.0,0.0,324.0,0.0
68.95,324.0,100.0,0.0,324.0,0.0
69.0,324.0,100.0,0.0,324.0,0.0
69.05,324.0,100.0,0.0,324.0,0.0
69.10000000000001,324.0,100.0,0.0,324.0,0.0
69.15,324.0,100.0,0.0,324.0,0.0
69.2,324.0,100.0,0.0,324.0,0.0
69.25,324.0,100.0,0.0,324.0,0.0
69.3,324.0,100.0,0.0,324.0,0.0
69.35000000000001,324.0,100.0,0.0,324.0,0.0
69.4,324.0,100.0,0.0,324.0,0.0
69.45,324.0,100.0,0.0,323.9534090256138,-0.04659097438621984
69.5,323.9534090256138,100.0,0.0,323.89659076416723,-0.05681826144655133
69.55,323.89659076416723,100.0,0.0,323.8397725090909,-0.056818255076336754
69.60000000000001,323.8397725090909,100.0,0.0,323.7829543272727,-0.056818181818186986
69.65,323.7829543272727,100.0,0.0,323.7261361454545,-0.056818181818186986
69.7,323.7261361454545,100.0,0.0,323.6693179636364,-0.05681818181813014
69.75,323.6693179636364,100.0,0.0,323.6124997818182,-0.056818181818186986
69.8,323.6124997818182,100.0,0.0,323.5556816,-0.056818181818186986
69.85000000000001,323.5556816,100.0,0.0,323.4988634181818,-0.056818181818186986
69.9,323.4988634181818,100.0,0.0,323.44204523636364,-0.056818181818186986
69.95,323.44204523636364,100.0,0.0,323.38522705454545,-0.056818181818186986
70.0,323.38522705454545,100.0,0.0,323.32840887272727,-0.056818181818186986
70.05,323.32840887272727,100.0,0.0,323.2715906909091,-0.056818181818186986
70.10000000000001,323.2715906909091,100.0,0.0,323.2147725090909,-0.056818181818186986
70.15,323.2147725090909,100.0,0.0,323.1579543983838,-0.05681811070706999
70.2,323.1579543983838,100.0,0.0,323.1011362973737,-0.056818101010094324
70.25,323.1011362973737,100.0,0.0,323.04431819636363,-0.056818101010094324
70.3,323.04431819636363,100.0,0.0,322.95416666666665,-0.09015152969698192
70.35000000000001,322.95416666666665,100.0,0.0,322.7458333333333,-0.20833333333337123
70.4,322.7458333333333,100.0,0.0,322.53749999999997,-0.20833333333331439
70.45,322.53749999999997,100.0,0.0,322.32916666666665,-0.20833333333331439
70.5,322.32916666666665,100.0,0.0,322.12083333333334,-0.20833333333331439
70.55,322.12083333333334,100.0,0.0,321.6062506810809,-0.514582652252443
70.60000000000001,321.6062506810809,86.8750227026955,0.0,320.6687508682926,-0.9374998127883032
70.65,320.6687508682926,55.62502894308646,0.2764227642276808,319.73125038048784,-0.9375004878047548
70.7,319.73125038048784,24.375012682926823,0.6829268292682926,318.0571418343829,-1.6741085461049465
70.75,318.0571418343829,0.0,1.0,313.77142289975825,-4.28571893462464
70.8,313.77142289975825,0.0,1.0,309.4857039651324,-4.285718934625834
70.85000000000001,309.4857039651324,0.0,1.0,305.1999850305078,-4.28571893462464
70.9,305.1999850305078,0.0,1.0,300.9142746895975,-4.285710340910271
70.95,300.9142746895975,0.0,1.0,296.6285683927881,-4.285706296809394
71.0,296.6285683927881,0.0,1.0,290.9312419463926,-5.697326446395493
71.05,290.9312419463926,0.0,1.0,284.36872895669995,-6.562512989692664
71.10000000000001,284.36872895669995,0.0,1.0,277.80623839999936,-6.562490556700595
71.15,277.80623839999936,0.0,1.0,272.68749999999994,-5.118738399999415
71.2,272.68749999999994,0.0,1.0,269.56250000000006,-3.1249999999998863
71.25,269.56250000000006,0.0,1.0,266.4375000000002,-3.1249999999998295
71.3,266.4375000000002,0.0,1.0,263.3124999999995,-3.125000000000739
71.35000000000001,263.3124999999995,0.0,1.0,260.18749999999955,-3.124999999999943
71.4,260.18749999999955,0.0,1.0,257.13999999999965,-3.0474999999999
71.45,257.13999999999965,0.7750000000001368,1.0,254.13999999999987,-2.9999999999997726
71.5,254.13999999999987,2.025000000000048,1.0,251.1400000000001,-2.9999999999997726
71.55,251.1400000000001,3.274999999999959,1.0,248.13999999999945,-3.0000000000006537
71.60000000000001,248.13999999999945,4.525000000000226,1.0,245.57916385429516,-2.560836145704286
71.65,245.57916385429516,5.258333844673604,1.0,243.28749265154602,-2.291671202749143
71.7,243.28749265154602,5.67500133608254,1.0,240.99582662564075,-2.291666025905272
71.75,240.99582662564075,6.091667886247135,1.0,238.7041630358973,-2.2916635897434503
71.8,238.7041630358973,6.508333993473217,1.0,236.41249944615322,-2.2916635897440756
71.85000000000001,236.41249944615322,6.925000100699417,1.0,234.77000067282023,-1.6424987733329885
71.9,234.77000067282023,9.459998654359541,1.0,233.27000149333318,-1.4999991794870482
71.95,233.27000149333318,12.459997013333616,1.0,231.77000136481922,-1.5000001285139604
72.0,231.77000136481922,15.459997270361526,0.7108433734939594,230.27000020819278,-1.500001156626439
72.05,230.27000020819278,18.459999583614426,0.10843373493976516,228.87249999999972,-1.3975002081930654
72.10000000000001,228.87249999999972,20.537500000000396,0.0,227.4974999999998,-1.3749999999999147
72.15,227.4974999999998,22.41250000000027,0.0,226.1224999999999,-1.3749999999999147
72.2,226.1224999999999,24.287500000000144,0.0,224.7475,-1.3749999999998863
72.25,224.7475,26.162500000000012,0.0,223.3725000000001,-1.3749999999999147
72.3,223.3725000000001,28.037499999999874,0.0,221.9974999999998,-1.3750000000002842
72.35000000000001,221.9974999999998,29.91250000000027,0.0,220.6224999999999,-1.3749999999999147
72.4,220.6224999999999,31.787500000000133,0.0,219.2475,-1.3749999999998863
72.45,219.2475,33.662499999999994,0.0,218.74375,-0.5037499999999966
72.5,218.74375,49.37499999999913,0.0,218.43125000000003,-0.3124999999999716
72.55,218.43125000000003,68.12499999999847,0.0,218.11874999999995,-0.31250000000008527
72.60000000000001,218.11874999999995,86.87500000000313,0.0,218.0,-0.11874999999994884
72.65,218.0,94.77500000000022,0.0,218.0,0.0
72.7,218.0,96.02500000000025,0.0,218.0,0.0
72.75,218.0,97.27500000000012,0.0,218.375,0.375
72.8,218.375,97.85,0.0,219.26785714285737,0.8928571428573662
72.85000000000001,219.26785714285737,97.49285714285706,0.0,220.16071428571445,0.892857142857082
72.9,220.16071428571445,97.13571428571423,0.0,221.05357142857153,0.892857142857082
72.95,221.05357142857153,96.77857142857138,0.0,221.9464285714286,0.892857142857082
73.0,221.9464285714286,96.42142857142855,0.0,222.83928571428572,0.8928571428571104
73.05,222.83928571428572,96.06428571428572,0.0,223.4568259698725,0.617540255586789
73.10000000000001,223.4568259698725,95.88579350753187,0.0,224.01392916211938,0.5571031922468705
73.15,224.01392916211938,95.74651770947015,0.0,224.57103157833765,0.557102416218271
73.2,224.57103157833765,95.6072421054156,0.0,225.1281339945559,0.5571024162182425
73.25,225.1281339945559,95.46796650136102,0.0,225.68523641077414,0.5571024162182425
73.3,225.68523641077414,95.32869089730646,0.0,226.24233882699255,0.557102416218413
73.35000000000001,226.24233882699255,95.18941529325186,0.0,226.7994423214683,0.55710349447574
73.4,226.7994423214683,95.05013941963293,0.0,227.93333289732348,1.1338905758551903
73.45,227.93333289732348,95.66666635523107,0.0,229.39166554939152,1.4583326520680373
73.5,229.39166554939152,96.70833253527967,0.0,230.84999820145956,1.4583326520680373
73.55,230.84999820145956,97.74999871532826,0.0,232.30833228220075,1.4583340807411957
73.60000000000001,232.30833228220075,98.79166591585769,0.0,233.76666652168296,1.4583342394822125
73.65,233.76666652168296,99.83333322977354,0.0,234.6124997503185,0.8458332286355414
73.7,234.6124997503185,100.0,0.0,235.34166611974524,0.7291663694267356
73.75,235.34166611974524,100.0,0.0,236.07083248917195,0.7291663694267072
73.8,236.07083248917195,100.0,0.0,236.79999886376828,0.7291663745963319
73.85000000000001,236.79999886376828,100.0,0.0,237.52916524057983,0.7291663768115484
73.9,237.52916524057983,100.0,0.0,238.25833161739138,0.7291663768115484
73.95,238.25833161739138,100.0,0.0,238.98749840987654,0.7291667924851595
74.0,238.98749840987654,100.0,0.0,239.71666565267483,0.7291672427982974
74.05,239.71666565267483,100.0,0.0,240.44583289547333,0.7291672427984963
74.10000000000001,240.44583289547333,100.0,0.0,241.19999991847135,0.7541670229980184
74.15,241.19999991847135,100.0,0.0,242.03333291210188,0.8333329936305347
74.2,242.03333291210188,100.0,0.0,242.86666590573245,0.8333329936305631
74.25,242.86666590573245,100.0,0.0,243.69999895960584,0.833333053873389
74.3,243.69999895960584,100.0,0.0,244.53333255566514,0.8333335960593047
74.35000000000001,244.53333255566514,100.0,0.0,245.3666661517242,0.8333335960590489
74.4,245.3666661517242,100.0,0.0,246.19999974778324,0.8333335960590489
74.45,246.19999974778324,100.0,0.0,247.03571426903017,0.8357145212469277
74.5,247.03571426903017,100.0,0.0,247.9285709947861,0.8928567257559337
74.55,247.9285709947861,100.0,0.0,248.8214277205423,0.8928567257561895
74.60000000000001,248.8214277205423,100.0,0.0,249.7142846913087,0.8928569707664167
74.65,249.7142846913087,100.0,0.0,250.60714223376618,0.8928575424574774
74.7,250.60714223376618,100.0,0.0,251.4999997762237,0.8928575424575058
74.75,251.4999997762237,100.0,0.0,252.13749993576636,0.6375001595426681
74.8,252.13749993576636,100.0,0.0,252.44999978978103,0.31249985401467484
74.85000000000001,252.44999978978103,100.0,0.0,252.76249964379562,0.3124998540145896
74.9,252.76249964379562,100.0,0.0,253.24000017258427,0.4775005287886529
74.95,253.24000017258427,100.0,0.0,254.24000089168536,1.000000719101081
75.0,254.24000089168536,100.0,0.0,255.24000161078644,1.000000719101081
75.05,255.24000161078644,100.0,0.0,256.24000232988783,1.0000007191013935
75.10000000000001,256.24000232988783,100.0,0.0,257.075,0.8349976701121591
75.15,257.075,100.0,0.0,257.3875,0.3125
75.2,257.3875,100.0,0.0,257.7,0.3125
75.25,257.7,100.0,0.0,258.03571453968243,0.33571453968244214
75.3,258.03571453968243,100.0,0.0,258.9285729811322,0.8928584414497891
75.35000000000001,258.9285729811322,100.0,0.0,259.82142904582224,0.8928560646900223
75.4,259.82142904582224,100.0,0.0,260.71428511051226,0.8928560646900223
75.45,260.71428511051226,100.0,0.0,261.6071419916783,0.8928568811660398
75.5,261.6071419916783,100.0,0.0,262.4999996893203,0.8928576976420004
75.55,262.4999996893203,100.0,0.0,263.2993196075995,0.7993199182791955
75.60000000000001,263.2993196075995,100.0,0.0,263.97959144305264,0.6802718354531407
75.65,263.97959144305264,100.0,0.0,264.65986336576026,0.6802719227076182
75.7,264.65986336576026,100.0,0.0,265.3401360737582,0.680272707997915
75.75,265.3401360737582,100.0,0.0,266.0204087817561,0.680272707997915
75.8,266.0204087817561,100.0,0.0,266.7006814897542,0.6802727079980855
75.85000000000001,266.7006814897542,100.0,0.0,267.3809541977521,0.680272707997915
75.9,267.3809541977521,100.0,0.0,268.06122690575,0.680272707997915
75.95,268.06122690575,100.0,0.0,268.74149734894416,0.6802704431941606
76.0,268.74149734894416,100.0,0.0,269.46500065167874,0.7235033027345708
76.05,269.46500065167874,100.0,0.0,270.21500170277375,0.7500010510950119
76.10000000000001,270.21500170277375,100.0,0.0,270.96500275386865,0.7500010510948982
76.15,270.96500275386865,100.0,0.0,271.71500288,0.75000012613134
76.2,271.71500288,100.0,0.0,272.46500288,0.75
76.25,272.46500288,100.0,0.0,273.21500288,0.75
76.3,273.21500288,100.0,0.0,273.9650028800002,0.7500000000002274
76.35000000000001,273.9650028800002,100.0,0.0,274.71500086857156,0.7499979885713515
76.4,274.71500086857156,100.0,0.0,275.31000000000006,0.5949991314284944
76.45,275.31000000000006,100.0,0.0,275.81,0.49999999999994316
76.5,275.81,100.0,0.0,276.31,0.5
76.55,276.31,100.0,0.0,276.8100000000001,0.5000000000001137
76.60000000000001,276.8100000000001,100.0,0.0,277.4649998489341,0.6549998489339828
76.65,277.4649998489341,100.0,0.0,278.2149996052792,0.7499997563451188
76.7,278.2149996052792,100.0,0.0,278.96499936162434,0.7499997563451188
76.75,278.96499936162434,100.0,0.0,279.7149991179697,0.7499997563453462
76.80000000000001,279.7149991179697,100.0,0.0,280.48437663157904,0.7693775136093564
76.85000000000001,280.48437663157904,100.0,0.0,281.2656275636364,0.7812509320573326
76.9,281.2656275636364,100.0,0.0,282.04687665454543,0.781249090909057
76.95,282.04687665454543,100.0,0.0,282.8281257454545,0.781249090909057
77.0,282.8281257454545,100.0,0.0,283.60937483636377,0.7812490909092844
77.05000000000001,283.60937483636377,100.0,0.0,284.39062409302335,0.7812492566595779
77.10000000000001,284.39062409302335,100.0,0.0,285.0687500000001,0.6781259069767316
77.15,285.0687500000001,100.0,0.0,285.38125,0.31249999999994316
77.2,285.38125,100.0,0.0,285.69374999999997,0.31249999999994316
77.25,285.69374999999997,100.0,0.0,286.01666665987267,0.32291665987270335
77.30000000000001,286.01666665987267,100.0,0.0,286.84999965350323,0.8333329936305631
77.35000000000001,286.84999965350323,100.0,0.0,287.68333264713374,0.8333329936305063
77.4,287.68333264713374,100.0,0.0,288.5166656407643,0.8333329936305631
77.45,288.5166656407643,100.0,0.0,289.3499994987951,0.8333338580308123
77.5,289.3499994987951,100.0,0.0,290.1031252041238,0.7531257053286708
77.55000000000001,290.1031252041238,100.0,0.0,290.5718761319589,0.4687509278351172
77.60000000000001,290.5718761319589,100.0,0.0,291.0406266869956,0.4687505550367064
77.65,291.0406266869956,100.0,0.0,291.50937628340813,0.4687495964125219
77.7,291.50937628340813,100.0,0.0,291.9781258798207,0.46874959641257874
77.75,291.9781258798207,100.0,0.0,292.44687547623334,0.4687495964126356
77.80000000000001,292.44687547623334,100.0,0.0,292.91562507264587,0.4687495964125219
77.85000000000001,292.91562507264587,100.0,0.0,293.34166666666664,0.4260415940207736
77.9,293.34166666666664,100.0,0.0,293.75833333333327,0.41666666666662877
77.95,293.75833333333327,100.0,0.0,294.17499999999995,0.4166666666666856
78.0,294.17499999999995,100.0,0.0,294.5916666666667,0.41666666666674246
78.05000000000001,294.5916666666667,100.0,0.0,295.0111111111112,0.4194444444444798
78.10000000000001,295.0111111111112,100.0,0.0,295.56666666666666,0.5555555555554861
78.15,295.56666666666666,100.0,0.0,296.1222222222222,0.5555555555555429
78.2,296.1222222222222,100.0,0.0,296.67777777777775,0.5555555555555429
78.25,296.67777777777775,100.0,0.0,297.23333333333346,0.5555555555557135
78.30000000000001,297.23333333333346,100.0,0.0,297.788888888889,0.5555555555555429
78.35000000000001,297.788888888889,100.0,0.0,298.34444444444455,0.5555555555555429
78.4,298.34444444444455,100.0,0.0,298.90000000000003,0.5555555555554861
78.45,298.90000000000003,100.0,0.0,299.4392857142857,0.5392857142856542
78.5,299.4392857142857,100.0,0.0,299.9750000000001,0.5357142857143913
78.55000000000001,299.9750000000001,100.0,0.0,300.51071428571436,0.5357142857142776
78.60000000000001,300.51071428571436,100.0,0.0,301.0464285714286,0.5357142857142208
78.65,301.0464285714286,100.0,0.0,301.58214285714286,0.5357142857142776
78.7,301.58214285714286,100.0,0.0,302.1649998628571,0.5828570057142315
78.75,302.1649998628571,100.0,0.0,302.91499923948066,0.7499993766235775
78.80000000000001,302.91499923948066,100.0,0.0,303.664999305366,0.750000065885331
78.85000000000001,303.664999305366,100.0,0.0,304.4149996956099,0.7500003902438834
78.9,304.4149996956099,100.0,0.0,305.03055553884144,0.6155558432315615
78.95,305.03055553884144,100.0,0.0,305.1694443517569,0.13888881291546795
79.0,305.1694443517569,100.0,0.0,305.3083331646724,0.13888881291546795
79.05000000000001,305.3083331646724,100.0,0.0,305.4472220771734,0.13888891250104507
79.10000000000001,305.4472220771734,100.0,0.0,305.5861110032543,0.138888926080881
79.15,305.5861110032543,100.0,0.0,305.7249999293352,0.138888926080881
79.2,305.7249999293352,100.0,0.0,305.86388885541606,0.138888926080881
79.25,305.86388885541606,100.0,0.0,306.01250000000005,0.14861114458398106
79.30000000000001,306.01250000000005,100.0,0.0,306.63750000000005,0.625
79.35000000000001,306.63750000000005,100.0,0.0,307.2625,0.6249999999999432
79.4,307.2625,100.0,0.0,307.8875,0.625
79.45,307.8875,100.0,0.0,308.5125,0.625
79.5,308.5125,100.0,0.0,309.055000108866,0.5425001088660224
79.55000000000001,309.055000108866,100.0,0.0,309.3050006037114,0.25000049484538067
79.60000000000001,309.3050006037114,100.0,0.0,309.5550008295146,0.25000022580320547
79.65,309.5550008295146,100.0,0.0,309.80500036349514,0.2499995339805423
79.7,309.80500036349514,100.0,0.0,310.0552763641322,0.2502760006370863
79.75,310.0552763641322,100.0,0.0,310.30653256473335,0.2512562006011194
79.80000000000001,310.30653256473335,100.0,0.0,310.5577888121705,0.2512562474371407
79.85000000000001,310.5577888121705,100.0,0.0,310.80904516889177,0.2512563567212851
79.9,310.80904516889177,100.0,0.0,311.0,0.19095483110822897
79.95,311.0,100.0,0.0,311.0,0.0
80.0,311.0,100.0,0.0,311.0,0.0
80.05000000000001,311.0,100.0,0.0,311.0,0.0
80.10000000000001,311.0,100.0,0.0,311.085714257868,0.08571425786800546
80.15,311.085714257868,100.0,0.0,311.4428569989848,0.3571427411167747
80.2,311.4428569989848,100.0,0.0,311.79999974010155,0.3571427411167747
80.25,311.79999974010155,100.0,0.0,312.1571424812184,0.35714274111683153
80.30000000000001,312.1571424812184,100.0,0.0,312.5142853397591,0.35714285854072614
80.35000000000001,312.5142853397591,100.0,0.0,312.87142847228915,0.35714313253004093
80.4,312.87142847228915,100.0,0.0,313.0888888621805,0.2174603898913574
80.45,313.0888888621805,100.0,0.0,313.2277777093375,0.13888884715697714
80.5,313.2277777093375,100.0,0.0,313.3666665564946,0.13888884715709082
80.55000000000001,313.3666665564946,100.0,0.0,313.50555540365156,0.13888884715697714
0.0,315.825,100.0,0.0,316.293748544,0.4687485439999932
0.05,316.293748544,100.0,0.0,316.762498944,0.4687504000000331
0.1,316.762498944,100.0,0.0,317.231249344,0.46875039999997625
0.15000000000000002,317.231249344,100.0,0.0,317.699999744,0.4687504000000331
0.2,317.699999744,100.0,0.0,318.0999998577778,0.40000011377776445
0.25,318.0999998577778,100.0,0.0,318.37777724049386,0.2777773827160672
0.30000000000000004,318.37777724049386,100.0,0.0,318.6555546232099,0.2777773827160672
0.35000000000000003,318.6555546232099,100.0,0.0,318.9333322666667,0.2777776434567727
0.4,318.9333322666667,100.0,0.0,319.21111004444447,0.27777777777777146
0.45,319.21111004444447,100.0,0.0,319.48888782222224,0.27777777777777146
0.5,319.48888782222224,100.0,0.0,319.7666656711111,0.27777784888888846
0.55,319.7666656711111,100.0,0.0,320.02499998254547,0.25833431143433927
0.6000000000000001,320.02499998254547,100.0,0.0,320.18124987345453,0.15624989090906638
0.65,320.18124987345453,100.0,0.0,320.33749976436366,0.15624989090912322
0.7000000000000001,320.33749976436366,100.0,0.0,320.4937496552727,0.15624989090906638
0.75,320.4937496552727,100.0,0.0,320.6499995461818,0.15624989090906638
0.8,320.6499995461818,100.0,0.0,320.8062494370909,0.15624989090912322
0.8500000000000001,320.8062494370909,100.0,0.0,320.96249984,0.15625040290910874
0.9,320.96249984,100.0,0.0,321.11875,0.1562501599999564
0.9500000000000001,321.11875,100.0,0.0,321.275,0.15625
1.0,321.275,100.0,0.0,321.43125,0.15625
1.05,321.43125,100.0,0.0,321.5875,0.15625
1.1,321.5875,100.0,0.0,321.74375,0.15625
1.1500000000000001,321.74375,100.0,0.0,321.9,0.15625
1.2000000000000002,321.9,100.0,0.0,322.225,0.3250000000000455
1.25,322.225,100.0,0.0,322.84999999999997,0.6249999999999432
1.3,322.84999999999997,100.0,0.0,323.47499999999997,0.625
1.35,323.47499999999997,100.0,0.0,324.1,0.6250000000000568
1.4000000000000001,324.1,100.0,0.0,324.725,0.625
1.4500000000000002,324.725,100.0,0.0,325.35,0.625
1.5,325.35,100.0,0.0,325.975,0.625
1.55,325.975,100.0,0.0,326.14999983542856,0.1749998354285367
1.6,326.14999983542856,100.0,0.0,326.306249664,0.15624982857144687
1.6500000000000001,326.306249664,100.0,0.0,326.4624994925714,0.15624982857139003
1.7000000000000002,326.4624994925714,100.0,0.0,326.6187493544554,0.1562498618840209
1.75,326.6187493544554,100.0,0.0,326.77499925544555,0.15624990099013303
1.8,326.77499925544555,100.0,0.0,326.9312496,0.15625034455445075
1.85,326.9312496,100.0,0.0,327.116666540113,0.1854169401129866
1.9000000000000001,327.116666540113,100.0,0.0,327.3249996474576,0.20833310734462884
1.9500000000000002,327.3249996474576,100.0,0.0,327.53333275480225,0.20833310734462884
2.0,327.53333275480225,100.0,0.0,327.7416658621469,0.20833310734462884
2.0500000000000003,327.7416658621469,100.0,0.0,327.9499989694915,0.20833310734462884
2.1,327.9499989694915,100.0,0.0,328.475,0.5250010305085198
2.15,328.475,100.0,0.0,329.1,0.625
2.2,329.1,100.0,0.0,329.725,0.625
2.25,329.725,100.0,0.0,330.11666657134754,0.39166657134751404
2.3000000000000003,330.11666657134754,100.0,0.0,330.32499973446807,0.2083331631205283
2.35,330.32499973446807,100.0,0.0,330.53333289758865,0.20833316312058514
2.4000000000000004,330.53333289758865,100.0,0.0,330.74166606070924,0.20833316312058514
2.45,330.74166606070924,100.0,0.0,330.9499992238298,0.20833316312058514
2.5,330.9499992238298,100.0,0.0,331.15866394668785,0.20866472285803184
2.5500000000000003,331.15866394668785,100.0,0.0,331.3674322975929,0.20876835090507484
2.6,331.3674322975929,100.0,0.0,331.57620064849795,0.208768350905018
2.6500000000000004,331.57620064849795,100.0,0.0,331.784968999403,0.20876835090507484
2.7,331.784968999403,100.0,0.0,331.9937373503081,0.20876835090507484
2.75,331.9937373503081,100.0,0.0,332.2025057012131,0.208768350905018
2.8000000000000003,332.2025057012131,100.0,0.0,332.4112740521182,0.20876835090507484
2.85,332.4112740521182,100.0,0.0,332.62004240302326,0.20876835090507484
2.9000000000000004,332.62004240302326,100.0,0.0,332.8288107539283,0.208768350905018
2.95,332.8288107539283,100.0,0.0,333.0281249935018,0.199314239573539
3.0,333.0281249935018,100.0,0.0,333.18437495740073,0.1562499638989152
3.0500000000000003,333.18437495740073,100.0,0.0,333.34062492129965,0.1562499638989152
3.1,333.34062492129965,100.0,0.0,333.49687488519857,0.1562499638989152
3.1500000000000004,333.49687488519857,100.0,0.0,333.6531248490975,0.1562499638989152
3.2,333.6531248490975,100.0,0.0,333.8093748129964,0.1562499638989152
3.25,333.8093748129964,100.0,0.0,333.9656249488372,0.15625013584082126
3.3000000000000003,333.9656249488372,100.0,0.0,334.2422360248447,0.276611076007498
3.35,334.2422360248447,100.0,0.0,334.5527950310559,0.3105590062111787
3.4000000000000004,334.5527950310559,100.0,0.0,334.8633540372671,0.3105590062111787
3.45,334.8633540372671,100.0,0.0,335.0,0.13664596273292773
3.5,335.0,100.0,0.0,335.0,0.0
3.5500000000000003,335.0,100.0,0.0,335.0,0.0
3.6,335.0,100.0,0.0,335.1499996689655,0.14999966896550632
3.6500000000000004,335.1499996689655,100.0,0.0,335.56666541609195,0.41666574712644433
3.7,335.56666541609195,100.0,0.0,335.98333123440864,0.41666581831668736
3.75,335.98333123440864,100.0,0.0,336.39999876129036,0.41666752688172437
3.8000000000000003,336.39999876129036,100.0,0.0,336.81666628817203,0.4166675268816675
3.85,336.81666628817203,100.0,0.0,337.0,0.1833337118279701
3.9000000000000004,337.0,100.0,0.0,337.0,0.0
3.95,337.0,100.0,0.0,337.0,0.0
4.0,337.0,100.0,0.0,337.0,0.0
4.05,337.0,100.0,0.0,337.0,0.0
4.1000000000000005,337.0,100.0,0.0,337.0,0.0
4.15,337.0,100.0,0.0,337.0,0.0
4.2,337.0,100.0,0.0,337.0,0.0
4.25,337.0,100.0,0.0,337.23333333333335,0.2333333333333485
4.3,337.23333333333335,100.0,0.0,337.65000000000003,0.4166666666666856
4.3500000000000005,337.65000000000003,100.0,0.0,338.06666666666666,0.41666666666662877
4.4,338.06666666666666,100.0,0.0,338.48333333333335,0.4166666666666856
4.45,338.48333333333335,100.0,0.0,338.9,0.41666666666662877
4.5,338.9,100.0,0.0,339.19,0.29000000000002046
4.55,339.19,100.0,0.0,339.44,0.25
4.6000000000000005,339.44,100.0,0.0,339.69,0.25
4.65,339.69,100.0,0.0,339.94,0.25
4.7,339.94,100.0,0.0,340.0,0.060000000000002274
4.75,340.0,100.0,0.0,340.0,0.0
4.800000000000001,340.0,100.0,0.0,340.0,0.0
4.8500000000000005,340.0,100.0,0.0,340.0999996631579,0.09999966315791653
4.9,340.0999996631579,100.0,0.0,340.27857052444443,0.17857086128651645
4.95,340.27857052444443,100.0,0.0,340.45714220698414,0.17857168253971167
5.0,340.45714220698414,100.0,0.0,340.6357138895238,0.17857168253965483
5.050000000000001,340.6357138895238,100.0,0.0,340.8142855720635,0.17857168253971167
5.1000000000000005,340.8142855720635,100.0,0.0,340.99285714285713,0.17857157079362196
5.15,340.99285714285713,100.0,0.0,341.0,0.0071428571428668874
5.2,341.0,100.0,0.0,341.0,0.0
5.25,341.0,100.0,0.0,341.0,0.0
5.300000000000001,341.0,100.0,0.0,341.0,0.0
5.3500000000000005,341.0,100.0,0.0,341.0,0.0
5.4,341.0,100.0,0.0,341.0,0.0
5.45,341.0,100.0,0.0,341.0,0.0
5.5,341.0,100.0,0.0,341.0,0.0
5.550000000000001,341.0,100.0,0.0,341.04,0.040000000000020464
5.6000000000000005,341.04,100.0,0.0,341.29,0.25
5.65,341.29,100.0,0.0,341.54,0.25
5.7,341.54,100.0,0.0,341.79,0.25
5.75,341.79,100.0,0.0,342.02222222222224,0.23222222222221944
5.800000000000001,342.02222222222224,100.0,0.0,342.1611111111111,0.1388888888888573
5.8500000000000005,342.1611111111111,100.0,0.0,342.3,0.13888888888891415
5.9,342.3,100.0,0.0,342.43888888888887,0.1388888888888573
5.95,342.43888888888887,100.0,0.0,342.5777777777778,0.13888888888891415
6.0,342.5777777777778,100.0,0.0,342.7166666666667,0.13888888888891415
6.050000000000001,342.7166666666667,100.0,0.0,342.85555555555555,0.1388888888888573
6.1000000000000005,342.85555555555555,100.0,0.0,342.99444444444447,0.13888888888891415
6.15,342.99444444444447,100.0,0.0,343.0,0.005555555555531555
6.2,343.0,100.0,0.0,343.0,0.0
6.25,343.0,100.0,0.0,343.0,0.0
6.300000000000001,343.0,100.0,0.0,343.0,0.0
6.3500000000000005,343.0,100.0,0.0,343.0,0.0
6.4,343.0,100.0,0.0,343.0,0.0
6.45,343.0,100.0,0.0,343.0,0.0
6.5,343.0,100.0,0.0,343.0,0.0
6.550000000000001,343.0,100.0,0.0,343.0,0.0
6.6000000000000005,343.0,100.0,0.0,343.0,0.0
6.65,343.0,100.0,0.0,343.0,0.0
6.7,343.0,100.0,0.0,343.0,0.0
6.75,343.0,100.0,0.0,343.0,0.0
6.800000000000001,343.0,100.0,0.0,343.0,0.0
6.8500000000000005,343.0,100.0,0.0,343.0,0.0
6.9,343.0,100.0,0.0,343.0,0.0
6.95,343.0,100.0,0.0,342.82857158166115,-0.1714284183388486
7.0,342.82857158166115,100.0,0.0,342.6500003125581,-0.17857126910303123
7.050000000000001,342.6500003125581,100.0,0.0,342.47142904345515,-0.17857126910297438
7.1000000000000005,342.47142904345515,100.0,0.0,342.29285777435217,-0.17857126910297438
7.15,342.29285777435217,100.0,0.0,342.11428605186813,-0.17857172248403685
7.2,342.11428605186813,100.0,0.0,342.0,-0.11428605186813456
7.25,342.0,100.0,0.0,342.0,0.0
7.300000000000001,342.0,100.0,0.0,342.0,0.0
7.3500000000000005,342.0,100.0,0.0,342.0,0.0
7.4,342.0,100.0,0.0,342.0,0.0
7.45,342.0,100.0,0.0,342.0,0.0
7.5,342.0,100.0,0.0,342.0,0.0
7.550000000000001,342.0,100.0,0.0,342.0,0.0
7.6000000000000005,342.0,100.0,0.0,342.0,0.0
7.65,342.0,100.0,0.0,342.0,0.0
7.7,342.0,100.0,0.0,342.0,0.0
7.75,342.0,100.0,0.0,342.0,0.0
7.800000000000001,342.0,100.0,0.0,342.0,0.0
7.8500000000000005,342.0,100.0,0.0,342.0,0.0
7.9,342.0,100.0,0.0,341.9050002432,-0.09499975680000716
7.95,341.9050002432,95.72501094399998,0.0,341.78000048,-0.12499976319998041
8.0,341.78000048,90.1000216,0.0,341.65500048,-0.125
8.05,341.65500048,84.47502159999992,0.0,341.53000048,-0.125
8.1,341.53000048,78.85002160000003,0.0,341.40500048,-0.125
8.15,341.40500048,73.22502159999996,0.0,341.28000048,-0.125
8.200000000000001,341.28000048,67.60002159999988,0.0,341.15500045784614,-0.12500002215386985
8.25,341.15500045784614,61.97502060307691,0.04615384615384826,341.0300000886154,-0.1250003692307473
8.3,341.0300000886154,56.35000398769217,0.8153846153846342,337.01,-4.020000088615404
8.35,337.01,44.55000000000001,1.0,331.76,-5.25
8.4,331.76,30.799999999999915,1.0,326.50999999999993,-5.250000000000057
8.450000000000001,326.50999999999993,17.04999999999982,1.0,321.26000000000005,-5.249999999999886
8.5,321.26000000000005,3.3000000000001233,1.0,313.94375494808503,-7.316245051915018
8.55,313.94375494808503,0.0,1.0,305.9750114587235,-7.968743489361543
8.6,305.9750114587235,0.0,1.0,298.00626796936166,-7.968743489361827
8.65,298.00626796936166,0.0,1.0,290.03752447999983,-7.968743489361827
8.700000000000001,290.03752447999983,0.0,1.0,282.06877951999996,-7.968744959999867
8.75,282.06877951999996,0.0,1.0,274.10001151999995,-7.968768000000011
8.8,274.10001151999995,0.0,1.0,265.4750000000002,-8.62501151999976
8.85,265.4750000000002,0.0,1.0,255.68333333333334,-9.791666666666856
8.9,255.68333333333334,0.0,1.0,245.89166666666648,-9.791666666666856
8.950000000000001,245.89166666666648,0.0,1.0,236.09999999999997,-9.791666666666515
9.0,236.09999999999997,0.0,1.0,226.30833333333305,-9.791666666666913
9.05,226.30833333333305,0.0,1.0,218.0000027927272,-8.308330540605851
9.1,218.0000027927272,0.0,1.0,210.85715063688298,-7.142852155844224
9.15,210.85715063688298,0.0,1.0,203.71429848103872,-7.142852155844253
9.200000000000001,203.71429848103872,0.0,1.0,196.57144632519473,-7.142852155843997
9.25,196.57144632519473,0.0,1.0,189.42859416935048,-7.142852155844253
9.3,189.42859416935048,0.0,1.0,182.2857252571429,-7.142868912207575
9.35,182.2857252571429,0.0,1.0,177.2,-5.0857252571429115
9.4,177.2,0.0,1.0,172.19999999999987,-5.000000000000114
9.450000000000001,172.19999999999987,0.0,1.0,167.2,-4.999999999999886
9.5,167.2,0.0,1.0,162.19999999999987,-5.000000000000114
9.55,162.19999999999987,0.0,1.0,158.6573798279022,-3.542620172097685
9.600000000000001,158.6573798279022,0.0,1.0,155.17548381530048,-3.481896012601709
9.65,155.17548381530048,0.0,1.0,151.6935878026987,-3.481896012601794
9.700000000000001,151.6935878026987,0.0,1.0,148.211691790097,-3.4818960126016805
9.75,148.211691790097,0.0,1.0,144.72979577749518,-3.4818960126018226
9.8,144.72979577749518,0.0,1.0,141.24790521693402,-3.481890560561169
9.850000000000001,141.24790521693402,0.0,1.0,137.76601569485692,-3.481889522077097
9.9,137.76601569485692,0.0,1.0,134.86034294441114,-2.905672750445774
9.950000000000001,134.86034294441114,0.0,1.0,132.11720028489827,-2.74314265951287
10.0,132.11720028489827,0.0,1.0,129.3740617944974,-2.7431384904008667
10.05,129.3740617944974,0.0,1.0,126.63092330409651,-2.743138490400895
10.100000000000001,126.63092330409651,0.0,1.0,123.88778481369572,-2.7431384904007956
10.15,123.88778481369572,0.0,1.0,121.14464632329484,-2.743138490400881
10.200000000000001,121.14464632329484,0.0,1.0,118.40150783289404,-2.7431384904007956
10.25,118.40150783289404,0.0,1.0,115.6583576299135,-2.7431502029805443
10.3,115.6583576299135,0.0,1.0,112.86249999999988,-2.7958576299136126
10.350000000000001,112.86249999999988,0.0,1.0,110.04999999999995,-2.812499999999929
10.4,110.04999999999995,0.0,1.0,107.23749999999991,-2.8125000000000426
10.450000000000001,107.23749999999991,0.0,1.0,105.0375,-2.1999999999999176
10.5,105.0375,0.0,1.0,103.31875107555555,-1.7187489244444407
10.55,103.31875107555555,0.0,1.0,101.60000351999997,-1.7187475555555807
10.600000000000001,101.60000351999997,0.0,1.0,99.88125596444445,-1.7187475555555238
10.65,99.88125596444445,0.0,1.0,98.16250840888887,-1.7187475555555807
10.700000000000001,98.16250840888887,0.0,1.0,96.4437544,-1.7187540088888653
10.75,96.4437544,0.0,1.0,94.79999999999998,-1.6437544000000202
10.8,94.79999999999998,0.0,1.0,93.54999999999995,-1.2500000000000284
10.850000000000001,93.54999999999995,0.0,1.0,92.29999999999998,-1.2499999999999716
10.9,92.29999999999998,0.0,1.0,91.04999999999997,-1.2500000000000142
10.950000000000001,91.04999999999997,0.0,1.0,90.04000211862069,-1.0099978813792774
11.0,90.04000211862069,0.0,1.0,89.04000432551723,-0.9999977931034607
11.05,89.04000432551723,0.0,1.0,88.04000316952377,-1.0000011559934592
11.100000000000001,88.04000316952377,0.0,0.619047619047596,87.04000012190474,-1.0000030476190318
11.15,87.04000012190474,0.0,0.023809523809510735,86.1272727272727,-0.9127273946320429
11.200000000000001,86.1272727272727,0.2181818181818248,0.0,85.21818181818182,-0.9090909090908781
11.25,85.21818181818182,0.44545454545454555,0.0,84.3090909090909,-0.9090909090909207
11.3,84.3090909090909,0.6727272727272747,0.0,83.39999999999998,-0.9090909090909207
11.350000000000001,83.39999999999998,0.900000000000005,0.0,82.4909090909091,-0.9090909090908781
11.4,82.4909090909091,1.1272727272727272,0.0,81.58181818181818,-0.9090909090909207
11.450000000000001,81.58181818181818,1.3545454545454576,0.0,80.67272727272729,-0.9090909090908923
11.5,80.67272727272729,1.5818181818181798,0.0,79.76363636363637,-0.9090909090909207
11.55,79.76363636363637,1.8090909090909102,0.0,78.96,-0.8036363636363717
11.600000000000001,78.96,2.480000000000061,0.0,78.71,-0.25
11.65,78.71,5.4800000000000395,0.0,78.46,-0.25
11.700000000000001,78.46,8.480000000000079,0.0,78.21,-0.25
11.75,78.21,11.480000000000013,0.0,78.11428571428573,-0.09571428571426566
11.8,78.11428571428573,14.828571428571514,0.0,78.82857142857144,0.7142857142857082
11.850000000000001,78.82857142857144,20.00714285714298,0.0,79.54285714285713,0.714285714285694
11.9,79.54285714285713,25.18571428571426,0.0,80.25714285714285,0.7142857142857224
11.950000000000001,80.25714285714285,30.364285714285764,0.0,80.97142857142856,0.7142857142857082
12.0,80.97142857142856,35.542857142857144,0.0,81.6857142857143,0.7142857142857366
12.05,81.6857142857143,40.7214285714287,0.0,82.31111085252527,0.6253965668109771
12.100000000000001,82.31111085252527,39.65555833535326,0.0,82.86666594790921,0.5555550953839372
12.15,82.86666594790921,33.68334105997596,0.0,83.42222112114698,0.5555551732377637
12.200000000000001,83.42222112114698,27.711122947670056,0.0,83.97777629438471,0.5555551732377353
12.25,83.97777629438471,21.738904835364366,0.0,84.53333146762246,0.5555551732377495
12.3,84.53333146762246,15.766686723058463,0.0,85.08888664086022,0.5555551732377637
12.350000000000001,85.08888664086022,9.79446861075256,0.0,85.64444181409796,0.5555551732377353
12.4,85.64444181409796,3.8222504984468664,0.0,85.62499999999999,-0.01944181409797352
12.450000000000001,85.62499999999999,0.0,0.0,84.58333333333334,-1.041666666666643
12.5,84.58333333333334,0.0,0.0,83.54166666666666,-1.0416666666666856
12.55,83.54166666666666,0.0,0.0,82.49999999999999,-1.0416666666666714
12.600000000000001,82.49999999999999,0.0,0.0,81.45833333333334,-1.041666666666643
12.65,81.45833333333334,0.0,0.0,80.30000497777776,-1.1583283555555823
12.700000000000001,80.30000497777776,0.2999978666666751,0.0,79.05000529836066,-1.249999679417101
12.75,79.05000529836066,0.8357120149882888,0.0,77.80000398688523,-1.2500013114754296
12.8,77.80000398688523,1.3714268627634725,0.0,76.5500026754098,-1.2500013114754296
12.850000000000001,76.5500026754098,1.9071417105386563,0.0,75.30000136393441,-1.250001311475387
12.9,75.30000136393441,2.442856558313821,0.0,74.05000005245898,-1.2500013114754296
12.950000000000001,74.05000005245898,2.9785714060890047,0.0,74.0,-0.050000052458983646
13.0,74.0,4.799995392000018,0.0,74.0,0.0
13.05,74.0,6.674993803636413,0.0,74.0,0.0
13.100000000000001,74.0,8.549995985454611,0.0,74.0,0.0
13.15,74.0,10.424998167272744,0.0,74.03333329676191,0.03333329676190999
13.200000000000001,74.03333329676191,12.499999451428625,0.0,74.2416664015238,0.20833310476189126
13.25,74.2416664015238,15.624996022857118,0.0,74.4499995062857,0.20833310476190547
13.3,74.4499995062857,18.74999259428572,0.0,74.65833261104761,0.20833310476190547
13.350000000000001,74.65833261104761,21.874989165714325,0.0,74.86666627282051,0.20833366177289747
13.4,74.86666627282051,24.999994092307677,0.0,75.49090855231171,0.6242422794911988
13.450000000000001,75.49090855231171,27.77727187449354,0.0,76.85454341984415,1.36363486753244
13.5,76.85454341984415,29.93636041475325,0.0,78.21817828737665,1.3636348675324967
13.55,78.21817828737665,32.09544895501303,0.0,79.58181315490914,1.3636348675324967
13.600000000000001,79.58181315490914,34.25453749527282,0.0,80.94545015876503,1.3636370038558852
13.65,80.94545015876503,36.41362941804464,0.0,82.30908751039455,1.3636373516295208
13.700000000000001,82.30908751039455,38.572721891458045,0.0,83.67272486202403,1.3636373516294782
13.75,83.67272486202403,40.73181436487137,0.0,85.03636221365355,1.3636373516295208
13.8,85.03636221365355,42.89090683828478,0.0,86.39999956528307,1.3636373516295208
13.850000000000001,86.39999956528307,45.04999931169818,0.0,87.85555256888891,1.4555530036058428
13.9,87.85555256888891,47.47777261898993,0.0,89.38332746666671,1.5277748977778032
13.950000000000001,89.38332746666671,50.11665653333341,0.0,90.91110524444446,1.527777777777743
14.0,90.91110524444446,52.75554542222224,0.0,92.43888302222226,1.5277777777777999
14.05,92.43888302222226,55.39443431111116,0.0,93.96666080000004,1.5277777777777857
14.100000000000001,93.96666080000004,58.03332320000008,0.0,95.49443857777779,1.527777777777743
14.15,95.49443857777779,60.67221208888892,0.0,97.02221933401714,1.527780756239352
14.200000000000001,97.02221933401714,63.31110612239324,0.0,98.90000000000003,1.8777806659828968
14.25,98.90000000000003,65.90000000000003,0.0,101.40000000000006,2.5000000000000284
14.3,101.40000000000006,68.40000000000006,0.0,103.90000000000009,2.5000000000000284
14.350000000000001,103.90000000000009,70.90000000000009,0.0,106.44999944258069,2.5499994425805994
14.4,106.44999944258069,73.24999969032261,0.0,109.26249595870975,2.812496516129059
14.450000000000001,109.26249595870975,74.81249775483874,0.0,112.0749924748387,2.8124965161289452
14.5,112.0749924748387,76.37499581935484,0.0,114.88749568000004,2.8125032051613488
14.55,114.88749568000004,77.93749760000003,0.0,116.71428571428578,1.826790034285736
14.600000000000001,116.71428571428578,80.05714285714292,0.0,118.50000000000001,1.785714285714235
14.65,118.50000000000001,82.20000000000002,0.0,120.28571428571432,1.785714285714306
14.700000000000001,120.28571428571432,84.34285714285718,0.0,122.07142857142856,1.785714285714235
14.75,122.07142857142856,86.48571428571427,0.0,123.85714285714286,1.785714285714306
14.8,123.85714285714286,88.62857142857143,0.0,126.01250000000005,2.1553571428571843
14.850000000000001,126.01250000000005,90.28125000000001,0.0,128.825,2.812499999999943
14.9,128.825,91.0625,0.0,131.63749894400001,2.8124989440000263
14.950000000000001,131.63749894400001,91.84374970666667,0.0,134.449996544,2.812497599999972
15.0,134.449996544,92.62499903999999,0.0,137.26249414400002,2.812497600000029
15.05,137.26249414400002,93.40624837333334,0.0,140.07499174400007,2.812497600000057
15.100000000000001,140.07499174400007,94.18749770666669,0.0,142.88748934400002,2.8124975999999435
15.15,142.88748934400002,94.96874704,0.0,145.69998694400007,2.812497600000057
15.200000000000001,145.69998694400007,95.74999637333335,0.0,148.51248736000002,2.812500415999949
15.25,148.51248736000002,96.53124648888888,0.0,151.32499136000007,2.8125040000000467
15.3,151.32499136000007,97.31249760000001,0.0,154.13749536000012,2.8125040000000467
15.350000000000001,154.13749536000012,98.09374871111113,0.0,156.94999936000005,2.812503999999933
15.4,156.94999936000005,98.87499982222224,0.0,159.7625000000001,2.812500640000053
15.450000000000001,159.7625000000001,99.65625000000003,0.0,162.16666500740743,2.404165007407329
15.5,162.16666500740743,100.0,0.0,164.24999537777782,2.0833303703703905
15.55,164.24999537777782,100.0,0.0,166.33332574814824,2.083330370370419
15.600000000000001,166.33332574814824,100.0,0.0,168.41666194285716,2.08333619470892
15.65,168.41666194285716,100.0,0.0,170.49999908571434,2.083337142857175
15.700000000000001,170.49999908571434,100.0,0.0,173.37499662222226,2.8749975365079194
15.75,173.37499662222226,100.0,0.0,176.49999217777784,3.1249955555555857
15.8,176.49999217777784,100.0,0.0,179.62498944000012,3.12499726222228
15.850000000000001,179.62498944000012,100.0,0.0,182.19999341714288,2.5750039771427566
15.9,182.19999341714288,100.0,0.0,184.342850358484,2.1428569413411083
15.950000000000001,184.342850358484,100.0,0.0,186.48570918064138,2.142858822157393
16.0,186.48570918064138,100.0,0.0,188.62856800279883,2.14285882215745
16.05,188.62856800279883,100.0,0.0,190.77142682495628,2.14285882215745
16.1,190.77142682495628,100.0,0.0,192.91428564711376,2.1428588221574785
16.150000000000002,192.91428564711376,100.0,0.0,194.65516975721377,1.740884110100012
16.2,194.65516975721377,100.0,0.0,196.37930492097823,1.7241351637644584
16.25,196.37930492097823,100.0,0.0,198.1034428678257,1.7241379468474634
16.3,198.1034428678257,100.0,0.0,199.8275823801574,1.7241395123317034
16.35,199.8275823801574,100.0,0.0,201.5517218924891,1.7241395123317034
16.400000000000002,201.5517218924891,100.0,0.0,203.27586140482066,1.7241395123315613
16.45,203.27586140482066,100.0,0.0,204.54037384658918,1.2645124417685167
16.5,204.54037384658918,100.0,0.0,205.4720515115908,0.9316776650016152
16.55,205.4720515115908,100.0,0.0,206.40372741915738,0.9316759075665857
16.6,206.40372741915738,100.0,0.0,207.73125000000005,1.3275225808426683
16.650000000000002,207.73125000000005,100.0,0.0,209.76249999999993,2.0312499999998863
16.7,209.76249999999993,100.0,0.0,211.79375,2.031250000000057
16.75,211.79375,100.0,0.0,213.82500000000005,2.031250000000057
16.8,213.82500000000005,100.0,0.0,215.8562497920001,2.031249792000068
16.85,215.8562497920001,100.0,0.0,217.8874945920001,2.031244799999996
16.900000000000002,217.8874945920001,100.0,0.0,219.91874479999993,2.0312502079998183
16.95,219.91874479999993,100.0,0.0,221.02857008513118,1.109825285131251
17.0,221.02857008513118,100.0,0.0,222.09999725714286,1.0714271720116813
17.05,222.09999725714286,100.0,0.0,223.17142442915454,1.0714271720116813
17.1,223.17142442915454,100.0,0.0,224.24285178775517,1.07142735860063
17.150000000000002,224.24285178775517,100.0,0.0,225.3142836244898,1.0714318367346323
17.2,225.3142836244898,100.0,0.0,226.53181768853756,1.2175340640477543
17.25,226.53181768853756,100.0,0.0,228.00908904558634,1.477271357048778
17.3,228.00908904558634,100.0,0.0,229.4863604026351,1.477271357048778
17.35,229.4863604026351,100.0,0.0,230.9636317596839,1.477271357048778
17.400000000000002,230.9636317596839,100.0,0.0,232.44090311673256,1.4772713570486644
17.45,232.44090311673256,100.0,0.0,233.91817447378133,1.477271357048778
17.5,233.91817447378133,100.0,0.0,235.39544891884705,1.4772744450657171
17.55,235.39544891884705,100.0,0.0,236.87272395210647,1.4772750332594171
17.6,236.87272395210647,100.0,0.0,238.34999898536591,1.4772750332594455
17.650000000000002,238.34999898536591,100.0,0.0,239.62221779753088,1.2722188121649651
17.7,239.62221779753088,100.0,0.0,240.73332764444447,1.1111098469135925
17.75,240.73332764444447,100.0,0.0,241.84443875555561,1.1111111111111427
17.8,241.84443875555561,100.0,0.0,242.95554986666673,1.1111111111111143
17.85,242.95554986666673,100.0,0.0,244.06666208780496,1.111112221138228
17.900000000000002,244.06666208780496,100.0,0.0,245.17777493333335,1.111112845528396
17.95,245.17777493333335,100.0,0.0,246.2888877788618,1.111112845528453
18.0,246.2888877788618,100.0,0.0,247.4125,1.1236122211381883
18.05,247.4125,100.0,0.0,248.5583331657143,1.1458331657142935
18.1,248.5583331657143,100.0,0.0,249.70416580063494,1.1458326349206516
18.150000000000002,249.70416580063494,100.0,0.0,250.84999843555553,1.1458326349205947
18.2,250.84999843555553,100.0,0.0,251.99583107047619,1.1458326349206516
18.25,251.99583107047619,100.0,0.0,253.14166370539684,1.1458326349206516
18.3,253.14166370539684,100.0,0.0,254.2874963403175,1.1458326349206516
18.35,254.2874963403175,100.0,0.0,255.43332897523814,1.1458326349206516
18.400000000000002,255.43332897523814,100.0,0.0,256.57916161015874,1.1458326349205947
18.45,256.57916161015874,100.0,0.0,257.72499424507936,1.1458326349206231
18.5,257.72499424507936,100.0,0.0,258.59375,0.8687557549206417
18.55,258.59375,100.0,0.0,259.375,0.78125
18.6,259.375,100.0,0.0,260.15625,0.78125
18.650000000000002,260.15625,100.0,0.0,260.9375,0.78125
18.7,260.9375,100.0,0.0,261.71875,0.78125
18.75,261.71875,100.0,0.0,262.5,0.78125
18.8,262.5,100.0,0.0,263.32142744935067,0.821427449350665
18.85,263.32142744935067,100.0,0.0,264.2142822857143,0.8928548363636537
18.900000000000002,264.2142822857143,100.0,0.0,265.10713942857143,0.8928571428571104
18.95,265.10713942857143,100.0,0.0,265.9999965714286,0.8928571428571672
19.0,265.9999965714286,100.0,0.0,266.8928551183674,0.8928585469387826
19.05,266.8928551183674,100.0,0.0,267.7857138938776,0.8928587755102058
19.1,267.7857138938776,100.0,0.0,268.49565090504353,0.7099370111659482
19.150000000000002,268.49565090504353,100.0,0.0,269.14782367808243,0.6521727730388989
19.200000000000003,269.14782367808243,100.0,0.0,269.79999795833226,0.6521742802498238
19.25,269.79999795833226,100.0,0.0,270.4521722385822,0.6521742802499375
19.3,270.4521722385822,100.0,0.0,271.1043465188321,0.6521742802498807
19.35,271.1043465188321,100.0,0.0,271.756520799082,0.6521742802499375
19.400000000000002,271.756520799082,100.0,0.0,272.40869507933195,0.6521742802499375
19.450000000000003,272.40869507933195,100.0,0.0,273.0608693595818,0.6521742802498238
19.5,273.0608693595818,100.0,0.0,273.7130434782609,0.6521741186791132
19.55,273.7130434782609,100.0,0.0,274.3652173913044,0.652173913043498
19.6,274.3652173913044,100.0,0.0,275.0173913043478,0.6521739130434412
19.650000000000002,275.0173913043478,100.0,0.0,275.6695652173913,0.652173913043498
19.700000000000003,275.6695652173913,100.0,0.0,276.32173913043476,0.6521739130434412
19.75,276.32173913043476,100.0,0.0,276.97391304347826,0.652173913043498
19.8,276.97391304347826,100.0,0.0,277.62608695652176,0.652173913043498
19.85,277.62608695652176,100.0,0.0,278.27826086956526,0.652173913043498
19.900000000000002,278.27826086956526,100.0,0.0,278.93043478260876,0.652173913043498
19.950000000000003,278.93043478260876,100.0,0.0,279.5826086956522,0.6521739130434412
20.0,279.5826086956522,100.0,0.0,280.28636360566475,0.7037549100125489
20.05,280.28636360566475,100.0,0.0,281.08181738364556,0.7954537779808106
20.1,281.08181738364556,100.0,0.0,281.87727116162637,0.7954537779808106
20.150000000000002,281.87727116162637,100.0,0.0,282.6727249396072,0.7954537779808106
20.200000000000003,282.6727249396072,100.0,0.0,283.4681788043637,0.7954538647564959
20.25,283.4681788043637,100.0,0.0,284.2636340286061,0.7954552242424029
20.3,284.2636340286061,100.0,0.0,285.0590892528485,0.7954552242424029
20.35,285.0590892528485,100.0,0.0,285.85454447709094,0.7954552242424597
20.400000000000002,285.85454447709094,100.0,0.0,286.64999970133334,0.7954552242424029
20.450000000000003,286.64999970133334,100.0,0.0,287.28,0.63000029866663
20.5,287.28,100.0,0.0,287.78,0.5
20.55,287.78,100.0,0.0,288.28000000000003,0.5000000000000568
20.6,288.28000000000003,100.0,0.0,288.78000000000003,0.5
20.650000000000002,288.78000000000003,100.0,0.0,289.26923008000006,0.4892300800000271
20.700000000000003,289.26923008000006,100.0,0.0,289.74999815384615,0.4807680738460931
20.75,289.74999815384615,100.0,0.0,290.23076738461543,0.48076923076928324
20.8,290.23076738461543,100.0,0.0,290.71153661538466,0.4807692307692264
20.85,290.71153661538466,100.0,0.0,291.1923058461539,0.4807692307692264
20.900000000000002,291.1923058461539,100.0,0.0,291.6730750769231,0.4807692307692264
20.950000000000003,291.6730750769231,100.0,0.0,292.1538443076923,0.48076923076916955
21.0,292.1538443076923,100.0,0.0,292.6346135384615,0.4807692307692264
21.05,292.6346135384615,100.0,0.0,293.11538325661536,0.4807697181538515
21.1,293.11538325661536,100.0,0.0,293.59615322584614,0.48076996923077786
21.150000000000002,293.59615322584614,100.0,0.0,294.0666664339394,0.4705132080932799
21.200000000000003,294.0666664339394,100.0,0.0,294.48333174907106,0.4166653151316382
21.25,294.48333174907106,100.0,0.0,294.89999867803283,0.4166669289617744
21.3,294.89999867803283,100.0,0.0,295.31666560699455,0.41666692896171753
21.35,295.31666560699455,100.0,0.0,295.7333325359563,0.4166669289617744
21.400000000000002,295.7333325359563,100.0,0.0,296.14999946491804,0.41666692896171753
21.450000000000003,296.14999946491804,100.0,0.0,296.5666663938798,0.4166669289617744
21.5,296.5666663938798,100.0,0.0,296.98333332284153,0.41666692896171753
21.55,296.98333332284153,100.0,0.0,297.3599988551553,0.37666553231377975
21.6,297.3599988551553,100.0,0.0,297.7349993023603,0.37500044720496817
21.650000000000002,297.7349993023603,100.0,0.0,298.10999974956525,0.37500044720496817
21.700000000000003,298.10999974956525,100.0,0.0,298.48499999999996,0.3750002504347094
21.75,298.48499999999996,100.0,0.0,298.86,0.37500000000005684
21.8,298.86,100.0,0.0,299.235,0.375
21.85,299.235,100.0,0.0,299.61,0.375
21.900000000000002,299.61,100.0,0.0,299.985,0.375
21.950000000000003,299.985,100.0,0.0,300.3272723218768,0.34227232187680556
22.0,300.3272723218768,100.0,0.0,300.6681809904985,0.3409086686216938
22.05,300.6681809904985,100.0,0.0,301.00908965912026,0.3409086686217506
22.1,301.00908965912026,100.0,0.0,301.3499990019086,0.3409093427883363
22.150000000000002,301.3499990019086,100.0,0.0,301.69090845444504,0.3409094525364367
22.200000000000003,301.69090845444504,100.0,0.0,302.0318179069814,0.34090945253637983
22.25,302.0318179069814,100.0,0.0,302.3727272727273,0.3409093657458584
22.3,302.3727272727273,100.0,0.0,302.7136363636364,0.3409090909091219
22.35,302.7136363636364,100.0,0.0,303.04,0.32636363636362375
22.400000000000002,303.04,100.0,0.0,303.29,0.25
22.450000000000003,303.29,100.0,0.0,303.54,0.25
22.5,303.54,100.0,0.0,303.78999989169233,0.24999989169231185
22.55,303.78999989169233,100.0,0.0,304.0399996455385,0.24999975384616846
22.6,304.0399996455385,100.0,0.0,304.28999939938467,0.24999975384616846
22.650000000000002,304.28999939938467,100.0,0.0,304.5399991532308,0.24999975384611162
22.700000000000003,304.5399991532308,100.0,0.0,304.78999890707695,0.24999975384616846
22.75,304.78999890707695,100.0,0.0,305.09999999999997,0.3100010929230166
22.8,305.09999999999997,100.0,0.0,305.725,0.6250000000000568
22.85,305.725,100.0,0.0,306.35,0.625
22.900000000000002,306.35,100.0,0.0,306.975,0.625
22.950000000000003,306.975,100.0,0.0,307.3,0.32499999999998863
23.0,307.3,100.0,0.0,307.6125,0.3125
23.05,307.6125,100.0,0.0,307.925,0.3125
23.1,307.925,100.0,0.0,308.2375,0.3125
23.150000000000002,308.2375,100.0,0.0,308.55,0.3125
23.200000000000003,308.55,100.0,0.0,308.8625,0.3125
23.25,308.8625,100.0,0.0,309.08749970526316,0.22499970526314428
23.3,309.08749970526316,100.0,0.0,309.24374920655737,0.15624950129421222
23.35,309.24374920655737,100.0,0.0,309.3999993704918,0.15625016393443047
23.400000000000002,309.3999993704918,100.0,0.0,309.55624953442623,0.15625016393443047
23.450000000000003,309.55624953442623,100.0,0.0,309.71249969836066,0.15625016393443047
23.5,309.71249969836066,100.0,0.0,309.8687498622951,0.15625016393443047
23.55,309.8687498622951,100.0,0.0,310.02857142857147,0.15982156627637778
23.6,310.02857142857147,100.0,0.0,310.20714285714286,0.17857142857138797
23.650000000000002,310.20714285714286,100.0,0.0,310.3857142857143,0.1785714285714448
23.700000000000003,310.3857142857143,100.0,0.0,310.56428571428575,0.1785714285714448
23.75,310.56428571428575,100.0,0.0,310.74285714285713,0.17857142857138797
23.8,310.74285714285713,100.0,0.0,310.9214285714286,0.1785714285714448
23.85,310.9214285714286,100.0,0.0,311.1749987555556,0.2535701841269997
23.900000000000002,311.1749987555556,100.0,0.0,311.48749865846156,0.3124999029059836
23.950000000000003,311.48749865846156,100.0,0.0,311.79999896615385,0.3125003076922894
24.0,311.79999896615385,100.0,0.0,312.1124992738462,0.31250030769234627
24.05,312.1124992738462,100.0,0.0,312.4249995815385,0.3125003076922894
24.1,312.4249995815385,100.0,0.0,312.73749988923083,0.31250030769234627
24.150000000000002,312.73749988923083,100.0,0.0,313.03333333333336,0.2958334441025272
24.200000000000003,313.03333333333336,100.0,0.0,313.2416666666667,0.20833333333331439
24.25,313.2416666666667,100.0,0.0,313.45,0.20833333333331439
24.3,313.45,100.0,0.0,313.6583333333333,0.20833333333331439
24.35,313.6583333333333,100.0,0.0,313.8666666666667,0.20833333333337123
24.400000000000002,313.8666666666667,100.0,0.0,314.07499993302326,0.20833326635658977
24.450000000000003,314.07499993302326,100.0,0.0,314.28333308031006,0.20833314728679397
24.5,314.28333308031006,100.0,0.0,314.4916662275969,0.20833314728685082
24.55,314.4916662275969,100.0,0.0,314.6999993748837,0.20833314728679397
24.6,314.6999993748837,100.0,0.0,314.9083326293333,0.20833325444959883
24.650000000000002,314.9083326293333,100.0,0.0,315.14,0.23166737066668475
24.700000000000003,315.14,100.0,0.0,315.39,0.25
24.75,315.39,100.0,0.0,315.64,0.25
24.8,315.64,100.0,0.0,315.89,0.25
24.85,315.89,100.0,0.0,316.0,0.11000000000001364
24.900000000000002,316.0,100.0,0.0,316.0,0.0
24.950000000000003,316.0,100.0,0.0,316.0,0.0
25.0,316.0,100.0,0.0,316.075,0.07499999999998863
25.05,316.075,100.0,0.0,316.2833333333333,0.20833333333331439
25.1,316.2833333333333,100.0,0.0,316.4916666666667,0.20833333333337123
25.150000000000002,316.4916666666667,100.0,0.0,316.7,0.20833333333331439
25.200000000000003,316.7,100.0,0.0,316.9083333333333,0.20833333333331439
25.25,316.9083333333333,100.0,0.0,317.1749997511111,0.26666641777779887
25.3,317.1749997511111,100.0,0.0,317.4874993066667,0.3124995555555756
25.35,317.4874993066667,100.0,0.0,317.79999886222225,0.3124995555555756
25.400000000000002,317.79999886222225,100.0,0.0,318.1124988,0.31249993777777263
25.450000000000003,318.1124988,100.0,0.0,318.4249988,0.3125
25.5,318.4249988,100.0,0.0,318.7374988,0.3125
25.55,318.7374988,100.0,0.0,319.0499988,0.3125
25.6,319.0499988,100.0,0.0,319.36249902080004,0.31250022080001827
25.650000000000002,319.36249902080004,100.0,0.0,319.6749995008,0.31250047999998287
25.700000000000003,319.6749995008,100.0,0.0,319.9874999808,0.31250047999998287
25.75,319.9874999808,100.0,0.0,320.0,0.01250001919999022
25.8,320.0,100.0,0.0,320.0,0.0
25.85,320.0,100.0,0.0,320.0,0.0
25.900000000000002,320.0,100.0,0.0,320.0,0.0
25.950000000000003,320.0,100.0,0.0,320.0,0.0
26.0,320.0,100.0,0.0,320.0,0.0
26.05,320.0,100.0,0.0,320.0,0.0
26.1,320.0,100.0,0.0,319.84166689185184,-0.15833310814815604
26.150000000000002,319.84166689185184,100.0,0.0,319.6333338548148,-0.20833303703705042
26.200000000000003,319.6333338548148,100.0,0.0,319.4250007771429,-0.20833307767190945
26.25,319.4250007771429,100.0,0.0,319.21666706285714,-0.2083337142857431
26.3,319.21666706285714,100.0,0.0,319.0083333485714,-0.2083337142857431
26.35,319.0083333485714,100.0,0.0,319.23999965866665,0.23166631009524963
26.400000000000002,319.23999965866665,100.0,0.0,319.4899993031111,0.24999964444447187
26.450000000000003,319.4899993031111,100.0,0.0,319.739999232,0.249999928888883
26.5,319.739999232,100.0,0.0,319.98999997046155,0.25000073846155146
26.55,319.98999997046155,100.0,0.0,319.80000017860465,-0.18999979185690563
26.6,319.80000017860465,100.0,0.0,319.59166703131785,-0.20833314728679397
26.650000000000002,319.59166703131785,100.0,0.0,319.383333884031,-0.20833314728685082
26.700000000000003,319.383333884031,100.0,0.0,319.1750007367442,-0.20833314728679397
26.75,319.1750007367442,100.0,0.0,319.0249999795745,-0.15000075716972106
26.8,319.0249999795745,100.0,0.0,319.1812498519149,0.15624987234042464
26.85,319.1812498519149,100.0,0.0,319.33749972425534,0.15624987234042464
26.900000000000002,319.33749972425534,100.0,0.0,319.49374959659576,0.15624987234042464
26.950000000000003,319.49374959659576,100.0,0.0,319.64999946893613,0.1562498723403678
27.0,319.64999946893613,100.0,0.0,319.80624956235295,0.15625009341681562
27.05,319.80624956235295,100.0,0.0,319.96249991529413,0.1562503529411856
27.1,319.96249991529413,100.0,0.0,320.0,0.03750008470586863
27.150000000000002,320.0,100.0,0.0,320.0,0.0
27.200000000000003,320.0,100.0,0.0,320.0,0.0
27.25,320.0,100.0,0.0,320.0,0.0
27.3,320.0,100.0,0.0,320.0,0.0
27.35,320.0,100.0,0.0,320.0,0.0
27.400000000000002,320.0,100.0,0.0,320.0,0.0
27.450000000000003,320.0,100.0,0.0,320.0,0.0
27.5,320.0,100.0,0.0,320.0,0.0
27.55,320.0,100.0,0.0,320.0,0.0
27.6,320.0,100.0,0.0,320.0,0.0
27.650000000000002,320.0,100.0,0.0,320.0,0.0
27.700000000000003,320.0,100.0,0.0,319.05000192,-0.9499980800000003
27.75,319.05000192,91.83001651199984,0.0,317.8000044463157,-1.2499974736842887
27.8,317.8000044463157,81.08003823831535,0.0,316.55000283428564,-1.2500016120300756
27.85,316.55000283428564,70.33002437485658,0.40952380952383466,315.30000054857135,-1.250002285714288
27.900000000000002,315.30000054857135,59.58000471771361,0.8857142857143157,307.4000094141928,-7.899991134378524
27.950000000000003,307.4000094141928,47.975011179354,1.0,297.4000218012903,-9.999987612902544
28.0,297.4000218012903,36.10002588903218,1.0,287.40003418838694,-9.99998761290334
28.05,287.40003418838694,24.22504059870952,1.0,277.4000234917645,-10.00001069662244
28.1,277.4000234917645,12.350027896470369,1.0,267.4000009035292,-10.00002258823531
28.150000000000002,267.4000009035292,0.4750010729409091,1.0,260.60002397658513,-6.799976926944055
28.200000000000003,260.60002397658513,0.0,1.0,253.93335106601634,-6.666672910568792
28.25,253.93335106601634,0.0,1.0,247.2666781554471,-6.666672910569247
28.3,247.2666781554471,0.0,1.0,240.60000524487782,-6.666672910569275
28.35,240.60000524487782,0.0,1.0,233.65001727999962,-6.949987964878204
28.400000000000002,233.65001727999962,0.0,1.0,225.21252279172364,-8.437494488275973
28.450000000000003,225.21252279172364,0.0,1.0,216.7750116193103,-8.437511172413338
28.5,216.7750116193103,0.0,1.0,208.33750044689637,-8.437511172413934
28.55,208.33750044689637,0.0,1.0,202.96000390981817,-5.377496537078201
28.6,202.96000390981817,0.0,1.0,197.71001001890897,-5.249993890909195
28.650000000000002,197.71001001890897,0.0,1.0,192.46001612799978,-5.249993890909195
28.700000000000003,192.46001612799978,0.0,1.0,187.21002223709095,-5.249993890908826
28.75,187.21002223709095,0.0,1.0,181.9600249131707,-5.24999732392024
28.8,181.9600249131707,0.0,1.0,176.71001671804873,-5.250008195121978
28.85,176.71001671804873,0.0,1.0,171.46000852292673,-5.250008195122007
28.900000000000002,171.46000852292673,0.0,1.0,166.21000032780475,-5.250008195121978
28.950000000000003,166.21000032780475,0.0,1.0,164.05000000000007,-2.1600003278046813
29.0,164.05000000000007,0.0,1.0,162.01875,-2.031250000000057
29.05,162.01875,0.0,1.0,159.98749999999998,-2.0312500000000284
29.1,159.98749999999998,0.0,1.0,157.95624999999993,-2.031250000000057
29.150000000000002,157.95624999999993,0.0,1.0,155.92499999999987,-2.031250000000057
29.200000000000003,155.92499999999987,0.0,1.0,153.89374999999995,-2.0312499999999147
29.25,153.89374999999995,0.0,1.0,153.0,-0.8937499999999545
29.3,153.0,0.0,1.0,153.0,0.0
29.35,153.0,0.0,1.0,153.0,0.0
29.400000000000002,153.0,0.0,1.0,150.5250063359995,-2.4749936640004933
29.450000000000003,150.5250063359995,0.0,1.0,143.65002393600017,-6.87498239999934
29.5,143.65002393600017,0.0,1.0,136.7750130447058,-6.87501089129438
29.55,136.7750130447058,0.0,1.0,130.71428571428564,-6.06072733042015
29.6,130.71428571428564,0.0,1.0,128.92857142857136,-1.7857142857142776
29.650000000000002,128.92857142857136,0.0,1.0,127.14285714285707,-1.7857142857142918
29.700000000000003,127.14285714285707,0.0,1.0,125.3571428571429,-1.785714285714164
29.75,125.3571428571429,0.0,1.0,123.57142857142857,-1.7857142857143344
29.8,123.57142857142857,0.0,1.0,121.78571428571423,-1.7857142857143344
29.85,121.78571428571423,0.0,1.0,120.5333335302564,-1.2523807554578354
29.900000000000002,120.5333335302564,0.07777774495726648,1.0,119.70000101743587,-0.8333325128205331
29.950000000000003,119.70000101743587,0.2166664970940217,1.0,118.8666685046154,-0.8333325128204621
30.0,118.8666685046154,0.35555524923076703,1.0,118.03333599179487,-0.8333325128205331
30.05,118.03333599179487,0.4944440013675222,1.0,117.20000347897434,-0.8333325128205331
30.1,117.20000347897434,0.6333327535042773,1.0,116.36667083174599,-0.833332647228346
30.150000000000002,116.36667083174599,0.7722215280423349,0.976190476190447,115.53333495873011,-0.8333358730158835
30.200000000000003,115.53333495873011,0.9111108402116497,0.38095238095234074,114.55000007111113,-0.9833348876189802
30.25,114.55000007111113,1.299999952592574,0.0,113.3000018488889,-1.2499982222222314
30.3,113.3000018488889,2.133332100740735,0.0,112.05000362666665,-1.2499982222222457
30.35,112.05000362666665,2.9666642488888963,0.0,110.8000054044444,-1.2499982222222457
30.400000000000002,110.8000054044444,3.7999963970370576,0.0,109.55000319999995,-1.2500022044444563
30.450000000000003,109.55000319999995,4.633331200000029,0.0,109.34999999999998,-0.20000319999996918
30.5,109.34999999999998,8.219999999999857,0.0,109.975,0.6250000000000142
30.55,109.975,13.969999999999951,0.0,110.60000000000001,0.6250000000000142
30.6,110.60000000000001,19.72000000000004,0.0,111.22500000000002,0.6250000000000142
30.650000000000002,111.22500000000002,25.470000000000137,0.0,111.85000000000002,0.625
30.700000000000003,111.85000000000002,31.220000000000233,0.0,112.475,0.6249999999999716
30.75,112.475,36.969999999999914,0.0,113.10000000000001,0.6250000000000142
30.8,113.10000000000001,42.720000000000034,0.0,113.72500000000002,0.6250000000000142
30.85,113.72500000000002,48.470000000000155,0.0,115.49999753846167,1.7749975384616477
30.900000000000002,115.49999753846167,54.59999409230801,0.0,118.17856457142877,2.678567032967095
30.950000000000003,118.17856457142877,61.02855497142903,0.0,120.85713160439566,2.678567032966896
31.0,120.85713160439566,67.4571158505496,0.0,123.53570300460838,2.678571400212718
31.05,123.53570300460838,73.88568721106012,0.0,126.21427996313372,2.6785769585253405
31.1,126.21427996313372,80.31427191152092,0.0,128.89285692165905,2.6785769585253263
31.150000000000002,128.89285692165905,86.74285661198172,0.0,129.39999865263158,0.5071417309725348
31.200000000000003,129.39999865263158,77.8000309894734,0.0,129.81666469859152,0.4166660459599427
31.25,129.81666469859152,68.21671193239465,0.0,130.23333174084505,0.4166670422535219
31.3,130.23333174084505,58.633369960563485,0.0,130.6499987830986,0.41666704225355033
31.35,130.6499987830986,49.050027988732325,0.0,131.06666582535212,0.4166670422535219
31.400000000000002,131.06666582535212,39.466686016901164,0.0,131.48333286760564,0.4166670422535219
31.450000000000003,131.48333286760564,29.88334404507001,0.0,131.89999990985916,0.4166670422535219
31.5,131.89999990985916,20.300002073239533,0.0,132.1055552,0.20555529014083618
31.55,132.1055552,21.2722112,0.0,132.24444376615384,0.13888856615383816
31.6,132.24444376615384,25.57775675076928,0.0,132.38333279179488,0.1388890256410491
31.650000000000002,132.38333279179488,29.88331654564117,0.0,132.5222218174359,0.13888902564102068
31.700000000000003,132.5222218174359,34.18887634051306,0.0,132.66111084307693,0.13888902564102068
31.75,132.66111084307693,38.49443613538464,0.0,132.79999986871795,0.13888902564102068
31.8,132.79999986871795,42.79999593025653,0.0,132.9388888888889,0.13888902017095006
31.85,132.9388888888889,47.10555555555576,0.0,133.5249991384616,0.5861102495726982
31.900000000000002,133.5249991384616,51.27499626666687,0.0,134.46249760000006,0.9374984615384676
31.950000000000003,134.46249760000006,55.33748960000029,0.0,135.3999960615385,0.9374984615384392
32.0,135.3999960615385,59.399982933333426,0.0,136.64285656877104,1.2428605072325354
32.050000000000004,136.64285656877104,64.44285496132993,0.0,138.4285692598008,1.7857126910297723
32.1,138.4285692598008,71.22856318724305,0.0,140.21428195083058,1.7857126910297723
32.15,140.21428195083058,78.01427141315618,0.0,141.9999946418606,1.785712691030028
32.2,141.9999946418606,84.79997963907027,0.0,143.78570774505496,1.7857131031943538
32.25,143.78570774505496,91.58568943120882,0.0,145.57142730549472,1.7857195604397589
32.300000000000004,145.57142730549472,98.37142376087996,0.0,147.54375000000016,1.9723226945054364
32.35,147.54375000000016,100.0,0.0,149.57500000000005,2.0312499999998863
32.4,149.57500000000005,100.0,0.0,151.60625000000022,2.0312500000001705
32.45,151.60625000000022,100.0,0.0,153.6375000000001,2.0312499999998863
32.5,153.6375000000001,100.0,0.0,155.66875000000027,2.0312500000001705
32.550000000000004,155.66875000000027,100.0,0.0,157.70000000000016,2.0312499999998863
32.6,157.70000000000016,100.0,0.0,159.89999818105267,2.199998181052507
32.65,159.89999818105267,100.0,0.0,162.39999312842133,2.4999949473686627
32.7,162.39999312842133,100.0,0.0,164.89999192275877,2.4999987943374435
32.75,164.89999192275877,100.0,0.0,167.39999523310374,2.5000033103449653
32.800000000000004,167.39999523310374,100.0,0.0,169.89999854344836,2.500003310344624
32.85,169.89999854344836,100.0,0.0,172.31249541818175,2.4124968747333924
32.9,172.31249541818175,100.0,0.0,174.65624100000016,2.3437455818184105
32.95,174.65624100000016,100.0,0.0,176.99999100000008,2.3437499999999147
33.0,176.99999100000008,100.0,0.0,179.34374118620724,2.34375018620716
33.050000000000004,179.34374118620724,100.0,0.0,181.68749428965532,2.34375310344808
33.1,181.68749428965532,100.0,0.0,184.03124739310343,2.3437531034481083
33.15,184.03124739310343,100.0,0.0,186.24999972881363,2.2187523357102066
33.2,186.24999972881363,100.0,0.0,187.81249803389832,1.562498305084688
33.25,187.81249803389832,100.0,0.0,189.3749963389832,1.5624983050848869
33.300000000000004,189.3749963389832,100.0,0.0,190.9374946440679,1.562498305084688
33.35,190.9374946440679,100.0,0.0,192.49999294915256,1.5624983050846595
33.4,192.49999294915256,100.0,0.0,194.06249409523824,1.5625011460856797
33.45,194.06249409523824,100.0,0.0,195.62499885714286,1.56250476190462
33.5,195.62499885714286,100.0,0.0,197.74166666666682,2.1166678095239604
33.550000000000004,197.74166666666682,100.0,0.0,200.03333333333333,2.291666666666515
33.6,200.03333333333333,100.0,0.0,202.32499999999987,2.2916666666665435
33.65,202.32499999999987,100.0,0.0,204.6166666666667,2.2916666666668277
33.7,204.6166666666667,100.0,0.0,206.90833333333322,2.291666666666515
33.75,206.90833333333322,100.0,0.0,208.43999526745952,1.531661934126305
33.800000000000004,208.43999526745952,100.0,0.0,209.93999682421622,1.5000015567567004
33.85,209.93999682421622,100.0,0.0,211.43999838097295,1.5000015567567289
33.9,211.43999838097295,100.0,0.0,212.93999993772988,1.5000015567569278
33.95,212.93999993772988,100.0,0.0,214.37142687262678,1.4314269348969049
34.0,214.37142687262678,100.0,0.0,215.79999653161306,1.4285696589862766
34.050000000000004,215.79999653161306,100.0,0.0,217.22856619059914,1.4285696589860777
34.1,217.22856619059914,100.0,0.0,218.65713925851426,1.4285730679151243
34.15,218.65713925851426,100.0,0.0,220.08571288137153,1.4285736228572716
34.2,220.08571288137153,100.0,0.0,221.2699995492174,1.1842866678458677
34.25,221.2699995492174,100.0,0.0,222.01999829704354,0.7499987478261403
34.300000000000004,222.01999829704354,100.0,0.0,222.76999722164706,0.749998924603517
34.35,222.76999722164706,100.0,0.0,223.51999891576466,0.7500016941176
34.4,223.51999891576466,100.0,0.0,224.56250000000003,1.0425010842353686
34.45,224.56250000000003,100.0,0.0,226.125,1.5624999999999716
34.5,226.125,100.0,0.0,227.68750000000017,1.5625000000001705
34.550000000000004,227.68750000000017,100.0,0.0,229.20000000000007,1.5124999999999034
34.6,229.20000000000007,100.0,0.0,230.45,1.2499999999999147
34.65,230.45,100.0,0.0,231.70000000000007,1.2500000000000853
34.7,231.70000000000007,100.0,0.0,232.95,1.2499999999999147
34.75,232.95,100.0,0.0,234.0999992888889,1.149999288888921
34.800000000000004,234.0999992888889,100.0,0.0,234.7249969106918,0.6249976218028905
34.85,234.7249969106918,100.0,0.0,235.34999716226412,0.6250002515723168
34.9,235.34999716226412,100.0,0.0,235.9749974138365,0.6250002515723736
34.95,235.9749974138365,100.0,0.0,236.59999829333333,0.625000879496838
35.0,236.59999829333333,100.0,0.0,237.44999944258083,0.8500011492475039
35.050000000000004,237.44999944258083,100.0,0.0,238.69999789419367,1.2499984516128393
35.1,238.69999789419367,100.0,0.0,239.94999634580648,1.2499984516128109
35.15,239.94999634580648,100.0,0.0,241.19999569920014,1.2499993533936617
35.2,241.19999569920014,100.0,0.0,242.44999761920005,1.250001919999903
35.25,242.44999761920005,100.0,0.0,243.69999953920018,1.2500019200001304
35.300000000000004,243.69999953920018,100.0,0.0,244.18999979154287,0.4900002523426963
35.35,244.18999979154287,100.0,0.0,244.43999951725715,0.2499997257142752
35.4,244.43999951725715,100.0,0.0,244.68999924297145,0.24999972571430362
35.45,244.68999924297145,100.0,0.0,244.9399995392,0.25000029622853503
35.5,244.9399995392,100.0,0.0,246.10833333333343,1.1683337941334457
35.550000000000004,246.10833333333343,100.0,0.0,247.56666666666666,1.4583333333332291
35.6,247.56666666666666,100.0,0.0,249.02499999999992,1.4583333333332575
35.65,249.02499999999992,100.0,0.0,250.48333333333335,1.458333333333428
35.7,250.48333333333335,100.0,0.0,251.9416666666666,1.4583333333332575
35.75,251.9416666666666,100.0,0.0,252.6857127724138,0.7440461057472021
35.800000000000004,252.6857127724138,100.0,0.0,253.3999969103448,0.7142841379310028
35.85,253.3999969103448,100.0,0.0,254.11428277073168,0.714285860386866
35.9,254.11428277073168,100.0,0.0,254.82856960000004,0.7142868292683602
35.95,254.82856960000004,100.0,0.0,255.5428564292683,0.7142868292682749
36.0,255.5428564292683,100.0,0.0,256.1871102120064,0.6442537827381045
36.050000000000004,256.1871102120064,100.0,0.0,256.7068608009129,0.5197505889065042
36.1,256.7068608009129,100.0,0.0,257.2266113898194,0.5197505889065042
36.15,257.2266113898194,100.0,0.0,257.746361978726,0.519750588906561
36.2,257.746361978726,100.0,0.0,258.26611254344044,0.5197505647144567
36.25,258.26611254344044,100.0,0.0,258.7858625275463,0.5197499841058857
36.300000000000004,258.7858625275463,100.0,0.0,259.3056125116521,0.519749984105772
36.35,259.3056125116521,100.0,0.0,259.8253624957579,0.519749984105772
36.4,259.8253624957579,100.0,0.0,260.34511247986376,0.5197499841058857
36.45,260.34511247986376,100.0,0.0,260.86486427030763,0.5197517904438769
36.5,260.86486427030763,100.0,0.7111111111111181,257.8172040837417,-3.047660186565963
36.550000000000004,257.8172040837417,86.73835034892356,1.0,253.51612852123134,-4.301075562510334
36.6,253.51612852123134,68.81720217179723,1.0,249.215052958721,-4.301075562510334
36.65,249.215052958721,50.8960539946709,1.0,244.91397739621007,-4.301075562510931
36.7,244.91397739621007,32.97490581754202,1.0,240.61290239704044,-4.301074999169629
36.75,240.61290239704044,15.053759987668517,1.0,236.63999999999987,-3.9729023970405706
36.800000000000004,236.63999999999987,0.0,1.0,234.38999999999993,-2.249999999999943
36.85,234.38999999999993,0.0,1.0,232.14,-2.249999999999943
36.9,232.14,0.0,1.0,229.88999999999976,-2.2500000000002274
36.95,229.88999999999976,0.0,1.0,227.66666702824847,-2.22333297175129
37.0,227.66666702824847,0.06666659435030356,1.0,225.583335954802,-2.083331073446459
37.050000000000004,225.583335954802,0.48333280903959724,1.0,223.50000488135584,-2.0833310734461747
37.1,223.50000488135584,0.8999990237288317,1.0,221.41667380790966,-2.0833310734461747
37.15,221.41667380790966,1.3166652384180662,1.0,219.3333427344632,-2.083331073446459
37.2,219.3333427344632,1.7333314531073598,1.0,217.25000877419356,-2.0833339602696412
37.25,217.25000877419356,2.1499982451612847,1.0,215.1666711397847,-2.0833376344088492
37.300000000000004,215.1666711397847,2.5666657720430566,1.0,213.08333350537615,-2.083337634408565
37.35,213.08333350537615,2.9833332989247694,1.0,211.50000331034485,-1.5833301950312944
37.4,211.50000331034485,4.199997351724114,1.0,209.93750675862069,-1.5624965517241662
37.45,209.93750675862069,5.449994593103458,1.0,208.37500218181822,-1.5625045768024677
37.5,208.37500218181822,6.699998254545422,0.27272727272730213,207.14499999999992,-1.2300021818182927
37.550000000000004,207.14499999999992,12.89000000000056,0.0,206.01999999999998,-1.1249999999999432
37.6,206.01999999999998,20.64000000000008,0.0,204.89500000000004,-1.1249999999999432
37.65,204.89500000000004,28.3899999999996,0.0,203.76999999999995,-1.1250000000000853
37.7,203.76999999999995,36.14000000000022,0.0,202.645,-1.1249999999999432
37.75,202.645,43.88999999999981,0.0,201.5199999999999,-1.1250000000001137
37.800000000000004,201.5199999999999,51.64000000000057,0.0,200.39499999999995,-1.1249999999999432
37.85,200.39499999999995,59.39000000000024,0.0,199.27,-1.1249999999999432
37.9,199.27,67.1399999999999,0.0,199.60454545454553,0.33454545454551976
37.95,199.60454545454553,71.6772727272731,0.0,200.40000000000003,0.7954545454545041
38.0,200.40000000000003,75.20000000000017,0.0,201.19545454545465,0.7954545454546178
38.050000000000004,201.19545454545465,78.72272727272774,0.0,201.99090909090916,0.7954545454545041
38.1,201.99090909090916,82.24545454545479,0.0,202.78636363636366,0.7954545454545041
38.15,202.78636363636366,85.76818181818186,0.0,203.58181818181825,0.7954545454545894
38.2,203.58181818181825,89.29090909090941,0.0,204.37727272727275,0.7954545454545041
38.25,204.37727272727275,92.81363636363652,0.0,205.1727272727274,0.7954545454546462
38.300000000000004,205.1727272727274,96.33636363636413,0.0,205.9681818181819,0.7954545454545041
38.35,205.9681818181819,99.85909090909124,0.0,207.1999985135486,1.231816695366689
38.400000000000006,207.1999985135486,100.0,0.0,208.44999696516143,1.2499984516128393
38.45,208.44999696516143,100.0,0.0,209.69999541677424,1.2499984516128109
38.5,209.69999541677424,100.0,0.0,210.9500000000001,1.2500045832258593
38.550000000000004,210.9500000000001,100.0,0.0,212.20000000000002,1.2499999999999147
38.6,212.20000000000002,100.0,0.0,213.4500000000001,1.2500000000000853
38.650000000000006,213.4500000000001,100.0,0.0,214.70000000000005,1.2499999999999432
38.7,214.70000000000005,100.0,0.0,215.94999999999996,1.2499999999999147
38.75,215.94999999999996,100.0,0.0,217.0666661925926,1.1166661925926462
38.800000000000004,217.0666661925926,100.0,0.0,217.48333143006536,0.4166652374727562
38.85,217.48333143006536,100.0,0.0,217.89999861960789,0.41666718954252246
38.900000000000006,217.89999861960789,100.0,0.0,218.31666580915035,0.4166671895424656
38.95,218.31666580915035,100.0,0.0,218.73333299869284,0.41666718954249404
39.0,218.73333299869284,100.0,0.0,219.52499893894756,0.7916659402547168
39.050000000000004,219.52499893894756,100.0,0.0,220.9833293249123,1.4583303859647287
39.1,220.9833293249123,100.0,0.0,222.44166195494265,1.4583326300303554
39.150000000000006,222.44166195494265,100.0,0.0,223.89999721931042,1.4583352643677756
39.2,223.89999721931042,100.0,0.0,225.3583324836782,1.4583352643677756
39.25,225.3583324836782,100.0,0.0,226.69999845517256,1.3416659714943648
39.300000000000004,226.69999845517256,100.0,0.0,227.9499956965518,1.2499972413792477
39.35,227.9499956965518,100.0,0.0,229.199994219355,1.249998522803196
39.400000000000006,229.199994219355,100.0,0.0,230.4499968000001,1.2500025806450878
39.45,230.4499968000001,100.0,0.0,231.69999938064515,1.2500025806450594
39.5,231.69999938064515,100.0,0.0,233.18750000000014,1.4875006193549893
39.550000000000004,233.18750000000014,100.0,0.0,234.75000000000009,1.5624999999999432
39.6,234.75000000000009,100.0,0.0,236.31250000000026,1.5625000000001705
39.650000000000006,236.31250000000026,100.0,0.0,237.69999883130447,1.3874988313042138
39.7,237.69999883130447,100.0,0.0,238.94999674434786,1.2499979130433871
39.75,238.94999674434786,100.0,0.0,240.19999593411777,1.249999189769909
39.800000000000004,240.19999593411777,100.0,0.0,241.4499987576471,1.2500028235293428
39.85,241.4499987576471,100.0,0.0,242.61249957236376,1.1625008147166511
39.900000000000006,242.61249957236376,100.0,0.0,243.70624880872734,1.0937492363635783
39.95,243.70624880872734,100.0,0.0,244.79999804509092,1.0937492363635783
40.0,244.79999804509092,100.0,0.0,245.89374728145467,1.0937492363637489
40.050000000000004,245.89374728145467,100.0,0.0,246.98749651781824,1.0937492363635783
40.1,246.98749651781824,100.0,0.0,248.08124608000014,1.0937495621818982
40.150000000000006,248.08124608000014,100.0,0.0,249.0999992888889,1.0187532088887679
40.2,249.0999992888889,100.0,0.0,249.72499714509803,0.6249978562091201
40.25,249.72499714509803,100.0,0.0,250.3499979294118,0.6250007843137837
40.300000000000004,250.3499979294118,100.0,0.0,250.97499871372548,0.62500078431367
40.35,250.97499871372548,100.0,0.0,251.59999949803927,0.6250007843137837
40.400000000000006,251.59999949803927,100.0,0.0,252.26999808,0.6699985819607264
40.45,252.26999808,100.0,0.0,253.01999630027393,0.7499982202739375
40.5,253.01999630027393,100.0,0.0,253.7699965194521,0.7500002191781618
40.550000000000004,253.7699965194521,100.0,0.0,254.51999673863017,0.7500002191780766
40.6,254.51999673863017,100.0,0.0,255.26999695780833,0.7500002191781618
40.650000000000006,255.26999695780833,100.0,0.0,256.019997378207,0.7500004203986634
40.7,256.019997378207,100.0,0.0,256.76999837131035,0.750000993103356
40.75,256.76999837131035,100.0,0.0,257.5199993644139,0.7500009931035265
40.800000000000004,257.5199993644139,100.0,0.0,258.1928564696104,0.6728571051964991
40.85,258.1928564696104,100.0,0.0,258.72856950447766,0.5357130348672854
40.900000000000006,258.72856950447766,100.0,0.0,259.264284301919,0.5357147974413579
40.95,259.264284301919,100.0,0.0,259.7999990993603,0.535714797441301
41.0,259.7999990993603,100.0,0.0,260.33571389680174,0.5357147974414147
41.050000000000004,260.33571389680174,100.0,0.0,260.87142857142857,0.5357146746268313
41.1,260.87142857142857,100.0,0.0,261.57000000000005,0.6985714285714835
41.150000000000006,261.57000000000005,100.0,0.0,262.32000000000005,0.75
41.2,262.32000000000005,100.0,0.0,263.07,0.7499999999999432
41.25,263.07,100.0,0.0,263.8200000000001,0.7500000000001137
41.300000000000004,263.8200000000001,100.0,0.0,264.15833333333336,0.338333333333253
41.35,264.15833333333336,99.20833333333331,0.0,264.3666664770371,0.2083331437037259
41.400000000000006,264.3666664770371,98.16666761481474,0.0,264.5749995140741,0.20833303703699357
41.45,264.5749995140741,97.1250024296296,0.0,264.7833325511111,0.20833303703699357
41.5,264.7833325511111,96.08333724444448,0.0,264.99166613333335,0.2083335822222807
41.550000000000004,264.99166613333335,95.04166933333326,0.5000000000008882,260.1999999999999,-4.791666133333479
41.6,260.1999999999999,75.99999999999943,1.0,255.19999999999948,-5.000000000000398
41.650000000000006,255.19999999999948,56.20833333333125,1.0,250.1999999999998,-4.999999999999687
41.7,250.1999999999998,36.41666666666587,1.0,245.20000000000013,-4.999999999999659
41.75,245.20000000000013,16.625000000000483,1.0,240.1199999999996,-5.080000000000524
41.800000000000004,240.1199999999996,0.0,1.0,234.61999999999978,-5.4999999999998295
41.85,234.61999999999978,0.0,1.0,229.1199999999992,-5.500000000000568
41.900000000000006,229.1199999999992,0.0,1.0,223.61999999999946,-5.499999999999744
41.95,223.61999999999946,0.0,1.0,218.60000065641015,-5.019999343589319
42.0,218.60000065641015,0.09090894172496865,1.0,216.1000047589741,-2.499995897436037
42.050000000000004,216.1000047589741,0.6590898275058814,1.0,213.60000886153847,-2.499995897435639
42.1,213.60000886153847,1.2272707132867133,1.0,211.10001274621837,-2.4999961153201014
42.150000000000006,211.10001274621837,1.7954516485867353,1.0,208.6000114016807,-2.5000013445376794
42.2,208.6000114016807,2.3636337723452985,1.0,206.100010057143,-2.5000013445376794
42.25,206.100010057143,2.9318158961038616,1.0,203.60000767999992,-2.5000023771430904
42.300000000000004,203.60000767999992,3.4999982545454706,1.0,201.10000477090915,-2.5000029090907674
42.35,201.10000477090915,4.068180733884285,1.0,198.60000186181801,-2.500002909091137
42.400000000000006,198.60000186181801,4.636363213223179,1.0,196.55000090947365,-2.0500009523443623
42.45,196.55000090947365,5.4499990905263385,1.0,195.3000034357895,-1.2499974736841466
42.5,195.3000034357895,6.699996564210492,1.0,194.05000310153835,-1.2500003342511548
42.550000000000004,194.05000310153835,7.94999689846164,1.0,192.63999999999987,-1.4100031015384786
42.6,192.63999999999987,9.160000000000052,0.9599999999999872,190.38999999999973,-2.250000000000142
42.650000000000006,190.38999999999973,10.160000000000123,0.7099999999999694,188.13999999999987,-2.249999999999858
42.7,188.13999999999987,11.160000000000052,0.4599999999999872,185.89000000000004,-2.2499999999998295
42.75,185.89000000000004,12.15999999999998,0.21000000000000496,184.0796015787218,-1.8103984212782507
42.800000000000004,184.0796015787218,15.507449729736319,0.0,184.57711287763735,0.4975112989155548
42.85,184.57711287763735,31.179055645576796,0.0,185.07462585748448,0.49751297984713005
42.900000000000006,185.07462585748448,46.850714510760994,0.0,185.57213883733152,0.4975129798470448
42.95,185.57213883733152,62.52237337594297,0.0,186.10971797399785,0.5375791366663236
43.0,186.10971797399785,76.46081549079095,0.0,186.89341775179085,0.7836997777930037
43.050000000000004,186.89341775179085,79.75235455752151,0.0,187.67711665412082,0.7836989023299736
43.1,187.67711665412082,83.04388994730738,0.0,188.46081555645088,0.7836989023300589
43.150000000000006,188.46081555645088,86.33542533709371,0.0,189.24451445878086,0.7836989023299736
43.2,189.24451445878086,89.62696072687959,0.0,190.02821336111083,0.7836989023299736
43.25,190.02821336111083,92.91849611666545,0.0,190.8119122634409,0.7836989023300589
43.300000000000004,190.8119122634409,96.21003150645178,0.0,192.2214285714286,1.4095163079877011
43.35,192.2214285714286,97.40714285714286,0.0,193.82857142857156,1.607142857142975
43.400000000000006,193.82857142857156,97.94285714285718,0.0,195.43571428571437,1.6071428571428044
43.45,195.43571428571437,98.47857142857146,0.0,197.04285714285717,1.6071428571428044
43.5,197.04285714285717,99.01428571428572,0.0,198.65000000000018,1.6071428571430033
43.550000000000004,198.65000000000018,99.55000000000005,0.0,200.2399996865307,1.5899996865305184
43.6,200.2399996865307,100.0,0.0,201.73999772734717,1.4999980408164788
43.650000000000006,201.73999772734717,100.0,0.0,203.23999576816342,1.4999980408162514
43.7,203.23999576816342,100.0,0.0,204.73999380897968,1.4999980408162514
43.75,204.73999380897968,100.0,0.0,206.2400000000001,1.500006191020418
43.800000000000004,206.2400000000001,100.0,0.0,207.74000000000004,1.4999999999999432
43.85,207.74000000000004,100.0,0.0,209.24000000000018,1.500000000000142
43.900000000000006,209.24000000000018,100.0,0.0,210.74000000000015,1.4999999999999716
43.95,210.74000000000015,100.0,0.0,212.13333333333333,1.3933333333331746
44.0,212.13333333333333,100.0,0.0,212.96666666666673,0.8333333333333997
44.050000000000004,212.96666666666673,100.0,0.0,213.8,0.833333333333286
44.1,213.8,100.0,0.0,214.6333333333334,0.8333333333333997
44.150000000000006,214.6333333333334,100.0,0.0,215.46666666666673,0.8333333333333144
44.2,215.46666666666673,100.0,0.0,216.90000000000003,1.4333333333333087
44.25,216.90000000000003,100.0,0.0,219.40000000000023,2.500000000000199
44.300000000000004,219.40000000000023,100.0,0.0,221.9000000000001,2.499999999999858
44.35,221.9000000000001,100.0,0.0,224.4000000000003,2.500000000000199
44.400000000000006,224.4000000000003,100.0,0.0,226.90000000000012,2.4999999999998295
44.45,226.90000000000012,100.0,0.0,228.57272727272724,1.6727272727271156
44.5,228.57272727272724,100.0,0.0,229.5954545454546,1.0227272727273657
44.550000000000004,229.5954545454546,100.0,0.0,230.6181818181818,1.0227272727271952
44.6,230.6181818181818,100.0,0.0,231.64090909090916,1.0227272727273657
44.650000000000006,231.64090909090916,100.0,0.0,232.66363636363636,1.0227272727271952
44.7,232.66363636363636,100.0,0.0,233.6863636363636,1.022727272727252
44.75,233.6863636363636,100.0,0.0,234.70909090909097,1.0227272727273657
44.800000000000004,234.70909090909097,100.0,0.0,235.7318181818182,1.0227272727272236
44.85,235.7318181818182,100.0,0.0,236.7545454545456,1.0227272727273942
44.900000000000006,236.7545454545456,100.0,0.0,237.95000000000007,1.1954545454544814
44.95,237.95000000000007,100.0,0.0,239.2,1.2499999999999147
45.0,239.2,100.0,0.0,240.45000000000007,1.2500000000000853
45.050000000000004,240.45000000000007,100.0,0.0,241.70000000000002,1.2499999999999432
45.1,241.70000000000002,100.0,0.0,242.95000000000013,1.2500000000001137
45.150000000000006,242.95000000000013,100.0,0.0,244.20000000000007,1.2499999999999432
45.2,244.20000000000007,100.0,0.0,245.45000000000002,1.2499999999999432
45.25,245.45000000000002,100.0,0.0,246.69999913290337,1.2499991329033548
45.300000000000004,246.69999913290337,100.0,0.0,247.94999758451618,1.2499984516128109
45.35,247.94999758451618,100.0,0.0,249.1999960361292,1.2499984516130098
45.400000000000006,249.1999960361292,100.0,0.0,250.35999955406453,1.160003517935337
45.45,250.35999955406453,100.0,0.0,251.35999831535477,0.999998761290243
45.5,251.35999831535477,100.0,0.0,252.3599970766452,0.9999987612904135
45.550000000000004,252.3599970766452,100.0,0.0,253.35999726933332,1.000000192688134
45.6,253.35999726933332,100.0,0.0,254.3857136417393,1.0257163724059808
45.650000000000006,254.3857136417393,100.0,0.0,255.4571404243479,1.0714267826085973
45.7,255.4571404243479,100.0,0.0,256.5285673890909,1.071426964742983
45.75,256.5285673890909,100.0,0.0,257.59999720727285,1.0714298181819686
45.800000000000004,257.59999720727285,100.0,0.0,258.6714270254546,1.0714298181817412
45.85,258.6714270254546,100.0,0.0,259.7428568436365,1.0714298181819117
45.900000000000006,259.7428568436365,100.0,0.0,260.5428566580731,0.7999998144366032
45.95,260.5428566580731,100.0,0.0,261.25714173448506,0.7142850764119544
46.0,261.25714173448506,100.0,0.0,261.97142681089707,0.7142850764120112
46.050000000000004,261.97142681089707,100.0,0.0,262.68571188730897,0.7142850764118975
46.1,262.68571188730897,100.0,0.0,263.3999982276924,0.7142863403834099
46.150000000000006,263.3999982276924,100.0,0.0,264.17499970782615,0.775001480133767
46.2,264.17499970782615,100.0,0.0,265.2687478817391,1.0937481739129566
46.25,265.2687478817391,100.0,0.0,266.36249605565223,1.0937481739131272
46.300000000000004,266.36249605565223,100.0,0.0,267.4562458000001,1.0937497443478605
46.35,267.4562458000001,100.0,0.0,268.54999675586225,1.0937509558621628
46.400000000000006,268.54999675586225,100.0,0.0,269.64374820413803,1.093751448275782
46.45,269.64374820413803,100.0,0.0,270.7374996524138,1.093751448275782
46.5,270.7374996524138,100.0,0.0,271.8142828716884,1.0767832192746027
46.550000000000004,271.8142828716884,100.0,0.0,272.88570992138915,1.0714270497007305
46.6,272.88570992138915,100.0,0.0,273.95713811397013,1.0714281925809814
46.650000000000006,273.95713811397013,100.0,0.0,275.028566306551,1.0714281925808677
46.7,275.028566306551,100.0,0.0,276.0999947636364,1.0714284570854034
46.75,276.0999947636364,100.0,0.0,277.0999998693878,1.0000051057513701
46.800000000000004,277.0999998693878,100.0,0.0,277.72499905306125,0.6249991836734807
46.85,277.72499905306125,100.0,0.0,278.3499982367348,0.6249991836735376
46.900000000000006,278.3499982367348,100.0,0.0,278.9749974204082,0.6249991836734239
46.95,278.9749974204082,100.0,0.0,279.5999976727273,0.6250002523190687
47.0,279.5999976727273,100.0,0.0,280.3599996455386,0.7600019728113239
47.050000000000004,280.3599996455386,100.0,0.0,281.35999866092317,0.9999990153845602
47.1,281.35999866092317,100.0,0.0,282.3599976763079,0.9999990153847307
47.150000000000006,282.3599976763079,100.0,0.0,283.35999669169246,0.9999990153845602
47.2,283.35999669169246,100.0,0.0,284.28124972307694,0.9212530313844809
47.25,284.28124972307694,100.0,0.0,285.0624989538462,0.7812492307692764
47.300000000000004,285.0624989538462,100.0,0.0,285.84374818461544,0.7812492307692196
47.35,285.84374818461544,100.0,0.0,286.6249974153847,0.7812492307692764
47.400000000000006,286.6249974153847,100.0,0.0,287.4062475520001,0.7812501366153697
47.45,287.4062475520001,100.0,0.0,288.187498752,0.7812511999999288
47.5,288.187498752,100.0,0.0,288.96874995200005,0.7812512000000424
47.550000000000004,288.96874995200005,100.0,0.0,289.6,0.6312500479999699
47.6,289.6,100.0,0.0,290.2250000000001,0.6250000000000568
47.650000000000006,290.2250000000001,100.0,0.0,290.85,0.6249999999999432
47.7,290.85,100.0,0.0,291.47499999999997,0.6249999999999432
47.75,291.47499999999997,100.0,0.0,292.0909089616162,0.6159089616162419
47.800000000000004,292.0909089616162,100.0,0.0,292.65908997171715,0.5681810101009432
47.85,292.65908997171715,100.0,0.0,293.22727098181826,0.5681810101011138
47.900000000000006,293.22727098181826,100.0,0.0,293.79545228794734,0.5681813061290768
47.95,293.79545228794734,100.0,0.0,294.3636339415878,0.5681816536404654
48.0,294.3636339415878,100.0,0.0,294.93181559522833,0.5681816536405222
48.050000000000004,294.93181559522833,100.0,0.0,295.49999724886874,0.5681816536404085
48.1,295.49999724886874,100.0,0.0,296.0681789275029,0.5681816786341756
48.150000000000006,296.0681789275029,100.0,0.0,296.6363612059839,0.5681822784810038
48.2,296.6363612059839,100.0,0.0,297.18,0.5436387940160898
48.25,297.18,100.0,0.0,297.68000000000006,0.5000000000000568
48.300000000000004,297.68000000000006,100.0,0.0,298.18,0.49999999999994316
48.35,298.18,100.0,0.0,298.68000000000006,0.5000000000000568
48.400000000000006,298.68000000000006,100.0,0.0,299.24999949473687,0.5699994947368054
48.45,299.24999949473687,100.0,0.0,299.9444425356725,0.6944430409356528
48.5,299.9444425356725,100.0,0.0,300.6388864536688,0.6944439179962956
48.550000000000004,300.6388864536688,100.0,0.0,301.33333140125785,0.6944449475890337
48.6,301.33333140125785,100.0,0.0,302.02777634884706,0.6944449475892043
48.650000000000006,302.02777634884706,100.0,0.0,302.7222212964361,0.6944449475890337
48.7,302.7222212964361,100.0,0.0,303.4166662440251,0.6944449475890337
48.75,303.4166662440251,100.0,0.0,304.05,0.6333337559748884
48.800000000000004,304.05,100.0,0.0,304.3625,0.3125
48.85,304.3625,100.0,0.0,304.67500000000007,0.31250000000005684
48.900000000000006,304.67500000000007,100.0,0.0,304.9875,0.31249999999994316
48.95,304.9875,100.0,0.0,305.6,0.6125000000000114
49.0,305.6,100.0,0.0,306.225,0.625
49.050000000000004,306.225,100.0,0.0,306.85,0.625
49.1,306.85,100.0,0.0,307.63333120000004,0.7833312000000205
49.150000000000006,307.63333120000004,100.0,0.0,308.4666627121951,0.8333315121950591
49.2,308.4666627121951,100.0,0.0,309.29999734634146,0.8333346341463539
49.25,309.29999734634146,100.0,0.0,310.13333198048787,0.8333346341464107
49.300000000000004,310.13333198048787,100.0,0.0,310.9666666146342,0.8333346341463539
49.35,310.9666666146342,100.0,0.0,311.1495321419628,0.18286552732860173
49.400000000000006,311.1495321419628,100.0,0.0,311.30529541289377,0.15576327093094733
49.45,311.30529541289377,100.0,0.0,311.4610586838248,0.15576327093100417
49.5,311.4610586838248,100.0,0.0,311.6168219547558,0.15576327093100417
49.550000000000004,311.6168219547558,100.0,0.0,311.7725852256867,0.15576327093094733
49.6,311.7725852256867,100.0,0.0,311.92834869599477,0.15576347030804527
49.650000000000006,311.92834869599477,100.0,0.0,312.225,0.29665130400525186
49.7,312.225,100.0,0.0,312.64166666666665,0.41666666666662877
49.75,312.64166666666665,100.0,0.0,313.0583333333334,0.41666666666674246
49.800000000000004,313.0583333333334,100.0,0.0,313.475,0.41666666666662877
49.85,313.475,100.0,0.0,313.89166666666677,0.41666666666674246
49.900000000000006,313.89166666666677,100.0,0.0,314.39784870686725,0.5061820402004855
49.95,314.39784870686725,100.0,0.0,314.9354820945255,0.5376333876582748
50.0,314.9354820945255,100.0,0.0,315.4731162463977,0.5376341518721688
50.050000000000004,315.4731162463977,100.0,0.0,316.01075137090555,0.5376351245078581
50.1,316.01075137090555,100.0,0.0,316.54838649541347,0.537635124507915
50.150000000000006,316.54838649541347,100.0,0.0,317.07999956114287,0.5316130657294025
50.2,317.07999956114287,100.0,0.0,317.5799979583471,0.49999839720425143
50.25,317.5799979583471,100.0,0.0,318.07999769388437,0.4999997355372443
50.300000000000004,318.07999769388437,100.0,0.0,318.57999755636365,0.4999998624792852
50.35,318.57999755636365,100.0,0.0,319.0857142857143,0.5057167293506382
50.400000000000006,319.0857142857143,100.0,0.0,319.62142857142857,0.5357142857142776
50.45,319.62142857142857,100.0,0.0,320.15714285714284,0.5357142857142776
50.5,320.15714285714284,100.0,0.0,320.6928571428572,0.5357142857143344
50.550000000000004,320.6928571428572,100.0,0.0,321.22857142857146,0.5357142857142776
50.6,321.22857142857146,100.0,0.0,321.7642857142858,0.5357142857143344
50.650000000000006,321.7642857142858,100.0,0.0,322.23333333333335,0.4690476190475579
50.7,322.23333333333335,100.0,0.0,322.65000000000003,0.4166666666666856
50.75,322.65000000000003,100.0,0.0,323.0666666666667,0.4166666666666856
50.800000000000004,323.0666666666667,100.0,0.0,323.48333333333335,0.41666666666662877
50.85,323.48333333333335,100.0,0.0,323.90000000000003,0.4166666666666856
50.900000000000006,323.90000000000003,100.0,0.0,324.15833333333336,0.25833333333332575
50.95,324.15833333333336,100.0,0.0,324.3666666666667,0.20833333333331439
51.0,324.3666666666667,100.0,0.0,324.57500000000005,0.20833333333337123
51.050000000000004,324.57500000000005,100.0,0.0,324.78333333333336,0.20833333333331439
51.1,324.78333333333336,100.0,0.0,324.9916666666667,0.20833333333331439
51.150000000000006,324.9916666666667,100.0,0.0,325.2666666666667,0.2750000000000341
51.2,325.2666666666667,100.0,0.0,325.544444428642,0.277777761975301
51.25,325.544444428642,100.0,0.0,325.8222218113581,0.2777773827160672
51.300000000000004,325.8222218113581,100.0,0.0,326.09999919407414,0.2777773827160672
51.35,326.09999919407414,100.0,0.0,326.3777765767902,0.2777773827160672
51.400000000000006,326.3777765767902,100.0,0.0,326.65555450582013,0.2777779290299236
51.45,326.65555450582013,100.0,0.0,326.93333313015876,0.2777786243386231
51.5,326.93333313015876,100.0,0.0,327.18999976464517,0.2566666344864075
51.550000000000004,327.18999976464517,100.0,0.0,327.43999945496773,0.24999969032256786
51.6,327.43999945496773,100.0,0.0,327.68999914529036,0.2499996903226247
51.650000000000006,327.68999914529036,100.0,0.0,327.939999744,0.25000059870961877
51.7,327.939999744,100.0,0.0,328.15833319193797,0.2183334479379937
51.75,328.15833319193797,100.0,0.0,328.3666663392248,0.20833314728685082
51.800000000000004,328.3666663392248,100.0,0.0,328.5749994865116,0.20833314728679397
51.85,328.5749994865116,100.0,0.0,328.78333263379847,0.20833314728685082
51.900000000000006,328.78333263379847,100.0,0.0,328.99166660266667,0.2083339688682031
51.95,328.99166660266667,100.0,0.0,329.2666663740952,0.27499977142855414
52.0,329.2666663740952,100.0,0.0,329.5444438471111,0.27777747301587397
52.050000000000004,329.5444438471111,100.0,0.0,329.82222132012697,0.27777747301587397
52.1,329.82222132012697,100.0,0.0,330.09999906594595,0.2777777458189803
52.150000000000006,330.09999906594595,100.0,0.0,330.377777132012,0.27777806606604827
52.2,330.377777132012,100.0,0.0,330.65555519807805,0.27777806606604827
52.25,330.65555519807805,100.0,0.0,330.93333326414415,0.2777780660661051
52.300000000000004,330.93333326414415,100.0,0.0,331.2375,0.3041667358558584
52.35,331.2375,100.0,0.0,331.55,0.3125
52.400000000000006,331.55,100.0,0.0,331.8625,0.3125
52.45,331.8625,100.0,0.0,332.09999965090907,0.2374996509090579
52.5,332.09999965090907,100.0,0.0,332.2785708129524,0.17857116204334034
52.550000000000004,332.2785708129524,100.0,0.0,332.45714239390475,0.17857158095233672
52.6,332.45714239390475,100.0,0.0,332.63571397485714,0.17857158095239356
52.650000000000006,332.63571397485714,100.0,0.0,332.81428555580953,0.17857158095239356
52.7,332.81428555580953,100.0,0.0,332.99285713676187,0.17857158095233672
52.75,332.99285713676187,100.0,0.0,333.0,0.0071428632381298485
52.800000000000004,333.0,100.0,0.0,333.0,0.0
52.85,333.0,100.0,0.0,333.0,0.0
52.900000000000006,333.0,100.0,0.0,333.0,0.0
52.95,333.0,100.0,0.0,333.0499999288889,0.049999928888894374
53.0,333.0499999288889,100.0,0.0,333.36249948444447,0.3124995555555756
53.050000000000004,333.36249948444447,100.0,0.0,333.67499904,0.3124995555555188
53.1,333.67499904,100.0,0.0,333.987499904,0.31250086400001464
53.150000000000006,333.987499904,100.0,0.0,334.0,0.012500095999996574
53.2,334.0,100.0,0.0,334.0,0.0
53.25,334.0,100.0,0.0,334.0,0.0
53.300000000000004,334.0,100.0,0.0,334.0,0.0
53.35,334.0,100.0,0.0,334.0,0.0
53.400000000000006,334.0,100.0,0.0,334.07499921066665,0.07499921066664683
53.45,334.07499921066665,100.0,0.0,334.28333272177775,0.20833351111110687
53.5,334.28333272177775,100.0,0.0,334.4916662328889,0.20833351111116372
53.550000000000004,334.4916662328889,100.0,0.0,334.699999744,0.20833351111110687
53.6,334.699999744,100.0,0.0,334.90833325511113,0.20833351111110687
53.650000000000006,334.90833325511113,100.0,0.0,334.9222223794152,0.013889124304057532
53.7,334.9222223794152,100.0,0.0,334.7833337712281,-0.13888860818707371
53.75,334.7833337712281,100.0,0.0,334.64444497777777,-0.13888879345034866
53.800000000000004,334.64444497777777,100.0,0.0,334.5055560888889,-0.1388888888888573
53.85,334.5055560888889,100.0,0.0,334.3666672,-0.13888888888891415
53.900000000000006,334.3666672,100.0,0.0,334.2277783111111,-0.13888888888891415
53.95,334.2277783111111,100.0,0.0,334.08888926814814,-0.13888904296294413
54.0,334.08888926814814,100.0,0.0,334.0,-0.08888926814813658
54.050000000000004,334.0,100.0,0.0,334.0,0.0
54.1,334.0,100.0,0.0,334.0,0.0
54.150000000000006,334.0,100.0,0.0,334.04999982545456,0.04999982545456305
54.2,334.04999982545456,100.0,0.0,334.3624988342857,0.31249900883113924
54.25,334.3624988342857,100.0,0.0,334.67499940571435,0.31250057142864307
54.300000000000004,334.67499940571435,100.0,0.0,334.9874999771429,0.3125005714285294
54.35,334.9874999771429,100.0,0.0,335.0,0.01250002285712526
54.400000000000006,335.0,100.0,0.0,335.0,0.0
54.45,335.0,100.0,0.0,335.0,0.0
54.5,335.0,100.0,0.0,335.0,0.0
54.550000000000004,335.0,100.0,0.0,335.0,0.0
54.6,335.0,100.0,0.0,335.0,0.0
54.650000000000006,335.0,100.0,0.0,335.0,0.0
54.7,335.0,100.0,0.0,335.0,0.0
54.75,335.0,97.53000000000016,0.18999999999998757,335.0,0.0
54.800000000000004,335.0,94.27999999999982,0.4400000000000142,335.0,0.0
54.85,335.0,91.02999999999993,0.6900000000000053,335.0,0.0
54.900000000000006,335.0,87.77999999999959,0.9400000000000319,328.9833535999994,-6.016646400000582
54.95,328.9833535999994,73.2250463999987,1.0,321.06670423414624,-7.916649365853175
55.0,321.06670423414624,55.10008600975596,1.0,313.1500252097554,-7.916679024390817
55.050000000000004,313.1500252097554,36.97505771707166,1.0,305.2333461853657,-7.916679024389737
55.1,305.2333461853657,18.850029424389923,1.0,297.3166671609749,-7.916679024390817
55.150000000000006,297.3166671609749,0.7250011317056178,1.0,289.9999999999995,-7.316667160975385
55.2,289.9999999999995,0.0,1.0,282.708333333333,-7.291666666666515
55.25,282.708333333333,0.0,1.0,275.416666666666,-7.29166666666697
55.300000000000004,275.416666666666,0.0,1.0,268.125,-7.2916666666660035
55.35,268.125,0.0,1.0,261.23333401798425,-6.891665982015752
55.400000000000006,261.23333401798425,0.0,1.0,256.44167163038753,-4.791662387596716
55.45,256.44167163038753,0.0,1.0,251.65000924279082,-4.791662387596716
55.5,251.65000924279082,0.0,1.0,246.85834685519342,-4.791662387597398
55.550000000000004,246.85834685519342,0.0,1.0,242.0666844675967,-4.791662387596716
55.6,242.0666844675967,0.0,1.0,237.42499999999936,-4.641684467597344
55.650000000000006,237.42499999999936,0.0,1.0,233.0499999999997,-4.374999999999659
55.7,233.0499999999997,0.0,1.0,228.67500000000007,-4.3749999999996305
55.75,228.67500000000007,0.0,1.0,224.61904756376185,-4.055952436238215
55.800000000000004,224.61904756376185,0.14512473761453884,1.0,222.23809513845097,-2.3809524253108805
55.85,222.23809513845097,1.0521542329710631,0.9011764705882309,219.85714277050675,-2.380952367944218
55.900000000000006,219.85714277050675,1.9591837064736233,0.7835294117646907,217.47619040256285,-2.3809523679439053
55.95,217.47619040256285,2.8662131799760546,0.6658823529411672,215.09523803461897,-2.380952367943877
56.0,215.09523803461897,3.7732426534784858,0.5482352941176436,212.71428566667475,-2.380952367944218
56.050000000000004,212.71428566667475,4.680272126981046,0.4305882352941034,210.33333329873088,-2.380952367943877
56.1,210.33333329873088,5.587301600483477,0.31294117647057995,207.95238093078666,-2.380952367944218
56.150000000000006,207.95238093078666,6.494331073986037,0.19529411764703974,205.57142856284278,-2.380952367943877
56.2,205.57142856284278,7.401360547488468,0.07764705882351619,203.5325025645714,-2.038925998271395
56.25,203.5325025645714,9.189993472000085,0.0,202.1575049969848,-1.3749975675865755
56.300000000000004,202.1575049969848,12.689987280402281,0.0,200.78250455477382,-1.3750004422109896
56.35,200.78250455477382,16.18998840603026,0.0,199.40750411256263,-1.3750004422111886
56.400000000000006,199.40750411256263,19.689989531658732,0.0,198.03250367035164,-1.3750004422109896
56.45,198.03250367035164,23.189990657286707,0.0,196.65750282024095,-1.3750008501106947
56.5,196.65750282024095,26.689992821204854,0.0,195.28250175999992,-1.3750010602410327
56.550000000000004,195.28250175999992,30.18999552000025,0.0,193.90750069975905,-1.3750010602408622
56.6,193.90750069975905,33.68999821879515,0.0,193.10691760943482,-0.8005830903242384
56.650000000000006,193.10691760943482,38.77985784530507,0.0,193.42138268613854,0.31446507670372625
56.7,193.42138268613854,46.955949839601935,0.0,193.73584861758496,0.31446593144642065
56.75,193.73584861758496,55.13206405720922,0.0,194.20000000000007,0.46415138241511045
56.800000000000004,194.20000000000007,63.65000000000063,0.0,195.45000000000007,1.25
56.85,195.45000000000007,73.9625000000005,0.0,196.7000000000002,1.2500000000001137
56.900000000000006,196.7000000000002,84.27500000000147,0.0,197.9500000000001,1.2499999999999147
56.95,197.9500000000001,94.58750000000096,0.0,199.20000000000005,1.2499999999999432
57.0,199.20000000000005,95.85714285714289,0.0,200.45000000000013,1.2500000000000853
57.050000000000004,200.45000000000013,96.7500000000001,0.0,201.70000000000007,1.2499999999999432
57.1,201.70000000000007,97.6428571428572,0.0,202.95000000000016,1.2500000000000853
57.150000000000006,202.95000000000016,98.5357142857144,0.0,204.2000000000001,1.2499999999999432
57.2,204.2000000000001,99.42857142857149,0.0,205.675,1.474999999999909
57.25,205.675,100.0,0.0,207.55000000000018,1.8750000000001705
57.300000000000004,207.55000000000018,100.0,0.0,209.42500000000007,1.8749999999998863
57.35,209.42500000000007,100.0,0.0,211.3000000000002,1.875000000000142
57.400000000000006,211.3000000000002,100.0,0.0,213.1750000000001,1.8749999999998863
57.45,213.1750000000001,100.0,0.0,215.05,1.8749999999999147
57.5,215.05,100.0,0.0,216.92500000000018,1.8750000000001705
57.550000000000004,216.92500000000018,100.0,0.0,217.8,0.8749999999998295
57.6,217.8,100.0,0.0,218.6333333333334,0.8333333333333997
57.650000000000006,218.6333333333334,100.0,0.0,219.4666666666667,0.833333333333286
57.7,219.4666666666667,100.0,0.0,220.2999994785185,0.8333328118517898
57.75,220.2999994785185,100.0,0.0,221.13333162666672,0.8333321481482301
57.800000000000004,221.13333162666672,100.0,0.0,221.9666637748148,0.833332148148088
57.85,221.9666637748148,100.0,0.0,222.79999592296303,0.8333321481482301
57.900000000000006,222.79999592296303,100.0,0.0,223.77727251737636,0.9772765944133255
57.95,223.77727251737636,100.0,0.0,224.79999951392406,1.0227269965477035
58.0,224.79999951392406,100.0,0.0,225.8227265104719,1.0227269965478456
58.050000000000004,225.8227265104719,100.0,0.0,226.84545350701958,1.022726996547675
58.1,226.84545350701958,100.0,0.0,227.86818049252025,1.0227269855006682
58.150000000000006,227.86818049252025,100.0,0.0,228.89090693670892,1.0227264441886632
58.2,228.89090693670892,100.0,0.0,229.91363338089755,1.0227264441886348
58.25,229.91363338089755,100.0,0.0,230.93635982508636,1.0227264441888053
58.300000000000004,230.93635982508636,100.0,0.0,231.95909073454555,1.0227309094591988
58.35,231.95909073454555,100.0,0.0,232.90000000000015,0.940909265454593
58.400000000000006,232.90000000000015,100.0,0.0,233.83750000000006,0.9374999999999147
58.45,233.83750000000006,100.0,0.0,234.775,0.9374999999999432
58.5,234.775,100.0,0.0,235.5699975314286,0.7949975314286064
58.550000000000004,235.5699975314286,100.0,0.0,236.31999842583852,0.7500008944099079
58.6,236.31999842583852,100.0,0.0,237.06999932024848,0.7500008944099648
58.650000000000006,237.06999932024848,100.0,0.0,237.82,0.7500006797515084
58.7,237.82,100.0,0.0,239.2666652769523,1.4466652769523023
58.75,239.2666652769523,100.0,0.0,240.93333011504768,1.666664838095386
58.800000000000004,240.93333011504768,100.0,0.0,242.59999495314287,1.666664838095187
58.85,242.59999495314287,100.0,0.0,244.26666154666685,1.6666665935239848
58.900000000000006,244.26666154666685,100.0,0.0,245.9333331364104,1.6666715897435438
58.95,245.9333331364104,100.0,0.0,246.8399990784,0.9066659419896155
59.0,246.8399990784,100.0,0.0,247.71499811840008,0.8749990400000627
59.050000000000004,247.71499811840008,100.0,0.0,248.5899971584,0.8749990399999206
59.1,248.5899971584,100.0,0.0,249.46499698346673,0.8749998250667375
59.150000000000006,249.46499698346673,100.0,0.0,250.33999773013338,0.8750007466666432
59.2,250.33999773013338,100.0,0.0,251.21499847680002,0.8750007466666432
59.25,251.21499847680002,100.0,0.0,252.08999922346678,0.8750007466667569
59.300000000000004,252.08999922346678,100.0,0.0,252.96499997013342,0.8750007466666432
59.35,252.96499997013342,100.0,0.0,253.48000000000008,0.5150000298666555
59.400000000000006,253.48000000000008,100.0,0.0,253.98000000000005,0.4999999999999716
59.45,253.98000000000005,100.0,0.0,254.48000000000002,0.4999999999999716
59.5,254.48000000000002,100.0,0.0,254.98000000000005,0.5000000000000284
59.550000000000004,254.98000000000005,100.0,0.0,255.17142857142858,0.1914285714285313
59.6,255.17142857142858,100.0,0.0,255.35000000000002,0.1785714285714448
59.650000000000006,255.35000000000002,100.0,0.0,255.52857142857144,0.1785714285714164
59.7,255.52857142857144,100.0,0.0,255.70714285714286,0.1785714285714164
59.75,255.70714285714286,100.0,0.0,255.8857142857143,0.1785714285714448
59.800000000000004,255.8857142857143,100.0,0.0,256.0,0.11428571428569967
59.85,256.0,100.0,0.0,256.0,0.0
59.900000000000006,256.0,100.0,0.0,256.0,0.0
59.95,256.0,100.0,0.0,256.0,0.0
60.0,256.0,100.0,0.0,256.0,0.0
60.050000000000004,256.0,100.0,0.0,256.0,0.0
60.1,256.0,100.0,0.0,256.0,0.0
60.150000000000006,256.0,100.0,0.0,256.0,0.0
60.2,256.0,100.0,0.0,256.5499987862069,0.5499987862069133
60.25,256.5499987862069,100.0,0.0,258.0777731923373,1.5277744061303906
60.300000000000004,258.0777731923373,100.0,0.0,259.6055477551832,1.5277745628458774
60.35,259.6055477551832,100.0,0.0,261.13332607920563,1.5277783240224494
60.400000000000006,261.13332607920563,100.0,0.0,262.6611044032279,1.5277783240222789
60.45,262.6611044032279,100.0,0.0,264.18888272725013,1.527778324022222
60.5,264.18888272725013,100.0,0.0,265.71666287589755,1.5277801486474232
60.550000000000004,265.71666287589755,100.0,0.0,267.1499998774469,1.4333370015493188
60.6,267.1499998774469,100.0,0.0,268.0874991114895,0.9374992340426047
60.650000000000006,268.0874991114895,100.0,0.0,269.02499834553197,0.937499234042491
60.7,269.02499834553197,100.0,0.0,269.9624975795745,0.9374992340425479
60.75,269.9624975795745,100.0,0.0,270.8999968136171,0.9374992340426047
60.800000000000004,270.8999968136171,100.0,0.0,271.8374973741177,0.9375005605005526
60.85,271.8374973741177,100.0,0.0,272.77499949176485,0.9375021176471705
60.900000000000006,272.77499949176485,100.0,0.0,273.56999918933343,0.7949996975685849
60.95,273.56999918933343,100.0,0.0,274.31999812266673,0.7499989333333019
61.0,274.31999812266673,100.0,0.0,275.0699972529232,0.7499991302564695
61.050000000000004,275.0699972529232,100.0,0.0,275.8199994683077,0.7500022153844839
61.1,275.8199994683077,100.0,0.0,276.9499988232259,1.1299993549181977
61.150000000000006,276.9499988232259,100.0,0.0,278.1999972748387,1.2499984516128393
61.2,278.1999972748387,100.0,0.0,279.44999572645156,1.2499984516128393
61.25,279.44999572645156,100.0,0.0,280.175,0.7250042735484499
61.300000000000004,280.175,100.0,0.0,280.4875,0.3125
61.35,280.4875,100.0,0.0,280.80000000000007,0.31250000000005684
61.400000000000006,280.80000000000007,100.0,0.0,281.1125,0.31249999999994316
61.45,281.1125,100.0,0.0,281.425,0.3125
61.5,281.425,100.0,0.0,281.7375,0.3125
61.550000000000004,281.7375,100.0,0.0,282.14285664415587,0.4053566441558587
61.6,282.14285664415587,100.0,0.0,283.03571090285726,0.8928542587013908
61.650000000000006,283.03571090285726,100.0,0.0,283.9285688076191,0.8928579047618541
61.7,283.9285688076191,100.0,0.0,284.82142671238097,0.8928579047618541
61.75,284.82142671238097,100.0,0.0,285.71428461714294,0.8928579047619678
61.800000000000004,285.71428461714294,100.0,0.0,286.6071425219048,0.8928579047618541
61.85,286.6071425219048,100.0,0.0,287.3111111111112,0.7039685892063972
61.900000000000006,287.3111111111112,100.0,0.0,287.8666666666667,0.5555555555554861
61.95,287.8666666666667,100.0,0.0,288.42222222222216,0.5555555555554861
62.0,288.42222222222216,100.0,0.0,288.9777777777778,0.5555555555556566
62.050000000000004,288.9777777777778,100.0,0.0,289.5333333333333,0.5555555555554861
62.1,289.5333333333333,100.0,0.0,290.08888888888896,0.5555555555556566
62.150000000000006,290.08888888888896,100.0,0.0,290.6444444444445,0.5555555555555429
62.2,290.6444444444445,100.0,0.0,291.225,0.5805555555555202
62.25,291.225,100.0,0.0,291.8500000000001,0.6250000000000568
62.300000000000004,291.8500000000001,100.0,0.0,292.475,0.6249999999999432
62.35,292.475,100.0,0.0,293.03319484746373,0.5581948474637102
62.400000000000006,293.03319484746373,100.0,0.0,293.2406632269449,0.20746837948115626
62.45,293.2406632269449,100.0,0.0,293.4481322906211,0.20746906367622842
62.5,293.4481322906211,100.0,0.0,293.6556013542974,0.20746906367628526
62.550000000000004,293.6556013542974,100.0,0.0,293.8630704179737,0.20746906367628526
62.6,293.8630704179737,100.0,0.0,294.169999705946,0.30692928797230934
62.650000000000006,294.169999705946,100.0,0.0,294.6699988410811,0.49999913513511274
62.7,294.6699988410811,100.0,0.0,295.1699991568254,0.5000003157442734
62.75,295.1699991568254,100.0,0.0,295.669999664762,0.5000005079365906
62.800000000000004,295.669999664762,100.0,0.0,296.0944442867633,0.4244446220013174
62.85,296.0944442867633,100.0,0.0,296.372221600773,0.27777731400971106
62.900000000000006,296.372221600773,100.0,0.0,296.64999893333334,0.27777733256033343
62.95,296.64999893333334,100.0,0.0,296.9277767111111,0.27777777777777146
63.0,296.9277767111111,100.0,0.0,297.2055544888889,0.27777777777777146
63.050000000000004,297.2055544888889,100.0,0.0,297.48333226666665,0.27777777777777146
63.1,297.48333226666665,100.0,0.0,297.7611100444444,0.27777777777777146
63.150000000000006,297.7611100444444,100.0,0.0,298.1050000000001,0.34388995555565316
63.2,298.1050000000001,100.0,0.0,298.855,0.7499999999999432
63.25,298.855,100.0,0.0,299.6050000000001,0.7500000000000568
63.300000000000004,299.6050000000001,100.0,0.0,300.355,0.7499999999999432
63.35,300.355,100.0,0.0,301.07526874456823,0.7202687445682159
63.400000000000006,301.07526874456823,100.0,0.0,301.61290263434097,0.5376338897727351
63.45,301.61290263434097,100.0,0.0,302.1505365241137,0.5376338897727351
63.5,302.1505365241137,100.0,0.0,302.6881704138865,0.5376338897727919
63.550000000000004,302.6881704138865,100.0,0.0,303.2258052135378,0.5376347996513005
63.6,303.2258052135378,100.0,0.0,303.7634404819144,0.5376352683766186
63.650000000000006,303.7634404819144,100.0,0.0,304.175,0.4115595180855962
63.7,304.175,100.0,0.0,304.4875,0.3125
63.75,304.4875,100.0,0.0,304.8,0.3125
63.800000000000004,304.8,100.0,0.0,305.15,0.3499999999999659
63.85,305.15,100.0,0.0,305.5666666666667,0.41666666666674246
63.900000000000006,305.5666666666667,100.0,0.0,305.98333333333335,0.41666666666662877
63.95,305.98333333333335,100.0,0.0,306.4,0.41666666666662877
64.0,306.4,100.0,0.0,306.8166666666666,0.41666666666662877
64.05,306.8166666666666,100.0,0.0,307.28000000000003,0.4633333333334235
64.10000000000001,307.28000000000003,100.0,0.0,307.78000000000003,0.5
64.15,307.78000000000003,100.0,0.0,308.28,0.49999999999994316
64.2,308.28,100.0,0.0,308.78,0.5
64.25,308.78,100.0,0.0,309.19999990025974,0.41999990025976786
64.3,309.19999990025974,100.0,0.0,309.55714234181823,0.3571424415584943
64.35000000000001,309.55714234181823,100.0,0.0,309.9142847833767,0.35714244155843744
64.4,309.9142847833767,100.0,0.0,310.2714272249351,0.35714244155843744
64.45,310.2714272249351,100.0,0.0,310.62856966649355,0.35714244155843744
64.5,310.62856966649355,100.0,0.0,310.98571420259736,0.35714453610381725
64.55,310.98571420259736,100.0,0.0,311.23999960615384,0.2542854035564801
64.60000000000001,311.23999960615384,100.0,0.0,311.48999919589744,0.24999958974359515
64.65,311.48999919589744,100.0,0.0,311.73999878564103,0.24999958974359515
64.7,311.73999878564103,100.0,0.0,311.9899999418182,0.2500011561771771
64.75,311.9899999418182,100.0,0.0,312.0,0.010000058181788063
64.8,312.0,100.0,0.0,312.0,0.0
64.85000000000001,312.0,100.0,0.0,312.0,0.0
64.9,312.0,100.0,0.0,312.2374989903448,0.23749899034481814
64.95,312.2374989903448,100.0,0.0,312.5499994041379,0.3125004137930887
65.0,312.5499994041379,100.0,0.0,312.862499817931,0.3125004137930887
65.05,312.862499817931,100.0,0.0,313.2800000000001,0.4175001820690909
65.10000000000001,313.2800000000001,100.0,0.0,313.7800000000001,0.5
65.15,313.7800000000001,100.0,0.0,314.28000000000003,0.49999999999994316
65.2,314.28000000000003,100.0,0.0,314.78,0.49999999999994316
65.25,314.78,100.0,0.0,315.0,0.22000000000002728
65.3,315.0,100.0,0.0,315.0,0.0
65.35000000000001,315.0,100.0,0.0,315.0,0.0
65.4,315.0,100.0,0.0,315.0,0.0
65.45,315.0,100.0,0.0,315.0,0.0
65.5,315.0,100.0,0.0,315.23749999999995,0.23749999999995453
65.55,315.23749999999995,100.0,0.0,315.55000000000007,0.3125000000001137
65.60000000000001,315.55000000000007,100.0,0.0,315.8625,0.31249999999994316
65.65,315.8625,100.0,0.0,316.175,0.3125
65.7,316.175,100.0,0.0,316.48749999999995,0.31249999999994316
65.75,316.48749999999995,100.0,0.0,316.79999999999995,0.3125
65.8,316.79999999999995,100.0,0.0,317.1124999267798,0.31249992677982164
65.85000000000001,317.1124999267798,100.0,0.0,317.42499972338993,0.3124997966101546
65.9,317.42499972338993,100.0,0.0,317.7374995200001,0.3124997966101546
65.95,317.7374995200001,100.0,0.0,318.0499993166102,0.31249979661009775
66.0,318.0499993166102,100.0,0.0,318.36249911322034,0.3124997966101546
66.05,318.36249911322034,100.0,0.0,318.6749989098306,0.3124997966102683
66.10000000000001,318.6749989098306,100.0,0.0,318.98749990400006,0.3125009941694543
66.15,318.98749990400006,100.0,0.0,319.0,0.012500095999939731
66.2,319.0,100.0,0.0,319.0,0.0
66.25,319.0,100.0,0.0,319.0,0.0
66.3,319.0,100.0,0.0,319.0,0.0
66.35000000000001,319.0,100.0,0.0,319.02857127183677,0.028571271836767664
66.4,319.02857127183677,100.0,0.0,319.20714223580177,0.17857096396500083
66.45,319.20714223580177,100.0,0.0,319.3857138043149,0.17857156851312084
66.5,319.3857138043149,100.0,0.0,319.56428537282795,0.178571568513064
66.55,319.56428537282795,100.0,0.0,319.74285694134113,0.17857156851317768
66.60000000000001,319.74285694134113,100.0,0.0,319.92142850985425,0.17857156851312084
66.65,319.92142850985425,100.0,0.0,320.0,0.07857149014574816
66.7,320.0,100.0,0.0,320.0,0.0
66.75,320.0,100.0,0.0,320.0,0.0
66.8,320.0,100.0,0.0,320.0,0.0
66.85000000000001,320.0,100.0,0.0,320.0,0.0
66.9,320.0,100.0,0.0,320.13571360839654,0.1357136083965429
66.95,320.13571360839654,100.0,0.0,320.3142851769096,0.178571568513064
67.0,320.3142851769096,100.0,0.0,320.4928567454227,0.17857156851312084
67.05,320.4928567454227,100.0,0.0,320.6714283139359,0.17857156851317768
67.10000000000001,320.6714283139359,100.0,0.0,320.849999882449,0.17857156851312084
67.15,320.849999882449,100.0,0.0,321.0499998989474,0.20000001649839305
67.2,321.0499998989474,100.0,0.0,321.36249926736843,0.31249936842101533
67.25,321.36249926736843,100.0,0.0,321.67499903999993,0.3124997726314973
67.3,321.67499903999993,100.0,0.0,321.98749996307697,0.3125009230770388
67.35000000000001,321.98749996307697,100.0,0.0,322.0,0.012500036923029256
67.4,322.0,100.0,0.0,322.0,0.0
67.45,322.0,100.0,0.0,322.0,0.0
67.5,322.0,100.0,0.0,322.0,0.0
67.55,322.0,100.0,0.0,322.2399995149474,0.23999951494738525
67.60000000000001,322.2399995149474,100.0,0.0,322.4899990674286,0.24999955248119932
67.65,322.4899990674286,100.0,0.0,322.73999952457143,0.25000045714284624
67.7,322.73999952457143,100.0,0.0,322.98999998171433,0.2500004571429031
67.75,322.98999998171433,100.0,0.0,323.0,0.010000018285666101
67.8,323.0,100.0,0.0,323.0,0.0
67.85000000000001,323.0,100.0,0.0,323.0,0.0
67.9,323.0,100.0,0.0,323.0,0.0
67.95,323.0,100.0,0.0,323.0,0.0
68.0,323.0,100.0,0.0,323.0,0.0
68.05,323.0,100.0,0.0,323.0,0.0
68.10000000000001,323.0,100.0,0.0,323.0,0.0
68.15,323.0,100.0,0.0,323.01666665178294,0.016666651782941244
68.2,323.01666665178294,100.0,0.0,323.12083322542634,0.10416657364339699
68.25,323.12083322542634,100.0,0.0,323.2249997990698,0.10416657364345383
68.3,323.2249997990698,100.0,0.0,323.3291663727132,0.10416657364339699
68.35000000000001,323.3291663727132,100.0,0.0,323.4333329463566,0.10416657364339699
68.4,323.4333329463566,100.0,0.0,323.5374996649057,0.1041667185490951
68.45,323.5374996649057,100.0,0.0,323.641666407044,0.10416674213831811
68.5,323.641666407044,100.0,0.0,323.7458331491824,0.10416674213837496
68.55,323.7458331491824,100.0,0.0,323.84999989132075,0.10416674213837496
68.60000000000001,323.84999989132075,100.0,0.0,323.9541666334591,0.10416674213837496
68.65,323.9541666334591,100.0,0.0,324.0,0.045833366540875886
68.7,324.0,100.0,0.0,324.0,0.0
68.75,324.0,100.0,0.0,324.0,0.0
68.8,324.0,100.0,0.0,324.0,0.0
68.85000000000001,324.0,100.0,0.0,324.0,0.0
68.9,324.0,100.0,0.0,324.0,0.0
68.95,324.0,100.0,0.0,323.9715302426261,-0.02846975737389812
69.0,323.9715302426261,100.0,0.0,323.7935942590393,-0.1779359835867922
69.05,323.7935942590393,100.0,0.0,323.6156582754524,-0.17793598358690588
69.10000000000001,323.6156582754524,100.0,0.0,323.437722326422,-0.1779359490304273
69.15,323.437722326422,100.0,0.0,323.2597864213724,-0.1779359050495941
69.2,323.2597864213724,100.0,0.0,323.0818505163228,-0.1779359050495941
69.25,323.0818505163228,100.0,0.0,323.0,-0.08185051632278828
69.3,323.0,100.0,0.0,323.0,0.0
69.35000000000001,323.0,100.0,0.0,323.0,0.0
69.4,323.0,100.0,0.0,323.0,0.0
69.45,323.0,100.0,0.0,323.0,0.0
69.5,323.0,100.0,0.0,323.0,0.0
69.55,323.0,100.0,0.0,323.0,0.0
69.60000000000001,323.0,100.0,0.0,323.0,0.0
69.65,323.0,100.0,0.0,323.0,0.0
69.7,323.0,100.0,0.0,323.0,0.0
69.75,323.0,100.0,0.0,323.0,0.0
69.8,323.0,100.0,0.0,323.0,0.0
69.85000000000001,323.0,100.0,0.0,323.0,0.0
69.9,323.0,100.0,0.0,323.0,0.0
69.95,323.0,100.0,0.0,323.0,0.0
70.0,323.0,100.0,0.0,323.0,0.0
70.05,323.0,100.0,0.0,323.0,0.0
70.10000000000001,323.0,100.0,0.0,322.814070641868,-0.1859293581320003
70.15,322.814070641868,100.0,0.0,322.5628147525005,-0.251255889367485
70.2,322.5628147525005,100.0,0.0,322.311558863133,-0.25125588936754184
70.25,322.311558863133,100.0,0.0,322.0603018389893,-0.25125702414368334
70.3,322.0603018389893,100.0,0.7272727272726979,320.66999999999956,-1.3903018389897284
70.35000000000001,320.66999999999956,90.49999999999697,1.0,318.9199999999996,-1.7499999999999432
70.4,318.9199999999996,77.99999999999729,1.0,317.1699999999997,-1.7499999999999432
70.45,317.1699999999997,65.49999999999763,1.0,315.41999999999985,-1.7499999999998295
70.5,315.41999999999985,52.99999999999881,1.0,313.67,-1.7499999999998295
70.55,313.67,40.5,1.0,311.9199999999997,-1.750000000000341
70.60000000000001,311.9199999999997,27.999999999997627,1.0,310.16999999999985,-1.7499999999998295
70.65,310.16999999999985,15.499999999998813,1.0,308.42,-1.7499999999998295
70.7,308.42,3.0,1.0,303.0124999999993,-5.407500000000709
70.75,303.0124999999993,0.0,1.0,296.44999999999976,-6.562499999999545
70.8,296.44999999999976,0.0,1.0,289.88749999999834,-6.562500000001421
70.85000000000001,289.88749999999834,0.0,1.0,283.3249999999988,-6.562499999999545
70.9,283.3249999999988,0.0,1.0,276.7625028430762,-6.562497156922575
70.95,276.7625028430762,0.0,1.0,270.2000093046152,-6.562493538461013
71.0,270.2000093046152,0.0,1.0,263.63751576615414,-6.562493538461069
71.05,263.63751576615414,0.0,1.0,257.07502222769125,-6.562493538462888
71.10000000000001,257.07502222769125,0.0,1.0,250.51252868923024,-6.562493538461013
71.15,250.51252868923024,0.0,1.0,244.71999999999966,-5.792528689230579
71.2,244.71999999999966,0.16000000000019327,1.0,242.9699999999998,-1.749999999999858
71.25,242.9699999999998,1.1600000000001223,1.0,241.2199999999999,-1.7499999999998863
71.3,241.2199999999999,2.160000000000051,1.0,239.46999999999954,-1.7500000000003695
71.35000000000001,239.46999999999954,3.1600000000002644,1.0,237.71999999999966,-1.7499999999998863
71.4,237.71999999999966,4.160000000000193,1.0,235.9699999999998,-1.749999999999858
71.45,235.9699999999998,5.160000000000122,1.0,234.2199999999999,-1.7499999999998863
71.5,234.2199999999999,6.160000000000051,1.0,232.47000000000003,-1.7499999999998863
71.55,232.47000000000003,7.15999999999998,1.0,230.8250006109089,-1.64499938909114
71.60000000000001,230.8250006109089,8.0499998254546,1.0,229.73125424158417,-1.0937463693247196
71.65,229.73125424158417,8.362498788118813,1.0,228.63750493465352,-1.093749306930647
71.7,228.63750493465352,8.674998590098996,1.0,227.5437555317074,-1.0937494029461163
71.75,227.5437555317074,8.987498419512166,0.987804878048809,226.45000382439042,-1.093751707316983
71.8,226.45000382439042,9.299998907317024,0.6829268292683413,225.3562521170731,-1.093751707317324
71.85000000000001,225.3562521170731,9.61249939512197,0.3780487804877869,224.26250040975611,-1.093751707316983
71.9,224.26250040975611,9.924999882926826,0.07317073170731914,222.7785714285715,-1.4839289811846186
71.95,222.7785714285715,11.49285714285706,0.0,221.1714285714287,-1.6071428571428044
72.0,221.1714285714287,13.457142857142726,0.0,219.56428571428586,-1.6071428571428328
72.05,219.56428571428586,15.421428571428391,0.0,217.95714285714254,-1.607142857143316
72.10000000000001,217.95714285714254,17.385714285714673,0.0,216.34999999999968,-1.6071428571428612
72.15,216.34999999999968,19.350000000000396,0.0,215.0444438755556,-1.305556124444081
72.2,215.0444438755556,22.222206577779225,0.0,215.32222115555558,0.2777772799999809
72.25,215.32222115555558,29.86108177777836,0.0,215.59999893333332,0.27777777777774304
72.3,215.59999893333332,37.49997066666636,0.0,215.87777671111115,0.2777777777778283
72.35000000000001,215.87777671111115,45.13885955555653,0.0,216.1555544888889,0.27777777777774304
72.4,216.1555544888889,52.777748444444526,0.0,216.43333226666667,0.27777777777777146
72.45,216.43333226666667,60.41663733333302,0.0,216.71111004444444,0.27777777777777146
72.5,216.71111004444444,68.05552622222208,0.0,216.98888846222218,0.27777841777773915
72.55,216.98888846222218,75.69443271111024,0.0,217.89999932235298,0.9111108601308047
72.60000000000001,217.89999932235298,79.59999728941196,0.0,218.83749861647058,0.9374992941176004
72.65,218.83749861647058,83.3499944658824,0.0,219.7749979105882,0.9374992941176288
72.7,219.7749979105882,87.09999164235285,0.0,220.7124972047058,0.9374992941176004
72.75,220.7124972047058,90.84998881882329,0.0,221.6499964988234,0.9374992941176004
72.8,221.6499964988234,94.59998599529374,0.0,222.5874987815386,0.9375022827152009
72.85000000000001,222.5874987815386,98.34999512615444,0.0,223.4999994514287,0.912500669890079
72.9,223.4999994514287,100.0,0.0,224.39285561469396,0.8928561632652645
72.95,224.39285561469396,100.0,0.0,225.28571177795922,0.8928561632652645
73.0,225.28571177795922,100.0,0.0,226.1785680979592,0.8928563199999644
73.05,226.1785680979592,100.0,0.0,227.07142687346956,0.8928587755103763
73.10000000000001,227.07142687346956,100.0,0.0,227.96428564897968,0.8928587755101205
73.15,227.96428564897968,100.0,0.0,228.79999720727287,0.835711558293184
73.2,228.79999720727287,100.0,0.0,229.63333013333346,0.8333329260605922
73.25,229.63333013333346,100.0,0.0,230.46666346666672,0.8333333333332575
73.3,230.46666346666672,100.0,0.0,231.29999680000023,0.8333333333335133
73.35000000000001,231.29999680000023,100.0,0.0,232.13333013333352,0.833333333333286
73.4,232.13333013333352,100.0,0.0,232.9666634666668,0.833333333333286
73.45,232.9666634666668,100.0,0.0,233.79999846400003,0.8333349973332247
73.5,233.79999846400003,100.0,0.0,234.6333333333333,0.8333348693332709
73.55,234.6333333333333,100.0,0.0,235.46666666666684,0.8333333333335418
73.60000000000001,235.46666666666684,100.0,0.0,236.30000000000015,0.8333333333333144
73.65,236.30000000000015,100.0,0.0,237.13333333333347,0.8333333333333144
73.7,237.13333333333347,100.0,0.0,237.96666666666675,0.833333333333286
73.75,237.96666666666675,100.0,0.0,239.05,1.0833333333332575
73.8,239.05,100.0,0.0,240.1437500000002,1.093750000000199
73.85000000000001,240.1437500000002,100.0,0.0,241.2375000000001,1.0937499999998863
73.9,241.2375000000001,100.0,0.0,242.33124999999998,1.0937499999998863
73.95,242.33124999999998,100.0,0.0,243.42499999999993,1.0937499999999432
74.0,243.42499999999993,100.0,0.0,244.51874999999987,1.0937499999999432
74.05,244.51874999999987,100.0,0.0,245.0,0.48125000000013074
74.10000000000001,245.0,100.0,0.0,245.0,0.0
74.15,245.0,100.0,0.0,245.0,0.0
74.2,245.0,100.0,0.0,245.5624992,0.5624991999999907
74.25,245.5624992,100.0,0.0,247.1249969777776,1.5624977777776223
74.3,247.1249969777776,100.0,0.0,248.6874947555557,1.562497777778077
74.35000000000001,248.6874947555557,100.0,0.0,250.07500000000007,1.3875052444443838
74.4,250.07500000000007,100.0,0.0,250.54375000000002,0.46874999999994316
74.45,250.54375000000002,100.0,0.0,251.01249999999996,0.46874999999994316
74.5,251.01249999999996,100.0,0.0,251.48124999999993,0.4687499999999716
74.55,251.48124999999993,100.0,0.0,251.95000000000005,0.4687500000001137
74.60000000000001,251.95000000000005,100.0,0.0,252.41875000000002,0.4687499999999716
74.65,252.41875000000002,100.0,0.0,252.8875,0.4687499999999716
74.7,252.8875,100.0,0.0,253.61749687999995,0.729996879999959
74.75,253.61749687999995,100.0,0.0,254.42999687999992,0.8124999999999716
74.8,254.42999687999992,100.0,0.0,255.24249688000012,0.812500000000199
74.85000000000001,255.24249688000012,100.0,0.0,256.0549968800001,0.8124999999999716
74.9,256.0549968800001,100.0,0.0,256.86749688000003,0.8124999999999432
74.95,256.86749688000003,100.0,0.0,257.67999688000003,0.8125
75.0,257.67999688000003,100.0,0.0,258.49249688,0.8124999999999432
75.05,258.49249688,100.0,0.0,259.30499688000015,0.8125000000001705
75.10000000000001,259.30499688000015,100.0,0.0,260.11749688000015,0.8125
75.15,260.11749688000015,100.0,0.0,260.9299968800001,0.8124999999999432
75.2,260.9299968800001,100.0,0.0,261.74249688000003,0.8124999999999432
75.25,261.74249688000003,100.0,0.0,262.5549973002449,0.8125004202448736
75.3,262.5549973002449,100.0,0.0,263.36749793697976,0.8125006367348533
75.35000000000001,263.36749793697976,100.0,0.0,264.1799985737144,0.8125006367346259
75.4,264.1799985737144,100.0,0.0,264.992499210449,0.8125006367346259
75.45,264.992499210449,100.0,0.0,265.8049998471837,0.8125006367346828
75.5,265.8049998471837,100.0,0.0,266.56999999999994,0.765000152816242
75.55,266.56999999999994,100.0,0.0,267.32000000000005,0.7500000000001137
75.60000000000001,267.32000000000005,100.0,0.0,268.07000000000005,0.75
75.65,268.07000000000005,100.0,0.0,268.82,0.7499999999999432
75.7,268.82,100.0,0.0,269.6315776655084,0.8115776655084233
75.75,269.6315776655084,100.0,0.0,270.46260090959845,0.8310232440900336
75.8,270.46260090959845,100.0,0.0,271.29362506749965,0.8310241579011972
75.85000000000001,271.29362506749965,100.0,0.0,272.12465038843277,0.8310253209331222
75.9,272.12465038843277,100.0,0.0,272.95567570936583,0.8310253209330654
75.95,272.95567570936583,100.0,0.0,273.7867010302989,0.8310253209330654
76.0,273.7867010302989,100.0,0.0,274.61772658213266,0.8310255518337613
76.05,274.61772658213266,100.0,0.0,275.48214246322215,0.8644158810894851
76.10000000000001,275.48214246322215,100.0,0.0,276.3749988765959,0.8928564133737495
76.15,276.3749988765959,100.0,0.0,277.26785528996965,0.8928564133737495
76.2,277.26785528996965,100.0,0.0,278.1607117033434,0.8928564133737495
76.25,278.1607117033434,100.0,0.0,279.05356811671714,0.8928564133737495
76.3,279.05356811671714,100.0,0.0,279.94642834285736,0.8928602261402148
76.35000000000001,279.94642834285736,100.0,0.0,280.19583317333337,0.24940483047600992
76.4,280.19583317333337,100.0,0.0,280.40416633645395,0.20833316312058514
76.45,280.40416633645395,100.0,0.0,280.6124994995745,0.2083331631205283
76.5,280.6124994995745,100.0,0.0,280.82083266269507,0.20833316312058514
76.55,280.82083266269507,100.0,0.0,281.1166667093334,0.29583404663833335
76.60000000000001,281.1166667093334,100.0,0.0,281.9500003474286,0.8333336380952119
76.65,281.9500003474286,100.0,0.0,282.7833339855238,0.8333336380952119
76.7,282.7833339855238,100.0,0.0,283.61666762361904,0.8333336380952119
76.75,283.61666762361904,100.0,0.0,284.45000054153866,0.8333329179196198
76.80000000000001,284.45000054153866,100.0,0.0,285.2133887998701,0.7633882583314175
76.85000000000001,285.2133887998701,100.0,0.0,285.8410029171347,0.6276141172646135
76.9,285.8410029171347,100.0,0.0,286.4686170343993,0.6276141172646135
76.95,286.4686170343993,100.0,0.0,287.0962317973032,0.6276147629038746
77.0,287.0962317973032,100.0,0.0,287.72384860473164,0.6276168074284669
77.05000000000001,287.72384860473164,100.0,0.0,288.17500000000007,0.4511513952684254
77.10000000000001,288.17500000000007,100.0,0.0,288.4875,0.31249999999994316
77.15,288.4875,100.0,0.0,288.8,0.3125
77.2,288.8,100.0,0.0,289.225,0.42500000000001137
77.25,289.225,100.0,0.0,289.8500000000002,0.6250000000001705
77.30000000000001,289.8500000000002,100.0,0.0,290.47500000000014,0.6249999999999432
77.35000000000001,290.47500000000014,100.0,0.0,291.10000000000014,0.625
77.4,291.10000000000014,100.0,0.0,291.7250000000001,0.6249999999999432
77.45,291.7250000000001,100.0,0.0,292.34999999999997,0.6249999999998863
77.5,292.34999999999997,100.0,0.0,292.97500000000014,0.6250000000001705
77.55000000000001,292.97500000000014,100.0,0.0,293.6000000000001,0.6249999999999432
77.60000000000001,293.6000000000001,100.0,0.0,294.09000000000003,0.48999999999995225
77.65,294.09000000000003,100.0,0.0,294.34000000000003,0.25
77.7,294.34000000000003,100.0,0.0,294.59000000000003,0.25
77.75,294.59000000000003,100.0,0.0,294.8400000000001,0.25000000000005684
77.80000000000001,294.8400000000001,100.0,0.0,295.20454545454555,0.36454545454546405
77.85000000000001,295.20454545454555,100.0,0.0,295.7727271631799,0.5681817086343699
77.9,295.7727271631799,100.0,0.0,296.3409085249144,0.5681813617345028
77.95,296.3409085249144,100.0,0.0,296.90908988664887,0.568181361734446
78.0,296.90908988664887,100.0,0.0,297.47727124838354,0.5681813617346734
78.05000000000001,297.47727124838354,100.0,0.0,298.04545261011805,0.5681813617345028
78.10000000000001,298.04545261011805,100.0,0.0,298.61363452789976,0.5681819177817147
78.15,298.61363452789976,100.0,0.0,299.18181709843265,0.5681825705328833
78.2,299.18181709843265,100.0,0.0,299.7499996689655,0.5681825705328265
78.25,299.7499996689655,100.0,0.0,300.25454513923756,0.5045454702720917
78.30000000000001,300.25454513923756,100.0,0.0,300.70909003073314,0.45454489149557276
78.35000000000001,300.70909003073314,100.0,0.0,301.1636349222287,0.45454489149557276
78.4,301.1636349222287,100.0,0.0,301.6181800727272,0.45454515049851807
78.45,301.6181800727272,100.0,0.0,302.07272552727267,0.45454545454543904
78.5,302.07272552727267,100.0,0.0,302.5272709818182,0.45454545454555273
78.55000000000001,302.5272709818182,100.0,0.0,302.98181643636366,0.45454545454543904
78.60000000000001,302.98181643636366,100.0,0.0,303.4363619714685,0.45454553510484175
78.65,303.4363619714685,100.0,0.0,303.8909087686713,0.454546797202795
78.7,303.8909087686713,100.0,0.0,304.18999958068963,0.2990908120183349
78.75,304.18999958068963,100.0,0.0,304.43999902896553,0.2499994482759007
78.80000000000001,304.43999902896553,100.0,0.0,304.6899990552381,0.25000002627257345
78.85000000000001,304.6899990552381,100.0,0.0,304.93999981714285,0.25000076190474374
78.9,304.93999981714285,100.0,0.0,305.4749994116129,0.5349995944700368
78.95,305.4749994116129,100.0,0.0,306.09999863741933,0.6249992258064481
79.0,306.09999863741933,100.0,0.0,306.724997863226,0.6249992258066754
79.05000000000001,306.724997863226,100.0,0.0,307.2624997873418,0.5375019241158157
79.10000000000001,307.2624997873418,100.0,0.0,307.731249407595,0.46874962025316336
79.15,307.731249407595,100.0,0.0,308.1999990278481,0.4687496202531065
79.2,308.1999990278481,100.0,0.0,308.66874864810126,0.46874962025316336
79.25,308.66874864810126,100.0,0.0,309.1374982683545,0.4687496202532202
79.30000000000001,309.1374982683545,100.0,0.0,309.60624788860764,0.46874962025316336
79.35000000000001,309.60624788860764,100.0,0.0,310.039999980557,0.4337520919493727
79.4,310.039999980557,100.0,0.0,310.289999859038,0.2499998784809918
79.45,310.289999859038,100.0,0.0,310.539999737519,0.2499998784809918
79.5,310.539999737519,100.0,0.0,310.78999961600005,0.24999987848104865
79.55000000000001,310.78999961600005,100.0,0.0,311.03999949448104,0.2499998784809918
79.60000000000001,311.03999949448104,100.0,0.0,311.28999937296203,0.2499998784809918
79.65,311.28999937296203,100.0,0.0,311.539999251443,0.2499998784809918
79.7,311.539999251443,100.0,0.0,311.789999129924,0.2499998784809918
79.75,311.789999129924,100.0,0.0,312.02857142857147,0.23857229864745477
79.80000000000001,312.02857142857147,100.0,0.0,312.20714285714286,0.17857142857138797
79.85000000000001,312.20714285714286,100.0,0.0,312.3857142857143,0.1785714285714448
79.9,312.3857142857143,100.0,0.0,312.56428571428575,0.1785714285714448
79.95,312.56428571428575,100.0,0.0,312.74285714285713,0.17857142857138797
80.0,312.74285714285713,100.0,0.0,312.9214285714286,0.1785714285714448
80.05000000000001,312.9214285714286,100.0,0.0,313.0999999182979,0.17857134686931886
80.10000000000001,313.0999999182979,100.0,0.0,313.27857120097264,0.17857128267473854
80.15,313.27857120097264,100.0,0.0,313.45714248364743,0.17857128267479538
80.2,313.45714248364743,100.0,0.0,313.6357137663222,0.17857128267479538
80.25,313.6357137663222,100.0,0.0,313.814285048997,0.17857128267479538
